ISO-10303-21;
HEADER;
/* Generated by software containing ST-Developer
 * from STEP Tools, Inc. (www.steptools.com) 
 */
/* OPTION: using custom renumber hook */

FILE_DESCRIPTION(
/* description */ ('STEP AP242 Edition 2',
'CAx-IF Rec.Pracs.---Representation and Presentation of Product Manufa
cturing Information (PMI)---4.0---2014-10-13',
'CAx-IF Rec.Pracs.---3D Tessellated Geometry---0.4---2014-09-14','2;1',
'CAx-IF Rec.Pracs.---User Defined Attributes---1.5---2016-08-15'),
/* implementation_level */ '2;1');

FILE_NAME(
/* name */ 'Assembly 1 - Pinion Bevel',
/* time_stamp */ '2026-08-23T18:37:57Z',
/* author */ (''),
/* organization */ (''),
/* preprocessor_version */ 'ST-DEVELOPER v20',
/* originating_system */ 'ONSHAPE BY PTC INC, 1.219',
/* authorisation */ '  ');

FILE_SCHEMA (('AP242_MANAGED_MODEL_BASED_3D_ENGINEERING_MIM_LF { 1 0 10303 442 3 1 4 }'));
ENDSEC;

DATA;
#10=SHAPE_REPRESENTATION_RELATIONSHIP('','',#817,#11);
#11=ADVANCED_BREP_SHAPE_REPRESENTATION('',(#815),#6821);
#12=CYLINDRICAL_SURFACE('',#883,0.00225);
#13=B_SPLINE_SURFACE_WITH_KNOTS('',3,1,((#1896,#1897),(#1898,#1899),(#1900,
#1901),(#1902,#1903),(#1904,#1905),(#1906,#1907),(#1908,#1909),(#1910,#1911),
(#1912,#1913),(#1914,#1915),(#1916,#1917),(#1918,#1919),(#1920,#1921),(#1922,
#1923),(#1924,#1925),(#1926,#1927),(#1928,#1929),(#1930,#1931),(#1932,#1933),
(#1934,#1935),(#1936,#1937),(#1938,#1939),(#1940,#1941),(#1942,#1943),(#1944,
#1945),(#1946,#1947),(#1948,#1949),(#1950,#1951),(#1952,#1953),(#1954,#1955),
(#1956,#1957),(#1958,#1959),(#1960,#1961),(#1962,#1963),(#1964,#1965),(#1966,
#1967),(#1968,#1969),(#1970,#1971),(#1972,#1973),(#1974,#1975),(#1976,#1977),
(#1978,#1979),(#1980,#1981),(#1982,#1983),(#1984,#1985),(#1986,#1987),(#1988,
#1989),(#1990,#1991),(#1992,#1993),(#1994,#1995),(#1996,#1997),(#1998,#1999),
(#2000,#2001),(#2002,#2003),(#2004,#2005),(#2006,#2007),(#2008,#2009),(#2010,
#2011),(#2012,#2013),(#2014,#2015),(#2016,#2017),(#2018,#2019),(#2020,#2021),
(#2022,#2023),(#2024,#2025),(#2026,#2027),(#2028,#2029),(#2030,#2031),(#2032,
#2033),(#2034,#2035),(#2036,#2037),(#2038,#2039),(#2040,#2041),(#2042,#2043),
(#2044,#2045),(#2046,#2047),(#2048,#2049),(#2050,#2051),(#2052,#2053),(#2054,
#2055),(#2056,#2057),(#2058,#2059),(#2060,#2061),(#2062,#2063),(#2064,#2065),
(#2066,#2067),(#2068,#2069),(#2070,#2071),(#2072,#2073),(#2074,#2075),(#2076,
#2077),(#2078,#2079),(#2080,#2081),(#2082,#2083),(#2084,#2085),(#2086,#2087),
(#2088,#2089),(#2090,#2091),(#2092,#2093),(#2094,#2095),(#2096,#2097),(#2098,
#2099),(#2100,#2101),(#2102,#2103),(#2104,#2105),(#2106,#2107),(#2108,#2109),
(#2110,#2111),(#2112,#2113),(#2114,#2115),(#2116,#2117),(#2118,#2119),(#2120,
#2121),(#2122,#2123),(#2124,#2125),(#2126,#2127),(#2128,#2129),(#2130,#2131),
(#2132,#2133),(#2134,#2135),(#2136,#2137),(#2138,#2139),(#2140,#2141),(#2142,
#2143),(#2144,#2145),(#2146,#2147),(#2148,#2149),(#2150,#2151),(#2152,#2153),
(#2154,#2155),(#2156,#2157),(#2158,#2159),(#2160,#2161),(#2162,#2163),(#2164,
#2165),(#2166,#2167),(#2168,#2169),(#2170,#2171),(#2172,#2173),(#2174,#2175),
(#2176,#2177),(#2178,#2179),(#2180,#2181),(#2182,#2183)),.RULED_SURF.,.F.,
 .F.,.F.,(4,2,2,2,2,2,2,2,2,2,2,2,2,2,2,2,2,2,2,2,2,2,2,2,2,2,2,2,2,2,2,
2,2,2,2,2,2,2,2,2,2,2,2,2,2,2,2,2,2,2,2,2,2,2,2,2,2,2,2,2,2,2,2,2,2,2,2,
2,2,2,2,4),(2,2),(0.0622471747900374,0.0675964719059852,0.0901286292079803,
0.13519294381197,0.157725101113965,0.180257258415961,0.202789415717956,
0.225321573019951,0.247853730321946,0.270385887623941,0.281651966274938,
0.292918044925936,0.298551084251435,0.304184123576933,0.309817162902432,
0.312633682565182,0.315450202227931,0.32108324155343,0.323899761216179,
0.326716280878929,0.329532800541678,0.332349320204427,0.335165839867177,
0.337982359529926,0.349248438180923,0.360514516831921,0.367317949812399,
0.374121382792876,0.380924815773354,0.387728248753832,0.401335114714787,
0.414941980675743,0.428548846636698,0.442155712597653,0.455762578558609,
0.469369444519564,0.530625204280149,0.544232070241104,0.557838936202059,
0.571445802163015,0.58505266812397,0.598659534084925,0.612266400045881,
0.619069833026359,0.625873266006836,0.632676698987314,0.639480131967792,
0.650746377843798,0.662012623719805,0.664829185188806,0.667645746657808,
0.67046230812681,0.673278869595811,0.676095431064813,0.678911992533814,
0.684545115471818,0.687361676940819,0.690178238409821,0.695811361347824,
0.701444484285827,0.707077607223831,0.718343853099837,0.729610098975844,
0.752142590727857,0.77467508247987,0.797207574231883,0.819740065983896,
0.842272557735909,0.864805049487922,0.909870032991948,0.932402524743961,
0.937751774282762),(0.0782968851845968,0.925783503172281),.UNSPECIFIED.);
#14=B_SPLINE_SURFACE_WITH_KNOTS('',3,1,((#2184,#2185),(#2186,#2187),(#2188,
#2189),(#2190,#2191),(#2192,#2193),(#2194,#2195),(#2196,#2197),(#2198,#2199),
(#2200,#2201),(#2202,#2203),(#2204,#2205),(#2206,#2207),(#2208,#2209),(#2210,
#2211),(#2212,#2213),(#2214,#2215),(#2216,#2217),(#2218,#2219),(#2220,#2221),
(#2222,#2223),(#2224,#2225),(#2226,#2227),(#2228,#2229),(#2230,#2231),(#2232,
#2233),(#2234,#2235),(#2236,#2237),(#2238,#2239),(#2240,#2241),(#2242,#2243),
(#2244,#2245),(#2246,#2247),(#2248,#2249),(#2250,#2251),(#2252,#2253),(#2254,
#2255),(#2256,#2257),(#2258,#2259),(#2260,#2261),(#2262,#2263),(#2264,#2265),
(#2266,#2267),(#2268,#2269),(#2270,#2271),(#2272,#2273),(#2274,#2275),(#2276,
#2277),(#2278,#2279),(#2280,#2281),(#2282,#2283),(#2284,#2285),(#2286,#2287),
(#2288,#2289),(#2290,#2291),(#2292,#2293),(#2294,#2295),(#2296,#2297),(#2298,
#2299),(#2300,#2301),(#2302,#2303),(#2304,#2305),(#2306,#2307),(#2308,#2309),
(#2310,#2311),(#2312,#2313),(#2314,#2315),(#2316,#2317),(#2318,#2319),(#2320,
#2321),(#2322,#2323),(#2324,#2325),(#2326,#2327),(#2328,#2329),(#2330,#2331),
(#2332,#2333),(#2334,#2335),(#2336,#2337),(#2338,#2339),(#2340,#2341),(#2342,
#2343),(#2344,#2345),(#2346,#2347),(#2348,#2349),(#2350,#2351),(#2352,#2353),
(#2354,#2355),(#2356,#2357),(#2358,#2359),(#2360,#2361),(#2362,#2363),(#2364,
#2365),(#2366,#2367),(#2368,#2369),(#2370,#2371),(#2372,#2373),(#2374,#2375),
(#2376,#2377),(#2378,#2379),(#2380,#2381),(#2382,#2383),(#2384,#2385),(#2386,
#2387),(#2388,#2389),(#2390,#2391),(#2392,#2393),(#2394,#2395),(#2396,#2397),
(#2398,#2399),(#2400,#2401),(#2402,#2403),(#2404,#2405),(#2406,#2407),(#2408,
#2409),(#2410,#2411),(#2412,#2413),(#2414,#2415),(#2416,#2417),(#2418,#2419),
(#2420,#2421),(#2422,#2423),(#2424,#2425),(#2426,#2427),(#2428,#2429),(#2430,
#2431),(#2432,#2433),(#2434,#2435),(#2436,#2437),(#2438,#2439),(#2440,#2441),
(#2442,#2443),(#2444,#2445),(#2446,#2447),(#2448,#2449),(#2450,#2451),(#2452,
#2453),(#2454,#2455),(#2456,#2457),(#2458,#2459),(#2460,#2461),(#2462,#2463),
(#2464,#2465),(#2466,#2467),(#2468,#2469),(#2470,#2471)),.RULED_SURF.,.F.,
 .F.,.F.,(4,2,2,2,2,2,2,2,2,2,2,2,2,2,2,2,2,2,2,2,2,2,2,2,2,2,2,2,2,2,2,
2,2,2,2,2,2,2,2,2,2,2,2,2,2,2,2,2,2,2,2,2,2,2,2,2,2,2,2,2,2,2,2,2,2,2,2,
2,2,2,2,4),(2,2),(0.0622471747900374,0.0675964719059852,0.0901286292079803,
0.13519294381197,0.157725101113965,0.180257258415961,0.202789415717956,
0.225321573019951,0.247853730321946,0.270385887623941,0.281651966274938,
0.292918044925936,0.298551084251435,0.304184123576933,0.309817162902432,
0.312633682565182,0.315450202227931,0.32108324155343,0.323899761216179,
0.326716280878929,0.329532800541678,0.332349320204427,0.335165839867177,
0.337982359529926,0.349248438180923,0.360514516831921,0.367317949812399,
0.374121382792876,0.380924815773354,0.387728248753832,0.401335114714787,
0.414941980675743,0.428548846636698,0.442155712597653,0.455762578558609,
0.469369444519564,0.530625204280149,0.544232070241104,0.557838936202059,
0.571445802163015,0.58505266812397,0.598659534084925,0.612266400045881,
0.619069833026359,0.625873266006836,0.632676698987314,0.639480131967792,
0.650746377843798,0.662012623719805,0.664829185188806,0.667645746657808,
0.67046230812681,0.673278869595811,0.676095431064813,0.678911992533814,
0.684545115471818,0.687361676940819,0.690178238409821,0.695811361347824,
0.701444484285827,0.707077607223831,0.718343853099837,0.729610098975844,
0.752142590727857,0.77467508247987,0.797207574231883,0.819740065983896,
0.842272557735909,0.864805049487922,0.909870032991948,0.932402524743961,
0.937751774282762),(0.0782968851845968,0.925783503172281),.UNSPECIFIED.);
#15=B_SPLINE_SURFACE_WITH_KNOTS('',3,1,((#2472,#2473),(#2474,#2475),(#2476,
#2477),(#2478,#2479),(#2480,#2481),(#2482,#2483),(#2484,#2485),(#2486,#2487),
(#2488,#2489),(#2490,#2491),(#2492,#2493),(#2494,#2495),(#2496,#2497),(#2498,
#2499),(#2500,#2501),(#2502,#2503),(#2504,#2505),(#2506,#2507),(#2508,#2509),
(#2510,#2511),(#2512,#2513),(#2514,#2515),(#2516,#2517),(#2518,#2519),(#2520,
#2521),(#2522,#2523),(#2524,#2525),(#2526,#2527),(#2528,#2529),(#2530,#2531),
(#2532,#2533),(#2534,#2535),(#2536,#2537),(#2538,#2539),(#2540,#2541),(#2542,
#2543),(#2544,#2545),(#2546,#2547),(#2548,#2549),(#2550,#2551),(#2552,#2553),
(#2554,#2555),(#2556,#2557),(#2558,#2559),(#2560,#2561),(#2562,#2563),(#2564,
#2565),(#2566,#2567),(#2568,#2569),(#2570,#2571),(#2572,#2573),(#2574,#2575),
(#2576,#2577),(#2578,#2579),(#2580,#2581),(#2582,#2583),(#2584,#2585),(#2586,
#2587),(#2588,#2589),(#2590,#2591),(#2592,#2593),(#2594,#2595),(#2596,#2597),
(#2598,#2599),(#2600,#2601),(#2602,#2603),(#2604,#2605),(#2606,#2607),(#2608,
#2609),(#2610,#2611),(#2612,#2613),(#2614,#2615),(#2616,#2617),(#2618,#2619),
(#2620,#2621),(#2622,#2623),(#2624,#2625),(#2626,#2627),(#2628,#2629),(#2630,
#2631),(#2632,#2633),(#2634,#2635),(#2636,#2637),(#2638,#2639),(#2640,#2641),
(#2642,#2643),(#2644,#2645),(#2646,#2647),(#2648,#2649),(#2650,#2651),(#2652,
#2653),(#2654,#2655),(#2656,#2657),(#2658,#2659),(#2660,#2661),(#2662,#2663),
(#2664,#2665),(#2666,#2667),(#2668,#2669),(#2670,#2671),(#2672,#2673),(#2674,
#2675),(#2676,#2677),(#2678,#2679),(#2680,#2681),(#2682,#2683),(#2684,#2685),
(#2686,#2687),(#2688,#2689),(#2690,#2691),(#2692,#2693),(#2694,#2695),(#2696,
#2697),(#2698,#2699),(#2700,#2701),(#2702,#2703),(#2704,#2705),(#2706,#2707),
(#2708,#2709),(#2710,#2711),(#2712,#2713),(#2714,#2715),(#2716,#2717),(#2718,
#2719),(#2720,#2721),(#2722,#2723),(#2724,#2725),(#2726,#2727),(#2728,#2729),
(#2730,#2731),(#2732,#2733),(#2734,#2735),(#2736,#2737),(#2738,#2739),(#2740,
#2741),(#2742,#2743),(#2744,#2745),(#2746,#2747),(#2748,#2749),(#2750,#2751),
(#2752,#2753),(#2754,#2755),(#2756,#2757),(#2758,#2759)),.RULED_SURF.,.F.,
 .F.,.F.,(4,2,2,2,2,2,2,2,2,2,2,2,2,2,2,2,2,2,2,2,2,2,2,2,2,2,2,2,2,2,2,
2,2,2,2,2,2,2,2,2,2,2,2,2,2,2,2,2,2,2,2,2,2,2,2,2,2,2,2,2,2,2,2,2,2,2,2,
2,2,2,2,4),(2,2),(0.0622471747900374,0.0675964719059852,0.0901286292079803,
0.13519294381197,0.157725101113965,0.180257258415961,0.202789415717956,
0.225321573019951,0.247853730321946,0.270385887623941,0.281651966274938,
0.292918044925936,0.298551084251435,0.304184123576933,0.309817162902432,
0.312633682565182,0.315450202227931,0.32108324155343,0.323899761216179,
0.326716280878929,0.329532800541678,0.332349320204427,0.335165839867177,
0.337982359529926,0.349248438180923,0.360514516831921,0.367317949812399,
0.374121382792876,0.380924815773354,0.387728248753832,0.401335114714787,
0.414941980675743,0.428548846636698,0.442155712597653,0.455762578558609,
0.469369444519564,0.530625204280149,0.544232070241104,0.557838936202059,
0.571445802163015,0.58505266812397,0.598659534084925,0.612266400045881,
0.619069833026359,0.625873266006836,0.632676698987314,0.639480131967792,
0.650746377843798,0.662012623719805,0.664829185188806,0.667645746657808,
0.67046230812681,0.673278869595811,0.676095431064813,0.678911992533814,
0.684545115471818,0.687361676940819,0.690178238409821,0.695811361347824,
0.701444484285827,0.707077607223831,0.718343853099837,0.729610098975844,
0.752142590727857,0.77467508247987,0.797207574231883,0.819740065983896,
0.842272557735909,0.864805049487922,0.909870032991948,0.932402524743961,
0.937751774282762),(0.0782968851845969,0.925783503172281),.UNSPECIFIED.);
#16=B_SPLINE_SURFACE_WITH_KNOTS('',3,1,((#2760,#2761),(#2762,#2763),(#2764,
#2765),(#2766,#2767),(#2768,#2769),(#2770,#2771),(#2772,#2773),(#2774,#2775),
(#2776,#2777),(#2778,#2779),(#2780,#2781),(#2782,#2783),(#2784,#2785),(#2786,
#2787),(#2788,#2789),(#2790,#2791),(#2792,#2793),(#2794,#2795),(#2796,#2797),
(#2798,#2799),(#2800,#2801),(#2802,#2803),(#2804,#2805),(#2806,#2807),(#2808,
#2809),(#2810,#2811),(#2812,#2813),(#2814,#2815),(#2816,#2817),(#2818,#2819),
(#2820,#2821),(#2822,#2823),(#2824,#2825),(#2826,#2827),(#2828,#2829),(#2830,
#2831),(#2832,#2833),(#2834,#2835),(#2836,#2837),(#2838,#2839),(#2840,#2841),
(#2842,#2843),(#2844,#2845),(#2846,#2847),(#2848,#2849),(#2850,#2851),(#2852,
#2853),(#2854,#2855),(#2856,#2857),(#2858,#2859),(#2860,#2861),(#2862,#2863),
(#2864,#2865),(#2866,#2867),(#2868,#2869),(#2870,#2871),(#2872,#2873),(#2874,
#2875),(#2876,#2877),(#2878,#2879),(#2880,#2881),(#2882,#2883),(#2884,#2885),
(#2886,#2887),(#2888,#2889),(#2890,#2891),(#2892,#2893),(#2894,#2895),(#2896,
#2897),(#2898,#2899),(#2900,#2901),(#2902,#2903),(#2904,#2905),(#2906,#2907),
(#2908,#2909),(#2910,#2911),(#2912,#2913),(#2914,#2915),(#2916,#2917),(#2918,
#2919),(#2920,#2921),(#2922,#2923),(#2924,#2925),(#2926,#2927),(#2928,#2929),
(#2930,#2931),(#2932,#2933),(#2934,#2935),(#2936,#2937),(#2938,#2939),(#2940,
#2941),(#2942,#2943),(#2944,#2945),(#2946,#2947),(#2948,#2949),(#2950,#2951),
(#2952,#2953),(#2954,#2955),(#2956,#2957),(#2958,#2959),(#2960,#2961),(#2962,
#2963),(#2964,#2965),(#2966,#2967),(#2968,#2969),(#2970,#2971),(#2972,#2973),
(#2974,#2975),(#2976,#2977),(#2978,#2979),(#2980,#2981),(#2982,#2983),(#2984,
#2985),(#2986,#2987),(#2988,#2989),(#2990,#2991),(#2992,#2993),(#2994,#2995),
(#2996,#2997),(#2998,#2999),(#3000,#3001),(#3002,#3003),(#3004,#3005),(#3006,
#3007),(#3008,#3009),(#3010,#3011),(#3012,#3013),(#3014,#3015),(#3016,#3017),
(#3018,#3019),(#3020,#3021),(#3022,#3023),(#3024,#3025),(#3026,#3027),(#3028,
#3029),(#3030,#3031),(#3032,#3033),(#3034,#3035),(#3036,#3037),(#3038,#3039),
(#3040,#3041),(#3042,#3043),(#3044,#3045),(#3046,#3047)),.RULED_SURF.,.F.,
 .F.,.F.,(4,2,2,2,2,2,2,2,2,2,2,2,2,2,2,2,2,2,2,2,2,2,2,2,2,2,2,2,2,2,2,
2,2,2,2,2,2,2,2,2,2,2,2,2,2,2,2,2,2,2,2,2,2,2,2,2,2,2,2,2,2,2,2,2,2,2,2,
2,2,2,2,4),(2,2),(0.0622471747900374,0.0675964719059852,0.0901286292079803,
0.13519294381197,0.157725101113965,0.180257258415961,0.202789415717956,
0.225321573019951,0.247853730321946,0.270385887623941,0.281651966274938,
0.292918044925936,0.298551084251435,0.304184123576933,0.309817162902432,
0.312633682565182,0.315450202227931,0.32108324155343,0.323899761216179,
0.326716280878929,0.329532800541678,0.332349320204427,0.335165839867177,
0.337982359529926,0.349248438180923,0.360514516831921,0.367317949812399,
0.374121382792876,0.380924815773354,0.387728248753832,0.401335114714787,
0.414941980675743,0.428548846636698,0.442155712597653,0.455762578558609,
0.469369444519564,0.530625204280149,0.544232070241104,0.557838936202059,
0.571445802163015,0.58505266812397,0.598659534084925,0.612266400045881,
0.619069833026359,0.625873266006836,0.632676698987314,0.639480131967792,
0.650746377843798,0.662012623719805,0.664829185188806,0.667645746657808,
0.67046230812681,0.673278869595811,0.676095431064813,0.678911992533814,
0.684545115471818,0.687361676940819,0.690178238409821,0.695811361347824,
0.701444484285827,0.707077607223831,0.718343853099837,0.729610098975844,
0.752142590727857,0.77467508247987,0.797207574231883,0.819740065983896,
0.842272557735909,0.864805049487922,0.909870032991948,0.932402524743961,
0.937751774282762),(0.0782968851845967,0.925783503172281),.UNSPECIFIED.);
#17=B_SPLINE_SURFACE_WITH_KNOTS('',3,1,((#3048,#3049),(#3050,#3051),(#3052,
#3053),(#3054,#3055),(#3056,#3057),(#3058,#3059),(#3060,#3061),(#3062,#3063),
(#3064,#3065),(#3066,#3067),(#3068,#3069),(#3070,#3071),(#3072,#3073),(#3074,
#3075),(#3076,#3077),(#3078,#3079),(#3080,#3081),(#3082,#3083),(#3084,#3085),
(#3086,#3087),(#3088,#3089),(#3090,#3091),(#3092,#3093),(#3094,#3095),(#3096,
#3097),(#3098,#3099),(#3100,#3101),(#3102,#3103),(#3104,#3105),(#3106,#3107),
(#3108,#3109),(#3110,#3111),(#3112,#3113),(#3114,#3115),(#3116,#3117),(#3118,
#3119),(#3120,#3121),(#3122,#3123),(#3124,#3125),(#3126,#3127),(#3128,#3129),
(#3130,#3131),(#3132,#3133),(#3134,#3135),(#3136,#3137),(#3138,#3139),(#3140,
#3141),(#3142,#3143),(#3144,#3145),(#3146,#3147),(#3148,#3149),(#3150,#3151),
(#3152,#3153),(#3154,#3155),(#3156,#3157),(#3158,#3159),(#3160,#3161),(#3162,
#3163),(#3164,#3165),(#3166,#3167),(#3168,#3169),(#3170,#3171),(#3172,#3173),
(#3174,#3175),(#3176,#3177),(#3178,#3179),(#3180,#3181),(#3182,#3183),(#3184,
#3185),(#3186,#3187),(#3188,#3189),(#3190,#3191),(#3192,#3193),(#3194,#3195),
(#3196,#3197),(#3198,#3199),(#3200,#3201),(#3202,#3203),(#3204,#3205),(#3206,
#3207),(#3208,#3209),(#3210,#3211),(#3212,#3213),(#3214,#3215),(#3216,#3217),
(#3218,#3219),(#3220,#3221),(#3222,#3223),(#3224,#3225),(#3226,#3227),(#3228,
#3229),(#3230,#3231),(#3232,#3233),(#3234,#3235),(#3236,#3237),(#3238,#3239),
(#3240,#3241),(#3242,#3243),(#3244,#3245),(#3246,#3247),(#3248,#3249),(#3250,
#3251),(#3252,#3253),(#3254,#3255),(#3256,#3257),(#3258,#3259),(#3260,#3261),
(#3262,#3263),(#3264,#3265),(#3266,#3267),(#3268,#3269),(#3270,#3271),(#3272,
#3273),(#3274,#3275),(#3276,#3277),(#3278,#3279),(#3280,#3281),(#3282,#3283),
(#3284,#3285),(#3286,#3287),(#3288,#3289),(#3290,#3291),(#3292,#3293),(#3294,
#3295),(#3296,#3297),(#3298,#3299),(#3300,#3301),(#3302,#3303),(#3304,#3305),
(#3306,#3307),(#3308,#3309),(#3310,#3311),(#3312,#3313),(#3314,#3315),(#3316,
#3317),(#3318,#3319),(#3320,#3321),(#3322,#3323),(#3324,#3325),(#3326,#3327),
(#3328,#3329),(#3330,#3331),(#3332,#3333),(#3334,#3335)),.RULED_SURF.,.F.,
 .F.,.F.,(4,2,2,2,2,2,2,2,2,2,2,2,2,2,2,2,2,2,2,2,2,2,2,2,2,2,2,2,2,2,2,
2,2,2,2,2,2,2,2,2,2,2,2,2,2,2,2,2,2,2,2,2,2,2,2,2,2,2,2,2,2,2,2,2,2,2,2,
2,2,2,2,4),(2,2),(0.0622471747900374,0.0675964719059852,0.0901286292079803,
0.13519294381197,0.157725101113965,0.180257258415961,0.202789415717956,
0.225321573019951,0.247853730321946,0.270385887623941,0.281651966274938,
0.292918044925936,0.298551084251435,0.304184123576933,0.309817162902432,
0.312633682565182,0.315450202227931,0.32108324155343,0.323899761216179,
0.326716280878929,0.329532800541678,0.332349320204427,0.335165839867177,
0.337982359529926,0.349248438180923,0.360514516831921,0.367317949812399,
0.374121382792876,0.380924815773354,0.387728248753832,0.401335114714787,
0.414941980675743,0.428548846636698,0.442155712597653,0.455762578558609,
0.469369444519564,0.530625204280149,0.544232070241104,0.557838936202059,
0.571445802163015,0.58505266812397,0.598659534084925,0.612266400045881,
0.619069833026359,0.625873266006836,0.632676698987314,0.639480131967792,
0.650746377843798,0.662012623719805,0.664829185188806,0.667645746657808,
0.67046230812681,0.673278869595811,0.676095431064813,0.678911992533814,
0.684545115471818,0.687361676940819,0.690178238409821,0.695811361347824,
0.701444484285827,0.707077607223831,0.718343853099837,0.729610098975844,
0.752142590727857,0.77467508247987,0.797207574231883,0.819740065983896,
0.842272557735909,0.864805049487922,0.909870032991948,0.932402524743961,
0.937751774282762),(0.0782968851845968,0.925783503172281),.UNSPECIFIED.);
#18=B_SPLINE_SURFACE_WITH_KNOTS('',3,1,((#3336,#3337),(#3338,#3339),(#3340,
#3341),(#3342,#3343),(#3344,#3345),(#3346,#3347),(#3348,#3349),(#3350,#3351),
(#3352,#3353),(#3354,#3355),(#3356,#3357),(#3358,#3359),(#3360,#3361),(#3362,
#3363),(#3364,#3365),(#3366,#3367),(#3368,#3369),(#3370,#3371),(#3372,#3373),
(#3374,#3375),(#3376,#3377),(#3378,#3379),(#3380,#3381),(#3382,#3383),(#3384,
#3385),(#3386,#3387),(#3388,#3389),(#3390,#3391),(#3392,#3393),(#3394,#3395),
(#3396,#3397),(#3398,#3399),(#3400,#3401),(#3402,#3403),(#3404,#3405),(#3406,
#3407),(#3408,#3409),(#3410,#3411),(#3412,#3413),(#3414,#3415),(#3416,#3417),
(#3418,#3419),(#3420,#3421),(#3422,#3423),(#3424,#3425),(#3426,#3427),(#3428,
#3429),(#3430,#3431),(#3432,#3433),(#3434,#3435),(#3436,#3437),(#3438,#3439),
(#3440,#3441),(#3442,#3443),(#3444,#3445),(#3446,#3447),(#3448,#3449),(#3450,
#3451),(#3452,#3453),(#3454,#3455),(#3456,#3457),(#3458,#3459),(#3460,#3461),
(#3462,#3463),(#3464,#3465),(#3466,#3467),(#3468,#3469),(#3470,#3471),(#3472,
#3473),(#3474,#3475),(#3476,#3477),(#3478,#3479),(#3480,#3481),(#3482,#3483),
(#3484,#3485),(#3486,#3487),(#3488,#3489),(#3490,#3491),(#3492,#3493),(#3494,
#3495),(#3496,#3497),(#3498,#3499),(#3500,#3501),(#3502,#3503),(#3504,#3505),
(#3506,#3507),(#3508,#3509),(#3510,#3511),(#3512,#3513),(#3514,#3515),(#3516,
#3517),(#3518,#3519),(#3520,#3521),(#3522,#3523),(#3524,#3525),(#3526,#3527),
(#3528,#3529),(#3530,#3531),(#3532,#3533),(#3534,#3535),(#3536,#3537),(#3538,
#3539),(#3540,#3541),(#3542,#3543),(#3544,#3545),(#3546,#3547),(#3548,#3549),
(#3550,#3551),(#3552,#3553),(#3554,#3555),(#3556,#3557),(#3558,#3559),(#3560,
#3561),(#3562,#3563),(#3564,#3565),(#3566,#3567),(#3568,#3569),(#3570,#3571),
(#3572,#3573),(#3574,#3575),(#3576,#3577),(#3578,#3579),(#3580,#3581),(#3582,
#3583),(#3584,#3585),(#3586,#3587),(#3588,#3589),(#3590,#3591),(#3592,#3593),
(#3594,#3595),(#3596,#3597),(#3598,#3599),(#3600,#3601),(#3602,#3603),(#3604,
#3605),(#3606,#3607),(#3608,#3609),(#3610,#3611),(#3612,#3613),(#3614,#3615),
(#3616,#3617),(#3618,#3619),(#3620,#3621),(#3622,#3623)),.RULED_SURF.,.F.,
 .F.,.F.,(4,2,2,2,2,2,2,2,2,2,2,2,2,2,2,2,2,2,2,2,2,2,2,2,2,2,2,2,2,2,2,
2,2,2,2,2,2,2,2,2,2,2,2,2,2,2,2,2,2,2,2,2,2,2,2,2,2,2,2,2,2,2,2,2,2,2,2,
2,2,2,2,4),(2,2),(0.0622471747900374,0.0675964719059852,0.0901286292079803,
0.13519294381197,0.157725101113965,0.180257258415961,0.202789415717956,
0.225321573019951,0.247853730321946,0.270385887623941,0.281651966274938,
0.292918044925936,0.298551084251435,0.304184123576933,0.309817162902432,
0.312633682565182,0.315450202227931,0.32108324155343,0.323899761216179,
0.326716280878929,0.329532800541678,0.332349320204427,0.335165839867177,
0.337982359529926,0.349248438180923,0.360514516831921,0.367317949812399,
0.374121382792876,0.380924815773354,0.387728248753832,0.401335114714787,
0.414941980675743,0.428548846636698,0.442155712597653,0.455762578558609,
0.469369444519564,0.530625204280149,0.544232070241104,0.557838936202059,
0.571445802163015,0.58505266812397,0.598659534084925,0.612266400045881,
0.619069833026359,0.625873266006836,0.632676698987314,0.639480131967792,
0.650746377843798,0.662012623719805,0.664829185188806,0.667645746657808,
0.67046230812681,0.673278869595811,0.676095431064813,0.678911992533814,
0.684545115471818,0.687361676940819,0.690178238409821,0.695811361347824,
0.701444484285827,0.707077607223831,0.718343853099837,0.729610098975844,
0.752142590727857,0.77467508247987,0.797207574231883,0.819740065983896,
0.842272557735909,0.864805049487922,0.909870032991948,0.932402524743961,
0.937751774282762),(0.0782968851845967,0.925783503172281),.UNSPECIFIED.);
#19=B_SPLINE_SURFACE_WITH_KNOTS('',3,1,((#3624,#3625),(#3626,#3627),(#3628,
#3629),(#3630,#3631),(#3632,#3633),(#3634,#3635),(#3636,#3637),(#3638,#3639),
(#3640,#3641),(#3642,#3643),(#3644,#3645),(#3646,#3647),(#3648,#3649),(#3650,
#3651),(#3652,#3653),(#3654,#3655),(#3656,#3657),(#3658,#3659),(#3660,#3661),
(#3662,#3663),(#3664,#3665),(#3666,#3667),(#3668,#3669),(#3670,#3671),(#3672,
#3673),(#3674,#3675),(#3676,#3677),(#3678,#3679),(#3680,#3681),(#3682,#3683),
(#3684,#3685),(#3686,#3687),(#3688,#3689),(#3690,#3691),(#3692,#3693),(#3694,
#3695),(#3696,#3697),(#3698,#3699),(#3700,#3701),(#3702,#3703),(#3704,#3705),
(#3706,#3707),(#3708,#3709),(#3710,#3711),(#3712,#3713),(#3714,#3715),(#3716,
#3717),(#3718,#3719),(#3720,#3721),(#3722,#3723),(#3724,#3725),(#3726,#3727),
(#3728,#3729),(#3730,#3731),(#3732,#3733),(#3734,#3735),(#3736,#3737),(#3738,
#3739),(#3740,#3741),(#3742,#3743),(#3744,#3745),(#3746,#3747),(#3748,#3749),
(#3750,#3751),(#3752,#3753),(#3754,#3755),(#3756,#3757),(#3758,#3759),(#3760,
#3761),(#3762,#3763),(#3764,#3765),(#3766,#3767),(#3768,#3769),(#3770,#3771),
(#3772,#3773),(#3774,#3775),(#3776,#3777),(#3778,#3779),(#3780,#3781),(#3782,
#3783),(#3784,#3785),(#3786,#3787),(#3788,#3789),(#3790,#3791),(#3792,#3793),
(#3794,#3795),(#3796,#3797),(#3798,#3799),(#3800,#3801),(#3802,#3803),(#3804,
#3805),(#3806,#3807),(#3808,#3809),(#3810,#3811),(#3812,#3813),(#3814,#3815),
(#3816,#3817),(#3818,#3819),(#3820,#3821),(#3822,#3823),(#3824,#3825),(#3826,
#3827),(#3828,#3829),(#3830,#3831),(#3832,#3833),(#3834,#3835),(#3836,#3837),
(#3838,#3839),(#3840,#3841),(#3842,#3843),(#3844,#3845),(#3846,#3847),(#3848,
#3849),(#3850,#3851),(#3852,#3853),(#3854,#3855),(#3856,#3857),(#3858,#3859),
(#3860,#3861),(#3862,#3863),(#3864,#3865),(#3866,#3867),(#3868,#3869),(#3870,
#3871),(#3872,#3873),(#3874,#3875),(#3876,#3877),(#3878,#3879),(#3880,#3881),
(#3882,#3883),(#3884,#3885),(#3886,#3887),(#3888,#3889),(#3890,#3891),(#3892,
#3893),(#3894,#3895),(#3896,#3897),(#3898,#3899),(#3900,#3901),(#3902,#3903),
(#3904,#3905),(#3906,#3907),(#3908,#3909),(#3910,#3911)),.RULED_SURF.,.F.,
 .F.,.F.,(4,2,2,2,2,2,2,2,2,2,2,2,2,2,2,2,2,2,2,2,2,2,2,2,2,2,2,2,2,2,2,
2,2,2,2,2,2,2,2,2,2,2,2,2,2,2,2,2,2,2,2,2,2,2,2,2,2,2,2,2,2,2,2,2,2,2,2,
2,2,2,2,4),(2,2),(0.0622471747900374,0.0675964719059852,0.0901286292079803,
0.13519294381197,0.157725101113965,0.180257258415961,0.202789415717956,
0.225321573019951,0.247853730321946,0.270385887623941,0.281651966274938,
0.292918044925936,0.298551084251435,0.304184123576933,0.309817162902432,
0.312633682565182,0.315450202227931,0.32108324155343,0.323899761216179,
0.326716280878929,0.329532800541678,0.332349320204427,0.335165839867177,
0.337982359529926,0.349248438180923,0.360514516831921,0.367317949812399,
0.374121382792876,0.380924815773354,0.387728248753832,0.401335114714787,
0.414941980675743,0.428548846636698,0.442155712597653,0.455762578558609,
0.469369444519564,0.530625204280149,0.544232070241104,0.557838936202059,
0.571445802163015,0.58505266812397,0.598659534084925,0.612266400045881,
0.619069833026359,0.625873266006836,0.632676698987314,0.639480131967792,
0.650746377843798,0.662012623719805,0.664829185188806,0.667645746657808,
0.67046230812681,0.673278869595811,0.676095431064813,0.678911992533814,
0.684545115471818,0.687361676940819,0.690178238409821,0.695811361347824,
0.701444484285827,0.707077607223831,0.718343853099837,0.729610098975844,
0.752142590727857,0.77467508247987,0.797207574231883,0.819740065983896,
0.842272557735909,0.864805049487922,0.909870032991948,0.932402524743961,
0.937751774282762),(0.0782968851845967,0.925783503172281),.UNSPECIFIED.);
#20=B_SPLINE_SURFACE_WITH_KNOTS('',3,1,((#3912,#3913),(#3914,#3915),(#3916,
#3917),(#3918,#3919),(#3920,#3921),(#3922,#3923),(#3924,#3925),(#3926,#3927),
(#3928,#3929),(#3930,#3931),(#3932,#3933),(#3934,#3935),(#3936,#3937),(#3938,
#3939),(#3940,#3941),(#3942,#3943),(#3944,#3945),(#3946,#3947),(#3948,#3949),
(#3950,#3951),(#3952,#3953),(#3954,#3955),(#3956,#3957),(#3958,#3959),(#3960,
#3961),(#3962,#3963),(#3964,#3965),(#3966,#3967),(#3968,#3969),(#3970,#3971),
(#3972,#3973),(#3974,#3975),(#3976,#3977),(#3978,#3979),(#3980,#3981),(#3982,
#3983),(#3984,#3985),(#3986,#3987),(#3988,#3989),(#3990,#3991),(#3992,#3993),
(#3994,#3995),(#3996,#3997),(#3998,#3999),(#4000,#4001),(#4002,#4003),(#4004,
#4005),(#4006,#4007),(#4008,#4009),(#4010,#4011),(#4012,#4013),(#4014,#4015),
(#4016,#4017),(#4018,#4019),(#4020,#4021),(#4022,#4023),(#4024,#4025),(#4026,
#4027),(#4028,#4029),(#4030,#4031),(#4032,#4033),(#4034,#4035),(#4036,#4037),
(#4038,#4039),(#4040,#4041),(#4042,#4043),(#4044,#4045),(#4046,#4047),(#4048,
#4049),(#4050,#4051),(#4052,#4053),(#4054,#4055),(#4056,#4057),(#4058,#4059),
(#4060,#4061),(#4062,#4063),(#4064,#4065),(#4066,#4067),(#4068,#4069),(#4070,
#4071),(#4072,#4073),(#4074,#4075),(#4076,#4077),(#4078,#4079),(#4080,#4081),
(#4082,#4083),(#4084,#4085),(#4086,#4087),(#4088,#4089),(#4090,#4091),(#4092,
#4093),(#4094,#4095),(#4096,#4097),(#4098,#4099),(#4100,#4101),(#4102,#4103),
(#4104,#4105),(#4106,#4107),(#4108,#4109),(#4110,#4111),(#4112,#4113),(#4114,
#4115),(#4116,#4117),(#4118,#4119),(#4120,#4121),(#4122,#4123),(#4124,#4125),
(#4126,#4127),(#4128,#4129),(#4130,#4131),(#4132,#4133),(#4134,#4135),(#4136,
#4137),(#4138,#4139),(#4140,#4141),(#4142,#4143),(#4144,#4145),(#4146,#4147),
(#4148,#4149),(#4150,#4151),(#4152,#4153),(#4154,#4155),(#4156,#4157),(#4158,
#4159),(#4160,#4161),(#4162,#4163),(#4164,#4165),(#4166,#4167),(#4168,#4169),
(#4170,#4171),(#4172,#4173),(#4174,#4175),(#4176,#4177),(#4178,#4179),(#4180,
#4181),(#4182,#4183),(#4184,#4185),(#4186,#4187),(#4188,#4189),(#4190,#4191),
(#4192,#4193),(#4194,#4195),(#4196,#4197),(#4198,#4199)),.RULED_SURF.,.F.,
 .F.,.F.,(4,2,2,2,2,2,2,2,2,2,2,2,2,2,2,2,2,2,2,2,2,2,2,2,2,2,2,2,2,2,2,
2,2,2,2,2,2,2,2,2,2,2,2,2,2,2,2,2,2,2,2,2,2,2,2,2,2,2,2,2,2,2,2,2,2,2,2,
2,2,2,2,4),(2,2),(0.0622471747900374,0.0675964719059852,0.0901286292079803,
0.13519294381197,0.157725101113965,0.180257258415961,0.202789415717956,
0.225321573019951,0.247853730321946,0.270385887623941,0.281651966274938,
0.292918044925936,0.298551084251435,0.304184123576933,0.309817162902432,
0.312633682565182,0.315450202227931,0.32108324155343,0.323899761216179,
0.326716280878929,0.329532800541678,0.332349320204427,0.335165839867177,
0.337982359529926,0.349248438180923,0.360514516831921,0.367317949812399,
0.374121382792876,0.380924815773354,0.387728248753832,0.401335114714787,
0.414941980675743,0.428548846636698,0.442155712597653,0.455762578558609,
0.469369444519564,0.530625204280149,0.544232070241104,0.557838936202059,
0.571445802163015,0.58505266812397,0.598659534084925,0.612266400045881,
0.619069833026359,0.625873266006836,0.632676698987314,0.639480131967792,
0.650746377843798,0.662012623719805,0.664829185188806,0.667645746657808,
0.67046230812681,0.673278869595811,0.676095431064813,0.678911992533814,
0.684545115471818,0.687361676940819,0.690178238409821,0.695811361347824,
0.701444484285827,0.707077607223831,0.718343853099837,0.729610098975844,
0.752142590727857,0.77467508247987,0.797207574231883,0.819740065983896,
0.842272557735909,0.864805049487922,0.909870032991948,0.932402524743961,
0.937751774282762),(0.0782968851845967,0.925783503172281),.UNSPECIFIED.);
#21=B_SPLINE_SURFACE_WITH_KNOTS('',3,1,((#4200,#4201),(#4202,#4203),(#4204,
#4205),(#4206,#4207),(#4208,#4209),(#4210,#4211),(#4212,#4213),(#4214,#4215),
(#4216,#4217),(#4218,#4219),(#4220,#4221),(#4222,#4223),(#4224,#4225),(#4226,
#4227),(#4228,#4229),(#4230,#4231),(#4232,#4233),(#4234,#4235),(#4236,#4237),
(#4238,#4239),(#4240,#4241),(#4242,#4243),(#4244,#4245),(#4246,#4247),(#4248,
#4249),(#4250,#4251),(#4252,#4253),(#4254,#4255),(#4256,#4257),(#4258,#4259),
(#4260,#4261),(#4262,#4263),(#4264,#4265),(#4266,#4267),(#4268,#4269),(#4270,
#4271),(#4272,#4273),(#4274,#4275),(#4276,#4277),(#4278,#4279),(#4280,#4281),
(#4282,#4283),(#4284,#4285),(#4286,#4287),(#4288,#4289),(#4290,#4291),(#4292,
#4293),(#4294,#4295),(#4296,#4297),(#4298,#4299),(#4300,#4301),(#4302,#4303),
(#4304,#4305),(#4306,#4307),(#4308,#4309),(#4310,#4311),(#4312,#4313),(#4314,
#4315),(#4316,#4317),(#4318,#4319),(#4320,#4321),(#4322,#4323),(#4324,#4325),
(#4326,#4327),(#4328,#4329),(#4330,#4331),(#4332,#4333),(#4334,#4335),(#4336,
#4337),(#4338,#4339),(#4340,#4341),(#4342,#4343),(#4344,#4345),(#4346,#4347),
(#4348,#4349),(#4350,#4351),(#4352,#4353),(#4354,#4355),(#4356,#4357),(#4358,
#4359),(#4360,#4361),(#4362,#4363),(#4364,#4365),(#4366,#4367),(#4368,#4369),
(#4370,#4371),(#4372,#4373),(#4374,#4375),(#4376,#4377),(#4378,#4379),(#4380,
#4381),(#4382,#4383),(#4384,#4385),(#4386,#4387),(#4388,#4389),(#4390,#4391),
(#4392,#4393),(#4394,#4395),(#4396,#4397),(#4398,#4399),(#4400,#4401),(#4402,
#4403),(#4404,#4405),(#4406,#4407),(#4408,#4409),(#4410,#4411),(#4412,#4413),
(#4414,#4415),(#4416,#4417),(#4418,#4419),(#4420,#4421),(#4422,#4423),(#4424,
#4425),(#4426,#4427),(#4428,#4429),(#4430,#4431),(#4432,#4433),(#4434,#4435),
(#4436,#4437),(#4438,#4439),(#4440,#4441),(#4442,#4443),(#4444,#4445),(#4446,
#4447),(#4448,#4449),(#4450,#4451),(#4452,#4453),(#4454,#4455),(#4456,#4457),
(#4458,#4459),(#4460,#4461),(#4462,#4463),(#4464,#4465),(#4466,#4467),(#4468,
#4469),(#4470,#4471),(#4472,#4473),(#4474,#4475),(#4476,#4477),(#4478,#4479),
(#4480,#4481),(#4482,#4483),(#4484,#4485),(#4486,#4487)),.RULED_SURF.,.F.,
 .F.,.F.,(4,2,2,2,2,2,2,2,2,2,2,2,2,2,2,2,2,2,2,2,2,2,2,2,2,2,2,2,2,2,2,
2,2,2,2,2,2,2,2,2,2,2,2,2,2,2,2,2,2,2,2,2,2,2,2,2,2,2,2,2,2,2,2,2,2,2,2,
2,2,2,2,4),(2,2),(0.0622471747900374,0.0675964719059852,0.0901286292079803,
0.13519294381197,0.157725101113965,0.180257258415961,0.202789415717956,
0.225321573019951,0.247853730321946,0.270385887623941,0.281651966274938,
0.292918044925936,0.298551084251435,0.304184123576933,0.309817162902432,
0.312633682565182,0.315450202227931,0.32108324155343,0.323899761216179,
0.326716280878929,0.329532800541678,0.332349320204427,0.335165839867177,
0.337982359529926,0.349248438180923,0.360514516831921,0.367317949812399,
0.374121382792876,0.380924815773354,0.387728248753832,0.401335114714787,
0.414941980675743,0.428548846636698,0.442155712597653,0.455762578558609,
0.469369444519564,0.530625204280149,0.544232070241104,0.557838936202059,
0.571445802163015,0.58505266812397,0.598659534084925,0.612266400045881,
0.619069833026359,0.625873266006836,0.632676698987314,0.639480131967792,
0.650746377843798,0.662012623719805,0.664829185188806,0.667645746657808,
0.67046230812681,0.673278869595811,0.676095431064813,0.678911992533814,
0.684545115471818,0.687361676940819,0.690178238409821,0.695811361347824,
0.701444484285827,0.707077607223831,0.718343853099837,0.729610098975844,
0.752142590727857,0.77467508247987,0.797207574231883,0.819740065983896,
0.842272557735909,0.864805049487922,0.909870032991948,0.932402524743961,
0.937751774282762),(0.0782968851845968,0.925783503172281),.UNSPECIFIED.);
#22=B_SPLINE_SURFACE_WITH_KNOTS('',3,1,((#4488,#4489),(#4490,#4491),(#4492,
#4493),(#4494,#4495),(#4496,#4497),(#4498,#4499),(#4500,#4501),(#4502,#4503),
(#4504,#4505),(#4506,#4507),(#4508,#4509),(#4510,#4511),(#4512,#4513),(#4514,
#4515),(#4516,#4517),(#4518,#4519),(#4520,#4521),(#4522,#4523),(#4524,#4525),
(#4526,#4527),(#4528,#4529),(#4530,#4531),(#4532,#4533),(#4534,#4535),(#4536,
#4537),(#4538,#4539),(#4540,#4541),(#4542,#4543),(#4544,#4545),(#4546,#4547),
(#4548,#4549),(#4550,#4551),(#4552,#4553),(#4554,#4555),(#4556,#4557),(#4558,
#4559),(#4560,#4561),(#4562,#4563),(#4564,#4565),(#4566,#4567),(#4568,#4569),
(#4570,#4571),(#4572,#4573),(#4574,#4575),(#4576,#4577),(#4578,#4579),(#4580,
#4581),(#4582,#4583),(#4584,#4585),(#4586,#4587),(#4588,#4589),(#4590,#4591),
(#4592,#4593),(#4594,#4595),(#4596,#4597),(#4598,#4599),(#4600,#4601),(#4602,
#4603),(#4604,#4605),(#4606,#4607),(#4608,#4609),(#4610,#4611),(#4612,#4613),
(#4614,#4615),(#4616,#4617),(#4618,#4619),(#4620,#4621),(#4622,#4623),(#4624,
#4625),(#4626,#4627),(#4628,#4629),(#4630,#4631),(#4632,#4633),(#4634,#4635),
(#4636,#4637),(#4638,#4639),(#4640,#4641),(#4642,#4643),(#4644,#4645),(#4646,
#4647),(#4648,#4649),(#4650,#4651),(#4652,#4653),(#4654,#4655),(#4656,#4657),
(#4658,#4659),(#4660,#4661),(#4662,#4663),(#4664,#4665),(#4666,#4667),(#4668,
#4669),(#4670,#4671),(#4672,#4673),(#4674,#4675),(#4676,#4677),(#4678,#4679),
(#4680,#4681),(#4682,#4683),(#4684,#4685),(#4686,#4687),(#4688,#4689),(#4690,
#4691),(#4692,#4693),(#4694,#4695),(#4696,#4697),(#4698,#4699),(#4700,#4701),
(#4702,#4703),(#4704,#4705),(#4706,#4707),(#4708,#4709),(#4710,#4711),(#4712,
#4713),(#4714,#4715),(#4716,#4717),(#4718,#4719),(#4720,#4721),(#4722,#4723),
(#4724,#4725),(#4726,#4727),(#4728,#4729),(#4730,#4731),(#4732,#4733),(#4734,
#4735),(#4736,#4737),(#4738,#4739),(#4740,#4741),(#4742,#4743),(#4744,#4745),
(#4746,#4747),(#4748,#4749),(#4750,#4751),(#4752,#4753),(#4754,#4755),(#4756,
#4757),(#4758,#4759),(#4760,#4761),(#4762,#4763),(#4764,#4765),(#4766,#4767),
(#4768,#4769),(#4770,#4771),(#4772,#4773),(#4774,#4775)),.RULED_SURF.,.F.,
 .F.,.F.,(4,2,2,2,2,2,2,2,2,2,2,2,2,2,2,2,2,2,2,2,2,2,2,2,2,2,2,2,2,2,2,
2,2,2,2,2,2,2,2,2,2,2,2,2,2,2,2,2,2,2,2,2,2,2,2,2,2,2,2,2,2,2,2,2,2,2,2,
2,2,2,2,4),(2,2),(0.0622471747900374,0.0675964719059852,0.0901286292079803,
0.13519294381197,0.157725101113965,0.180257258415961,0.202789415717956,
0.225321573019951,0.247853730321946,0.270385887623941,0.281651966274938,
0.292918044925936,0.298551084251435,0.304184123576933,0.309817162902432,
0.312633682565182,0.315450202227931,0.32108324155343,0.323899761216179,
0.326716280878929,0.329532800541678,0.332349320204427,0.335165839867177,
0.337982359529926,0.349248438180923,0.360514516831921,0.367317949812399,
0.374121382792876,0.380924815773354,0.387728248753832,0.401335114714787,
0.414941980675743,0.428548846636698,0.442155712597653,0.455762578558609,
0.469369444519564,0.530625204280149,0.544232070241104,0.557838936202059,
0.571445802163015,0.58505266812397,0.598659534084925,0.612266400045881,
0.619069833026359,0.625873266006836,0.632676698987314,0.639480131967792,
0.650746377843798,0.662012623719805,0.664829185188806,0.667645746657808,
0.67046230812681,0.673278869595811,0.676095431064813,0.678911992533814,
0.684545115471818,0.687361676940819,0.690178238409821,0.695811361347824,
0.701444484285827,0.707077607223831,0.718343853099837,0.729610098975844,
0.752142590727857,0.77467508247987,0.797207574231883,0.819740065983896,
0.842272557735909,0.864805049487922,0.909870032991948,0.932402524743961,
0.937751774282762),(0.0782968851845969,0.925783503172281),.UNSPECIFIED.);
#23=B_SPLINE_SURFACE_WITH_KNOTS('',3,1,((#4776,#4777),(#4778,#4779),(#4780,
#4781),(#4782,#4783),(#4784,#4785),(#4786,#4787),(#4788,#4789),(#4790,#4791),
(#4792,#4793),(#4794,#4795),(#4796,#4797),(#4798,#4799),(#4800,#4801),(#4802,
#4803),(#4804,#4805),(#4806,#4807),(#4808,#4809),(#4810,#4811),(#4812,#4813),
(#4814,#4815),(#4816,#4817),(#4818,#4819),(#4820,#4821),(#4822,#4823),(#4824,
#4825),(#4826,#4827),(#4828,#4829),(#4830,#4831),(#4832,#4833),(#4834,#4835),
(#4836,#4837),(#4838,#4839),(#4840,#4841),(#4842,#4843),(#4844,#4845),(#4846,
#4847),(#4848,#4849),(#4850,#4851),(#4852,#4853),(#4854,#4855),(#4856,#4857),
(#4858,#4859),(#4860,#4861),(#4862,#4863),(#4864,#4865),(#4866,#4867),(#4868,
#4869),(#4870,#4871),(#4872,#4873),(#4874,#4875),(#4876,#4877),(#4878,#4879),
(#4880,#4881),(#4882,#4883),(#4884,#4885),(#4886,#4887),(#4888,#4889),(#4890,
#4891),(#4892,#4893),(#4894,#4895),(#4896,#4897),(#4898,#4899),(#4900,#4901),
(#4902,#4903),(#4904,#4905),(#4906,#4907),(#4908,#4909),(#4910,#4911),(#4912,
#4913),(#4914,#4915),(#4916,#4917),(#4918,#4919),(#4920,#4921),(#4922,#4923),
(#4924,#4925),(#4926,#4927),(#4928,#4929),(#4930,#4931),(#4932,#4933),(#4934,
#4935),(#4936,#4937),(#4938,#4939),(#4940,#4941),(#4942,#4943),(#4944,#4945),
(#4946,#4947),(#4948,#4949),(#4950,#4951),(#4952,#4953),(#4954,#4955),(#4956,
#4957),(#4958,#4959),(#4960,#4961),(#4962,#4963),(#4964,#4965),(#4966,#4967),
(#4968,#4969),(#4970,#4971),(#4972,#4973),(#4974,#4975),(#4976,#4977),(#4978,
#4979),(#4980,#4981),(#4982,#4983),(#4984,#4985),(#4986,#4987),(#4988,#4989),
(#4990,#4991),(#4992,#4993),(#4994,#4995),(#4996,#4997),(#4998,#4999),(#5000,
#5001),(#5002,#5003),(#5004,#5005),(#5006,#5007),(#5008,#5009),(#5010,#5011),
(#5012,#5013),(#5014,#5015),(#5016,#5017),(#5018,#5019),(#5020,#5021),(#5022,
#5023),(#5024,#5025),(#5026,#5027),(#5028,#5029),(#5030,#5031),(#5032,#5033),
(#5034,#5035),(#5036,#5037),(#5038,#5039),(#5040,#5041),(#5042,#5043),(#5044,
#5045),(#5046,#5047),(#5048,#5049),(#5050,#5051),(#5052,#5053),(#5054,#5055),
(#5056,#5057),(#5058,#5059),(#5060,#5061),(#5062,#5063)),.RULED_SURF.,.F.,
 .F.,.F.,(4,2,2,2,2,2,2,2,2,2,2,2,2,2,2,2,2,2,2,2,2,2,2,2,2,2,2,2,2,2,2,
2,2,2,2,2,2,2,2,2,2,2,2,2,2,2,2,2,2,2,2,2,2,2,2,2,2,2,2,2,2,2,2,2,2,2,2,
2,2,2,2,4),(2,2),(0.0622471747900374,0.0675964719059852,0.0901286292079803,
0.13519294381197,0.157725101113965,0.180257258415961,0.202789415717956,
0.225321573019951,0.247853730321946,0.270385887623941,0.281651966274938,
0.292918044925936,0.298551084251435,0.304184123576933,0.309817162902432,
0.312633682565182,0.315450202227931,0.32108324155343,0.323899761216179,
0.326716280878929,0.329532800541678,0.332349320204427,0.335165839867177,
0.337982359529926,0.349248438180923,0.360514516831921,0.367317949812399,
0.374121382792876,0.380924815773354,0.387728248753832,0.401335114714787,
0.414941980675743,0.428548846636698,0.442155712597653,0.455762578558609,
0.469369444519564,0.530625204280149,0.544232070241104,0.557838936202059,
0.571445802163015,0.58505266812397,0.598659534084925,0.612266400045881,
0.619069833026359,0.625873266006836,0.632676698987314,0.639480131967792,
0.650746377843798,0.662012623719805,0.664829185188806,0.667645746657808,
0.67046230812681,0.673278869595811,0.676095431064813,0.678911992533814,
0.684545115471818,0.687361676940819,0.690178238409821,0.695811361347824,
0.701444484285827,0.707077607223831,0.718343853099837,0.729610098975844,
0.752142590727857,0.77467508247987,0.797207574231883,0.819740065983896,
0.842272557735909,0.864805049487922,0.909870032991948,0.932402524743961,
0.937751774282762),(0.0782968851845967,0.925783503172281),.UNSPECIFIED.);
#24=B_SPLINE_SURFACE_WITH_KNOTS('',3,1,((#5064,#5065),(#5066,#5067),(#5068,
#5069),(#5070,#5071),(#5072,#5073),(#5074,#5075),(#5076,#5077),(#5078,#5079),
(#5080,#5081),(#5082,#5083),(#5084,#5085),(#5086,#5087),(#5088,#5089),(#5090,
#5091),(#5092,#5093),(#5094,#5095),(#5096,#5097),(#5098,#5099),(#5100,#5101),
(#5102,#5103),(#5104,#5105),(#5106,#5107),(#5108,#5109),(#5110,#5111),(#5112,
#5113),(#5114,#5115),(#5116,#5117),(#5118,#5119),(#5120,#5121),(#5122,#5123),
(#5124,#5125),(#5126,#5127),(#5128,#5129),(#5130,#5131),(#5132,#5133),(#5134,
#5135),(#5136,#5137),(#5138,#5139),(#5140,#5141),(#5142,#5143),(#5144,#5145),
(#5146,#5147),(#5148,#5149),(#5150,#5151),(#5152,#5153),(#5154,#5155),(#5156,
#5157),(#5158,#5159),(#5160,#5161),(#5162,#5163),(#5164,#5165),(#5166,#5167),
(#5168,#5169),(#5170,#5171),(#5172,#5173),(#5174,#5175),(#5176,#5177),(#5178,
#5179),(#5180,#5181),(#5182,#5183),(#5184,#5185),(#5186,#5187),(#5188,#5189),
(#5190,#5191),(#5192,#5193),(#5194,#5195),(#5196,#5197),(#5198,#5199),(#5200,
#5201),(#5202,#5203),(#5204,#5205),(#5206,#5207),(#5208,#5209),(#5210,#5211),
(#5212,#5213),(#5214,#5215),(#5216,#5217),(#5218,#5219),(#5220,#5221),(#5222,
#5223),(#5224,#5225),(#5226,#5227),(#5228,#5229),(#5230,#5231),(#5232,#5233),
(#5234,#5235),(#5236,#5237),(#5238,#5239),(#5240,#5241),(#5242,#5243),(#5244,
#5245),(#5246,#5247),(#5248,#5249),(#5250,#5251),(#5252,#5253),(#5254,#5255),
(#5256,#5257),(#5258,#5259),(#5260,#5261),(#5262,#5263),(#5264,#5265),(#5266,
#5267),(#5268,#5269),(#5270,#5271),(#5272,#5273),(#5274,#5275),(#5276,#5277),
(#5278,#5279),(#5280,#5281),(#5282,#5283),(#5284,#5285),(#5286,#5287),(#5288,
#5289),(#5290,#5291),(#5292,#5293),(#5294,#5295),(#5296,#5297),(#5298,#5299),
(#5300,#5301),(#5302,#5303),(#5304,#5305),(#5306,#5307),(#5308,#5309),(#5310,
#5311),(#5312,#5313),(#5314,#5315),(#5316,#5317),(#5318,#5319),(#5320,#5321),
(#5322,#5323),(#5324,#5325),(#5326,#5327),(#5328,#5329),(#5330,#5331),(#5332,
#5333),(#5334,#5335),(#5336,#5337),(#5338,#5339),(#5340,#5341),(#5342,#5343),
(#5344,#5345),(#5346,#5347),(#5348,#5349),(#5350,#5351)),.RULED_SURF.,.F.,
 .F.,.F.,(4,2,2,2,2,2,2,2,2,2,2,2,2,2,2,2,2,2,2,2,2,2,2,2,2,2,2,2,2,2,2,
2,2,2,2,2,2,2,2,2,2,2,2,2,2,2,2,2,2,2,2,2,2,2,2,2,2,2,2,2,2,2,2,2,2,2,2,
2,2,2,2,4),(2,2),(0.0622471747900374,0.0675964719059852,0.0901286292079803,
0.13519294381197,0.157725101113965,0.180257258415961,0.202789415717956,
0.225321573019951,0.247853730321946,0.270385887623941,0.281651966274938,
0.292918044925936,0.298551084251435,0.304184123576933,0.309817162902432,
0.312633682565182,0.315450202227931,0.32108324155343,0.323899761216179,
0.326716280878929,0.329532800541678,0.332349320204427,0.335165839867177,
0.337982359529926,0.349248438180923,0.360514516831921,0.367317949812399,
0.374121382792876,0.380924815773354,0.387728248753832,0.401335114714787,
0.414941980675743,0.428548846636698,0.442155712597653,0.455762578558609,
0.469369444519564,0.530625204280149,0.544232070241104,0.557838936202059,
0.571445802163015,0.58505266812397,0.598659534084925,0.612266400045881,
0.619069833026359,0.625873266006836,0.632676698987314,0.639480131967792,
0.650746377843798,0.662012623719805,0.664829185188806,0.667645746657808,
0.67046230812681,0.673278869595811,0.676095431064813,0.678911992533814,
0.684545115471818,0.687361676940819,0.690178238409821,0.695811361347824,
0.701444484285827,0.707077607223831,0.718343853099837,0.729610098975844,
0.752142590727857,0.77467508247987,0.797207574231883,0.819740065983896,
0.842272557735909,0.864805049487922,0.909870032991948,0.932402524743961,
0.937751774282762),(0.0782968851845968,0.925783503172281),.UNSPECIFIED.);
#25=B_SPLINE_SURFACE_WITH_KNOTS('',3,1,((#5352,#5353),(#5354,#5355),(#5356,
#5357),(#5358,#5359),(#5360,#5361),(#5362,#5363),(#5364,#5365),(#5366,#5367),
(#5368,#5369),(#5370,#5371),(#5372,#5373),(#5374,#5375),(#5376,#5377),(#5378,
#5379),(#5380,#5381),(#5382,#5383),(#5384,#5385),(#5386,#5387),(#5388,#5389),
(#5390,#5391),(#5392,#5393),(#5394,#5395),(#5396,#5397),(#5398,#5399),(#5400,
#5401),(#5402,#5403),(#5404,#5405),(#5406,#5407),(#5408,#5409),(#5410,#5411),
(#5412,#5413),(#5414,#5415),(#5416,#5417),(#5418,#5419),(#5420,#5421),(#5422,
#5423),(#5424,#5425),(#5426,#5427),(#5428,#5429),(#5430,#5431),(#5432,#5433),
(#5434,#5435),(#5436,#5437),(#5438,#5439),(#5440,#5441),(#5442,#5443),(#5444,
#5445),(#5446,#5447),(#5448,#5449),(#5450,#5451),(#5452,#5453),(#5454,#5455),
(#5456,#5457),(#5458,#5459),(#5460,#5461),(#5462,#5463),(#5464,#5465),(#5466,
#5467),(#5468,#5469),(#5470,#5471),(#5472,#5473),(#5474,#5475),(#5476,#5477),
(#5478,#5479),(#5480,#5481),(#5482,#5483),(#5484,#5485),(#5486,#5487),(#5488,
#5489),(#5490,#5491),(#5492,#5493),(#5494,#5495),(#5496,#5497),(#5498,#5499),
(#5500,#5501),(#5502,#5503),(#5504,#5505),(#5506,#5507),(#5508,#5509),(#5510,
#5511),(#5512,#5513),(#5514,#5515),(#5516,#5517),(#5518,#5519),(#5520,#5521),
(#5522,#5523),(#5524,#5525),(#5526,#5527),(#5528,#5529),(#5530,#5531),(#5532,
#5533),(#5534,#5535),(#5536,#5537),(#5538,#5539),(#5540,#5541),(#5542,#5543),
(#5544,#5545),(#5546,#5547),(#5548,#5549),(#5550,#5551),(#5552,#5553),(#5554,
#5555),(#5556,#5557),(#5558,#5559),(#5560,#5561),(#5562,#5563),(#5564,#5565),
(#5566,#5567),(#5568,#5569),(#5570,#5571),(#5572,#5573),(#5574,#5575),(#5576,
#5577),(#5578,#5579),(#5580,#5581),(#5582,#5583),(#5584,#5585),(#5586,#5587),
(#5588,#5589),(#5590,#5591),(#5592,#5593),(#5594,#5595),(#5596,#5597),(#5598,
#5599),(#5600,#5601),(#5602,#5603),(#5604,#5605),(#5606,#5607),(#5608,#5609),
(#5610,#5611),(#5612,#5613),(#5614,#5615),(#5616,#5617),(#5618,#5619),(#5620,
#5621),(#5622,#5623),(#5624,#5625),(#5626,#5627),(#5628,#5629),(#5630,#5631),
(#5632,#5633),(#5634,#5635),(#5636,#5637),(#5638,#5639)),.RULED_SURF.,.F.,
 .F.,.F.,(4,2,2,2,2,2,2,2,2,2,2,2,2,2,2,2,2,2,2,2,2,2,2,2,2,2,2,2,2,2,2,
2,2,2,2,2,2,2,2,2,2,2,2,2,2,2,2,2,2,2,2,2,2,2,2,2,2,2,2,2,2,2,2,2,2,2,2,
2,2,2,2,4),(2,2),(0.0622471747900374,0.0675964719059852,0.0901286292079803,
0.13519294381197,0.157725101113965,0.180257258415961,0.202789415717956,
0.225321573019951,0.247853730321946,0.270385887623941,0.281651966274938,
0.292918044925936,0.298551084251435,0.304184123576933,0.309817162902432,
0.312633682565182,0.315450202227931,0.32108324155343,0.323899761216179,
0.326716280878929,0.329532800541678,0.332349320204427,0.335165839867177,
0.337982359529926,0.349248438180923,0.360514516831921,0.367317949812399,
0.374121382792876,0.380924815773354,0.387728248753832,0.401335114714787,
0.414941980675743,0.428548846636698,0.442155712597653,0.455762578558609,
0.469369444519564,0.530625204280149,0.544232070241104,0.557838936202059,
0.571445802163015,0.58505266812397,0.598659534084925,0.612266400045881,
0.619069833026359,0.625873266006836,0.632676698987314,0.639480131967792,
0.650746377843798,0.662012623719805,0.664829185188806,0.667645746657808,
0.67046230812681,0.673278869595811,0.676095431064813,0.678911992533814,
0.684545115471818,0.687361676940819,0.690178238409821,0.695811361347824,
0.701444484285827,0.707077607223831,0.718343853099837,0.729610098975844,
0.752142590727857,0.77467508247987,0.797207574231883,0.819740065983896,
0.842272557735909,0.864805049487922,0.909870032991948,0.932402524743961,
0.937751774282762),(0.0782968851845967,0.925783503172281),.UNSPECIFIED.);
#26=B_SPLINE_SURFACE_WITH_KNOTS('',3,1,((#5640,#5641),(#5642,#5643),(#5644,
#5645),(#5646,#5647),(#5648,#5649),(#5650,#5651),(#5652,#5653),(#5654,#5655),
(#5656,#5657),(#5658,#5659),(#5660,#5661),(#5662,#5663),(#5664,#5665),(#5666,
#5667),(#5668,#5669),(#5670,#5671),(#5672,#5673),(#5674,#5675),(#5676,#5677),
(#5678,#5679),(#5680,#5681),(#5682,#5683),(#5684,#5685),(#5686,#5687),(#5688,
#5689),(#5690,#5691),(#5692,#5693),(#5694,#5695),(#5696,#5697),(#5698,#5699),
(#5700,#5701),(#5702,#5703),(#5704,#5705),(#5706,#5707),(#5708,#5709),(#5710,
#5711),(#5712,#5713),(#5714,#5715),(#5716,#5717),(#5718,#5719),(#5720,#5721),
(#5722,#5723),(#5724,#5725),(#5726,#5727),(#5728,#5729),(#5730,#5731),(#5732,
#5733),(#5734,#5735),(#5736,#5737),(#5738,#5739),(#5740,#5741),(#5742,#5743),
(#5744,#5745),(#5746,#5747),(#5748,#5749),(#5750,#5751),(#5752,#5753),(#5754,
#5755),(#5756,#5757),(#5758,#5759),(#5760,#5761),(#5762,#5763),(#5764,#5765),
(#5766,#5767),(#5768,#5769),(#5770,#5771),(#5772,#5773),(#5774,#5775),(#5776,
#5777),(#5778,#5779),(#5780,#5781),(#5782,#5783),(#5784,#5785),(#5786,#5787),
(#5788,#5789),(#5790,#5791),(#5792,#5793),(#5794,#5795),(#5796,#5797),(#5798,
#5799),(#5800,#5801),(#5802,#5803),(#5804,#5805),(#5806,#5807),(#5808,#5809),
(#5810,#5811),(#5812,#5813),(#5814,#5815),(#5816,#5817),(#5818,#5819),(#5820,
#5821),(#5822,#5823),(#5824,#5825),(#5826,#5827),(#5828,#5829),(#5830,#5831),
(#5832,#5833),(#5834,#5835),(#5836,#5837),(#5838,#5839),(#5840,#5841),(#5842,
#5843),(#5844,#5845),(#5846,#5847),(#5848,#5849),(#5850,#5851),(#5852,#5853),
(#5854,#5855),(#5856,#5857),(#5858,#5859),(#5860,#5861),(#5862,#5863),(#5864,
#5865),(#5866,#5867),(#5868,#5869),(#5870,#5871),(#5872,#5873),(#5874,#5875),
(#5876,#5877),(#5878,#5879),(#5880,#5881),(#5882,#5883),(#5884,#5885),(#5886,
#5887),(#5888,#5889),(#5890,#5891),(#5892,#5893),(#5894,#5895),(#5896,#5897),
(#5898,#5899),(#5900,#5901),(#5902,#5903),(#5904,#5905),(#5906,#5907),(#5908,
#5909),(#5910,#5911),(#5912,#5913),(#5914,#5915),(#5916,#5917),(#5918,#5919),
(#5920,#5921),(#5922,#5923),(#5924,#5925),(#5926,#5927)),.RULED_SURF.,.F.,
 .F.,.F.,(4,2,2,2,2,2,2,2,2,2,2,2,2,2,2,2,2,2,2,2,2,2,2,2,2,2,2,2,2,2,2,
2,2,2,2,2,2,2,2,2,2,2,2,2,2,2,2,2,2,2,2,2,2,2,2,2,2,2,2,2,2,2,2,2,2,2,2,
2,2,2,2,4),(2,2),(0.0622471747900374,0.0675964719059852,0.0901286292079803,
0.13519294381197,0.157725101113965,0.180257258415961,0.202789415717956,
0.225321573019951,0.247853730321946,0.270385887623941,0.281651966274938,
0.292918044925936,0.298551084251435,0.304184123576933,0.309817162902432,
0.312633682565182,0.315450202227931,0.32108324155343,0.323899761216179,
0.326716280878929,0.329532800541678,0.332349320204427,0.335165839867177,
0.337982359529926,0.349248438180923,0.360514516831921,0.367317949812399,
0.374121382792876,0.380924815773354,0.387728248753832,0.401335114714787,
0.414941980675743,0.428548846636698,0.442155712597653,0.455762578558609,
0.469369444519564,0.530625204280149,0.544232070241104,0.557838936202059,
0.571445802163015,0.58505266812397,0.598659534084925,0.612266400045881,
0.619069833026359,0.625873266006836,0.632676698987314,0.639480131967792,
0.650746377843798,0.662012623719805,0.664829185188806,0.667645746657808,
0.67046230812681,0.673278869595811,0.676095431064813,0.678911992533814,
0.684545115471818,0.687361676940819,0.690178238409821,0.695811361347824,
0.701444484285827,0.707077607223831,0.718343853099837,0.729610098975844,
0.752142590727857,0.77467508247987,0.797207574231883,0.819740065983896,
0.842272557735909,0.864805049487922,0.909870032991948,0.932402524743961,
0.937751774282762),(0.078296885184597,0.925783503172281),.UNSPECIFIED.);
#27=B_SPLINE_SURFACE_WITH_KNOTS('',3,1,((#5928,#5929),(#5930,#5931),(#5932,
#5933),(#5934,#5935),(#5936,#5937),(#5938,#5939),(#5940,#5941),(#5942,#5943),
(#5944,#5945),(#5946,#5947),(#5948,#5949),(#5950,#5951),(#5952,#5953),(#5954,
#5955),(#5956,#5957),(#5958,#5959),(#5960,#5961),(#5962,#5963),(#5964,#5965),
(#5966,#5967),(#5968,#5969),(#5970,#5971),(#5972,#5973),(#5974,#5975),(#5976,
#5977),(#5978,#5979),(#5980,#5981),(#5982,#5983),(#5984,#5985),(#5986,#5987),
(#5988,#5989),(#5990,#5991),(#5992,#5993),(#5994,#5995),(#5996,#5997),(#5998,
#5999),(#6000,#6001),(#6002,#6003),(#6004,#6005),(#6006,#6007),(#6008,#6009),
(#6010,#6011),(#6012,#6013),(#6014,#6015),(#6016,#6017),(#6018,#6019),(#6020,
#6021),(#6022,#6023),(#6024,#6025),(#6026,#6027),(#6028,#6029),(#6030,#6031),
(#6032,#6033),(#6034,#6035),(#6036,#6037),(#6038,#6039),(#6040,#6041),(#6042,
#6043),(#6044,#6045),(#6046,#6047),(#6048,#6049),(#6050,#6051),(#6052,#6053),
(#6054,#6055),(#6056,#6057),(#6058,#6059),(#6060,#6061),(#6062,#6063),(#6064,
#6065),(#6066,#6067),(#6068,#6069),(#6070,#6071),(#6072,#6073),(#6074,#6075),
(#6076,#6077),(#6078,#6079),(#6080,#6081),(#6082,#6083),(#6084,#6085),(#6086,
#6087),(#6088,#6089),(#6090,#6091),(#6092,#6093),(#6094,#6095),(#6096,#6097),
(#6098,#6099),(#6100,#6101),(#6102,#6103),(#6104,#6105),(#6106,#6107),(#6108,
#6109),(#6110,#6111),(#6112,#6113),(#6114,#6115),(#6116,#6117),(#6118,#6119),
(#6120,#6121),(#6122,#6123),(#6124,#6125),(#6126,#6127),(#6128,#6129),(#6130,
#6131),(#6132,#6133),(#6134,#6135),(#6136,#6137),(#6138,#6139),(#6140,#6141),
(#6142,#6143),(#6144,#6145),(#6146,#6147),(#6148,#6149),(#6150,#6151),(#6152,
#6153),(#6154,#6155),(#6156,#6157),(#6158,#6159),(#6160,#6161),(#6162,#6163),
(#6164,#6165),(#6166,#6167),(#6168,#6169),(#6170,#6171),(#6172,#6173),(#6174,
#6175),(#6176,#6177),(#6178,#6179),(#6180,#6181),(#6182,#6183),(#6184,#6185),
(#6186,#6187),(#6188,#6189),(#6190,#6191),(#6192,#6193),(#6194,#6195),(#6196,
#6197),(#6198,#6199),(#6200,#6201),(#6202,#6203),(#6204,#6205),(#6206,#6207),
(#6208,#6209),(#6210,#6211),(#6212,#6213),(#6214,#6215)),.RULED_SURF.,.F.,
 .F.,.F.,(4,2,2,2,2,2,2,2,2,2,2,2,2,2,2,2,2,2,2,2,2,2,2,2,2,2,2,2,2,2,2,
2,2,2,2,2,2,2,2,2,2,2,2,2,2,2,2,2,2,2,2,2,2,2,2,2,2,2,2,2,2,2,2,2,2,2,2,
2,2,2,2,4),(2,2),(0.0622471747900374,0.0675964719059852,0.0901286292079803,
0.13519294381197,0.157725101113965,0.180257258415961,0.202789415717956,
0.225321573019951,0.247853730321946,0.270385887623941,0.281651966274938,
0.292918044925936,0.298551084251435,0.304184123576933,0.309817162902432,
0.312633682565182,0.315450202227931,0.32108324155343,0.323899761216179,
0.326716280878929,0.329532800541678,0.332349320204427,0.335165839867177,
0.337982359529926,0.349248438180923,0.360514516831921,0.367317949812399,
0.374121382792876,0.380924815773354,0.387728248753832,0.401335114714787,
0.414941980675743,0.428548846636698,0.442155712597653,0.455762578558609,
0.469369444519564,0.530625204280149,0.544232070241104,0.557838936202059,
0.571445802163015,0.58505266812397,0.598659534084925,0.612266400045881,
0.619069833026359,0.625873266006836,0.632676698987314,0.639480131967792,
0.650746377843798,0.662012623719805,0.664829185188806,0.667645746657808,
0.67046230812681,0.673278869595811,0.676095431064813,0.678911992533814,
0.684545115471818,0.687361676940819,0.690178238409821,0.695811361347824,
0.701444484285827,0.707077607223831,0.718343853099837,0.729610098975844,
0.752142590727857,0.77467508247987,0.797207574231883,0.819740065983896,
0.842272557735909,0.864805049487922,0.909870032991948,0.932402524743961,
0.937751774282762),(0.0782968851845967,0.925783503172281),.UNSPECIFIED.);
#28=B_SPLINE_SURFACE_WITH_KNOTS('',3,1,((#6216,#6217),(#6218,#6219),(#6220,
#6221),(#6222,#6223),(#6224,#6225),(#6226,#6227),(#6228,#6229),(#6230,#6231),
(#6232,#6233),(#6234,#6235),(#6236,#6237),(#6238,#6239),(#6240,#6241),(#6242,
#6243),(#6244,#6245),(#6246,#6247),(#6248,#6249),(#6250,#6251),(#6252,#6253),
(#6254,#6255),(#6256,#6257),(#6258,#6259),(#6260,#6261),(#6262,#6263),(#6264,
#6265),(#6266,#6267),(#6268,#6269),(#6270,#6271),(#6272,#6273),(#6274,#6275),
(#6276,#6277),(#6278,#6279),(#6280,#6281),(#6282,#6283),(#6284,#6285),(#6286,
#6287),(#6288,#6289),(#6290,#6291),(#6292,#6293),(#6294,#6295),(#6296,#6297),
(#6298,#6299),(#6300,#6301),(#6302,#6303),(#6304,#6305),(#6306,#6307),(#6308,
#6309),(#6310,#6311),(#6312,#6313),(#6314,#6315),(#6316,#6317),(#6318,#6319),
(#6320,#6321),(#6322,#6323),(#6324,#6325),(#6326,#6327),(#6328,#6329),(#6330,
#6331),(#6332,#6333),(#6334,#6335),(#6336,#6337),(#6338,#6339),(#6340,#6341),
(#6342,#6343),(#6344,#6345),(#6346,#6347),(#6348,#6349),(#6350,#6351),(#6352,
#6353),(#6354,#6355),(#6356,#6357),(#6358,#6359),(#6360,#6361),(#6362,#6363),
(#6364,#6365),(#6366,#6367),(#6368,#6369),(#6370,#6371),(#6372,#6373),(#6374,
#6375),(#6376,#6377),(#6378,#6379),(#6380,#6381),(#6382,#6383),(#6384,#6385),
(#6386,#6387),(#6388,#6389),(#6390,#6391),(#6392,#6393),(#6394,#6395),(#6396,
#6397),(#6398,#6399),(#6400,#6401),(#6402,#6403),(#6404,#6405),(#6406,#6407),
(#6408,#6409),(#6410,#6411),(#6412,#6413),(#6414,#6415),(#6416,#6417),(#6418,
#6419),(#6420,#6421),(#6422,#6423),(#6424,#6425),(#6426,#6427),(#6428,#6429),
(#6430,#6431),(#6432,#6433),(#6434,#6435),(#6436,#6437),(#6438,#6439),(#6440,
#6441),(#6442,#6443),(#6444,#6445),(#6446,#6447),(#6448,#6449),(#6450,#6451),
(#6452,#6453),(#6454,#6455),(#6456,#6457),(#6458,#6459),(#6460,#6461),(#6462,
#6463),(#6464,#6465),(#6466,#6467),(#6468,#6469),(#6470,#6471),(#6472,#6473),
(#6474,#6475),(#6476,#6477),(#6478,#6479),(#6480,#6481),(#6482,#6483),(#6484,
#6485),(#6486,#6487),(#6488,#6489),(#6490,#6491),(#6492,#6493),(#6494,#6495),
(#6496,#6497),(#6498,#6499),(#6500,#6501),(#6502,#6503)),.RULED_SURF.,.F.,
 .F.,.F.,(4,2,2,2,2,2,2,2,2,2,2,2,2,2,2,2,2,2,2,2,2,2,2,2,2,2,2,2,2,2,2,
2,2,2,2,2,2,2,2,2,2,2,2,2,2,2,2,2,2,2,2,2,2,2,2,2,2,2,2,2,2,2,2,2,2,2,2,
2,2,2,2,4),(2,2),(0.0622471747900374,0.0675964719059852,0.0901286292079803,
0.13519294381197,0.157725101113965,0.180257258415961,0.202789415717956,
0.225321573019951,0.247853730321946,0.270385887623941,0.281651966274938,
0.292918044925936,0.298551084251435,0.304184123576933,0.309817162902432,
0.312633682565182,0.315450202227931,0.32108324155343,0.323899761216179,
0.326716280878929,0.329532800541678,0.332349320204427,0.335165839867177,
0.337982359529926,0.349248438180923,0.360514516831921,0.367317949812399,
0.374121382792876,0.380924815773354,0.387728248753832,0.401335114714787,
0.414941980675743,0.428548846636698,0.442155712597653,0.455762578558609,
0.469369444519564,0.530625204280149,0.544232070241104,0.557838936202059,
0.571445802163015,0.58505266812397,0.598659534084925,0.612266400045881,
0.619069833026359,0.625873266006836,0.632676698987314,0.639480131967792,
0.650746377843798,0.662012623719805,0.664829185188806,0.667645746657808,
0.67046230812681,0.673278869595811,0.676095431064813,0.678911992533814,
0.684545115471818,0.687361676940819,0.690178238409821,0.695811361347824,
0.701444484285827,0.707077607223831,0.718343853099837,0.729610098975844,
0.752142590727857,0.77467508247987,0.797207574231883,0.819740065983896,
0.842272557735909,0.864805049487922,0.909870032991948,0.932402524743961,
0.937751774282762),(0.0782968851845968,0.925783503172281),.UNSPECIFIED.);
#29=B_SPLINE_SURFACE_WITH_KNOTS('',3,1,((#6504,#6505),(#6506,#6507),(#6508,
#6509),(#6510,#6511),(#6512,#6513),(#6514,#6515),(#6516,#6517),(#6518,#6519),
(#6520,#6521),(#6522,#6523),(#6524,#6525),(#6526,#6527),(#6528,#6529),(#6530,
#6531),(#6532,#6533),(#6534,#6535),(#6536,#6537),(#6538,#6539),(#6540,#6541),
(#6542,#6543),(#6544,#6545),(#6546,#6547),(#6548,#6549),(#6550,#6551),(#6552,
#6553),(#6554,#6555),(#6556,#6557),(#6558,#6559),(#6560,#6561),(#6562,#6563),
(#6564,#6565),(#6566,#6567),(#6568,#6569),(#6570,#6571),(#6572,#6573),(#6574,
#6575),(#6576,#6577),(#6578,#6579),(#6580,#6581),(#6582,#6583),(#6584,#6585),
(#6586,#6587),(#6588,#6589),(#6590,#6591),(#6592,#6593),(#6594,#6595),(#6596,
#6597),(#6598,#6599),(#6600,#6601),(#6602,#6603),(#6604,#6605),(#6606,#6607),
(#6608,#6609),(#6610,#6611),(#6612,#6613),(#6614,#6615),(#6616,#6617),(#6618,
#6619),(#6620,#6621),(#6622,#6623),(#6624,#6625),(#6626,#6627),(#6628,#6629),
(#6630,#6631),(#6632,#6633),(#6634,#6635),(#6636,#6637),(#6638,#6639),(#6640,
#6641),(#6642,#6643),(#6644,#6645),(#6646,#6647),(#6648,#6649),(#6650,#6651),
(#6652,#6653),(#6654,#6655),(#6656,#6657),(#6658,#6659),(#6660,#6661),(#6662,
#6663),(#6664,#6665),(#6666,#6667),(#6668,#6669),(#6670,#6671),(#6672,#6673),
(#6674,#6675),(#6676,#6677),(#6678,#6679),(#6680,#6681),(#6682,#6683),(#6684,
#6685),(#6686,#6687),(#6688,#6689),(#6690,#6691),(#6692,#6693),(#6694,#6695),
(#6696,#6697),(#6698,#6699),(#6700,#6701),(#6702,#6703),(#6704,#6705),(#6706,
#6707),(#6708,#6709),(#6710,#6711),(#6712,#6713),(#6714,#6715),(#6716,#6717),
(#6718,#6719),(#6720,#6721),(#6722,#6723),(#6724,#6725),(#6726,#6727),(#6728,
#6729),(#6730,#6731),(#6732,#6733),(#6734,#6735),(#6736,#6737),(#6738,#6739),
(#6740,#6741),(#6742,#6743),(#6744,#6745),(#6746,#6747),(#6748,#6749),(#6750,
#6751),(#6752,#6753),(#6754,#6755),(#6756,#6757),(#6758,#6759),(#6760,#6761),
(#6762,#6763),(#6764,#6765),(#6766,#6767),(#6768,#6769),(#6770,#6771),(#6772,
#6773),(#6774,#6775),(#6776,#6777),(#6778,#6779),(#6780,#6781),(#6782,#6783),
(#6784,#6785),(#6786,#6787),(#6788,#6789),(#6790,#6791)),.RULED_SURF.,.F.,
 .F.,.F.,(4,2,2,2,2,2,2,2,2,2,2,2,2,2,2,2,2,2,2,2,2,2,2,2,2,2,2,2,2,2,2,
2,2,2,2,2,2,2,2,2,2,2,2,2,2,2,2,2,2,2,2,2,2,2,2,2,2,2,2,2,2,2,2,2,2,2,2,
2,2,2,2,4),(2,2),(0.0622471747900374,0.0675964719059852,0.0901286292079803,
0.13519294381197,0.157725101113965,0.180257258415961,0.202789415717956,
0.225321573019951,0.247853730321946,0.270385887623941,0.281651966274938,
0.292918044925936,0.298551084251435,0.304184123576933,0.309817162902432,
0.312633682565182,0.315450202227931,0.32108324155343,0.323899761216179,
0.326716280878929,0.329532800541678,0.332349320204427,0.335165839867177,
0.337982359529926,0.349248438180923,0.360514516831921,0.367317949812399,
0.374121382792876,0.380924815773354,0.387728248753832,0.401335114714787,
0.414941980675743,0.428548846636698,0.442155712597653,0.455762578558609,
0.469369444519564,0.530625204280149,0.544232070241104,0.557838936202059,
0.571445802163015,0.58505266812397,0.598659534084925,0.612266400045881,
0.619069833026359,0.625873266006836,0.632676698987314,0.639480131967792,
0.650746377843798,0.662012623719805,0.664829185188806,0.667645746657808,
0.67046230812681,0.673278869595811,0.676095431064813,0.678911992533814,
0.684545115471818,0.687361676940819,0.690178238409821,0.695811361347824,
0.701444484285827,0.707077607223831,0.718343853099837,0.729610098975844,
0.752142590727857,0.77467508247987,0.797207574231883,0.819740065983896,
0.842272557735909,0.864805049487922,0.909870032991948,0.932402524743961,
0.937751774282762),(0.0782968851845968,0.925783503172281),.UNSPECIFIED.);
#30=LINE('',#1881,#48);
#31=LINE('',#1884,#49);
#32=LINE('',#1886,#50);
#33=LINE('',#1888,#51);
#34=LINE('',#1890,#52);
#35=LINE('',#1892,#53);
#36=LINE('',#6793,#54);
#37=LINE('',#6795,#55);
#38=LINE('',#6797,#56);
#39=LINE('',#6799,#57);
#40=LINE('',#6801,#58);
#41=LINE('',#6803,#59);
#42=LINE('',#6805,#60);
#43=LINE('',#6807,#61);
#44=LINE('',#6809,#62);
#45=LINE('',#6811,#63);
#46=LINE('',#6813,#64);
#47=LINE('',#6815,#65);
#48=VECTOR('',#1000,1.);
#49=VECTOR('',#1001,1.);
#50=VECTOR('',#1002,1.);
#51=VECTOR('',#1003,1.);
#52=VECTOR('',#1004,1.);
#53=VECTOR('',#1005,1.);
#54=VECTOR('',#1012,1.);
#55=VECTOR('',#1013,1.);
#56=VECTOR('',#1014,1.);
#57=VECTOR('',#1017,1.);
#58=VECTOR('',#1018,1.);
#59=VECTOR('',#1021,1.);
#60=VECTOR('',#1022,1.);
#61=VECTOR('',#1025,1.);
#62=VECTOR('',#1026,1.);
#63=VECTOR('',#1029,1.);
#64=VECTOR('',#1030,1.);
#65=VECTOR('',#1033,1.);
#66=PLANE('',#874);
#67=PLANE('',#875);
#68=PLANE('',#877);
#69=PLANE('',#878);
#70=PLANE('',#879);
#71=PLANE('',#880);
#72=PLANE('',#881);
#73=PLANE('',#882);
#74=PLANE('',#885);
#75=B_SPLINE_CURVE_WITH_KNOTS('',3,(#1047,#1048,#1049,#1050,#1051,#1052,
#1053,#1054,#1055,#1056,#1057,#1058,#1059,#1060,#1061,#1062,#1063),
 .UNSPECIFIED.,.F.,.F.,(4,1,1,1,1,1,1,1,1,1,1,1,1,1,4),(0.,0.000698552727088594,
0.00104782909063289,0.00139710545417719,0.00174638181772149,0.00209565818126578,
0.00244493454481008,0.00279421090835438,0.00314348727189867,0.00349276363544297,
0.00384203999898727,0.00419131636253157,0.00454059272607586,0.00488986908962016,
0.00558842181670875),.UNSPECIFIED.);
#76=B_SPLINE_CURVE_WITH_KNOTS('',3,(#1067,#1068,#1069,#1070,#1071,#1072,
#1073,#1074,#1075,#1076,#1077,#1078,#1079,#1080,#1081,#1082,#1083),
 .UNSPECIFIED.,.F.,.F.,(4,1,1,1,1,1,1,1,1,1,1,1,1,1,4),(5.42101086242752E-20,
0.00069855272708859,0.00104782909063288,0.00139710545417718,0.00174638181772147,
0.00209565818126577,0.00244493454481006,0.00279421090835436,0.00314348727189865,
0.00349276363544295,0.00384203999898724,0.00419131636253154,0.00454059272607583,
0.00488986908962013,0.00558842181670872),.UNSPECIFIED.);
#77=B_SPLINE_CURVE_WITH_KNOTS('',3,(#1087,#1088,#1089,#1090,#1091,#1092,
#1093,#1094,#1095,#1096,#1097,#1098,#1099,#1100,#1101,#1102,#1103),
 .UNSPECIFIED.,.F.,.F.,(4,1,1,1,1,1,1,1,1,1,1,1,1,1,4),(3.20573850494139E-18,
0.000698552727088566,0.00104782909063285,0.00139710545417713,0.00174638181772141,
0.00209565818126569,0.00244493454480997,0.00279421090835426,0.00314348727189854,
0.00349276363544282,0.0038420399989871,0.00419131636253138,0.00454059272607566,
0.00488986908961994,0.00558842181670851),.UNSPECIFIED.);
#78=B_SPLINE_CURVE_WITH_KNOTS('',3,(#1107,#1108,#1109,#1110,#1111,#1112,
#1113,#1114,#1115,#1116,#1117,#1118,#1119,#1120,#1121,#1122,#1123),
 .UNSPECIFIED.,.F.,.F.,(4,1,1,1,1,1,1,1,1,1,1,1,1,1,4),(1.94326416166629E-18,
0.000698552727088572,0.00104782909063286,0.00139710545417714,0.00174638181772143,
0.00209565818126571,0.00244493454481,0.00279421090835428,0.00314348727189857,
0.00349276363544285,0.00384203999898714,0.00419131636253142,0.00454059272607571,
0.00488986908962,0.00558842181670857),.UNSPECIFIED.);
#79=B_SPLINE_CURVE_WITH_KNOTS('',3,(#1127,#1128,#1129,#1130,#1131,#1132,
#1133,#1134,#1135,#1136,#1137,#1138,#1139,#1140,#1141,#1142,#1143),
 .UNSPECIFIED.,.F.,.F.,(4,1,1,1,1,1,1,1,1,1,1,1,1,1,4),(5.42101086242752E-20,
0.000698552727088593,0.00104782909063289,0.00139710545417719,0.00174638181772148,
0.00209565818126578,0.00244493454481008,0.00279421090835437,0.00314348727189867,
0.00349276363544297,0.00384203999898726,0.00419131636253156,0.00454059272607586,
0.00488986908962015,0.00558842181670874),.UNSPECIFIED.);
#80=B_SPLINE_CURVE_WITH_KNOTS('',3,(#1147,#1148,#1149,#1150,#1151,#1152,
#1153,#1154,#1155,#1156,#1157,#1158,#1159,#1160,#1161,#1162,#1163),
 .UNSPECIFIED.,.F.,.F.,(4,1,1,1,1,1,1,1,1,1,1,1,1,1,4),(2.78589329503198E-18,
0.000698552727088593,0.00104782909063289,0.00139710545417718,0.00174638181772148,
0.00209565818126577,0.00244493454481007,0.00279421090835436,0.00314348727189866,
0.00349276363544295,0.00384203999898725,0.00419131636253154,0.00454059272607584,
0.00488986908962013,0.00558842181670872),.UNSPECIFIED.);
#81=B_SPLINE_CURVE_WITH_KNOTS('',3,(#1167,#1168,#1169,#1170,#1171,#1172,
#1173,#1174,#1175,#1176,#1177,#1178,#1179,#1180,#1181,#1182,#1183),
 .UNSPECIFIED.,.F.,.F.,(4,1,1,1,1,1,1,1,1,1,1,1,1,1,4),(8.82476632789654E-19,
0.000698552727088605,0.00104782909063291,0.00139710545417721,0.00174638181772151,
0.00209565818126581,0.00244493454481011,0.00279421090835442,0.00314348727189872,
0.00349276363544302,0.00384203999898732,0.00419131636253162,0.00454059272607593,
0.00488986908962023,0.00558842181670883),.UNSPECIFIED.);
#82=B_SPLINE_CURVE_WITH_KNOTS('',3,(#1187,#1188,#1189,#1190,#1191,#1192,
#1193,#1194,#1195,#1196,#1197,#1198,#1199,#1200,#1201,#1202,#1203),
 .UNSPECIFIED.,.F.,.F.,(4,1,1,1,1,1,1,1,1,1,1,1,1,1,4),(1.04028336847504E-17,
0.000698552727088608,0.00104782909063291,0.00139710545417721,0.0017463818177215,
0.0020956581812658,0.0024449345448101,0.0027942109083544,0.0031434872718987,
0.003492763635443,0.0038420399989873,0.00419131636253159,0.00454059272607589,
0.00488986908962019,0.00558842181670879),.UNSPECIFIED.);
#83=B_SPLINE_CURVE_WITH_KNOTS('',3,(#1207,#1208,#1209,#1210,#1211,#1212,
#1213,#1214,#1215,#1216,#1217,#1218,#1219,#1220,#1221,#1222,#1223),
 .UNSPECIFIED.,.F.,.F.,(4,1,1,1,1,1,1,1,1,1,1,1,1,1,4),(1.742330095303E-18,
0.000698552727088552,0.00104782909063283,0.0013971054541771,0.00174638181772138,
0.00209565818126565,0.00244493454480993,0.0027942109083542,0.00314348727189848,
0.00349276363544275,0.00384203999898703,0.0041913163625313,0.00454059272607558,
0.00488986908961986,0.00558842181670841),.UNSPECIFIED.);
#84=B_SPLINE_CURVE_WITH_KNOTS('',3,(#1227,#1228,#1229,#1230,#1231,#1232,
#1233,#1234,#1235,#1236,#1237,#1238,#1239,#1240,#1241,#1242,#1243),
 .UNSPECIFIED.,.F.,.F.,(4,1,1,1,1,1,1,1,1,1,1,1,1,1,4),(5.42101086242752E-20,
0.000698552727088588,0.00104782909063288,0.00139710545417718,0.00174638181772147,
0.00209565818126576,0.00244493454481006,0.00279421090835435,0.00314348727189865,
0.00349276363544294,0.00384203999898723,0.00419131636253153,0.00454059272607582,
0.00488986908962012,0.0055884218167087),.UNSPECIFIED.);
#85=B_SPLINE_CURVE_WITH_KNOTS('',3,(#1247,#1248,#1249,#1250,#1251,#1252,
#1253,#1254,#1255,#1256,#1257,#1258,#1259,#1260,#1261,#1262,#1263),
 .UNSPECIFIED.,.F.,.F.,(4,1,1,1,1,1,1,1,1,1,1,1,1,1,4),(5.42101086242752E-20,
0.00069855272708857,0.00104782909063285,0.00139710545417714,0.00174638181772142,
0.00209565818126571,0.00244493454480999,0.00279421090835428,0.00314348727189856,
0.00349276363544285,0.00384203999898713,0.00419131636253142,0.0045405927260757,
0.00488986908961999,0.00558842181670856),.UNSPECIFIED.);
#86=B_SPLINE_CURVE_WITH_KNOTS('',3,(#1267,#1268,#1269,#1270,#1271,#1272,
#1273,#1274,#1275,#1276,#1277,#1278,#1279,#1280,#1281,#1282,#1283),
 .UNSPECIFIED.,.F.,.F.,(4,1,1,1,1,1,1,1,1,1,1,1,1,1,4),(2.67833050161719E-18,
0.00069855272708858,0.00104782909063287,0.00139710545417716,0.00174638181772145,
0.00209565818126574,0.00244493454481002,0.00279421090835431,0.0031434872718986,
0.00349276363544289,0.00384203999898718,0.00419131636253147,0.00454059272607576,
0.00488986908962005,0.00558842181670862),.UNSPECIFIED.);
#87=B_SPLINE_CURVE_WITH_KNOTS('',3,(#1287,#1288,#1289,#1290,#1291,#1292,
#1293,#1294,#1295,#1296,#1297,#1298,#1299,#1300,#1301,#1302,#1303),
 .UNSPECIFIED.,.F.,.F.,(4,1,1,1,1,1,1,1,1,1,1,1,1,1,4),(1.80853892166108E-18,
0.000698552727088617,0.00104782909063292,0.00139710545417723,0.00174638181772154,
0.00209565818126585,0.00244493454481016,0.00279421090835446,0.00314348727189877,
0.00349276363544308,0.00384203999898739,0.00419131636253169,0.004540592726076,
0.00488986908962031,0.00558842181670893),.UNSPECIFIED.);
#88=B_SPLINE_CURVE_WITH_KNOTS('',3,(#1307,#1308,#1309,#1310,#1311,#1312,
#1313,#1314,#1315,#1316,#1317,#1318,#1319,#1320,#1321,#1322,#1323),
 .UNSPECIFIED.,.F.,.F.,(4,1,1,1,1,1,1,1,1,1,1,1,1,1,4),(1.0842021724855E-19,
0.000698552727088622,0.00104782909063293,0.00139710545417724,0.00174638181772155,
0.00209565818126586,0.00244493454481018,0.00279421090835449,0.0031434872718988,
0.00349276363544311,0.00384203999898742,0.00419131636253173,0.00454059272607604,
0.00488986908962035,0.00558842181670897),.UNSPECIFIED.);
#89=B_SPLINE_CURVE_WITH_KNOTS('',3,(#1327,#1328,#1329,#1330,#1331,#1332,
#1333,#1334,#1335,#1336,#1337,#1338,#1339,#1340,#1341,#1342,#1343),
 .UNSPECIFIED.,.F.,.F.,(4,1,1,1,1,1,1,1,1,1,1,1,1,1,4),(5.42101086242752E-20,
0.00069855272708857,0.00104782909063285,0.00139710545417714,0.00174638181772142,
0.00209565818126571,0.00244493454480999,0.00279421090835428,0.00314348727189856,
0.00349276363544285,0.00384203999898713,0.00419131636253142,0.0045405927260757,
0.00488986908961999,0.00558842181670856),.UNSPECIFIED.);
#90=B_SPLINE_CURVE_WITH_KNOTS('',3,(#1347,#1348,#1349,#1350,#1351,#1352,
#1353,#1354,#1355,#1356,#1357,#1358,#1359,#1360,#1361,#1362,#1363),
 .UNSPECIFIED.,.F.,.F.,(4,1,1,1,1,1,1,1,1,1,1,1,1,1,4),(2.8402165379629E-18,
0.000698552727088592,0.00104782909063289,0.00139710545417718,0.00174638181772147,
0.00209565818126577,0.00244493454481006,0.00279421090835436,0.00314348727189865,
0.00349276363544295,0.00384203999898724,0.00419131636253153,0.00454059272607583,
0.00488986908962012,0.00558842181670871),.UNSPECIFIED.);
#91=B_SPLINE_CURVE_WITH_KNOTS('',3,(#1367,#1368,#1369,#1370,#1371,#1372,
#1373,#1374,#1375,#1376,#1377,#1378,#1379,#1380,#1381,#1382,#1383),
 .UNSPECIFIED.,.F.,.F.,(4,1,1,1,1,1,1,1,1,1,1,1,1,1,4),(2.42434975903054E-19,
0.000698552727088586,0.00104782909063288,0.00139710545417717,0.00174638181772146,
0.00209565818126576,0.00244493454481005,0.00279421090835434,0.00314348727189864,
0.00349276363544293,0.00384203999898722,0.00419131636253151,0.00454059272607581,
0.0048898690896201,0.00558842181670868),.UNSPECIFIED.);
#92=B_SPLINE_CURVE_WITH_KNOTS('',3,(#1388,#1389,#1390,#1391),
 .UNSPECIFIED.,.F.,.F.,(4,4),(1.98737540962016E-18,0.00500171826114604),
 .UNSPECIFIED.);
#93=B_SPLINE_CURVE_WITH_KNOTS('',3,(#1392,#1393,#1394,#1395),
 .UNSPECIFIED.,.F.,.F.,(4,4),(0.,0.00500171826114894),.UNSPECIFIED.);
#94=B_SPLINE_CURVE_WITH_KNOTS('',3,(#1397,#1398,#1399,#1400),
 .UNSPECIFIED.,.F.,.F.,(4,4),(0.,0.00500171826114893),.UNSPECIFIED.);
#95=B_SPLINE_CURVE_WITH_KNOTS('',3,(#1404,#1405,#1406,#1407),
 .UNSPECIFIED.,.F.,.F.,(4,4),(0.,0.00500171826114604),.UNSPECIFIED.);
#96=B_SPLINE_CURVE_WITH_KNOTS('',3,(#1412,#1413,#1414,#1415),
 .UNSPECIFIED.,.F.,.F.,(4,4),(0.,0.00500171826114604),.UNSPECIFIED.);
#97=B_SPLINE_CURVE_WITH_KNOTS('',3,(#1416,#1417,#1418,#1419),
 .UNSPECIFIED.,.F.,.F.,(4,4),(0.,0.00500171826114893),.UNSPECIFIED.);
#98=B_SPLINE_CURVE_WITH_KNOTS('',3,(#1424,#1425,#1426,#1427),
 .UNSPECIFIED.,.F.,.F.,(4,4),(0.,0.00500171826114604),.UNSPECIFIED.);
#99=B_SPLINE_CURVE_WITH_KNOTS('',3,(#1428,#1429,#1430,#1431),
 .UNSPECIFIED.,.F.,.F.,(4,4),(0.,0.00500171826114894),.UNSPECIFIED.);
#100=B_SPLINE_CURVE_WITH_KNOTS('',3,(#1433,#1434,#1435,#1436),
 .UNSPECIFIED.,.F.,.F.,(4,4),(0.,0.00500171826114893),.UNSPECIFIED.);
#101=B_SPLINE_CURVE_WITH_KNOTS('',3,(#1440,#1441,#1442,#1443),
 .UNSPECIFIED.,.F.,.F.,(4,4),(0.,0.00500171826114604),.UNSPECIFIED.);
#102=B_SPLINE_CURVE_WITH_KNOTS('',3,(#1448,#1449,#1450,#1451),
 .UNSPECIFIED.,.F.,.F.,(4,4),(0.,0.00500171826114604),.UNSPECIFIED.);
#103=B_SPLINE_CURVE_WITH_KNOTS('',3,(#1452,#1453,#1454,#1455),
 .UNSPECIFIED.,.F.,.F.,(4,4),(0.,0.00500171826114894),.UNSPECIFIED.);
#104=B_SPLINE_CURVE_WITH_KNOTS('',3,(#1457,#1458,#1459,#1460),
 .UNSPECIFIED.,.F.,.F.,(4,4),(0.,0.00500171826114893),.UNSPECIFIED.);
#105=B_SPLINE_CURVE_WITH_KNOTS('',3,(#1464,#1465,#1466,#1467),
 .UNSPECIFIED.,.F.,.F.,(4,4),(0.,0.00500171826114604),.UNSPECIFIED.);
#106=B_SPLINE_CURVE_WITH_KNOTS('',3,(#1472,#1473,#1474,#1475),
 .UNSPECIFIED.,.F.,.F.,(4,4),(0.,0.00500171826114604),.UNSPECIFIED.);
#107=B_SPLINE_CURVE_WITH_KNOTS('',3,(#1476,#1477,#1478,#1479),
 .UNSPECIFIED.,.F.,.F.,(4,4),(0.,0.00500171826114893),.UNSPECIFIED.);
#108=B_SPLINE_CURVE_WITH_KNOTS('',3,(#1484,#1485,#1486,#1487),
 .UNSPECIFIED.,.F.,.F.,(4,4),(0.,0.00500171826114604),.UNSPECIFIED.);
#109=B_SPLINE_CURVE_WITH_KNOTS('',3,(#1488,#1489,#1490,#1491),
 .UNSPECIFIED.,.F.,.F.,(4,4),(0.,0.00500171826114894),.UNSPECIFIED.);
#110=B_SPLINE_CURVE_WITH_KNOTS('',3,(#1496,#1497,#1498,#1499),
 .UNSPECIFIED.,.F.,.F.,(4,4),(0.,0.00500171826114604),.UNSPECIFIED.);
#111=B_SPLINE_CURVE_WITH_KNOTS('',3,(#1500,#1501,#1502,#1503),
 .UNSPECIFIED.,.F.,.F.,(4,4),(0.,0.00500171826114893),.UNSPECIFIED.);
#112=B_SPLINE_CURVE_WITH_KNOTS('',3,(#1505,#1506,#1507,#1508),
 .UNSPECIFIED.,.F.,.F.,(4,4),(0.,0.00500171826114893),.UNSPECIFIED.);
#113=B_SPLINE_CURVE_WITH_KNOTS('',3,(#1512,#1513,#1514,#1515),
 .UNSPECIFIED.,.F.,.F.,(4,4),(0.,0.00500171826114604),.UNSPECIFIED.);
#114=B_SPLINE_CURVE_WITH_KNOTS('',3,(#1520,#1521,#1522,#1523),
 .UNSPECIFIED.,.F.,.F.,(4,4),(0.,0.00500171826114604),.UNSPECIFIED.);
#115=B_SPLINE_CURVE_WITH_KNOTS('',3,(#1524,#1525,#1526,#1527),
 .UNSPECIFIED.,.F.,.F.,(4,4),(0.,0.00500171826114894),.UNSPECIFIED.);
#116=B_SPLINE_CURVE_WITH_KNOTS('',3,(#1532,#1533,#1534,#1535),
 .UNSPECIFIED.,.F.,.F.,(4,4),(0.,0.00500171826114604),.UNSPECIFIED.);
#117=B_SPLINE_CURVE_WITH_KNOTS('',3,(#1536,#1537,#1538,#1539),
 .UNSPECIFIED.,.F.,.F.,(4,4),(0.,0.00500171826114894),.UNSPECIFIED.);
#118=B_SPLINE_CURVE_WITH_KNOTS('',3,(#1541,#1542,#1543,#1544),
 .UNSPECIFIED.,.F.,.F.,(4,4),(0.,0.00500171826114894),.UNSPECIFIED.);
#119=B_SPLINE_CURVE_WITH_KNOTS('',3,(#1548,#1549,#1550,#1551),
 .UNSPECIFIED.,.F.,.F.,(4,4),(0.,0.00500171826114604),.UNSPECIFIED.);
#120=B_SPLINE_CURVE_WITH_KNOTS('',3,(#1556,#1557,#1558,#1559),
 .UNSPECIFIED.,.F.,.F.,(4,4),(0.,0.00500171826114604),.UNSPECIFIED.);
#121=B_SPLINE_CURVE_WITH_KNOTS('',3,(#1560,#1561,#1562,#1563),
 .UNSPECIFIED.,.F.,.F.,(4,4),(0.,0.00500171826114893),.UNSPECIFIED.);
#122=B_SPLINE_CURVE_WITH_KNOTS('',3,(#1565,#1566,#1567,#1568),
 .UNSPECIFIED.,.F.,.F.,(4,4),(0.,0.00500171826114894),.UNSPECIFIED.);
#123=B_SPLINE_CURVE_WITH_KNOTS('',3,(#1572,#1573,#1574,#1575),
 .UNSPECIFIED.,.F.,.F.,(4,4),(0.,0.00500171826114604),.UNSPECIFIED.);
#124=B_SPLINE_CURVE_WITH_KNOTS('',3,(#1580,#1581,#1582,#1583),
 .UNSPECIFIED.,.F.,.F.,(4,4),(8.67361737988404E-19,0.00500171826114604),
 .UNSPECIFIED.);
#125=B_SPLINE_CURVE_WITH_KNOTS('',3,(#1584,#1585,#1586,#1587),
 .UNSPECIFIED.,.F.,.F.,(4,4),(0.,0.00500171826114894),.UNSPECIFIED.);
#126=B_SPLINE_CURVE_WITH_KNOTS('',3,(#1591,#1592,#1593,#1594,#1595,#1596,
#1597,#1598,#1599,#1600,#1601,#1602,#1603,#1604,#1605,#1606,#1607),
 .UNSPECIFIED.,.F.,.F.,(4,1,1,1,1,1,1,1,1,1,1,1,1,1,4),(0.,0.000593689873332626,
0.00089053480999894,0.00118737974666525,0.00148422468333157,0.00178106961999788,
0.00207791455666419,0.00237475949333051,0.00267160442999682,0.00296844936666313,
0.00326529430332945,0.00356213923999576,0.00385898417666207,0.00415582911332838,
0.00474951898666101),.UNSPECIFIED.);
#127=B_SPLINE_CURVE_WITH_KNOTS('',3,(#1608,#1609,#1610,#1611,#1612,#1613,
#1614,#1615,#1616,#1617,#1618,#1619,#1620,#1621,#1622,#1623,#1624),
 .UNSPECIFIED.,.F.,.F.,(4,1,1,1,1,1,1,1,1,1,1,1,1,1,4),(0.,0.000593689873332601,
0.000890534809998902,0.0011873797466652,0.0014842246833315,0.0017810696199978,
0.0020779145566641,0.0023747594933304,0.00267160442999671,0.00296844936666301,
0.00326529430332931,0.00356213923999561,0.00385898417666191,0.00415582911332821,
0.00474951898666081),.UNSPECIFIED.);
#128=B_SPLINE_CURVE_WITH_KNOTS('',3,(#1625,#1626,#1627,#1628,#1629,#1630,
#1631,#1632,#1633,#1634,#1635,#1636,#1637,#1638,#1639,#1640,#1641),
 .UNSPECIFIED.,.F.,.F.,(4,1,1,1,1,1,1,1,1,1,1,1,1,1,4),(0.,0.000593689873332626,
0.000890534809998939,0.00118737974666525,0.00148422468333157,0.00178106961999788,
0.00207791455666419,0.00237475949333051,0.00267160442999682,0.00296844936666313,
0.00326529430332944,0.00356213923999576,0.00385898417666207,0.00415582911332838,
0.00474951898666101),.UNSPECIFIED.);
#129=B_SPLINE_CURVE_WITH_KNOTS('',3,(#1642,#1643,#1644,#1645,#1646,#1647,
#1648,#1649,#1650,#1651,#1652,#1653,#1654,#1655,#1656,#1657,#1658),
 .UNSPECIFIED.,.F.,.F.,(4,1,1,1,1,1,1,1,1,1,1,1,1,1,4),(0.,0.000593689873332624,
0.000890534809998935,0.00118737974666525,0.00148422468333156,0.00178106961999787,
0.00207791455666418,0.00237475949333049,0.00267160442999681,0.00296844936666312,
0.00326529430332943,0.00356213923999574,0.00385898417666205,0.00415582911332837,
0.00474951898666099),.UNSPECIFIED.);
#130=B_SPLINE_CURVE_WITH_KNOTS('',3,(#1659,#1660,#1661,#1662,#1663,#1664,
#1665,#1666,#1667,#1668,#1669,#1670,#1671,#1672,#1673,#1674,#1675),
 .UNSPECIFIED.,.F.,.F.,(4,1,1,1,1,1,1,1,1,1,1,1,1,1,4),(0.,0.000593689873332667,
0.000890534809999001,0.00118737974666533,0.00148422468333167,0.001781069619998,
0.00207791455666434,0.00237475949333067,0.002671604429997,0.00296844936666334,
0.00326529430332967,0.003562139239996,0.00385898417666234,0.00415582911332867,
0.00474951898666134),.UNSPECIFIED.);
#131=B_SPLINE_CURVE_WITH_KNOTS('',3,(#1676,#1677,#1678,#1679,#1680,#1681,
#1682,#1683,#1684,#1685,#1686,#1687,#1688,#1689,#1690,#1691,#1692),
 .UNSPECIFIED.,.F.,.F.,(4,1,1,1,1,1,1,1,1,1,1,1,1,1,4),(0.,0.000593689873332617,
0.000890534809998926,0.00118737974666523,0.00148422468333154,0.00178106961999785,
0.00207791455666416,0.00237475949333047,0.00267160442999678,0.00296844936666309,
0.00326529430332939,0.0035621392399957,0.00385898417666201,0.00415582911332832,
0.00474951898666094),.UNSPECIFIED.);
#132=B_SPLINE_CURVE_WITH_KNOTS('',3,(#1693,#1694,#1695,#1696,#1697,#1698,
#1699,#1700,#1701,#1702,#1703,#1704,#1705,#1706,#1707,#1708,#1709),
 .UNSPECIFIED.,.F.,.F.,(4,1,1,1,1,1,1,1,1,1,1,1,1,1,4),(0.,0.000593689873332617,
0.000890534809998926,0.00118737974666523,0.00148422468333154,0.00178106961999785,
0.00207791455666416,0.00237475949333047,0.00267160442999678,0.00296844936666309,
0.00326529430332939,0.0035621392399957,0.00385898417666201,0.00415582911332832,
0.00474951898666094),.UNSPECIFIED.);
#133=B_SPLINE_CURVE_WITH_KNOTS('',3,(#1710,#1711,#1712,#1713,#1714,#1715,
#1716,#1717,#1718,#1719,#1720,#1721,#1722,#1723,#1724,#1725,#1726),
 .UNSPECIFIED.,.F.,.F.,(4,1,1,1,1,1,1,1,1,1,1,1,1,1,4),(0.,0.000593689873332601,
0.000890534809998901,0.0011873797466652,0.0014842246833315,0.0017810696199978,
0.0020779145566641,0.0023747594933304,0.0026716044299967,0.002968449366663,
0.0032652943033293,0.0035621392399956,0.00385898417666191,0.00415582911332821,
0.00474951898666081),.UNSPECIFIED.);
#134=B_SPLINE_CURVE_WITH_KNOTS('',3,(#1727,#1728,#1729,#1730,#1731,#1732,
#1733,#1734,#1735,#1736,#1737,#1738,#1739,#1740,#1741,#1742,#1743),
 .UNSPECIFIED.,.F.,.F.,(4,1,1,1,1,1,1,1,1,1,1,1,1,1,4),(0.,0.000593689873332613,
0.00089053480999892,0.00118737974666523,0.00148422468333153,0.00178106961999784,
0.00207791455666415,0.00237475949333045,0.00267160442999676,0.00296844936666307,
0.00326529430332937,0.00356213923999568,0.00385898417666199,0.00415582911332829,
0.00474951898666091),.UNSPECIFIED.);
#135=B_SPLINE_CURVE_WITH_KNOTS('',3,(#1744,#1745,#1746,#1747,#1748,#1749,
#1750,#1751,#1752,#1753,#1754,#1755,#1756,#1757,#1758,#1759,#1760),
 .UNSPECIFIED.,.F.,.F.,(4,1,1,1,1,1,1,1,1,1,1,1,1,1,4),(0.,0.000593689873332585,
0.000890534809998878,0.00118737974666517,0.00148422468333146,0.00178106961999776,
0.00207791455666405,0.00237475949333034,0.00267160442999663,0.00296844936666293,
0.00326529430332922,0.00356213923999551,0.0038589841766618,0.0041558291133281,
0.00474951898666068),.UNSPECIFIED.);
#136=B_SPLINE_CURVE_WITH_KNOTS('',3,(#1761,#1762,#1763,#1764,#1765,#1766,
#1767,#1768,#1769,#1770,#1771,#1772,#1773,#1774,#1775,#1776,#1777),
 .UNSPECIFIED.,.F.,.F.,(4,1,1,1,1,1,1,1,1,1,1,1,1,1,4),(0.,0.000593689873332635,
0.000890534809998952,0.00118737974666527,0.00148422468333159,0.0017810696199979,
0.00207791455666422,0.00237475949333054,0.00267160442999686,0.00296844936666317,
0.00326529430332949,0.00356213923999581,0.00385898417666213,0.00415582911332844,
0.00474951898666108),.UNSPECIFIED.);
#137=B_SPLINE_CURVE_WITH_KNOTS('',3,(#1778,#1779,#1780,#1781,#1782,#1783,
#1784,#1785,#1786,#1787,#1788,#1789,#1790,#1791,#1792,#1793,#1794),
 .UNSPECIFIED.,.F.,.F.,(4,1,1,1,1,1,1,1,1,1,1,1,1,1,4),(0.,0.000593689873332595,
0.000890534809998892,0.00118737974666519,0.00148422468333149,0.00178106961999778,
0.00207791455666408,0.00237475949333038,0.00267160442999668,0.00296844936666297,
0.00326529430332927,0.00356213923999557,0.00385898417666186,0.00415582911332816,
0.00474951898666076),.UNSPECIFIED.);
#138=B_SPLINE_CURVE_WITH_KNOTS('',3,(#1795,#1796,#1797,#1798,#1799,#1800,
#1801,#1802,#1803,#1804,#1805,#1806,#1807,#1808,#1809,#1810,#1811),
 .UNSPECIFIED.,.F.,.F.,(4,1,1,1,1,1,1,1,1,1,1,1,1,1,4),(0.,0.000593689873332623,
0.000890534809998935,0.00118737974666525,0.00148422468333156,0.00178106961999787,
0.00207791455666418,0.00237475949333049,0.0026716044299968,0.00296844936666312,
0.00326529430332943,0.00356213923999574,0.00385898417666205,0.00415582911332836,
0.00474951898666099),.UNSPECIFIED.);
#139=B_SPLINE_CURVE_WITH_KNOTS('',3,(#1812,#1813,#1814,#1815,#1816,#1817,
#1818,#1819,#1820,#1821,#1822,#1823,#1824,#1825,#1826,#1827,#1828),
 .UNSPECIFIED.,.F.,.F.,(4,1,1,1,1,1,1,1,1,1,1,1,1,1,4),(0.,0.000593689873332618,
0.000890534809998927,0.00118737974666524,0.00148422468333154,0.00178106961999785,
0.00207791455666416,0.00237475949333047,0.00267160442999678,0.00296844936666309,
0.0032652943033294,0.00356213923999571,0.00385898417666202,0.00415582911332832,
0.00474951898666094),.UNSPECIFIED.);
#140=B_SPLINE_CURVE_WITH_KNOTS('',3,(#1829,#1830,#1831,#1832,#1833,#1834,
#1835,#1836,#1837,#1838,#1839,#1840,#1841,#1842,#1843,#1844,#1845),
 .UNSPECIFIED.,.F.,.F.,(4,1,1,1,1,1,1,1,1,1,1,1,1,1,4),(0.,0.000593689873332612,
0.000890534809998919,0.00118737974666522,0.00148422468333153,0.00178106961999784,
0.00207791455666414,0.00237475949333045,0.00267160442999676,0.00296844936666306,
0.00326529430332937,0.00356213923999567,0.00385898417666198,0.00415582911332829,
0.0047495189866609),.UNSPECIFIED.);
#141=B_SPLINE_CURVE_WITH_KNOTS('',3,(#1846,#1847,#1848,#1849,#1850,#1851,
#1852,#1853,#1854,#1855,#1856,#1857,#1858,#1859,#1860,#1861,#1862),
 .UNSPECIFIED.,.F.,.F.,(4,1,1,1,1,1,1,1,1,1,1,1,1,1,4),(0.,0.000593689873332597,
0.000890534809998896,0.00118737974666519,0.00148422468333149,0.00178106961999779,
0.00207791455666409,0.00237475949333039,0.00267160442999669,0.00296844936666299,
0.00326529430332928,0.00356213923999558,0.00385898417666188,0.00415582911332818,
0.00474951898666078),.UNSPECIFIED.);
#142=B_SPLINE_CURVE_WITH_KNOTS('',3,(#1863,#1864,#1865,#1866,#1867,#1868,
#1869,#1870,#1871,#1872,#1873,#1874,#1875,#1876,#1877,#1878,#1879),
 .UNSPECIFIED.,.F.,.F.,(4,1,1,1,1,1,1,1,1,1,1,1,1,1,4),(0.,0.000593689873332633,
0.000890534809998949,0.00118737974666527,0.00148422468333158,0.0017810696199979,
0.00207791455666421,0.00237475949333053,0.00267160442999685,0.00296844936666316,
0.00326529430332948,0.0035621392399958,0.00385898417666211,0.00415582911332843,
0.00474951898666106),.UNSPECIFIED.);
#143=ORIENTED_EDGE('',*,*,#391,.T.);
#144=ORIENTED_EDGE('',*,*,#392,.F.);
#145=ORIENTED_EDGE('',*,*,#393,.T.);
#146=ORIENTED_EDGE('',*,*,#394,.F.);
#147=ORIENTED_EDGE('',*,*,#395,.T.);
#148=ORIENTED_EDGE('',*,*,#396,.F.);
#149=ORIENTED_EDGE('',*,*,#397,.T.);
#150=ORIENTED_EDGE('',*,*,#398,.F.);
#151=ORIENTED_EDGE('',*,*,#399,.T.);
#152=ORIENTED_EDGE('',*,*,#400,.F.);
#153=ORIENTED_EDGE('',*,*,#401,.T.);
#154=ORIENTED_EDGE('',*,*,#402,.F.);
#155=ORIENTED_EDGE('',*,*,#403,.T.);
#156=ORIENTED_EDGE('',*,*,#404,.F.);
#157=ORIENTED_EDGE('',*,*,#405,.T.);
#158=ORIENTED_EDGE('',*,*,#406,.F.);
#159=ORIENTED_EDGE('',*,*,#407,.T.);
#160=ORIENTED_EDGE('',*,*,#408,.F.);
#161=ORIENTED_EDGE('',*,*,#409,.T.);
#162=ORIENTED_EDGE('',*,*,#410,.F.);
#163=ORIENTED_EDGE('',*,*,#411,.T.);
#164=ORIENTED_EDGE('',*,*,#412,.F.);
#165=ORIENTED_EDGE('',*,*,#413,.T.);
#166=ORIENTED_EDGE('',*,*,#414,.F.);
#167=ORIENTED_EDGE('',*,*,#415,.T.);
#168=ORIENTED_EDGE('',*,*,#416,.F.);
#169=ORIENTED_EDGE('',*,*,#417,.T.);
#170=ORIENTED_EDGE('',*,*,#418,.F.);
#171=ORIENTED_EDGE('',*,*,#419,.T.);
#172=ORIENTED_EDGE('',*,*,#420,.F.);
#173=ORIENTED_EDGE('',*,*,#421,.T.);
#174=ORIENTED_EDGE('',*,*,#422,.F.);
#175=ORIENTED_EDGE('',*,*,#423,.T.);
#176=ORIENTED_EDGE('',*,*,#424,.F.);
#177=ORIENTED_EDGE('',*,*,#425,.T.);
#178=ORIENTED_EDGE('',*,*,#426,.F.);
#179=ORIENTED_EDGE('',*,*,#427,.T.);
#180=ORIENTED_EDGE('',*,*,#392,.T.);
#181=ORIENTED_EDGE('',*,*,#428,.T.);
#182=ORIENTED_EDGE('',*,*,#394,.T.);
#183=ORIENTED_EDGE('',*,*,#429,.T.);
#184=ORIENTED_EDGE('',*,*,#430,.F.);
#185=ORIENTED_EDGE('',*,*,#431,.T.);
#186=ORIENTED_EDGE('',*,*,#432,.F.);
#187=ORIENTED_EDGE('',*,*,#433,.T.);
#188=ORIENTED_EDGE('',*,*,#424,.T.);
#189=ORIENTED_EDGE('',*,*,#434,.T.);
#190=ORIENTED_EDGE('',*,*,#435,.F.);
#191=ORIENTED_EDGE('',*,*,#436,.T.);
#192=ORIENTED_EDGE('',*,*,#396,.T.);
#193=ORIENTED_EDGE('',*,*,#437,.T.);
#194=ORIENTED_EDGE('',*,*,#398,.T.);
#195=ORIENTED_EDGE('',*,*,#438,.T.);
#196=ORIENTED_EDGE('',*,*,#439,.F.);
#197=ORIENTED_EDGE('',*,*,#440,.T.);
#198=ORIENTED_EDGE('',*,*,#441,.F.);
#199=ORIENTED_EDGE('',*,*,#442,.T.);
#200=ORIENTED_EDGE('',*,*,#418,.T.);
#201=ORIENTED_EDGE('',*,*,#443,.T.);
#202=ORIENTED_EDGE('',*,*,#420,.T.);
#203=ORIENTED_EDGE('',*,*,#444,.T.);
#204=ORIENTED_EDGE('',*,*,#445,.F.);
#205=ORIENTED_EDGE('',*,*,#446,.T.);
#206=ORIENTED_EDGE('',*,*,#447,.F.);
#207=ORIENTED_EDGE('',*,*,#448,.T.);
#208=ORIENTED_EDGE('',*,*,#416,.T.);
#209=ORIENTED_EDGE('',*,*,#449,.T.);
#210=ORIENTED_EDGE('',*,*,#450,.F.);
#211=ORIENTED_EDGE('',*,*,#451,.T.);
#212=ORIENTED_EDGE('',*,*,#422,.T.);
#213=ORIENTED_EDGE('',*,*,#452,.T.);
#214=ORIENTED_EDGE('',*,*,#453,.F.);
#215=ORIENTED_EDGE('',*,*,#454,.T.);
#216=ORIENTED_EDGE('',*,*,#408,.T.);
#217=ORIENTED_EDGE('',*,*,#455,.T.);
#218=ORIENTED_EDGE('',*,*,#410,.T.);
#219=ORIENTED_EDGE('',*,*,#456,.T.);
#220=ORIENTED_EDGE('',*,*,#457,.F.);
#221=ORIENTED_EDGE('',*,*,#458,.T.);
#222=ORIENTED_EDGE('',*,*,#459,.F.);
#223=ORIENTED_EDGE('',*,*,#460,.T.);
#224=ORIENTED_EDGE('',*,*,#406,.T.);
#225=ORIENTED_EDGE('',*,*,#461,.T.);
#226=ORIENTED_EDGE('',*,*,#462,.F.);
#227=ORIENTED_EDGE('',*,*,#463,.T.);
#228=ORIENTED_EDGE('',*,*,#412,.T.);
#229=ORIENTED_EDGE('',*,*,#464,.T.);
#230=ORIENTED_EDGE('',*,*,#414,.T.);
#231=ORIENTED_EDGE('',*,*,#465,.T.);
#232=ORIENTED_EDGE('',*,*,#466,.F.);
#233=ORIENTED_EDGE('',*,*,#467,.T.);
#234=ORIENTED_EDGE('',*,*,#468,.F.);
#235=ORIENTED_EDGE('',*,*,#469,.T.);
#236=ORIENTED_EDGE('',*,*,#400,.T.);
#237=ORIENTED_EDGE('',*,*,#470,.T.);
#238=ORIENTED_EDGE('',*,*,#402,.T.);
#239=ORIENTED_EDGE('',*,*,#471,.T.);
#240=ORIENTED_EDGE('',*,*,#472,.F.);
#241=ORIENTED_EDGE('',*,*,#473,.T.);
#242=ORIENTED_EDGE('',*,*,#474,.F.);
#243=ORIENTED_EDGE('',*,*,#475,.T.);
#244=ORIENTED_EDGE('',*,*,#404,.T.);
#245=ORIENTED_EDGE('',*,*,#476,.T.);
#246=ORIENTED_EDGE('',*,*,#477,.F.);
#247=ORIENTED_EDGE('',*,*,#430,.T.);
#248=ORIENTED_EDGE('',*,*,#478,.T.);
#249=ORIENTED_EDGE('',*,*,#426,.T.);
#250=ORIENTED_EDGE('',*,*,#479,.T.);
#251=ORIENTED_EDGE('',*,*,#432,.T.);
#252=ORIENTED_EDGE('',*,*,#480,.T.);
#253=ORIENTED_EDGE('',*,*,#450,.T.);
#254=ORIENTED_EDGE('',*,*,#481,.T.);
#255=ORIENTED_EDGE('',*,*,#445,.T.);
#256=ORIENTED_EDGE('',*,*,#482,.T.);
#257=ORIENTED_EDGE('',*,*,#441,.T.);
#258=ORIENTED_EDGE('',*,*,#483,.T.);
#259=ORIENTED_EDGE('',*,*,#447,.T.);
#260=ORIENTED_EDGE('',*,*,#484,.T.);
#261=ORIENTED_EDGE('',*,*,#466,.T.);
#262=ORIENTED_EDGE('',*,*,#485,.T.);
#263=ORIENTED_EDGE('',*,*,#462,.T.);
#264=ORIENTED_EDGE('',*,*,#486,.T.);
#265=ORIENTED_EDGE('',*,*,#457,.T.);
#266=ORIENTED_EDGE('',*,*,#487,.T.);
#267=ORIENTED_EDGE('',*,*,#453,.T.);
#268=ORIENTED_EDGE('',*,*,#488,.T.);
#269=ORIENTED_EDGE('',*,*,#459,.T.);
#270=ORIENTED_EDGE('',*,*,#489,.T.);
#271=ORIENTED_EDGE('',*,*,#474,.T.);
#272=ORIENTED_EDGE('',*,*,#490,.T.);
#273=ORIENTED_EDGE('',*,*,#472,.T.);
#274=ORIENTED_EDGE('',*,*,#491,.T.);
#275=ORIENTED_EDGE('',*,*,#468,.T.);
#276=ORIENTED_EDGE('',*,*,#492,.T.);
#277=ORIENTED_EDGE('',*,*,#439,.T.);
#278=ORIENTED_EDGE('',*,*,#493,.T.);
#279=ORIENTED_EDGE('',*,*,#435,.T.);
#280=ORIENTED_EDGE('',*,*,#494,.T.);
#281=ORIENTED_EDGE('',*,*,#495,.F.);
#282=ORIENTED_EDGE('',*,*,#496,.F.);
#283=ORIENTED_EDGE('',*,*,#497,.F.);
#284=ORIENTED_EDGE('',*,*,#498,.F.);
#285=ORIENTED_EDGE('',*,*,#499,.F.);
#286=ORIENTED_EDGE('',*,*,#500,.F.);
#287=ORIENTED_EDGE('',*,*,#477,.T.);
#288=ORIENTED_EDGE('',*,*,#391,.F.);
#289=ORIENTED_EDGE('',*,*,#501,.F.);
#290=ORIENTED_EDGE('',*,*,#415,.F.);
#291=ORIENTED_EDGE('',*,*,#467,.F.);
#292=ORIENTED_EDGE('',*,*,#484,.F.);
#293=ORIENTED_EDGE('',*,*,#449,.F.);
#294=ORIENTED_EDGE('',*,*,#403,.F.);
#295=ORIENTED_EDGE('',*,*,#473,.F.);
#296=ORIENTED_EDGE('',*,*,#490,.F.);
#297=ORIENTED_EDGE('',*,*,#476,.F.);
#298=ORIENTED_EDGE('',*,*,#405,.F.);
#299=ORIENTED_EDGE('',*,*,#475,.F.);
#300=ORIENTED_EDGE('',*,*,#489,.F.);
#301=ORIENTED_EDGE('',*,*,#461,.F.);
#302=ORIENTED_EDGE('',*,*,#399,.F.);
#303=ORIENTED_EDGE('',*,*,#440,.F.);
#304=ORIENTED_EDGE('',*,*,#492,.F.);
#305=ORIENTED_EDGE('',*,*,#470,.F.);
#306=ORIENTED_EDGE('',*,*,#401,.F.);
#307=ORIENTED_EDGE('',*,*,#469,.F.);
#308=ORIENTED_EDGE('',*,*,#491,.F.);
#309=ORIENTED_EDGE('',*,*,#471,.F.);
#310=ORIENTED_EDGE('',*,*,#411,.F.);
#311=ORIENTED_EDGE('',*,*,#458,.F.);
#312=ORIENTED_EDGE('',*,*,#486,.F.);
#313=ORIENTED_EDGE('',*,*,#464,.F.);
#314=ORIENTED_EDGE('',*,*,#413,.F.);
#315=ORIENTED_EDGE('',*,*,#463,.F.);
#316=ORIENTED_EDGE('',*,*,#485,.F.);
#317=ORIENTED_EDGE('',*,*,#465,.F.);
#318=ORIENTED_EDGE('',*,*,#407,.F.);
#319=ORIENTED_EDGE('',*,*,#460,.F.);
#320=ORIENTED_EDGE('',*,*,#488,.F.);
#321=ORIENTED_EDGE('',*,*,#455,.F.);
#322=ORIENTED_EDGE('',*,*,#409,.F.);
#323=ORIENTED_EDGE('',*,*,#454,.F.);
#324=ORIENTED_EDGE('',*,*,#487,.F.);
#325=ORIENTED_EDGE('',*,*,#456,.F.);
#326=ORIENTED_EDGE('',*,*,#421,.F.);
#327=ORIENTED_EDGE('',*,*,#446,.F.);
#328=ORIENTED_EDGE('',*,*,#481,.F.);
#329=ORIENTED_EDGE('',*,*,#452,.F.);
#330=ORIENTED_EDGE('',*,*,#423,.F.);
#331=ORIENTED_EDGE('',*,*,#451,.F.);
#332=ORIENTED_EDGE('',*,*,#480,.F.);
#333=ORIENTED_EDGE('',*,*,#434,.F.);
#334=ORIENTED_EDGE('',*,*,#417,.F.);
#335=ORIENTED_EDGE('',*,*,#448,.F.);
#336=ORIENTED_EDGE('',*,*,#483,.F.);
#337=ORIENTED_EDGE('',*,*,#443,.F.);
#338=ORIENTED_EDGE('',*,*,#419,.F.);
#339=ORIENTED_EDGE('',*,*,#442,.F.);
#340=ORIENTED_EDGE('',*,*,#482,.F.);
#341=ORIENTED_EDGE('',*,*,#444,.F.);
#342=ORIENTED_EDGE('',*,*,#395,.F.);
#343=ORIENTED_EDGE('',*,*,#431,.F.);
#344=ORIENTED_EDGE('',*,*,#494,.F.);
#345=ORIENTED_EDGE('',*,*,#437,.F.);
#346=ORIENTED_EDGE('',*,*,#397,.F.);
#347=ORIENTED_EDGE('',*,*,#436,.F.);
#348=ORIENTED_EDGE('',*,*,#493,.F.);
#349=ORIENTED_EDGE('',*,*,#438,.F.);
#350=ORIENTED_EDGE('',*,*,#425,.F.);
#351=ORIENTED_EDGE('',*,*,#433,.F.);
#352=ORIENTED_EDGE('',*,*,#479,.F.);
#353=ORIENTED_EDGE('',*,*,#428,.F.);
#354=ORIENTED_EDGE('',*,*,#393,.F.);
#355=ORIENTED_EDGE('',*,*,#427,.F.);
#356=ORIENTED_EDGE('',*,*,#478,.F.);
#357=ORIENTED_EDGE('',*,*,#429,.F.);
#358=ORIENTED_EDGE('',*,*,#502,.T.);
#359=ORIENTED_EDGE('',*,*,#503,.T.);
#360=ORIENTED_EDGE('',*,*,#504,.F.);
#361=ORIENTED_EDGE('',*,*,#495,.T.);
#362=ORIENTED_EDGE('',*,*,#504,.T.);
#363=ORIENTED_EDGE('',*,*,#505,.T.);
#364=ORIENTED_EDGE('',*,*,#506,.F.);
#365=ORIENTED_EDGE('',*,*,#496,.T.);
#366=ORIENTED_EDGE('',*,*,#506,.T.);
#367=ORIENTED_EDGE('',*,*,#507,.T.);
#368=ORIENTED_EDGE('',*,*,#508,.F.);
#369=ORIENTED_EDGE('',*,*,#497,.T.);
#370=ORIENTED_EDGE('',*,*,#508,.T.);
#371=ORIENTED_EDGE('',*,*,#509,.T.);
#372=ORIENTED_EDGE('',*,*,#510,.F.);
#373=ORIENTED_EDGE('',*,*,#498,.T.);
#374=ORIENTED_EDGE('',*,*,#510,.T.);
#375=ORIENTED_EDGE('',*,*,#511,.T.);
#376=ORIENTED_EDGE('',*,*,#512,.F.);
#377=ORIENTED_EDGE('',*,*,#499,.T.);
#378=ORIENTED_EDGE('',*,*,#512,.T.);
#379=ORIENTED_EDGE('',*,*,#513,.T.);
#380=ORIENTED_EDGE('',*,*,#502,.F.);
#381=ORIENTED_EDGE('',*,*,#500,.T.);
#382=ORIENTED_EDGE('',*,*,#514,.F.);
#383=ORIENTED_EDGE('',*,*,#501,.T.);
#384=ORIENTED_EDGE('',*,*,#514,.T.);
#385=ORIENTED_EDGE('',*,*,#513,.F.);
#386=ORIENTED_EDGE('',*,*,#511,.F.);
#387=ORIENTED_EDGE('',*,*,#509,.F.);
#388=ORIENTED_EDGE('',*,*,#507,.F.);
#389=ORIENTED_EDGE('',*,*,#505,.F.);
#390=ORIENTED_EDGE('',*,*,#503,.F.);
#391=EDGE_CURVE('',#515,#515,#599,.T.);
#392=EDGE_CURVE('',#516,#517,#600,.T.);
#393=EDGE_CURVE('',#516,#518,#75,.T.);
#394=EDGE_CURVE('',#519,#518,#601,.T.);
#395=EDGE_CURVE('',#519,#520,#76,.T.);
#396=EDGE_CURVE('',#521,#520,#602,.T.);
#397=EDGE_CURVE('',#521,#522,#77,.T.);
#398=EDGE_CURVE('',#523,#522,#603,.T.);
#399=EDGE_CURVE('',#523,#524,#78,.T.);
#400=EDGE_CURVE('',#525,#524,#604,.T.);
#401=EDGE_CURVE('',#525,#526,#79,.T.);
#402=EDGE_CURVE('',#527,#526,#605,.T.);
#403=EDGE_CURVE('',#527,#528,#80,.T.);
#404=EDGE_CURVE('',#529,#528,#606,.T.);
#405=EDGE_CURVE('',#529,#530,#81,.T.);
#406=EDGE_CURVE('',#531,#530,#607,.T.);
#407=EDGE_CURVE('',#531,#532,#82,.T.);
#408=EDGE_CURVE('',#533,#532,#608,.T.);
#409=EDGE_CURVE('',#533,#534,#83,.T.);
#410=EDGE_CURVE('',#535,#534,#609,.T.);
#411=EDGE_CURVE('',#535,#536,#84,.T.);
#412=EDGE_CURVE('',#537,#536,#610,.T.);
#413=EDGE_CURVE('',#537,#538,#85,.T.);
#414=EDGE_CURVE('',#539,#538,#611,.T.);
#415=EDGE_CURVE('',#539,#540,#86,.T.);
#416=EDGE_CURVE('',#541,#540,#612,.T.);
#417=EDGE_CURVE('',#541,#542,#87,.T.);
#418=EDGE_CURVE('',#543,#542,#613,.T.);
#419=EDGE_CURVE('',#543,#544,#88,.T.);
#420=EDGE_CURVE('',#545,#544,#614,.T.);
#421=EDGE_CURVE('',#545,#546,#89,.T.);
#422=EDGE_CURVE('',#547,#546,#615,.T.);
#423=EDGE_CURVE('',#547,#548,#90,.T.);
#424=EDGE_CURVE('',#549,#548,#616,.T.);
#425=EDGE_CURVE('',#549,#517,#91,.T.);
#426=EDGE_CURVE('',#550,#551,#617,.T.);
#427=EDGE_CURVE('',#550,#516,#92,.T.);
#428=EDGE_CURVE('',#517,#551,#93,.T.);
#429=EDGE_CURVE('',#518,#552,#94,.T.);
#430=EDGE_CURVE('',#553,#552,#618,.T.);
#431=EDGE_CURVE('',#553,#519,#95,.T.);
#432=EDGE_CURVE('',#554,#555,#619,.T.);
#433=EDGE_CURVE('',#554,#549,#96,.T.);
#434=EDGE_CURVE('',#548,#555,#97,.T.);
#435=EDGE_CURVE('',#556,#557,#620,.T.);
#436=EDGE_CURVE('',#556,#521,#98,.T.);
#437=EDGE_CURVE('',#520,#557,#99,.T.);
#438=EDGE_CURVE('',#522,#558,#100,.T.);
#439=EDGE_CURVE('',#559,#558,#621,.T.);
#440=EDGE_CURVE('',#559,#523,#101,.T.);
#441=EDGE_CURVE('',#560,#561,#622,.T.);
#442=EDGE_CURVE('',#560,#543,#102,.T.);
#443=EDGE_CURVE('',#542,#561,#103,.T.);
#444=EDGE_CURVE('',#544,#562,#104,.T.);
#445=EDGE_CURVE('',#563,#562,#623,.T.);
#446=EDGE_CURVE('',#563,#545,#105,.T.);
#447=EDGE_CURVE('',#564,#565,#624,.T.);
#448=EDGE_CURVE('',#564,#541,#106,.T.);
#449=EDGE_CURVE('',#540,#565,#107,.T.);
#450=EDGE_CURVE('',#566,#567,#625,.T.);
#451=EDGE_CURVE('',#566,#547,#108,.T.);
#452=EDGE_CURVE('',#546,#567,#109,.T.);
#453=EDGE_CURVE('',#568,#569,#626,.T.);
#454=EDGE_CURVE('',#568,#533,#110,.T.);
#455=EDGE_CURVE('',#532,#569,#111,.T.);
#456=EDGE_CURVE('',#534,#570,#112,.T.);
#457=EDGE_CURVE('',#571,#570,#627,.T.);
#458=EDGE_CURVE('',#571,#535,#113,.T.);
#459=EDGE_CURVE('',#572,#573,#628,.T.);
#460=EDGE_CURVE('',#572,#531,#114,.T.);
#461=EDGE_CURVE('',#530,#573,#115,.T.);
#462=EDGE_CURVE('',#574,#575,#629,.T.);
#463=EDGE_CURVE('',#574,#537,#116,.T.);
#464=EDGE_CURVE('',#536,#575,#117,.T.);
#465=EDGE_CURVE('',#538,#576,#118,.T.);
#466=EDGE_CURVE('',#577,#576,#630,.T.);
#467=EDGE_CURVE('',#577,#539,#119,.T.);
#468=EDGE_CURVE('',#578,#579,#631,.T.);
#469=EDGE_CURVE('',#578,#525,#120,.T.);
#470=EDGE_CURVE('',#524,#579,#121,.T.);
#471=EDGE_CURVE('',#526,#580,#122,.T.);
#472=EDGE_CURVE('',#581,#580,#632,.T.);
#473=EDGE_CURVE('',#581,#527,#123,.T.);
#474=EDGE_CURVE('',#582,#583,#633,.T.);
#475=EDGE_CURVE('',#582,#529,#124,.T.);
#476=EDGE_CURVE('',#528,#583,#125,.T.);
#477=EDGE_CURVE('',#584,#584,#634,.T.);
#478=EDGE_CURVE('',#552,#550,#126,.T.);
#479=EDGE_CURVE('',#551,#554,#127,.T.);
#480=EDGE_CURVE('',#555,#566,#128,.T.);
#481=EDGE_CURVE('',#567,#563,#129,.T.);
#482=EDGE_CURVE('',#562,#560,#130,.T.);
#483=EDGE_CURVE('',#561,#564,#131,.T.);
#484=EDGE_CURVE('',#565,#577,#132,.T.);
#485=EDGE_CURVE('',#576,#574,#133,.T.);
#486=EDGE_CURVE('',#575,#571,#134,.T.);
#487=EDGE_CURVE('',#570,#568,#135,.T.);
#488=EDGE_CURVE('',#569,#572,#136,.T.);
#489=EDGE_CURVE('',#573,#582,#137,.T.);
#490=EDGE_CURVE('',#583,#581,#138,.T.);
#491=EDGE_CURVE('',#580,#578,#139,.T.);
#492=EDGE_CURVE('',#579,#559,#140,.T.);
#493=EDGE_CURVE('',#558,#556,#141,.T.);
#494=EDGE_CURVE('',#557,#553,#142,.T.);
#495=EDGE_CURVE('',#585,#586,#30,.T.);
#496=EDGE_CURVE('',#587,#585,#31,.T.);
#497=EDGE_CURVE('',#588,#587,#32,.T.);
#498=EDGE_CURVE('',#589,#588,#33,.T.);
#499=EDGE_CURVE('',#590,#589,#34,.T.);
#500=EDGE_CURVE('',#586,#590,#35,.T.);
#501=EDGE_CURVE('',#591,#591,#635,.T.);
#502=EDGE_CURVE('',#586,#592,#36,.T.);
#503=EDGE_CURVE('',#592,#593,#37,.T.);
#504=EDGE_CURVE('',#585,#593,#38,.T.);
#505=EDGE_CURVE('',#593,#594,#39,.T.);
#506=EDGE_CURVE('',#587,#594,#40,.T.);
#507=EDGE_CURVE('',#594,#595,#41,.T.);
#508=EDGE_CURVE('',#588,#595,#42,.T.);
#509=EDGE_CURVE('',#595,#596,#43,.T.);
#510=EDGE_CURVE('',#589,#596,#44,.T.);
#511=EDGE_CURVE('',#596,#597,#45,.T.);
#512=EDGE_CURVE('',#590,#597,#46,.T.);
#513=EDGE_CURVE('',#597,#592,#47,.T.);
#514=EDGE_CURVE('',#598,#598,#636,.T.);
#515=VERTEX_POINT('',#1043);
#516=VERTEX_POINT('',#1045);
#517=VERTEX_POINT('',#1046);
#518=VERTEX_POINT('',#1064);
#519=VERTEX_POINT('',#1066);
#520=VERTEX_POINT('',#1084);
#521=VERTEX_POINT('',#1086);
#522=VERTEX_POINT('',#1104);
#523=VERTEX_POINT('',#1106);
#524=VERTEX_POINT('',#1124);
#525=VERTEX_POINT('',#1126);
#526=VERTEX_POINT('',#1144);
#527=VERTEX_POINT('',#1146);
#528=VERTEX_POINT('',#1164);
#529=VERTEX_POINT('',#1166);
#530=VERTEX_POINT('',#1184);
#531=VERTEX_POINT('',#1186);
#532=VERTEX_POINT('',#1204);
#533=VERTEX_POINT('',#1206);
#534=VERTEX_POINT('',#1224);
#535=VERTEX_POINT('',#1226);
#536=VERTEX_POINT('',#1244);
#537=VERTEX_POINT('',#1246);
#538=VERTEX_POINT('',#1264);
#539=VERTEX_POINT('',#1266);
#540=VERTEX_POINT('',#1284);
#541=VERTEX_POINT('',#1286);
#542=VERTEX_POINT('',#1304);
#543=VERTEX_POINT('',#1306);
#544=VERTEX_POINT('',#1324);
#545=VERTEX_POINT('',#1326);
#546=VERTEX_POINT('',#1344);
#547=VERTEX_POINT('',#1346);
#548=VERTEX_POINT('',#1364);
#549=VERTEX_POINT('',#1366);
#550=VERTEX_POINT('',#1386);
#551=VERTEX_POINT('',#1387);
#552=VERTEX_POINT('',#1401);
#553=VERTEX_POINT('',#1403);
#554=VERTEX_POINT('',#1410);
#555=VERTEX_POINT('',#1411);
#556=VERTEX_POINT('',#1422);
#557=VERTEX_POINT('',#1423);
#558=VERTEX_POINT('',#1437);
#559=VERTEX_POINT('',#1439);
#560=VERTEX_POINT('',#1446);
#561=VERTEX_POINT('',#1447);
#562=VERTEX_POINT('',#1461);
#563=VERTEX_POINT('',#1463);
#564=VERTEX_POINT('',#1470);
#565=VERTEX_POINT('',#1471);
#566=VERTEX_POINT('',#1482);
#567=VERTEX_POINT('',#1483);
#568=VERTEX_POINT('',#1494);
#569=VERTEX_POINT('',#1495);
#570=VERTEX_POINT('',#1509);
#571=VERTEX_POINT('',#1511);
#572=VERTEX_POINT('',#1518);
#573=VERTEX_POINT('',#1519);
#574=VERTEX_POINT('',#1530);
#575=VERTEX_POINT('',#1531);
#576=VERTEX_POINT('',#1545);
#577=VERTEX_POINT('',#1547);
#578=VERTEX_POINT('',#1554);
#579=VERTEX_POINT('',#1555);
#580=VERTEX_POINT('',#1569);
#581=VERTEX_POINT('',#1571);
#582=VERTEX_POINT('',#1578);
#583=VERTEX_POINT('',#1579);
#584=VERTEX_POINT('',#1590);
#585=VERTEX_POINT('',#1882);
#586=VERTEX_POINT('',#1883);
#587=VERTEX_POINT('',#1885);
#588=VERTEX_POINT('',#1887);
#589=VERTEX_POINT('',#1889);
#590=VERTEX_POINT('',#1891);
#591=VERTEX_POINT('',#1895);
#592=VERTEX_POINT('',#6794);
#593=VERTEX_POINT('',#6796);
#594=VERTEX_POINT('',#6800);
#595=VERTEX_POINT('',#6804);
#596=VERTEX_POINT('',#6808);
#597=VERTEX_POINT('',#6812);
#598=VERTEX_POINT('',#6818);
#599=CIRCLE('',#820,0.00638758591012195);
#600=CIRCLE('',#821,0.00947526042930658);
#601=CIRCLE('',#822,0.00947526042930658);
#602=CIRCLE('',#823,0.00947526042930658);
#603=CIRCLE('',#824,0.00947526042930658);
#604=CIRCLE('',#825,0.00947526042930658);
#605=CIRCLE('',#826,0.00947526042930658);
#606=CIRCLE('',#827,0.00947526042930658);
#607=CIRCLE('',#828,0.00947526042930658);
#608=CIRCLE('',#829,0.00947526042930658);
#609=CIRCLE('',#830,0.00947526042930658);
#610=CIRCLE('',#831,0.00947526042930658);
#611=CIRCLE('',#832,0.00947526042930658);
#612=CIRCLE('',#833,0.00947526042930658);
#613=CIRCLE('',#834,0.00947526042930658);
#614=CIRCLE('',#835,0.00947526042930658);
#615=CIRCLE('',#836,0.00947526042930658);
#616=CIRCLE('',#837,0.00947526042930658);
#617=CIRCLE('',#839,0.00824314755542963);
#618=CIRCLE('',#841,0.00824314755542963);
#619=CIRCLE('',#843,0.00824314755542963);
#620=CIRCLE('',#845,0.00824314755542963);
#621=CIRCLE('',#847,0.00824314755542963);
#622=CIRCLE('',#849,0.00824314755542963);
#623=CIRCLE('',#851,0.00824314755542963);
#624=CIRCLE('',#853,0.00824314755542963);
#625=CIRCLE('',#855,0.00824314755542963);
#626=CIRCLE('',#857,0.00824314755542963);
#627=CIRCLE('',#859,0.00824314755542963);
#628=CIRCLE('',#861,0.00824314755542963);
#629=CIRCLE('',#863,0.00824314755542963);
#630=CIRCLE('',#865,0.00824314755542963);
#631=CIRCLE('',#867,0.00824314755542963);
#632=CIRCLE('',#869,0.00824314755542963);
#633=CIRCLE('',#871,0.00824314755542963);
#634=CIRCLE('',#873,0.00555697793986353);
#635=CIRCLE('',#876,0.00225);
#636=CIRCLE('',#884,0.00225);
#637=EDGE_LOOP('',(#143));
#638=EDGE_LOOP('',(#144,#145,#146,#147,#148,#149,#150,#151,#152,#153,#154,
#155,#156,#157,#158,#159,#160,#161,#162,#163,#164,#165,#166,#167,#168,#169,
#170,#171,#172,#173,#174,#175,#176,#177));
#639=EDGE_LOOP('',(#178,#179,#180,#181));
#640=EDGE_LOOP('',(#182,#183,#184,#185));
#641=EDGE_LOOP('',(#186,#187,#188,#189));
#642=EDGE_LOOP('',(#190,#191,#192,#193));
#643=EDGE_LOOP('',(#194,#195,#196,#197));
#644=EDGE_LOOP('',(#198,#199,#200,#201));
#645=EDGE_LOOP('',(#202,#203,#204,#205));
#646=EDGE_LOOP('',(#206,#207,#208,#209));
#647=EDGE_LOOP('',(#210,#211,#212,#213));
#648=EDGE_LOOP('',(#214,#215,#216,#217));
#649=EDGE_LOOP('',(#218,#219,#220,#221));
#650=EDGE_LOOP('',(#222,#223,#224,#225));
#651=EDGE_LOOP('',(#226,#227,#228,#229));
#652=EDGE_LOOP('',(#230,#231,#232,#233));
#653=EDGE_LOOP('',(#234,#235,#236,#237));
#654=EDGE_LOOP('',(#238,#239,#240,#241));
#655=EDGE_LOOP('',(#242,#243,#244,#245));
#656=EDGE_LOOP('',(#246));
#657=EDGE_LOOP('',(#247,#248,#249,#250,#251,#252,#253,#254,#255,#256,#257,
#258,#259,#260,#261,#262,#263,#264,#265,#266,#267,#268,#269,#270,#271,#272,
#273,#274,#275,#276,#277,#278,#279,#280));
#658=EDGE_LOOP('',(#281,#282,#283,#284,#285,#286));
#659=EDGE_LOOP('',(#287));
#660=EDGE_LOOP('',(#288));
#661=EDGE_LOOP('',(#289));
#662=EDGE_LOOP('',(#290,#291,#292,#293));
#663=EDGE_LOOP('',(#294,#295,#296,#297));
#664=EDGE_LOOP('',(#298,#299,#300,#301));
#665=EDGE_LOOP('',(#302,#303,#304,#305));
#666=EDGE_LOOP('',(#306,#307,#308,#309));
#667=EDGE_LOOP('',(#310,#311,#312,#313));
#668=EDGE_LOOP('',(#314,#315,#316,#317));
#669=EDGE_LOOP('',(#318,#319,#320,#321));
#670=EDGE_LOOP('',(#322,#323,#324,#325));
#671=EDGE_LOOP('',(#326,#327,#328,#329));
#672=EDGE_LOOP('',(#330,#331,#332,#333));
#673=EDGE_LOOP('',(#334,#335,#336,#337));
#674=EDGE_LOOP('',(#338,#339,#340,#341));
#675=EDGE_LOOP('',(#342,#343,#344,#345));
#676=EDGE_LOOP('',(#346,#347,#348,#349));
#677=EDGE_LOOP('',(#350,#351,#352,#353));
#678=EDGE_LOOP('',(#354,#355,#356,#357));
#679=EDGE_LOOP('',(#358,#359,#360,#361));
#680=EDGE_LOOP('',(#362,#363,#364,#365));
#681=EDGE_LOOP('',(#366,#367,#368,#369));
#682=EDGE_LOOP('',(#370,#371,#372,#373));
#683=EDGE_LOOP('',(#374,#375,#376,#377));
#684=EDGE_LOOP('',(#378,#379,#380,#381));
#685=EDGE_LOOP('',(#382));
#686=EDGE_LOOP('',(#383));
#687=EDGE_LOOP('',(#384));
#688=EDGE_LOOP('',(#385,#386,#387,#388,#389,#390));
#689=FACE_BOUND('',#637,.T.);
#690=FACE_BOUND('',#638,.T.);
#691=FACE_BOUND('',#639,.T.);
#692=FACE_BOUND('',#640,.T.);
#693=FACE_BOUND('',#641,.T.);
#694=FACE_BOUND('',#642,.T.);
#695=FACE_BOUND('',#643,.T.);
#696=FACE_BOUND('',#644,.T.);
#697=FACE_BOUND('',#645,.T.);
#698=FACE_BOUND('',#646,.T.);
#699=FACE_BOUND('',#647,.T.);
#700=FACE_BOUND('',#648,.T.);
#701=FACE_BOUND('',#649,.T.);
#702=FACE_BOUND('',#650,.T.);
#703=FACE_BOUND('',#651,.T.);
#704=FACE_BOUND('',#652,.T.);
#705=FACE_BOUND('',#653,.T.);
#706=FACE_BOUND('',#654,.T.);
#707=FACE_BOUND('',#655,.T.);
#708=FACE_BOUND('',#656,.T.);
#709=FACE_BOUND('',#657,.T.);
#710=FACE_BOUND('',#658,.T.);
#711=FACE_BOUND('',#659,.T.);
#712=FACE_BOUND('',#660,.T.);
#713=FACE_BOUND('',#661,.T.);
#714=FACE_BOUND('',#662,.T.);
#715=FACE_BOUND('',#663,.T.);
#716=FACE_BOUND('',#664,.T.);
#717=FACE_BOUND('',#665,.T.);
#718=FACE_BOUND('',#666,.T.);
#719=FACE_BOUND('',#667,.T.);
#720=FACE_BOUND('',#668,.T.);
#721=FACE_BOUND('',#669,.T.);
#722=FACE_BOUND('',#670,.T.);
#723=FACE_BOUND('',#671,.T.);
#724=FACE_BOUND('',#672,.T.);
#725=FACE_BOUND('',#673,.T.);
#726=FACE_BOUND('',#674,.T.);
#727=FACE_BOUND('',#675,.T.);
#728=FACE_BOUND('',#676,.T.);
#729=FACE_BOUND('',#677,.T.);
#730=FACE_BOUND('',#678,.T.);
#731=FACE_BOUND('',#679,.T.);
#732=FACE_BOUND('',#680,.T.);
#733=FACE_BOUND('',#681,.T.);
#734=FACE_BOUND('',#682,.T.);
#735=FACE_BOUND('',#683,.T.);
#736=FACE_BOUND('',#684,.T.);
#737=FACE_BOUND('',#685,.T.);
#738=FACE_BOUND('',#686,.T.);
#739=FACE_BOUND('',#687,.T.);
#740=FACE_BOUND('',#688,.T.);
#741=CONICAL_SURFACE('',#819,0.00947526042930658,1.34789609446652);
#742=CONICAL_SURFACE('',#838,0.00824314755542963,0.248901316125593);
#743=CONICAL_SURFACE('',#840,0.00824314755542963,0.248901316125593);
#744=CONICAL_SURFACE('',#842,0.00824314755542963,0.248901316125593);
#745=CONICAL_SURFACE('',#844,0.00824314755542963,0.248901316125593);
#746=CONICAL_SURFACE('',#846,0.00824314755542963,0.248901316125593);
#747=CONICAL_SURFACE('',#848,0.00824314755542963,0.248901316125593);
#748=CONICAL_SURFACE('',#850,0.00824314755542963,0.248901316125593);
#749=CONICAL_SURFACE('',#852,0.00824314755542963,0.248901316125593);
#750=CONICAL_SURFACE('',#854,0.00824314755542963,0.248901316125593);
#751=CONICAL_SURFACE('',#856,0.00824314755542963,0.248901316125593);
#752=CONICAL_SURFACE('',#858,0.00824314755542963,0.248901316125593);
#753=CONICAL_SURFACE('',#860,0.00824314755542963,0.248901316125593);
#754=CONICAL_SURFACE('',#862,0.00824314755542963,0.248901316125593);
#755=CONICAL_SURFACE('',#864,0.00824314755542963,0.248901316125593);
#756=CONICAL_SURFACE('',#866,0.00824314755542963,0.248901316125593);
#757=CONICAL_SURFACE('',#868,0.00824314755542963,0.248901316125593);
#758=CONICAL_SURFACE('',#870,0.00824314755542963,0.248901316125593);
#759=CONICAL_SURFACE('',#872,0.00555697793986353,1.34789609446652);
#760=ADVANCED_FACE('',(#689,#690),#741,.T.);
#761=ADVANCED_FACE('',(#691),#742,.T.);
#762=ADVANCED_FACE('',(#692),#743,.T.);
#763=ADVANCED_FACE('',(#693),#744,.T.);
#764=ADVANCED_FACE('',(#694),#745,.T.);
#765=ADVANCED_FACE('',(#695),#746,.T.);
#766=ADVANCED_FACE('',(#696),#747,.T.);
#767=ADVANCED_FACE('',(#697),#748,.T.);
#768=ADVANCED_FACE('',(#698),#749,.T.);
#769=ADVANCED_FACE('',(#699),#750,.T.);
#770=ADVANCED_FACE('',(#700),#751,.T.);
#771=ADVANCED_FACE('',(#701),#752,.T.);
#772=ADVANCED_FACE('',(#702),#753,.T.);
#773=ADVANCED_FACE('',(#703),#754,.T.);
#774=ADVANCED_FACE('',(#704),#755,.T.);
#775=ADVANCED_FACE('',(#705),#756,.T.);
#776=ADVANCED_FACE('',(#706),#757,.T.);
#777=ADVANCED_FACE('',(#707),#758,.T.);
#778=ADVANCED_FACE('',(#708,#709),#759,.F.);
#779=ADVANCED_FACE('',(#710,#711),#66,.T.);
#780=ADVANCED_FACE('',(#712,#713),#67,.T.);
#781=ADVANCED_FACE('',(#714),#13,.T.);
#782=ADVANCED_FACE('',(#715),#14,.T.);
#783=ADVANCED_FACE('',(#716),#15,.T.);
#784=ADVANCED_FACE('',(#717),#16,.T.);
#785=ADVANCED_FACE('',(#718),#17,.T.);
#786=ADVANCED_FACE('',(#719),#18,.T.);
#787=ADVANCED_FACE('',(#720),#19,.T.);
#788=ADVANCED_FACE('',(#721),#20,.T.);
#789=ADVANCED_FACE('',(#722),#21,.T.);
#790=ADVANCED_FACE('',(#723),#22,.T.);
#791=ADVANCED_FACE('',(#724),#23,.T.);
#792=ADVANCED_FACE('',(#725),#24,.T.);
#793=ADVANCED_FACE('',(#726),#25,.T.);
#794=ADVANCED_FACE('',(#727),#26,.T.);
#795=ADVANCED_FACE('',(#728),#27,.T.);
#796=ADVANCED_FACE('',(#729),#28,.T.);
#797=ADVANCED_FACE('',(#730),#29,.T.);
#798=ADVANCED_FACE('',(#731),#68,.F.);
#799=ADVANCED_FACE('',(#732),#69,.F.);
#800=ADVANCED_FACE('',(#733),#70,.F.);
#801=ADVANCED_FACE('',(#734),#71,.F.);
#802=ADVANCED_FACE('',(#735),#72,.F.);
#803=ADVANCED_FACE('',(#736),#73,.F.);
#804=ADVANCED_FACE('',(#737,#738),#12,.F.);
#805=ADVANCED_FACE('',(#739,#740),#74,.F.);
#806=CLOSED_SHELL('',(#760,#761,#762,#763,#764,#765,#766,#767,#768,#769,
#770,#771,#772,#773,#774,#775,#776,#777,#778,#779,#780,#781,#782,#783,#784,
#785,#786,#787,#788,#789,#790,#791,#792,#793,#794,#795,#796,#797,#798,#799,
#800,#801,#802,#803,#804,#805));
#807=STYLED_ITEM('',(#808),#815);
#808=PRESENTATION_STYLE_ASSIGNMENT((#809));
#809=SURFACE_STYLE_USAGE(.BOTH.,#810);
#810=SURFACE_SIDE_STYLE('',(#811));
#811=SURFACE_STYLE_FILL_AREA(#812);
#812=FILL_AREA_STYLE('',(#813));
#813=FILL_AREA_STYLE_COLOUR('',#814);
#814=COLOUR_RGB('',0.537254901960784,0.854901960784314,0.827450980392157);
#815=MANIFOLD_SOLID_BREP('Pinion Bevel',#806);
#816=SHAPE_DEFINITION_REPRESENTATION(#6826,#817);
#817=SHAPE_REPRESENTATION('Pinion Bevel',(#818),#6821);
#818=AXIS2_PLACEMENT_3D('',#1040,#886,#887);
#819=AXIS2_PLACEMENT_3D('',#1041,#888,#889);
#820=AXIS2_PLACEMENT_3D('',#1042,#890,#891);
#821=AXIS2_PLACEMENT_3D('',#1044,#892,#893);
#822=AXIS2_PLACEMENT_3D('',#1065,#894,#895);
#823=AXIS2_PLACEMENT_3D('',#1085,#896,#897);
#824=AXIS2_PLACEMENT_3D('',#1105,#898,#899);
#825=AXIS2_PLACEMENT_3D('',#1125,#900,#901);
#826=AXIS2_PLACEMENT_3D('',#1145,#902,#903);
#827=AXIS2_PLACEMENT_3D('',#1165,#904,#905);
#828=AXIS2_PLACEMENT_3D('',#1185,#906,#907);
#829=AXIS2_PLACEMENT_3D('',#1205,#908,#909);
#830=AXIS2_PLACEMENT_3D('',#1225,#910,#911);
#831=AXIS2_PLACEMENT_3D('',#1245,#912,#913);
#832=AXIS2_PLACEMENT_3D('',#1265,#914,#915);
#833=AXIS2_PLACEMENT_3D('',#1285,#916,#917);
#834=AXIS2_PLACEMENT_3D('',#1305,#918,#919);
#835=AXIS2_PLACEMENT_3D('',#1325,#920,#921);
#836=AXIS2_PLACEMENT_3D('',#1345,#922,#923);
#837=AXIS2_PLACEMENT_3D('',#1365,#924,#925);
#838=AXIS2_PLACEMENT_3D('',#1384,#926,#927);
#839=AXIS2_PLACEMENT_3D('',#1385,#928,#929);
#840=AXIS2_PLACEMENT_3D('',#1396,#930,#931);
#841=AXIS2_PLACEMENT_3D('',#1402,#932,#933);
#842=AXIS2_PLACEMENT_3D('',#1408,#934,#935);
#843=AXIS2_PLACEMENT_3D('',#1409,#936,#937);
#844=AXIS2_PLACEMENT_3D('',#1420,#938,#939);
#845=AXIS2_PLACEMENT_3D('',#1421,#940,#941);
#846=AXIS2_PLACEMENT_3D('',#1432,#942,#943);
#847=AXIS2_PLACEMENT_3D('',#1438,#944,#945);
#848=AXIS2_PLACEMENT_3D('',#1444,#946,#947);
#849=AXIS2_PLACEMENT_3D('',#1445,#948,#949);
#850=AXIS2_PLACEMENT_3D('',#1456,#950,#951);
#851=AXIS2_PLACEMENT_3D('',#1462,#952,#953);
#852=AXIS2_PLACEMENT_3D('',#1468,#954,#955);
#853=AXIS2_PLACEMENT_3D('',#1469,#956,#957);
#854=AXIS2_PLACEMENT_3D('',#1480,#958,#959);
#855=AXIS2_PLACEMENT_3D('',#1481,#960,#961);
#856=AXIS2_PLACEMENT_3D('',#1492,#962,#963);
#857=AXIS2_PLACEMENT_3D('',#1493,#964,#965);
#858=AXIS2_PLACEMENT_3D('',#1504,#966,#967);
#859=AXIS2_PLACEMENT_3D('',#1510,#968,#969);
#860=AXIS2_PLACEMENT_3D('',#1516,#970,#971);
#861=AXIS2_PLACEMENT_3D('',#1517,#972,#973);
#862=AXIS2_PLACEMENT_3D('',#1528,#974,#975);
#863=AXIS2_PLACEMENT_3D('',#1529,#976,#977);
#864=AXIS2_PLACEMENT_3D('',#1540,#978,#979);
#865=AXIS2_PLACEMENT_3D('',#1546,#980,#981);
#866=AXIS2_PLACEMENT_3D('',#1552,#982,#983);
#867=AXIS2_PLACEMENT_3D('',#1553,#984,#985);
#868=AXIS2_PLACEMENT_3D('',#1564,#986,#987);
#869=AXIS2_PLACEMENT_3D('',#1570,#988,#989);
#870=AXIS2_PLACEMENT_3D('',#1576,#990,#991);
#871=AXIS2_PLACEMENT_3D('',#1577,#992,#993);
#872=AXIS2_PLACEMENT_3D('',#1588,#994,#995);
#873=AXIS2_PLACEMENT_3D('',#1589,#996,#997);
#874=AXIS2_PLACEMENT_3D('',#1880,#998,#999);
#875=AXIS2_PLACEMENT_3D('',#1893,#1006,#1007);
#876=AXIS2_PLACEMENT_3D('',#1894,#1008,#1009);
#877=AXIS2_PLACEMENT_3D('',#6792,#1010,#1011);
#878=AXIS2_PLACEMENT_3D('',#6798,#1015,#1016);
#879=AXIS2_PLACEMENT_3D('',#6802,#1019,#1020);
#880=AXIS2_PLACEMENT_3D('',#6806,#1023,#1024);
#881=AXIS2_PLACEMENT_3D('',#6810,#1027,#1028);
#882=AXIS2_PLACEMENT_3D('',#6814,#1031,#1032);
#883=AXIS2_PLACEMENT_3D('',#6816,#1034,#1035);
#884=AXIS2_PLACEMENT_3D('',#6817,#1036,#1037);
#885=AXIS2_PLACEMENT_3D('',#6819,#1038,#1039);
#886=DIRECTION('',(0.,0.,1.));
#887=DIRECTION('',(1.,0.,0.));
#888=DIRECTION('',(-1.,0.,0.));
#889=DIRECTION('',(0.,0.,1.));
#890=DIRECTION('',(-1.,0.,0.));
#891=DIRECTION('',(0.,0.,1.));
#892=DIRECTION('',(-1.,0.,0.));
#893=DIRECTION('',(0.,0.,1.));
#894=DIRECTION('',(-1.,0.,0.));
#895=DIRECTION('',(0.,0.,1.));
#896=DIRECTION('',(-1.,0.,0.));
#897=DIRECTION('',(0.,0.,1.));
#898=DIRECTION('',(-1.,0.,0.));
#899=DIRECTION('',(0.,0.,1.));
#900=DIRECTION('',(-1.,0.,0.));
#901=DIRECTION('',(0.,0.,1.));
#902=DIRECTION('',(-1.,0.,0.));
#903=DIRECTION('',(0.,0.,1.));
#904=DIRECTION('',(-1.,0.,0.));
#905=DIRECTION('',(0.,0.,1.));
#906=DIRECTION('',(-1.,0.,0.));
#907=DIRECTION('',(0.,0.,1.));
#908=DIRECTION('',(-1.,0.,0.));
#909=DIRECTION('',(0.,0.,1.));
#910=DIRECTION('',(-1.,0.,0.));
#911=DIRECTION('',(0.,0.,1.));
#912=DIRECTION('',(-1.,0.,0.));
#913=DIRECTION('',(0.,0.,1.));
#914=DIRECTION('',(-1.,0.,0.));
#915=DIRECTION('',(0.,0.,1.));
#916=DIRECTION('',(-1.,0.,0.));
#917=DIRECTION('',(0.,0.,1.));
#918=DIRECTION('',(-1.,0.,0.));
#919=DIRECTION('',(0.,0.,1.));
#920=DIRECTION('',(-1.,0.,0.));
#921=DIRECTION('',(0.,0.,1.));
#922=DIRECTION('',(-1.,0.,0.));
#923=DIRECTION('',(0.,0.,1.));
#924=DIRECTION('',(-1.,0.,0.));
#925=DIRECTION('',(0.,0.,1.));
#926=DIRECTION('',(1.,0.,0.));
#927=DIRECTION('',(0.,0.,-1.));
#928=DIRECTION('',(-1.,0.,0.));
#929=DIRECTION('',(0.,0.,1.));
#930=DIRECTION('',(1.,0.,0.));
#931=DIRECTION('',(0.,0.,-1.));
#932=DIRECTION('',(-1.,0.,0.));
#933=DIRECTION('',(0.,0.,1.));
#934=DIRECTION('',(1.,0.,0.));
#935=DIRECTION('',(0.,0.,-1.));
#936=DIRECTION('',(-1.,0.,0.));
#937=DIRECTION('',(0.,0.,1.));
#938=DIRECTION('',(1.,0.,0.));
#939=DIRECTION('',(0.,0.,-1.));
#940=DIRECTION('',(-1.,0.,0.));
#941=DIRECTION('',(0.,0.,1.));
#942=DIRECTION('',(1.,0.,0.));
#943=DIRECTION('',(0.,0.,-1.));
#944=DIRECTION('',(-1.,0.,0.));
#945=DIRECTION('',(0.,0.,1.));
#946=DIRECTION('',(1.,0.,0.));
#947=DIRECTION('',(0.,0.,-1.));
#948=DIRECTION('',(-1.,0.,0.));
#949=DIRECTION('',(0.,0.,1.));
#950=DIRECTION('',(1.,0.,0.));
#951=DIRECTION('',(0.,0.,-1.));
#952=DIRECTION('',(-1.,0.,0.));
#953=DIRECTION('',(0.,0.,1.));
#954=DIRECTION('',(1.,0.,0.));
#955=DIRECTION('',(0.,0.,-1.));
#956=DIRECTION('',(-1.,0.,0.));
#957=DIRECTION('',(0.,0.,1.));
#958=DIRECTION('',(1.,0.,0.));
#959=DIRECTION('',(0.,0.,-1.));
#960=DIRECTION('',(-1.,0.,0.));
#961=DIRECTION('',(0.,0.,1.));
#962=DIRECTION('',(1.,0.,0.));
#963=DIRECTION('',(0.,0.,-1.));
#964=DIRECTION('',(-1.,0.,0.));
#965=DIRECTION('',(0.,0.,1.));
#966=DIRECTION('',(1.,0.,0.));
#967=DIRECTION('',(0.,0.,-1.));
#968=DIRECTION('',(-1.,0.,0.));
#969=DIRECTION('',(0.,0.,1.));
#970=DIRECTION('',(1.,0.,0.));
#971=DIRECTION('',(0.,0.,-1.));
#972=DIRECTION('',(-1.,0.,0.));
#973=DIRECTION('',(0.,0.,1.));
#974=DIRECTION('',(1.,0.,0.));
#975=DIRECTION('',(0.,0.,-1.));
#976=DIRECTION('',(-1.,0.,0.));
#977=DIRECTION('',(0.,0.,1.));
#978=DIRECTION('',(1.,0.,0.));
#979=DIRECTION('',(0.,0.,-1.));
#980=DIRECTION('',(-1.,0.,0.));
#981=DIRECTION('',(0.,0.,1.));
#982=DIRECTION('',(1.,0.,0.));
#983=DIRECTION('',(0.,0.,-1.));
#984=DIRECTION('',(-1.,0.,0.));
#985=DIRECTION('',(0.,0.,1.));
#986=DIRECTION('',(1.,0.,0.));
#987=DIRECTION('',(0.,0.,-1.));
#988=DIRECTION('',(-1.,0.,0.));
#989=DIRECTION('',(0.,0.,1.));
#990=DIRECTION('',(1.,0.,0.));
#991=DIRECTION('',(0.,0.,-1.));
#992=DIRECTION('',(-1.,0.,0.));
#993=DIRECTION('',(0.,0.,1.));
#994=DIRECTION('',(-1.,0.,0.));
#995=DIRECTION('',(0.,0.,1.));
#996=DIRECTION('',(-1.,0.,0.));
#997=DIRECTION('',(0.,0.,1.));
#998=DIRECTION('',(-1.,0.,0.));
#999=DIRECTION('',(0.,0.,1.));
#1000=DIRECTION('',(0.,-0.866025403784439,-0.5));
#1001=DIRECTION('',(0.,0.,-1.));
#1002=DIRECTION('',(0.,0.866025403784439,-0.5));
#1003=DIRECTION('',(0.,0.866025403784439,0.5));
#1004=DIRECTION('',(0.,1.0432740269008E-16,1.));
#1005=DIRECTION('',(0.,-0.866025403784438,0.5));
#1006=DIRECTION('',(1.,0.,0.));
#1007=DIRECTION('',(0.,0.,-1.));
#1008=DIRECTION('',(1.,0.,0.));
#1009=DIRECTION('',(0.,0.,-1.));
#1010=DIRECTION('',(0.,0.5,-0.866025403784439));
#1011=DIRECTION('',(0.,0.866025403784439,0.5));
#1012=DIRECTION('',(1.,0.,0.));
#1013=DIRECTION('',(0.,0.866025403784439,0.5));
#1014=DIRECTION('',(1.,0.,0.));
#1015=DIRECTION('',(0.,1.,0.));
#1016=DIRECTION('',(0.,0.,1.));
#1017=DIRECTION('',(0.,0.,1.));
#1018=DIRECTION('',(1.,0.,0.));
#1019=DIRECTION('',(0.,0.5,0.866025403784439));
#1020=DIRECTION('',(0.,-0.866025403784439,0.5));
#1021=DIRECTION('',(0.,-0.866025403784439,0.5));
#1022=DIRECTION('',(1.,0.,0.));
#1023=DIRECTION('',(0.,-0.5,0.866025403784439));
#1024=DIRECTION('',(0.,-0.866025403784439,-0.5));
#1025=DIRECTION('',(0.,-0.866025403784439,-0.5));
#1026=DIRECTION('',(1.,0.,0.));
#1027=DIRECTION('',(0.,-1.,1.0432740269008E-16));
#1028=DIRECTION('',(0.,-1.0432740269008E-16,-1.));
#1029=DIRECTION('',(0.,-1.0432740269008E-16,-1.));
#1030=DIRECTION('',(1.,0.,0.));
#1031=DIRECTION('',(0.,-0.5,-0.866025403784438));
#1032=DIRECTION('',(0.,0.866025403784438,-0.5));
#1033=DIRECTION('',(0.,0.866025403784438,-0.5));
#1034=DIRECTION('',(1.,0.,0.));
#1035=DIRECTION('',(0.,0.,-1.));
#1036=DIRECTION('',(1.,0.,0.));
#1037=DIRECTION('',(0.,0.,-1.));
#1038=DIRECTION('',(1.,0.,0.));
#1039=DIRECTION('',(0.,1.,0.));
#1040=CARTESIAN_POINT('',(0.,0.,0.));
#1041=CARTESIAN_POINT('',(-0.000478813860372359,0.,0.));
#1042=CARTESIAN_POINT('',(0.000221059030642824,0.,0.));
#1043=CARTESIAN_POINT('',(0.000221059030642824,0.,0.00638758591012195));
#1044=CARTESIAN_POINT('',(-0.000478813860372359,0.,0.));
#1045=CARTESIAN_POINT('',(-0.000478813860372358,-0.0083854631373195,-0.0044118667450229));
#1046=CARTESIAN_POINT('',(-0.000478813860372358,-0.00857411619562739,-0.00403300033065499));
#1047=CARTESIAN_POINT('',(-0.000478813860372359,-0.0083854631373195,-0.0044118667450229));
#1048=CARTESIAN_POINT('',(-0.000435555766004042,-0.00815742246937305,-0.00443542252309392));
#1049=CARTESIAN_POINT('',(-0.000368635661914879,-0.00781236516021197,-0.00444858316715407));
#1050=CARTESIAN_POINT('',(-0.000275113659347555,-0.00736120737860946,-0.00440184886713843));
#1051=CARTESIAN_POINT('',(-0.000201758119078763,-0.00702181386461176,-0.00433687099664711));
#1052=CARTESIAN_POINT('',(-0.000125851685602736,-0.00671922026981813,-0.00418863318301344));
#1053=CARTESIAN_POINT('',(-4.49614794915189E-5,-0.00641025293898315,-0.00401143484464363));
#1054=CARTESIAN_POINT('',(6.53667857174162E-6,-0.00604847192391699,-0.00415291683976543));
#1055=CARTESIAN_POINT('',(-2.71308074069487E-6,-0.00587464499715843,-0.00446300847399992));
#1056=CARTESIAN_POINT('',(4.32274921972132E-6,-0.00562794835975031,-0.00472201711035774));
#1057=CARTESIAN_POINT('',(-5.36457922430047E-5,-0.00562889189405928,-0.00510643182745886));
#1058=CARTESIAN_POINT('',(-0.000133850070500906,-0.00589851235876701,-0.00533491884579482));
#1059=CARTESIAN_POINT('',(-0.000208333244555025,-0.00610658766170579,-0.0055949685450867));
#1060=CARTESIAN_POINT('',(-0.00028012776192112,-0.00625841116502699,-0.00589708712186364));
#1061=CARTESIAN_POINT('',(-0.000371045862239239,-0.00641941993406646,-0.00630910738551034));
#1062=CARTESIAN_POINT('',(-0.000436408982018813,-0.00649927176234037,-0.00663666040772921));
#1063=CARTESIAN_POINT('',(-0.000478813860372356,-0.00653823748492951,-0.00685798883010506));
#1064=CARTESIAN_POINT('',(-0.000478813860372358,-0.00653823748492951,-0.00685798883010506));
#1065=CARTESIAN_POINT('',(-0.000478813860372359,0.,0.));
#1066=CARTESIAN_POINT('',(-0.000478813860372358,-0.0062254614122766,-0.00714312189504269));
#1067=CARTESIAN_POINT('',(-0.000478813860372359,-0.0062254614122766,-0.00714312189504269));
#1068=CARTESIAN_POINT('',(-0.000435555766004041,-0.00600431049372302,-0.00708270921308851));
#1069=CARTESIAN_POINT('',(-0.000368635661914884,-0.00567779996238891,-0.00697033207090428));
#1070=CARTESIAN_POINT('',(-0.000275113659347556,-0.00527399023637066,-0.00676377664523967));
#1071=CARTESIAN_POINT('',(-0.000201758119078767,-0.00498098792392941,-0.00658058350699103));
#1072=CARTESIAN_POINT('',(-0.00012585168560274,-0.00475237747477768,-0.00633304644806922));
#1073=CARTESIAN_POINT('',(-4.49614794915244E-5,-0.00452828544197919,-0.00605620204505454));
#1074=CARTESIAN_POINT('',(6.53667857174158E-6,-0.00413982550065101,-0.00605743969978894));
#1075=CARTESIAN_POINT('',(-2.7130807406961E-6,-0.00386571870010438,-0.00628379800863276));
#1076=CARTESIAN_POINT('',(4.32274921972439E-6,-0.00354211622527912,-0.00643619926487222));
#1077=CARTESIAN_POINT('',(-5.36457922430006E-5,-0.00340412943190721,-0.00679499615704923));
#1078=CARTESIAN_POINT('',(-0.000133850070500898,-0.00357300399652045,-0.00710545210233608));
#1079=CARTESIAN_POINT('',(-0.000208333244555022,-0.0036730876514721,-0.00742310669431672));
#1080=CARTESIAN_POINT('',(-0.000280127761921116,-0.003705521034029,-0.00775966885245452));
#1081=CARTESIAN_POINT('',(-0.000371045862239236,-0.00370681835330629,-0.00820202938225549));
#1082=CARTESIAN_POINT('',(-0.000436408982018815,-0.00366295216612791,-0.00853630928662583));
#1083=CARTESIAN_POINT('',(-0.000478813860372356,-0.00361933357226732,-0.00875676793662147));
#1084=CARTESIAN_POINT('',(-0.000478813860372358,-0.00361933357226732,-0.00875676793662147));
#1085=CARTESIAN_POINT('',(-0.000478813860372359,0.,0.));
#1086=CARTESIAN_POINT('',(-0.000478813860372358,-0.0032246766270332,-0.00890965885173215));
#1087=CARTESIAN_POINT('',(-0.000478813860372359,-0.00322467662703319,-0.00890965885173215));
#1088=CARTESIAN_POINT('',(-0.000435555766004043,-0.00304028311486267,-0.00877343677720894));
#1089=CARTESIAN_POINT('',(-0.000368635661914885,-0.00277641641786956,-0.00855069900453552));
#1090=CARTESIAN_POINT('',(-0.000275113659347565,-0.00247449148852124,-0.00821221890802109));
#1091=CARTESIAN_POINT('',(-0.000201758119078776,-0.00226745196351352,-0.00793555175044385));
#1092=CARTESIAN_POINT('',(-0.000125851685602751,-0.00214369976793584,-0.00762214669769148));
#1093=CARTESIAN_POINT('',(-4.49614794915358E-5,-0.00203474790394012,-0.00728304560070686));
#1094=CARTESIAN_POINT('',(6.53667857173839E-6,-0.00167207270395714,-0.00714387176292387));
#1095=CARTESIAN_POINT('',(-2.71308074069287E-6,-0.00133470567191444,-0.00725592580247297));
#1096=CARTESIAN_POINT('',(4.32274921972333E-6,-0.000977901667040381,-0.00728113704445445));
#1097=CARTESIAN_POINT('',(-5.36457922430035E-5,-0.000719620427043728,-0.00756585860325663));
#1098=CARTESIAN_POINT('',(-0.000133850070500912,-0.000764941645845201,-0.00791635467978765));
#1099=CARTESIAN_POINT('',(-0.00020833324455503,-0.000743516800625801,-0.00824871315162519));
#1100=CARTESIAN_POINT('',(-0.000280127761921124,-0.000652179754384525,-0.00857426430671202));
#1101=CARTESIAN_POINT('',(-0.00037104586223924,-0.000493590413742531,-0.0089872218619133));
#1102=CARTESIAN_POINT('',(-0.000436408982018817,-0.000331930582761224,-0.00928308229504099));
#1103=CARTESIAN_POINT('',(-0.000478813860372356,-0.000211618605250759,-0.00947289701037095));
#1104=CARTESIAN_POINT('',(-0.000478813860372358,-0.000211618605250757,-0.00947289701037095));
#1105=CARTESIAN_POINT('',(-0.000478813860372359,0.,0.));
#1106=CARTESIAN_POINT('',(-0.000478813860372358,0.000211618605241077,-0.00947289701037117));
#1107=CARTESIAN_POINT('',(-0.000478813860372359,0.000211618605241081,-0.00947289701037117));
#1108=CARTESIAN_POINT('',(-0.000435555766004043,0.000334351345450185,-0.00927926308927584));
#1109=CARTESIAN_POINT('',(-0.000368635661914884,0.000499937548537567,-0.00897624665654544));
#1110=CARTESIAN_POINT('',(-0.000275113659347564,0.000659201046483681,-0.00855155550179836));
#1111=CARTESIAN_POINT('',(-0.000201758119078775,0.000752315948959985,-0.00821877975758897));
#1112=CARTESIAN_POINT('',(-0.00012585168560275,0.000754496471216248,-0.00788183380001757));
#1113=CARTESIAN_POINT('',(-4.49614794915373E-5,0.000733593613453478,-0.00752627349123485));
#1114=CARTESIAN_POINT('',(6.53667857173857E-6,0.00102150277668088,-0.00726548435891599));
#1115=CARTESIAN_POINT('',(-2.71308074069568E-6,0.00137656675312696,-0.00724810061021638));
#1116=CARTESIAN_POINT('',(4.32274921972813E-6,0.00171838393007228,-0.00714271692000996));
#1117=CARTESIAN_POINT('',(-5.36457922429869E-5,0.0020620773040464,-0.00731490992122435));
#1118=CARTESIAN_POINT('',(-0.000133850070500892,0.00214643031278944,-0.00765810969169818));
#1119=CARTESIAN_POINT('',(-0.000208333244555016,0.00228647011411379,-0.00796028519010912));
#1120=CARTESIAN_POINT('',(-0.000280127761921115,0.00248924201494234,-0.00823085785470931));
#1121=CARTESIAN_POINT('',(-0.000371045862239235,0.00278629964627603,-0.0085586402292042));
#1122=CARTESIAN_POINT('',(-0.000436408982018814,0.00304392006509822,-0.0087761236001761));
#1123=CARTESIAN_POINT('',(-0.000478813860372356,0.00322467662702409,-0.00890965885173544));
#1124=CARTESIAN_POINT('',(-0.000478813860372358,0.00322467662702409,-0.00890965885173544));
#1125=CARTESIAN_POINT('',(-0.000478813860372359,0.,0.));
#1126=CARTESIAN_POINT('',(-0.000478813860372358,0.00361933357225837,-0.00875676793662517));
#1127=CARTESIAN_POINT('',(-0.000478813860372359,0.00361933357225837,-0.00875676793662517));
#1128=CARTESIAN_POINT('',(-0.000435555766004043,0.00366382980385524,-0.00853187350296424));
#1129=CARTESIAN_POINT('',(-0.00036863566191488,0.00370877217876511,-0.00818950245848905));
#1130=CARTESIAN_POINT('',(-0.000275113659347556,0.00370386482740187,-0.00773595713925289));
#1131=CARTESIAN_POINT('',(-0.000201758119078763,0.00367047942379985,-0.00739201601664085));
#1132=CARTESIAN_POINT('',(-0.000125851685602738,0.00355079378112126,-0.00707703557290246));
#1133=CARTESIAN_POINT('',(-4.4961479491521E-5,0.00340285924836764,-0.00675303644225041));
#1134=CARTESIAN_POINT('',(6.53667857174217E-6,0.00357711864698594,-0.00640585303279781));
#1135=CARTESIAN_POINT('',(-2.71308074069437E-6,0.00390192621033897,-0.00626137926743808));
#1136=CARTESIAN_POINT('',(4.32274921972153E-6,0.00418259225553479,-0.00603963329635732));
#1137=CARTESIAN_POINT('',(-5.36457922430109E-5,0.00456528006886039,-0.00607604212101574));
#1138=CARTESIAN_POINT('',(-0.000133850070500918,0.00476791496390093,-0.00636559455469434));
#1139=CARTESIAN_POINT('',(-0.000208333244555034,0.00500765657017414,-0.00659677660420599));
#1140=CARTESIAN_POINT('',(-0.000280127761921126,0.00529447785678512,-0.00677582844067033));
#1141=CARTESIAN_POINT('',(-0.000371045862239246,0.00568988449964574,-0.00697416680847845));
#1142=CARTESIAN_POINT('',(-0.000436408982018816,0.0060086724412228,-0.0070839007829278));
#1143=CARTESIAN_POINT('',(-0.000478813860372356,0.00622546141226929,-0.00714312189504905));
#1144=CARTESIAN_POINT('',(-0.000478813860372358,0.0062254614122693,-0.00714312189504905));
#1145=CARTESIAN_POINT('',(-0.000478813860372359,0.,0.));
#1146=CARTESIAN_POINT('',(-0.000478813860372358,0.0065382374849225,-0.00685798883011174));
#1147=CARTESIAN_POINT('',(-0.000478813860372359,0.00653823748492251,-0.00685798883011174));
#1148=CARTESIAN_POINT('',(-0.000435555766004042,0.00649848774526785,-0.0066322071233342));
#1149=CARTESIAN_POINT('',(-0.000368635661914881,0.00641671657523432,-0.00629672057381407));
#1150=CARTESIAN_POINT('',(-0.000275113659347557,0.00624830113955591,-0.00587557489863305));
#1151=CARTESIAN_POINT('',(-0.000201758119078765,0.00609292431362693,-0.00556691955207068));
#1152=CARTESIAN_POINT('',(-0.00012585168560274,0.00586753671525831,-0.00531644447645907));
#1153=CARTESIAN_POINT('',(-4.49614794915202E-5,0.0056125498858957,-0.00506776440187341));
#1154=CARTESIAN_POINT('',(6.53667857174278E-6,0.00564962482251679,-0.00468107575854328));
#1155=CARTESIAN_POINT('',(-2.7130807406935E-6,0.00590030891152512,-0.00442902395909199));
#1156=CARTESIAN_POINT('',(4.32274921971748E-6,0.00608191832034349,-0.00412086372926816));
#1157=CARTESIAN_POINT('',(-5.36457922430329E-5,0.00645191646328467,-0.0040165711638522));
#1158=CARTESIAN_POINT('',(-0.000133850070500944,0.00674546627920884,-0.0042133706001019));
#1159=CARTESIAN_POINT('',(-0.000208333244555054,0.00705253125804954,-0.00434233678390372));
#1160=CARTESIAN_POINT('',(-0.000280127761921143,0.00738466512635453,-0.00440568584955727));
#1161=CARTESIAN_POINT('',(-0.000371045862239248,0.00782501892259989,-0.00444779351507527));
#1162=CARTESIAN_POINT('',(-0.00043640898201882,0.00816192030895688,-0.0044349579116958));
#1163=CARTESIAN_POINT('',(-0.000478813860372356,0.00838546313731499,-0.00441186674503147));
#1164=CARTESIAN_POINT('',(-0.000478813860372358,0.008385463137315,-0.00441186674503147));
#1165=CARTESIAN_POINT('',(-0.000478813860372359,0.,0.));
#1166=CARTESIAN_POINT('',(-0.000478813860372358,0.00857411619562326,-0.00403300033066376));
#1167=CARTESIAN_POINT('',(-0.000478813860372359,0.00857411619562327,-0.00403300033066376));
#1168=CARTESIAN_POINT('',(-0.000435555766004042,0.00845548890731834,-0.00383682442136954));
#1169=CARTESIAN_POINT('',(-0.000368635661914879,0.00825804784196414,-0.00355353168431231));
#1170=CARTESIAN_POINT('',(-0.000275113659347554,0.00794886975978109,-0.00322166371026835));
#1171=CARTESIAN_POINT('',(-0.000201758119078761,0.00769248601283953,-0.00298997975462723));
#1172=CARTESIAN_POINT('',(-0.000125851685602734,0.00739183630285637,-0.00283783809403406));
#1173=CARTESIAN_POINT('',(-4.49614794915158E-5,0.007064234561121,-0.00269806269757143));
#1174=CARTESIAN_POINT('',(6.53667857174189E-6,0.00695911786011488,-0.00232409326436126));
#1175=CARTESIAN_POINT('',(-2.71308074069511E-6,0.00710182219946942,-0.0019985044230016));
#1176=CARTESIAN_POINT('',(4.32274921972096E-6,0.0071598476149169,-0.00164554868104724));
#1177=CARTESIAN_POINT('',(-5.36457922430106E-5,0.00746718578803886,-0.00141464001442126));
#1178=CARTESIAN_POINT('',(-0.000133850070500912,0.00781200499559041,-0.00149210759887308));
#1179=CARTESIAN_POINT('',(-0.000208333244555033,0.0081449225201004,-0.00150144031921647));
#1180=CARTESIAN_POINT('',(-0.000280127761921125,0.00847751245076757,-0.00144053097171344));
#1181=CARTESIAN_POINT('',(-0.000371045862239243,0.00890334118013015,-0.00132072106138651));
#1182=CARTESIAN_POINT('',(-0.000436408982018816,0.00921285561220458,-0.00118704939953913));
#1183=CARTESIAN_POINT('',(-0.000478813860372356,0.00941296160021101,-0.00108476454409982));
#1184=CARTESIAN_POINT('',(-0.000478813860372358,0.00941296160021102,-0.00108476454409981));
#1185=CARTESIAN_POINT('',(-0.000478813860372359,0.,0.));
#1186=CARTESIAN_POINT('',(-0.000478813860372358,0.00945201300328714,-0.000663332788933336));
#1187=CARTESIAN_POINT('',(-0.000478813860372359,0.00945201300328713,-0.000663332788933333));
#1188=CARTESIAN_POINT('',(-0.000435555766004042,0.00927052943895402,-0.000523257320720867));
#1189=CARTESIAN_POINT('',(-0.000368635661914875,0.00898408398821395,-0.000330418650045361));
#1190=CARTESIAN_POINT('',(-0.000275113659347553,0.00857589947273995,-0.000132648985977031));
#1191=CARTESIAN_POINT('',(-0.000201758119078759,0.00825313485048171,-9.22662327161227E-6));
#1192=CARTESIAN_POINT('',(-0.000125851685602731,0.00791782743817475,2.40340479939787E-5));
#1193=CARTESIAN_POINT('',(-4.49614794915106E-5,0.00756185521459189,3.60273245190708E-5));
#1194=CARTESIAN_POINT('',(6.53667857174372E-6,0.00732874346890119,0.000346770903418119));
#1195=CARTESIAN_POINT('',(-2.71308074069414E-6,0.00734419504682008,0.000701924209510526));
#1196=CARTESIAN_POINT('',(4.32274921971789E-6,0.0072707998150106,0.00105200683484925));
#1197=CARTESIAN_POINT('',(-5.36457922430277E-5,0.00747397029501375,0.00137834610774825));
#1198=CARTESIAN_POINT('',(-0.000133850070500937,0.00782348914950369,0.00143067280163708));
#1199=CARTESIAN_POINT('',(-0.000208333244555049,0.00813729686323815,0.00154223398034901));
#1200=CARTESIAN_POINT('',(-0.000280127761921138,0.00842542474318643,0.001719175596118));
#1201=CARTESIAN_POINT('',(-0.000371045862239248,0.00877921787616731,0.00198472209001056));
#1202=CARTESIAN_POINT('',(-0.000436408982018818,0.00901954371482881,0.00222117671169311));
#1203=CARTESIAN_POINT('',(-0.000478813860372356,0.00916918743997772,0.00238884111940037));
#1204=CARTESIAN_POINT('',(-0.000478813860372358,0.00916918743997772,0.00238884111940037));
#1205=CARTESIAN_POINT('',(-0.000478813860372359,0.,0.));
#1206=CARTESIAN_POINT('',(-0.000478813860372358,0.00905336307944497,0.00279592152159639));
#1207=CARTESIAN_POINT('',(-0.000478813860372359,0.00905336307944497,0.0027959215215964));
#1208=CARTESIAN_POINT('',(-0.000435555766004045,0.00883353360008203,0.00286097858056006));
#1209=CARTESIAN_POINT('',(-0.000368635661914889,0.00849676980932758,0.00293731925382313));
#1210=CARTESIAN_POINT('',(-0.000275113659347569,0.00804470644120594,0.00297428071890387));
#1211=CARTESIAN_POINT('',(-0.000201758119078784,0.00769915209436749,0.00297277261468331));
#1212=CARTESIAN_POINT('',(-0.000125851685602763,0.00737447210377134,0.00288266025866323));
#1213=CARTESIAN_POINT('',(-4.49614794915518E-5,0.00703820541964612,0.00276525165679894));
#1214=CARTESIAN_POINT('',(6.53667857173704E-6,0.00670858166224305,0.00297080173916674));
#1215=CARTESIAN_POINT('',(-2.71308074069566E-6,0.00659469365750817,0.00330755408803171));
#1216=CARTESIAN_POINT('',(4.32274921973139E-6,0.00639979021119457,0.00360748299832793));
#1217=CARTESIAN_POINT('',(-5.36457922429774E-5,0.00647135369894771,0.00398517895038667));
#1218=CARTESIAN_POINT('',(-0.000133850070500889,0.00677836774232628,0.00416023291265445));
#1219=CARTESIAN_POINT('',(-0.000208333244555014,0.00703068417467693,0.00437762103505469));
#1220=CARTESIAN_POINT('',(-0.000280127761921112,0.00723543673714765,0.00464669797341274));
#1221=CARTESIAN_POINT('',(-0.000371045862239232,0.00746941255070241,0.00502211752542688));
#1222=CARTESIAN_POINT('',(-0.000436408982018815,0.00760809245974835,0.00532942060004609));
#1223=CARTESIAN_POINT('',(-0.000478813860372356,0.00768706370775387,0.00553982055269991));
#1224=CARTESIAN_POINT('',(-0.000478813860372358,0.00768706370775387,0.00553982055269992));
#1225=CARTESIAN_POINT('',(-0.000478813860372359,0.,0.));
#1226=CARTESIAN_POINT('',(-0.000478813860372358,0.00743200630530713,0.00587757113789856));
#1227=CARTESIAN_POINT('',(-0.000478813860372359,0.00743200630530713,0.00587757113789856));
#1228=CARTESIAN_POINT('',(-0.000435555766004043,0.00720352010021948,0.00585882347130677));
#1229=CARTESIAN_POINT('',(-0.000368635661914881,0.00686191978546461,0.00580835591621498));
#1230=CARTESIAN_POINT('',(-0.000275113659347558,0.00642703122752967,0.00567951733163841));
#1231=CARTESIAN_POINT('',(-0.000201758119078767,0.00610535618543426,0.00555328243832355));
#1232=CARTESIAN_POINT('',(-0.000125851685602741,0.00583515344839284,0.005351967228028));
#1233=CARTESIAN_POINT('',(-4.4961479491525E-5,0.00556400698273428,0.00512101343003977));
#1234=CARTESIAN_POINT('',(6.53667857174094E-6,0.00518238872856454,0.0051936093382605));
#1235=CARTESIAN_POINT('',(-2.71308074069324E-6,0.0049545423472906,0.00546648045917459));
#1236=CARTESIAN_POINT('',(4.32274921972143E-6,0.00466445347689488,0.00567574859312943));
#1237=CARTESIAN_POINT('',(-5.36457922430079E-5,0.00459474492683028,0.00605379129313678));
#1238=CARTESIAN_POINT('',(-0.000133850070500917,0.00481779021131572,0.00632793051617154));
#1239=CARTESIAN_POINT('',(-0.000208333244555035,0.00497453862995986,0.0066217861117409));
#1240=CARTESIAN_POINT('',(-0.000280127761921127,0.00506826290681818,0.0069466580411559));
#1241=CARTESIAN_POINT('',(-0.000371045862239244,0.00515082167082146,0.0073812481605205));
#1242=CARTESIAN_POINT('',(-0.000436408982018817,0.00516912616008323,0.00771789670502391));
#1243=CARTESIAN_POINT('',(-0.000478813860372356,0.00516675942630742,0.00794261652315196));
#1244=CARTESIAN_POINT('',(-0.000478813860372358,0.00516675942630742,0.00794261652315197));
#1245=CARTESIAN_POINT('',(-0.000478813860372359,0.,0.));
#1246=CARTESIAN_POINT('',(-0.000478813860372358,0.00480691589746897,0.00816542220328155));
#1247=CARTESIAN_POINT('',(-0.000478813860372359,0.00480691589746897,0.00816542220328155));
#1248=CARTESIAN_POINT('',(-0.000435555766004042,0.00460063129473951,0.00806540178739192));
#1249=CARTESIAN_POINT('',(-0.000368635661914886,0.00430032947136455,0.00789494192691081));
#1250=CARTESIAN_POINT('',(-0.000275113659347564,0.00394134983316615,0.00761770365744326));
#1251=CARTESIAN_POINT('',(-0.000201758119078775,0.00368699809271173,0.00738379069686796));
#1252=CARTESIAN_POINT('',(-0.00012585168560275,0.00350776498610752,0.0070984613669735));
#1253=CARTESIAN_POINT('',(-4.49614794915358E-5,0.00333835857157732,0.00678515396303875));
#1254=CARTESIAN_POINT('',(6.53667857173846E-6,0.00295628548048628,0.00671499121743921));
#1255=CARTESIAN_POINT('',(-2.71308074069504E-6,0.00264525263900466,0.00688712835349193));
#1256=CARTESIAN_POINT('',(4.32274921972636E-6,0.00229915645391165,0.00697747289001997));
#1257=CARTESIAN_POINT('',(-5.36457922429967E-5,0.00209759039198378,0.00730480557653301));
#1258=CARTESIAN_POINT('',(-0.000133850070500898,0.00220654341596968,0.00764100603920612));
#1259=CARTESIAN_POINT('',(-0.000208333244555023,0.00224655407839654,0.00797164228145283));
#1260=CARTESIAN_POINT('',(-0.000280127761921119,0.00221659208670861,0.00830843344767984));
#1261=CARTESIAN_POINT('',(-0.000371045862239237,0.00213658378260787,0.00874350033062776));
#1262=CARTESIAN_POINT('',(-0.000436408982018815,0.00203204072938201,0.00906402809364623));
#1263=CARTESIAN_POINT('',(-0.000478813860372356,0.00194865565433582,0.00927271812059485));
#1264=CARTESIAN_POINT('',(-0.000478813860372358,0.00194865565433582,0.00927271812059486));
#1265=CARTESIAN_POINT('',(-0.000478813860372359,0.,0.));
#1266=CARTESIAN_POINT('',(-0.000478813860372358,0.00153262486163713,0.00935048775394498));
#1267=CARTESIAN_POINT('',(-0.000478813860372359,0.00153262486163712,0.00935048775394498));
#1268=CARTESIAN_POINT('',(-0.000435555766004042,0.00137640173992688,0.00918270290015568));
#1269=CARTESIAN_POINT('',(-0.000368635661914885,0.00115795583320847,0.00891527228299389));
#1270=CARTESIAN_POINT('',(-0.00027511365934756,0.000923367304060151,0.00852707689315721));
#1271=CARTESIAN_POINT('',(-0.000201758119078772,0.000770690477206721,0.00821707710680363));
#1272=CARTESIAN_POINT('',(-0.000125851685602747,0.000706633425251579,0.00788626896437689));
#1273=CARTESIAN_POINT('',(-4.49614794915311E-5,0.000661846336845349,0.00753292185549328));
#1274=CARTESIAN_POINT('',(6.5366785717422E-6,0.00033091949692488,0.00732947632365195));
#1275=CARTESIAN_POINT('',(-2.71308074069593E-6,-2.12930960298151E-5,0.00737763140077459));
#1276=CARTESIAN_POINT('',(4.32274921972406E-6,-0.000376654388238137,0.00733685080960137));
#1277=CARTESIAN_POINT('',(-5.36457922430057E-5,-0.000682855348449742,0.00756926538949353));
#1278=CARTESIAN_POINT('',(-0.000133850070500913,-0.000702709294582165,0.00792212135636991));
#1279=CARTESIAN_POINT('',(-0.000208333244555032,-0.000784840050040136,0.00824488398865991));
#1280=CARTESIAN_POINT('',(-0.000280127761921124,-0.000934441777271726,0.00854810887847564));
#1281=CARTESIAN_POINT('',(-0.000371045862239241,-0.00116621158466635,0.00892489433167591));
#1282=CARTESIAN_POINT('',(-0.000436408982018817,-0.00137948306174864,0.00918601226270814));
#1283=CARTESIAN_POINT('',(-0.000478813860372356,-0.00153262486162757,0.00935048775394654));
#1284=CARTESIAN_POINT('',(-0.000478813860372358,-0.00153262486162758,0.00935048775394654));
#1285=CARTESIAN_POINT('',(-0.000478813860372359,0.,0.));
#1286=CARTESIAN_POINT('',(-0.000478813860372358,-0.00194865565432634,0.00927271812059685));
#1287=CARTESIAN_POINT('',(-0.000478813860372359,-0.00194865565432634,0.00927271812059685));
#1288=CARTESIAN_POINT('',(-0.000435555766004041,-0.0020337184967682,0.00905982910314009));
#1289=CARTESIAN_POINT('',(-0.000368635661914877,-0.00214080615667718,0.00873154571602949));
#1290=CARTESIAN_POINT('',(-0.000275113659347549,-0.00221932109601403,0.00828482114428604));
#1291=CARTESIAN_POINT('',(-0.000201758119078754,-0.0022497031577884,0.00794060172106933));
#1292=CARTESIAN_POINT('',(-0.000125851685602723,-0.00218993289527552,0.00760899223881622));
#1293=CARTESIAN_POINT('',(-4.49614794915039E-5,-0.00210405191309475,0.00726332691000236));
#1294=CARTESIAN_POINT('',(6.53667857174408E-6,-0.00233913899838453,0.00695407503832507));
#1295=CARTESIAN_POINT('',(-2.71308074069154E-6,-0.00268496308045643,0.00687174444651571));
#1296=CARTESIAN_POINT('',(4.32274921971338E-6,-0.00300159596814248,0.00670534637245227));
#1297=CARTESIAN_POINT('',(-5.36457922430406E-5,-0.00337107769024315,0.00681145396885558));
#1298=CARTESIAN_POINT('',(-0.000133850070500951,-0.00351705722105413,0.00713331028636621));
#1299=CARTESIAN_POINT('',(-0.000208333244555057,-0.00371023718077013,0.00740460842671914));
#1300=CARTESIAN_POINT('',(-0.000280127761921144,-0.00395927410131093,0.00763331483852689));
#1301=CARTESIAN_POINT('',(-0.000371045862239252,-0.00431150361522995,0.00790093189868453));
#1302=CARTESIAN_POINT('',(-0.00043640898201882,-0.00460470002141063,0.00806737457424017));
#1303=CARTESIAN_POINT('',(-0.000478813860372356,-0.00480691589746062,0.00816542220328646));
#1304=CARTESIAN_POINT('',(-0.000478813860372358,-0.00480691589746062,0.00816542220328646));
#1305=CARTESIAN_POINT('',(-0.000478813860372359,0.,0.));
#1306=CARTESIAN_POINT('',(-0.000478813860372358,-0.00516675942629929,0.00794261652315725));
#1307=CARTESIAN_POINT('',(-0.000478813860372359,-0.0051667594262993,0.00794261652315725));
#1308=CARTESIAN_POINT('',(-0.000435555766004041,-0.00516917378125151,0.00771337518349932));
#1309=CARTESIAN_POINT('',(-0.000368635661914875,-0.00515044041248713,0.0073685755169503));
#1310=CARTESIAN_POINT('',(-0.000275113659347548,-0.00506227788438876,0.00692365439210034));
#1311=CARTESIAN_POINT('',(-0.000201758119078753,-0.00496626191528863,0.00659170407251158));
#1312=CARTESIAN_POINT('',(-0.000125851685602724,-0.00479073664345859,0.00630407894852203));
#1313=CARTESIAN_POINT('',(-4.49614794915046E-5,-0.00458578629321719,0.00601277941783193));
#1314=CARTESIAN_POINT('',(6.5366785717459E-6,-0.00469328381034534,0.00563948738521237));
#1315=CARTESIAN_POINT('',(-2.71308074069272E-6,-0.00498601392297325,0.00543779032710442));
#1316=CARTESIAN_POINT('',(4.32274921971377E-6,-0.00522115538013159,0.00516824775209654));
#1317=CARTESIAN_POINT('',(-5.36457922430445E-5,-0.00560401731018281,0.00513371794615414));
#1318=CARTESIAN_POINT('',(-0.00013385007050096,-0.00585640708113595,0.0053811061351518));
#1319=CARTESIAN_POINT('',(-0.000208333244555063,-0.00613454622110314,0.00556429946639816));
#1320=CARTESIAN_POINT('',(-0.000280127761921148,-0.00644938451887293,0.00568759933197732));
#1321=CARTESIAN_POINT('',(-0.000371045862239254,-0.00687450319169046,0.00580990483220076));
#1322=CARTESIAN_POINT('',(-0.000436408982018822,-0.00720802672765746,0.00585919324665536));
#1323=CARTESIAN_POINT('',(-0.000478813860372356,-0.00743200630530112,0.00587757113790616));
#1324=CARTESIAN_POINT('',(-0.000478813860372358,-0.00743200630530112,0.00587757113790616));
#1325=CARTESIAN_POINT('',(-0.000478813860372359,0.,0.));
#1326=CARTESIAN_POINT('',(-0.000478813860372358,-0.00768706370774821,0.00553982055270778));
#1327=CARTESIAN_POINT('',(-0.000478813860372359,-0.00768706370774821,0.00553982055270778));
#1328=CARTESIAN_POINT('',(-0.000435555766004043,-0.00760650350319606,0.00532518720403963));
#1329=CARTESIAN_POINT('',(-0.000368635661914885,-0.00746447915101517,0.00501043836362054));
#1330=CARTESIAN_POINT('',(-0.000275113659347564,-0.00722154599342674,0.00462740974896816));
#1331=CARTESIAN_POINT('',(-0.000201758119078775,-0.00701209948212192,0.00435256026306808));
#1332=CARTESIAN_POINT('',(-0.000125851685602752,-0.00674452486155454,0.00414776486412261));
#1333=CARTESIAN_POINT('',(-4.4961479491534E-5,-0.00644818482372169,0.00395017274732252));
#1334=CARTESIAN_POINT('',(6.53667857174209E-6,-0.00641357463733558,0.00356325571124852));
#1335=CARTESIAN_POINT('',(-2.7130807406962E-6,-0.00661367595673556,0.00326943249218143));
#1336=CARTESIAN_POINT('',(4.32274921972333E-6,-0.00673556882661312,0.00293314863457087));
#1337=CARTESIAN_POINT('',(-5.36457922430137E-5,-0.00708010333945023,0.00276264486791142));
#1338=CARTESIAN_POINT('',(-0.000133850070500927,-0.00740481671343832,0.00290215378264659));
#1339=CARTESIAN_POINT('',(-0.000208333244555039,-0.00773035080158196,0.00297250103029237));
#1340=CARTESIAN_POINT('',(-0.000280127761921133,-0.00806846981988772,0.00297374201956833));
#1341=CARTESIAN_POINT('',(-0.000371045862239244,-0.00850906301917591,0.00293421792433424));
#1342=CARTESIAN_POINT('',(-0.000436408982018818,-0.0088378694832792,0.00285969540419917));
#1343=CARTESIAN_POINT('',(-0.000478813860372356,-0.0090533630794421,0.00279592152160566));
#1344=CARTESIAN_POINT('',(-0.000478813860372358,-0.00905336307944211,0.00279592152160565));
#1345=CARTESIAN_POINT('',(-0.000478813860372359,0.,0.));
#1346=CARTESIAN_POINT('',(-0.000478813860372358,-0.00916918743997528,0.00238884111940974));
#1347=CARTESIAN_POINT('',(-0.000478813860372359,-0.00916918743997528,0.00238884111940974));
#1348=CARTESIAN_POINT('',(-0.000435555766004043,-0.00901653277794306,0.00221780318479341));
#1349=CARTESIAN_POINT('',(-0.000368635661914881,-0.00877039861809175,0.00197561374548636));
#1350=CARTESIAN_POINT('',(-0.000275113659347557,-0.00840550430008461,0.00170620777787514));
#1351=CARTESIAN_POINT('',(-0.000201758119078765,-0.00811091415851002,0.00152557907172807));
#1352=CARTESIAN_POINT('',(-0.00012585168560274,-0.00778742762439499,0.00143127215126483));
#1353=CARTESIAN_POINT('',(-4.4961479491522E-5,-0.00743972026315691,0.00135407335862418));
#1354=CARTESIAN_POINT('',(6.53667857174083E-6,-0.00726767667070985,0.0010057866087989));
#1355=CARTESIAN_POINT('',(-2.7130807406947E-6,-0.00734812440489722,0.000659519682638378));
#1356=CARTESIAN_POINT('',(4.32274921972304E-6,-0.00734030637998537,0.000301911540808692));
#1357=CARTESIAN_POINT('',(-5.36457922430069E-5,-0.00759998218051806,1.84612919136621E-5));
#1358=CARTESIAN_POINT('',(-0.000133850070500916,-0.00795316481708502,3.12494804058028E-5));
#1359=CARTESIAN_POINT('',(-0.000208333244555033,-0.00828212867095468,-2.07501411511739E-5));
#1360=CARTESIAN_POINT('',(-0.000280127761921126,-0.00859786356279206,-0.000141735630656695));
#1361=CARTESIAN_POINT('',(-0.000371045862239241,-0.00899442673557581,-0.000337751373276421));
#1362=CARTESIAN_POINT('',(-0.000436408982018816,-0.00927410899285873,-0.000526020148713385));
#1363=CARTESIAN_POINT('',(-0.000478813860372356,-0.00945201300328781,-0.000663332788923677));
#1364=CARTESIAN_POINT('',(-0.000478813860372358,-0.00945201300328781,-0.00066333278892368));
#1365=CARTESIAN_POINT('',(-0.000478813860372359,0.,0.));
#1366=CARTESIAN_POINT('',(-0.000478813860372358,-0.00941296160021212,-0.00108476454409019));
#1367=CARTESIAN_POINT('',(-0.000478813860372359,-0.00941296160021212,-0.00108476454409019));
#1368=CARTESIAN_POINT('',(-0.000435555766004042,-0.00920882933869595,-0.00118910744383083));
#1369=CARTESIAN_POINT('',(-0.000368635661914881,-0.00889182715333863,-0.00132602845622941));
#1370=CARTESIAN_POINT('',(-0.000275113659347558,-0.0084542526745089,-0.00144542700804357));
#1371=CARTESIAN_POINT('',(-0.000201758119078768,-0.0081143049336645,-0.00150744002677422));
#1372=CARTESIAN_POINT('',(-0.000125851685602741,-0.00777859513493485,-0.00147852179657403));
#1373=CARTESIAN_POINT('',(-4.4961479491524E-5,-0.00742648025613973,-0.00142490114033579));
#1374=CARTESIAN_POINT('',(6.53667857174161E-6,-0.00714023869811808,-0.00168751954842496));
#1375=CARTESIAN_POINT('',(-2.71308074069503E-6,-0.00709016793481458,-0.00203946491456969));
#1376=CARTESIAN_POINT('',(4.32274921972321E-6,-0.00695369488269884,-0.00237010037948932));
#1377=CARTESIAN_POINT('',(-5.36457922430058E-5,-0.00709344131515191,-0.00272821558385459));
#1378=CARTESIAN_POINT('',(-0.000133850070500913,-0.00742739394217682,-0.00284387523732311));
#1379=CARTESIAN_POINT('',(-0.00020833324455503,-0.00771535917045577,-0.00301119889105174));
#1380=CARTESIAN_POINT('',(-0.000280127761921124,-0.00796606818913467,-0.00323807109857729));
#1381=CARTESIAN_POINT('',(-0.000371045862239241,-0.00826504328149714,-0.00356410547638113));
#1382=CARTESIAN_POINT('',(-0.000436408982018816,-0.00845782869334073,-0.00384069376576393));
#1383=CARTESIAN_POINT('',(-0.000478813860372356,-0.00857411619562739,-0.00403300033065499));
#1384=CARTESIAN_POINT('',(-0.00532637065688835,0.,0.));
#1385=CARTESIAN_POINT('',(-0.00532637065688835,0.,0.));
#1386=CARTESIAN_POINT('',(-0.00532637065688835,-0.00730227082363094,-0.00382443753236128));
#1387=CARTESIAN_POINT('',(-0.00532637065688835,-0.00745256835802483,-0.00352259939385001));
#1388=CARTESIAN_POINT('',(-0.00532637065688835,-0.00730227082363095,-0.00382443753236128));
#1389=CARTESIAN_POINT('',(-0.00371051970619646,-0.00766334227996965,-0.00402024456353898));
#1390=CARTESIAN_POINT('',(-0.00209466727203081,-0.00802440542809119,-0.00421605467305665));
#1391=CARTESIAN_POINT('',(-0.000478813860372359,-0.0083854631373195,-0.0044118667450229));
#1392=CARTESIAN_POINT('',(-0.000478813860372358,-0.00857411619562739,-0.00403300033065499));
#1393=CARTESIAN_POINT('',(-0.00209466727203086,-0.00820026890757908,-0.00386287319543028));
#1394=CARTESIAN_POINT('',(-0.00371051970619644,-0.00782641990792992,-0.00369274053724242));
#1395=CARTESIAN_POINT('',(-0.00532637065688834,-0.00745256835802483,-0.00352259939385001));
#1396=CARTESIAN_POINT('',(-0.00532637065688835,0.,0.));
#1397=CARTESIAN_POINT('',(-0.000478813860372358,-0.00653823748492951,-0.00685798883010506));
#1398=CARTESIAN_POINT('',(-0.00209466727203086,-0.00625109228057855,-0.00656430078380577));
#1399=CARTESIAN_POINT('',(-0.00371051970619644,-0.00596394747533175,-0.00627060696919519));
#1400=CARTESIAN_POINT('',(-0.00532637065688834,-0.00567680335725154,-0.0059769043211083));
#1401=CARTESIAN_POINT('',(-0.00532637065688835,-0.00567680335725154,-0.0059769043211083));
#1402=CARTESIAN_POINT('',(-0.00532637065688835,0.,0.));
#1403=CARTESIAN_POINT('',(-0.00532637065688835,-0.00542761856820666,-0.00620406627129689));
#1404=CARTESIAN_POINT('',(-0.00532637065688835,-0.00542761856820666,-0.00620406627129689));
#1405=CARTESIAN_POINT('',(-0.00371051970619646,-0.00569357401587929,-0.00651708494469262));
#1406=CARTESIAN_POINT('',(-0.00209466727203081,-0.0059595206043455,-0.00683010348728068));
#1407=CARTESIAN_POINT('',(-0.000478813860372359,-0.0062254614122766,-0.00714312189504269));
#1408=CARTESIAN_POINT('',(-0.00532637065688835,0.,0.));
#1409=CARTESIAN_POINT('',(-0.00532637065688835,0.,0.));
#1410=CARTESIAN_POINT('',(-0.00532637065688835,-0.0081907109410444,-0.000928297312740342));
#1411=CARTESIAN_POINT('',(-0.00532637065688835,-0.00822182270594001,-0.000592547899055207));
#1412=CARTESIAN_POINT('',(-0.00532637065688835,-0.0081907109410444,-0.00092829731274034));
#1413=CARTESIAN_POINT('',(-0.00371051970619646,-0.00859813370510461,-0.000980447877135243));
#1414=CARTESIAN_POINT('',(-0.00209466727203081,-0.00900554983400773,-0.00103260431327088));
#1415=CARTESIAN_POINT('',(-0.000478813860372359,-0.00941296160021212,-0.00108476454409019));
#1416=CARTESIAN_POINT('',(-0.000478813860372358,-0.00945201300328781,-0.00066333278892368));
#1417=CARTESIAN_POINT('',(-0.00209466727203086,-0.00904195377935241,-0.000639743177092631));
#1418=CARTESIAN_POINT('',(-0.00371051970619644,-0.00863189096427234,-0.000616149033553371));
#1419=CARTESIAN_POINT('',(-0.00532637065688834,-0.00822182270594001,-0.000592547899055209));
#1420=CARTESIAN_POINT('',(-0.00532637065688835,0.,0.));
#1421=CARTESIAN_POINT('',(-0.00532637065688835,0.,0.));
#1422=CARTESIAN_POINT('',(-0.00532637065688835,-0.00281993634967333,-0.00774580148237589));
#1423=CARTESIAN_POINT('',(-0.00532637065688835,-0.00313435460682812,-0.00762399520063075));
#1424=CARTESIAN_POINT('',(-0.00532637065688835,-0.00281993634967333,-0.00774580148237589));
#1425=CARTESIAN_POINT('',(-0.00371051970619646,-0.0029548570317617,-0.00813375689165121));
#1426=CARTESIAN_POINT('',(-0.00209466727203081,-0.00308976950013928,-0.00852170897863752));
#1427=CARTESIAN_POINT('',(-0.000478813860372359,-0.00322467662703319,-0.00890965885173215));
#1428=CARTESIAN_POINT('',(-0.000478813860372358,-0.00361933357226732,-0.00875676793662147));
#1429=CARTESIAN_POINT('',(-0.00209466727203086,-0.00345767100258782,-0.00837918317728197));
#1430=CARTESIAN_POINT('',(-0.00371051970619644,-0.00329601088881623,-0.00800159318332543));
#1431=CARTESIAN_POINT('',(-0.00532637065688834,-0.00313435460682812,-0.00762399520063075));
#1432=CARTESIAN_POINT('',(-0.00532637065688835,0.,0.));
#1433=CARTESIAN_POINT('',(-0.000478813860372358,-0.000211618605250757,-0.00947289701037095));
#1434=CARTESIAN_POINT('',(-0.00209466727203086,-0.00019727209608115,-0.00906241045200942));
#1435=CARTESIAN_POINT('',(-0.00371051970619644,-0.000182929767939262,-0.00865191989968914));
#1436=CARTESIAN_POINT('',(-0.00532637065688834,-0.000168593898694119,-0.00824142328229224));
#1437=CARTESIAN_POINT('',(-0.00532637065688835,-0.000168593898694121,-0.00824142328229224));
#1438=CARTESIAN_POINT('',(-0.00532637065688835,0.,0.));
#1439=CARTESIAN_POINT('',(-0.00532637065688835,0.000168593898690116,-0.00824142328229232));
#1440=CARTESIAN_POINT('',(-0.00532637065688835,0.000168593898690114,-0.00824142328229232));
#1441=CARTESIAN_POINT('',(-0.00371051970619646,0.000182929767923356,-0.00865191989968947));
#1442=CARTESIAN_POINT('',(-0.00209466727203081,0.000197272096064582,-0.0090624104520098));
#1443=CARTESIAN_POINT('',(-0.000478813860372359,0.000211618605241081,-0.00947289701037117));
#1444=CARTESIAN_POINT('',(-0.00532637065688835,0.,0.));
#1445=CARTESIAN_POINT('',(-0.00532637065688835,0.,0.));
#1446=CARTESIAN_POINT('',(-0.00532637065688835,-0.00448189170533074,0.00691824604667057));
#1447=CARTESIAN_POINT('',(-0.00532637065688835,-0.0041952088620357,0.00709575254814333));
#1448=CARTESIAN_POINT('',(-0.00532637065688835,-0.00448189170533074,0.00691824604667057));
#1449=CARTESIAN_POINT('',(-0.00371051970619646,-0.00471017892915864,0.00725971044229348));
#1450=CARTESIAN_POINT('',(-0.00209466727203081,-0.00493846845160928,0.00760116628110727));
#1451=CARTESIAN_POINT('',(-0.000478813860372359,-0.0051667594262993,0.00794261652315725));
#1452=CARTESIAN_POINT('',(-0.000478813860372358,-0.00480691589746062,0.00816542220328646));
#1453=CARTESIAN_POINT('',(-0.00209466727203086,-0.00460302021864418,0.00780886703352892));
#1454=CARTESIAN_POINT('',(-0.00371051970619644,-0.00439911888249798,0.00745231066906667));
#1455=CARTESIAN_POINT('',(-0.00532637065688834,-0.0041952088620357,0.00709575254814333));
#1456=CARTESIAN_POINT('',(-0.00532637065688835,0.,0.));
#1457=CARTESIAN_POINT('',(-0.000478813860372358,-0.00743200630530112,0.00587757113790616));
#1458=CARTESIAN_POINT('',(-0.00209466727203086,-0.00711307666349838,0.00561874895860071));
#1459=CARTESIAN_POINT('',(-0.00371051970619644,-0.00679414131481563,0.00535992770892953));
#1460=CARTESIAN_POINT('',(-0.00532637065688834,-0.00647519723374237,0.00510110795854397));
#1461=CARTESIAN_POINT('',(-0.00532637065688835,-0.00647519723374237,0.00510110795854397));
#1462=CARTESIAN_POINT('',(-0.00532637065688835,0.,0.));
#1463=CARTESIAN_POINT('',(-0.00532637065688835,-0.0066783982794106,0.00483202628740272));
#1464=CARTESIAN_POINT('',(-0.00532637065688835,-0.0066783982794106,0.00483202628740272));
#1465=CARTESIAN_POINT('',(-0.00371051970619646,-0.00701462094317634,0.0050679654965466));
#1466=CARTESIAN_POINT('',(-0.00209466727203081,-0.00735084265926798,0.00530389589634529));
#1467=CARTESIAN_POINT('',(-0.000478813860372359,-0.00768706370774821,0.00553982055270778));
#1468=CARTESIAN_POINT('',(-0.00532637065688835,0.,0.));
#1469=CARTESIAN_POINT('',(-0.00532637065688835,0.,0.));
#1470=CARTESIAN_POINT('',(-0.00532637065688835,-0.00168008082142668,0.00807011834201083));
#1471=CARTESIAN_POINT('',(-0.00532637065688835,-0.0013486342870563,0.00813207643719374));
#1472=CARTESIAN_POINT('',(-0.00532637065688835,-0.00168008082142668,0.00807011834201083));
#1473=CARTESIAN_POINT('',(-0.00371051970619646,-0.00176960115075561,0.00847099126536437));
#1474=CARTESIAN_POINT('',(-0.00209466727203081,-0.00185912671456239,0.00887185704008934));
#1475=CARTESIAN_POINT('',(-0.000478813860372359,-0.00194865565432634,0.00927271812059685));
#1476=CARTESIAN_POINT('',(-0.000478813860372358,-0.00153262486162758,0.00935048775394654));
#1477=CARTESIAN_POINT('',(-0.00209466727203086,-0.00147130038704655,0.00894435434515307));
#1478=CARTESIAN_POINT('',(-0.00371051970619644,-0.00140997106873976,0.0085382177786674));
#1479=CARTESIAN_POINT('',(-0.00532637065688834,-0.0013486342870563,0.00813207643719374));
#1480=CARTESIAN_POINT('',(-0.00532637065688835,0.,0.));
#1481=CARTESIAN_POINT('',(-0.00532637065688835,0.,0.));
#1482=CARTESIAN_POINT('',(-0.00532637065688835,-0.0079729501595737,0.00209321460283917));
#1483=CARTESIAN_POINT('',(-0.00532637065688835,-0.00788067433872563,0.00241753047292826));
#1484=CARTESIAN_POINT('',(-0.00532637065688835,-0.0079729501595737,0.00209321460283917));
#1485=CARTESIAN_POINT('',(-0.00371051970619646,-0.00837169952946163,0.00219176372792484));
#1486=CARTESIAN_POINT('',(-0.00209466727203081,-0.00877044483336722,0.00229030498088014));
#1487=CARTESIAN_POINT('',(-0.000478813860372359,-0.00916918743997528,0.00238884111940974));
#1488=CARTESIAN_POINT('',(-0.000478813860372358,-0.00905336307944211,0.00279592152160565));
#1489=CARTESIAN_POINT('',(-0.00209466727203086,-0.00866247269002869,0.0026697877022507));
#1490=CARTESIAN_POINT('',(-0.00371051970619644,-0.00827157731493076,0.00254365681131672));
#1491=CARTESIAN_POINT('',(-0.00532637065688834,-0.00788067433872563,0.00241753047292825));
#1492=CARTESIAN_POINT('',(-0.00532637065688835,0.,0.));
#1493=CARTESIAN_POINT('',(-0.00532637065688835,0.,0.));
#1494=CARTESIAN_POINT('',(-0.00532637065688835,0.00788067433872681,0.00241753047292443));
#1495=CARTESIAN_POINT('',(-0.00532637065688835,0.00797295015957472,0.00209321460283529));
#1496=CARTESIAN_POINT('',(-0.00532637065688835,0.00788067433872681,0.00241753047292442));
#1497=CARTESIAN_POINT('',(-0.00371051970619646,0.00827157731493543,0.0025436568113015));
#1498=CARTESIAN_POINT('',(-0.00209466727203081,0.00866247269003359,0.00266978770223486));
#1499=CARTESIAN_POINT('',(-0.000478813860372359,0.00905336307944497,0.0027959215215964));
#1500=CARTESIAN_POINT('',(-0.000478813860372358,0.00916918743997772,0.00238884111940037));
#1501=CARTESIAN_POINT('',(-0.00209466727203086,0.00877044483337139,0.0022903049808641));
#1502=CARTESIAN_POINT('',(-0.00371051970619644,0.00837169952946567,0.00219176372790945));
#1503=CARTESIAN_POINT('',(-0.00532637065688834,0.00797295015957472,0.00209321460283529));
#1504=CARTESIAN_POINT('',(-0.00532637065688835,0.,0.));
#1505=CARTESIAN_POINT('',(-0.000478813860372358,0.00768706370775387,0.00553982055269992));
#1506=CARTESIAN_POINT('',(-0.00209466727203086,0.00735084265927766,0.00530389589633183));
#1507=CARTESIAN_POINT('',(-0.00371051970619644,0.00701462094318568,0.0050679654965337));
#1508=CARTESIAN_POINT('',(-0.00532637065688834,0.00667839827941296,0.00483202628739947));
#1509=CARTESIAN_POINT('',(-0.00532637065688835,0.00667839827941296,0.00483202628739947));
#1510=CARTESIAN_POINT('',(-0.00532637065688835,0.,0.));
#1511=CARTESIAN_POINT('',(-0.00532637065688835,0.00647519723374485,0.00510110795854081));
#1512=CARTESIAN_POINT('',(-0.00532637065688835,0.00647519723374485,0.00510110795854081));
#1513=CARTESIAN_POINT('',(-0.00371051970619646,0.00679414131482548,0.00535992770891702));
#1514=CARTESIAN_POINT('',(-0.00209466727203081,0.00711307666350868,0.00561874895858771));
#1515=CARTESIAN_POINT('',(-0.000478813860372359,0.00743200630530713,0.00587757113789856));
#1516=CARTESIAN_POINT('',(-0.00532637065688835,0.,0.));
#1517=CARTESIAN_POINT('',(-0.00532637065688835,0.,0.));
#1518=CARTESIAN_POINT('',(-0.00532637065688835,0.00822182270593972,-0.000592547899059201));
#1519=CARTESIAN_POINT('',(-0.00532637065688835,0.00819071094104395,-0.000928297312744327));
#1520=CARTESIAN_POINT('',(-0.00532637065688835,0.00822182270593972,-0.000592547899059202));
#1521=CARTESIAN_POINT('',(-0.00371051970619646,0.0086318909642712,-0.000616149033569236));
#1522=CARTESIAN_POINT('',(-0.00209466727203081,0.00904195377935125,-0.000639743177109163));
#1523=CARTESIAN_POINT('',(-0.000478813860372359,0.00945201300328713,-0.000663332788933333));
#1524=CARTESIAN_POINT('',(-0.000478813860372358,0.00941296160021102,-0.00108476454409981));
#1525=CARTESIAN_POINT('',(-0.00209466727203086,0.00900554983400583,-0.00103260431328735));
#1526=CARTESIAN_POINT('',(-0.00371051970619644,0.00859813370510282,-0.000980447877151057));
#1527=CARTESIAN_POINT('',(-0.00532637065688834,0.00819071094104395,-0.000928297312744325));
#1528=CARTESIAN_POINT('',(-0.00532637065688835,0.,0.));
#1529=CARTESIAN_POINT('',(-0.00532637065688835,0.,0.));
#1530=CARTESIAN_POINT('',(-0.00532637065688835,0.00419520886203914,0.00709575254814129));
#1531=CARTESIAN_POINT('',(-0.00532637065688835,0.0044818917053341,0.00691824604666838));
#1532=CARTESIAN_POINT('',(-0.00532637065688835,0.00419520886203914,0.00709575254814129));
#1533=CARTESIAN_POINT('',(-0.00371051970619646,0.00439911888251168,0.00745231066905857));
#1534=CARTESIAN_POINT('',(-0.00209466727203081,0.00460302021865848,0.00780886703352052));
#1535=CARTESIAN_POINT('',(-0.000478813860372359,0.00480691589746897,0.00816542220328155));
#1536=CARTESIAN_POINT('',(-0.000478813860372358,0.00516675942630742,0.00794261652315197));
#1537=CARTESIAN_POINT('',(-0.00209466727203086,0.00493846845162318,0.00760116628109822));
#1538=CARTESIAN_POINT('',(-0.00371051970619644,0.00471017892917199,0.00725971044228483));
#1539=CARTESIAN_POINT('',(-0.00532637065688834,0.0044818917053341,0.00691824604666839));
#1540=CARTESIAN_POINT('',(-0.00532637065688835,0.,0.));
#1541=CARTESIAN_POINT('',(-0.000478813860372358,0.00194865565433582,0.00927271812059486));
#1542=CARTESIAN_POINT('',(-0.00209466727203086,0.00185912671457861,0.00887185704008592));
#1543=CARTESIAN_POINT('',(-0.00371051970619644,0.00176960115077118,0.00847099126536113));
#1544=CARTESIAN_POINT('',(-0.00532637065688834,0.0016800808214306,0.00807011834201002));
#1545=CARTESIAN_POINT('',(-0.00532637065688835,0.00168008082143061,0.00807011834201001));
#1546=CARTESIAN_POINT('',(-0.00532637065688835,0.,0.));
#1547=CARTESIAN_POINT('',(-0.00532637065688835,0.00134863428706025,0.00813207643719308));
#1548=CARTESIAN_POINT('',(-0.00532637065688835,0.00134863428706026,0.00813207643719308));
#1549=CARTESIAN_POINT('',(-0.00371051970619646,0.00140997106875545,0.0085382177786648));
#1550=CARTESIAN_POINT('',(-0.00209466727203081,0.00147130038706291,0.0089443543451504));
#1551=CARTESIAN_POINT('',(-0.000478813860372359,0.00153262486163712,0.00935048775394498));
#1552=CARTESIAN_POINT('',(-0.00532637065688835,0.,0.));
#1553=CARTESIAN_POINT('',(-0.00532637065688835,0.,0.));
#1554=CARTESIAN_POINT('',(-0.00532637065688835,0.00313435460682441,-0.00762399520063228));
#1555=CARTESIAN_POINT('',(-0.00532637065688835,0.00281993634966956,-0.00774580148237726));
#1556=CARTESIAN_POINT('',(-0.00532637065688835,0.00313435460682441,-0.00762399520063228));
#1557=CARTESIAN_POINT('',(-0.00371051970619646,0.00329601088880151,-0.00800159318333148));
#1558=CARTESIAN_POINT('',(-0.00209466727203081,0.0034576710025725,-0.00837918317728831));
#1559=CARTESIAN_POINT('',(-0.000478813860372359,0.00361933357225837,-0.00875676793662517));
#1560=CARTESIAN_POINT('',(-0.000478813860372358,0.00322467662702409,-0.00890965885173544));
#1561=CARTESIAN_POINT('',(-0.00209466727203086,0.0030897695001237,-0.00852170897864315));
#1562=CARTESIAN_POINT('',(-0.00371051970619644,0.00295485703174674,-0.00813375689165665));
#1563=CARTESIAN_POINT('',(-0.00532637065688834,0.00281993634966956,-0.00774580148237726));
#1564=CARTESIAN_POINT('',(-0.00532637065688835,0.,0.));
#1565=CARTESIAN_POINT('',(-0.000478813860372358,0.0062254614122693,-0.00714312189504905));
#1566=CARTESIAN_POINT('',(-0.00209466727203086,0.005959520604333,-0.00683010348729156));
#1567=CARTESIAN_POINT('',(-0.00371051970619644,0.00569357401586731,-0.0065170849447031));
#1568=CARTESIAN_POINT('',(-0.00532637065688834,0.00542761856820364,-0.00620406627129953));
#1569=CARTESIAN_POINT('',(-0.00532637065688835,0.00542761856820364,-0.00620406627129953));
#1570=CARTESIAN_POINT('',(-0.00532637065688835,0.,0.));
#1571=CARTESIAN_POINT('',(-0.00532637065688835,0.00567680335724864,-0.00597690432111106));
#1572=CARTESIAN_POINT('',(-0.00532637065688835,0.00567680335724864,-0.00597690432111106));
#1573=CARTESIAN_POINT('',(-0.00371051970619646,0.00596394747532022,-0.00627060696920615));
#1574=CARTESIAN_POINT('',(-0.00209466727203081,0.00625109228056657,-0.00656430078381722));
#1575=CARTESIAN_POINT('',(-0.000478813860372359,0.00653823748492251,-0.00685798883011174));
#1576=CARTESIAN_POINT('',(-0.00532637065688835,0.,0.));
#1577=CARTESIAN_POINT('',(-0.00532637065688835,0.,0.));
#1578=CARTESIAN_POINT('',(-0.00532637065688835,0.00745256835802312,-0.00352259939385363));
#1579=CARTESIAN_POINT('',(-0.00532637065688835,0.00730227082362909,-0.00382443753236483));
#1580=CARTESIAN_POINT('',(-0.00532637065688835,0.00745256835802312,-0.00352259939385364));
#1581=CARTESIAN_POINT('',(-0.00371051970619646,0.00782641990792312,-0.00369274053725681));
#1582=CARTESIAN_POINT('',(-0.00209466727203081,0.00820026890757203,-0.00386287319544528));
#1583=CARTESIAN_POINT('',(-0.000478813860372359,0.00857411619562327,-0.00403300033066376));
#1584=CARTESIAN_POINT('',(-0.000478813860372358,0.008385463137315,-0.00441186674503147));
#1585=CARTESIAN_POINT('',(-0.00209466727203086,0.00802440542808347,-0.00421605467307131));
#1586=CARTESIAN_POINT('',(-0.00371051970619644,0.00766334227996226,-0.00402024456355308));
#1587=CARTESIAN_POINT('',(-0.00532637065688834,0.00730227082362909,-0.00382443753236483));
#1588=CARTESIAN_POINT('',(-0.0047175055440267,0.,0.));
#1589=CARTESIAN_POINT('',(-0.0047175055440267,0.,0.));
#1590=CARTESIAN_POINT('',(-0.0047175055440267,0.,0.00555697793986353));
#1591=CARTESIAN_POINT('',(-0.00532637065688835,-0.00567680335725154,-0.0059769043211083));
#1592=CARTESIAN_POINT('',(-0.00528932260544601,-0.00564313631019466,-0.00578345988460736));
#1593=CARTESIAN_POINT('',(-0.00523260197602974,-0.00557447033452969,-0.00549897598362349));
#1594=CARTESIAN_POINT('',(-0.00515297793181137,-0.00543386108483054,-0.00513816099733174));
#1595=CARTESIAN_POINT('',(-0.00508999831867421,-0.00530145310807797,-0.00487254675848954));
#1596=CARTESIAN_POINT('',(-0.00502502536678341,-0.0051171954254324,-0.0046488061794465));
#1597=CARTESIAN_POINT('',(-0.00495459047074933,-0.00488736993370157,-0.00444059920156227));
#1598=CARTESIAN_POINT('',(-0.00490559452033707,-0.00489721837379301,-0.00410364770259996));
#1599=CARTESIAN_POINT('',(-0.00491219367437892,-0.00511516670221112,-0.00387701935452393));
#1600=CARTESIAN_POINT('',(-0.00490455061979365,-0.00526939177247103,-0.00360530142160633));
#1601=CARTESIAN_POINT('',(-0.00494915465997894,-0.00558139819273579,-0.00348409394664499));
#1602=CARTESIAN_POINT('',(-0.00501944882685913,-0.00585349691254597,-0.00363229650357278));
#1603=CARTESIAN_POINT('',(-0.00508552954536073,-0.00611641153661336,-0.00376204739600035));
#1604=CARTESIAN_POINT('',(-0.00514955622385967,-0.00641308430236478,-0.00381765040576747));
#1605=CARTESIAN_POINT('',(-0.00523054832457275,-0.00680390620174681,-0.00385729365321848));
#1606=CARTESIAN_POINT('',(-0.00528872673326876,-0.00710385685022738,-0.00384532491605614));
#1607=CARTESIAN_POINT('',(-0.00532637065688834,-0.00730227082363097,-0.00382443753236128));
#1608=CARTESIAN_POINT('',(-0.00532637065688835,-0.00745256835802483,-0.00352259939385001));
#1609=CARTESIAN_POINT('',(-0.00528932260544601,-0.00735129458104201,-0.00335437976905454));
#1610=CARTESIAN_POINT('',(-0.00523260197602974,-0.00718449802723465,-0.00311391144313405));
#1611=CARTESIAN_POINT('',(-0.00515297793181138,-0.00692304239985949,-0.00282825540810675));
#1612=CARTESIAN_POINT('',(-0.00508999831867422,-0.00670362470838372,-0.0026284087847906));
#1613=CARTESIAN_POINT('',(-0.00502502536678342,-0.00645098511669517,-0.00248633846052875));
#1614=CARTESIAN_POINT('',(-0.00495459047074934,-0.00616146619244427,-0.00237521377924867));
#1615=CARTESIAN_POINT('',(-0.00490559452033708,-0.00604892866842302,-0.0020574581969022));
#1616=CARTESIAN_POINT('',(-0.00491219367437891,-0.00617029183005378,-0.00176740153862501));
#1617=CARTESIAN_POINT('',(-0.00490455061979366,-0.00621594658632901,-0.00145831959059965));
#1618=CARTESIAN_POINT('',(-0.00494915465997893,-0.0064630987184124,-0.00123258726708444));
#1619=CARTESIAN_POINT('',(-0.00501944882685912,-0.00677036015688965,-0.00127248864083469));
#1620=CARTESIAN_POINT('',(-0.00508552954536072,-0.00706239217110658,-0.00129850202790076));
#1621=CARTESIAN_POINT('',(-0.00514955622385967,-0.00735911741028367,-0.00124317972616751));
#1622=CARTESIAN_POINT('',(-0.00523054832457275,-0.00773786877086275,-0.00113896479938379));
#1623=CARTESIAN_POINT('',(-0.00528872673326876,-0.00801324081420803,-0.00101944961232782));
#1624=CARTESIAN_POINT('',(-0.00532637065688834,-0.00819071094104443,-0.00092829731274033));
#1625=CARTESIAN_POINT('',(-0.00532637065688835,-0.00822182270594001,-0.000592547899055207));
#1626=CARTESIAN_POINT('',(-0.00528932260544601,-0.00806661978379014,-0.000472272078430955));
#1627=CARTESIAN_POINT('',(-0.00523260197602974,-0.00782421945068366,-0.000308295907470377));
#1628=CARTESIAN_POINT('',(-0.00515297793181137,-0.00747722847688513,-0.000136378254112666));
#1629=CARTESIAN_POINT('',(-0.00508999831867421,-0.00720043464575535,-2.92896401897669E-5));
#1630=CARTESIAN_POINT('',(-0.00502502536678341,-0.00691353352180561,1.19230447604338E-5));
#1631=CARTESIAN_POINT('',(-0.00495459047074932,-0.00660342230003448,1.09574254664564E-5));
#1632=CARTESIAN_POINT('',(-0.00490559452033708,-0.00638369762811169,0.000266602439056788));
#1633=CARTESIAN_POINT('',(-0.00491219367437892,-0.00639208485548036,0.000580913648575294));
#1634=CARTESIAN_POINT('',(-0.00490455061979365,-0.0063230033699542,0.000885616381945354));
#1635=CARTESIAN_POINT('',(-0.00494915465997894,-0.00647192194890111,0.00118538715289771));
#1636=CARTESIAN_POINT('',(-0.00501944882685912,-0.00677284874618467,0.00125917586395109));
#1637=CARTESIAN_POINT('',(-0.00508552954536073,-0.0070545576088259,0.00134041323431495));
#1638=CARTESIAN_POINT('',(-0.00514955622385967,-0.00731126093366647,0.00149918926414805));
#1639=CARTESIAN_POINT('',(-0.00523054832457275,-0.00762678928546264,0.00173318756182951));
#1640=CARTESIAN_POINT('',(-0.00528872673326876,-0.00784039220332969,0.00194410801051067));
#1641=CARTESIAN_POINT('',(-0.00532637065688834,-0.00797295015957372,0.00209321460283918));
#1642=CARTESIAN_POINT('',(-0.00532637065688835,-0.00788067433872563,0.00241753047292826));
#1643=CARTESIAN_POINT('',(-0.00528932260544601,-0.00769250328605414,0.00247361857333467));
#1644=CARTESIAN_POINT('',(-0.00523260197602974,-0.00740723668182119,0.00253895669882375));
#1645=CARTESIAN_POINT('',(-0.00515297793181137,-0.00702157341535417,0.0025739175387973));
#1646=CARTESIAN_POINT('',(-0.00508999831867421,-0.00672478598523202,0.00257378523261816));
#1647=CARTESIAN_POINT('',(-0.00502502536678341,-0.00644237091558455,0.00250857427678685));
#1648=CARTESIAN_POINT('',(-0.00495459047074932,-0.00615354963517898,0.0023956487691551));
#1649=CARTESIAN_POINT('',(-0.00490559452033708,-0.00585631284983418,0.00255465693832595));
#1650=CARTESIAN_POINT('',(-0.00491219367437891,-0.0057505914014094,0.00285077322858181));
#1651=CARTESIAN_POINT('',(-0.00490455061979365,-0.00557610351149587,0.00310994495473882));
#1652=CARTESIAN_POINT('',(-0.00494915465997894,-0.00560667625803318,0.00344326846942404));
#1653=CARTESIAN_POINT('',(-0.00501944882685912,-0.00586062658265697,0.00362078169097595));
#1654=CARTESIAN_POINT('',(-0.00508552954536072,-0.0060939659508201,0.00379829826175028));
#1655=CARTESIAN_POINT('',(-0.00514955622385967,-0.00627597815486221,0.00403908443704592));
#1656=CARTESIAN_POINT('',(-0.00523054832457275,-0.00648566964556246,0.00437126333889392));
#1657=CARTESIAN_POINT('',(-0.00528872673326876,-0.0066086551802787,0.00464510307385533));
#1658=CARTESIAN_POINT('',(-0.00532637065688834,-0.00667839827941062,0.00483202628740274));
#1659=CARTESIAN_POINT('',(-0.00532637065688835,-0.00647519723374237,0.00510110795854397));
#1660=CARTESIAN_POINT('',(-0.00528932260544601,-0.00627947159390433,0.00508543332997774));
#1661=CARTESIAN_POINT('',(-0.00523260197602974,-0.00598986555416338,0.005043309134097));
#1662=CARTESIAN_POINT('',(-0.00515297793181135,-0.00561761595619813,0.00493659150552323));
#1663=CARTESIAN_POINT('',(-0.00508999831867419,-0.00534091771407753,0.00482925614792467));
#1664=CARTESIAN_POINT('',(-0.00502502536678338,-0.00510113041880411,0.00466642865224318));
#1665=CARTESIAN_POINT('',(-0.0049545904707493,-0.0048726059940968,0.00445679447182122));
#1666=CARTESIAN_POINT('',(-0.00490559452033708,-0.00453800057023673,0.00449769086223149));
#1667=CARTESIAN_POINT('',(-0.00491219367437891,-0.00433244871345106,0.00473562008738863));
#1668=CARTESIAN_POINT('',(-0.00490455061979366,-0.00407611997555377,0.00491425822859501));
#1669=CARTESIAN_POINT('',(-0.00494915465997896,-0.00398421787085225,0.00523611729934549));
#1670=CARTESIAN_POINT('',(-0.00501944882685913,-0.00415689432428853,0.00549338088719057));
#1671=CARTESIAN_POINT('',(-0.00508552954536074,-0.00431035042332503,0.00574320206183906));
#1672=CARTESIAN_POINT('',(-0.00514955622385967,-0.00439308974984834,0.00603347887538127));
#1673=CARTESIAN_POINT('',(-0.00523054832457276,-0.00446862438169293,0.00641897578003438));
#1674=CARTESIAN_POINT('',(-0.00528872673326876,-0.00448438265530856,0.00671875122767115));
#1675=CARTESIAN_POINT('',(-0.00532637065688834,-0.00448189170533074,0.00691824604667059));
#1676=CARTESIAN_POINT('',(-0.00532637065688835,-0.0041952088620357,0.00709575254814333));
#1677=CARTESIAN_POINT('',(-0.00528932260544601,-0.00401836246724446,0.00701043213604846));
#1678=CARTESIAN_POINT('',(-0.00523260197602974,-0.00376352989242503,0.0068665347248698));
#1679=CARTESIAN_POINT('',(-0.00515297793181137,-0.00345496833387305,0.00663255143483045));
#1680=CARTESIAN_POINT('',(-0.00508999831867421,-0.0032357289105903,0.00643250926062191));
#1681=CARTESIAN_POINT('',(-0.00502502536678341,-0.00307095399262489,0.00619405598064045));
#1682=CARTESIAN_POINT('',(-0.00495459047074933,-0.00293358991347019,0.00591602538511726));
#1683=CARTESIAN_POINT('',(-0.00490559452033708,-0.00260680616769976,0.00583328671262714));
#1684=CARTESIAN_POINT('',(-0.00491219367437891,-0.00232918481981421,0.00598089521241674));
#1685=CARTESIAN_POINT('',(-0.00490455061979365,-0.00202563385035274,0.00605487369783443));
#1686=CARTESIAN_POINT('',(-0.00494915465997894,-0.00182366878289935,0.00632179947366261));
#1687=CARTESIAN_POINT('',(-0.00501944882685912,-0.00189175045327822,0.00662406855471573));
#1688=CARTESIAN_POINT('',(-0.00508552954536073,-0.00194459818668367,0.00691245459929514));
#1689=CARTESIAN_POINT('',(-0.00514955622385967,-0.00191689023116679,0.00721301855893574));
#1690=CARTESIAN_POINT('',(-0.00523054832457275,-0.00184806663357328,0.00759976997330849));
#1691=CARTESIAN_POINT('',(-0.00528872673326876,-0.00175446940391689,0.0078849947983042));
#1692=CARTESIAN_POINT('',(-0.00532637065688834,-0.00168008082142667,0.00807011834201086));
#1693=CARTESIAN_POINT('',(-0.00532637065688835,-0.0013486342870563,0.00813207643719374));
#1694=CARTESIAN_POINT('',(-0.00528932260544601,-0.00121455122286813,0.00798863323600036));
#1695=CARTESIAN_POINT('',(-0.00523260197602975,-0.00102890866427559,0.00776239675226655));
#1696=CARTESIAN_POINT('',(-0.00515297793181137,-0.000825708093417915,0.00743274854062756));
#1697=CARTESIAN_POINT('',(-0.00508999831867421,-0.000693536987934909,0.00716701635390787));
#1698=CARTESIAN_POINT('',(-0.00502502536678342,-0.000626028212998089,0.00688514172640309));
#1699=CARTESIAN_POINT('',(-0.00495459047074933,-0.000598376259446416,0.00657626428832484));
#1700=CARTESIAN_POINT('',(-0.00490559452033708,-0.000323548147403212,0.00638106486912505));
#1701=CARTESIAN_POINT('',(-0.00491219367437892,-1.1351609802761E-5,0.00641841729772359));
#1702=CARTESIAN_POINT('',(-0.00490455061979365,0.000298425350763105,0.00637774492296799));
#1703=CARTESIAN_POINT('',(-0.00494915465997893,0.000583176879481647,0.0065536875987615));
#1704=CARTESIAN_POINT('',(-0.00501944882685912,0.000628884798998388,0.00686013905869558));
#1705=CARTESIAN_POINT('',(-0.00508552954536072,0.000683782810459827,0.00714814183988324));
#1706=CARTESIAN_POINT('',(-0.00514955622385967,0.000818195935089276,0.00741840011739036));
#1707=CARTESIAN_POINT('',(-0.00523054832457275,0.00102208275390117,0.00775417311990814));
#1708=CARTESIAN_POINT('',(-0.00528872673326876,0.00121239466232433,0.00798632612916178));
#1709=CARTESIAN_POINT('',(-0.00532637065688834,0.00134863428706027,0.0081320764371931));
#1710=CARTESIAN_POINT('',(-0.00532637065688835,0.00168008082143061,0.00807011834201001));
#1711=CARTESIAN_POINT('',(-0.00528932260544601,0.00175329189421721,0.00788792515088551));
#1712=CARTESIAN_POINT('',(-0.00523260197602974,0.00184467238036399,0.00760990408534443));
#1713=CARTESIAN_POINT('',(-0.00515297793181138,0.0019150686004598,0.00722911176973147));
#1714=CARTESIAN_POINT('',(-0.00508999831867421,0.0019423209479622,0.00693357817479));
#1715=CARTESIAN_POINT('',(-0.00502502536678342,0.00190344614573621,0.00664635093012767));
#1716=CARTESIAN_POINT('',(-0.00495459047074934,0.00181765142413289,0.00634834225905583));
#1717=CARTESIAN_POINT('',(-0.00490559452033708,0.00200340684304228,0.00606704485634657));
#1718=CARTESIAN_POINT('',(-0.00491219367437891,0.00230801469801398,0.00598909656129486));
#1719=CARTESIAN_POINT('',(-0.00490455061979366,0.00258218055462645,0.00583926635595013));
#1720=CARTESIAN_POINT('',(-0.00494915465997893,0.002911261272794,0.00590046389841104));
#1721=CARTESIAN_POINT('',(-0.00501944882685911,0.00306458567439929,0.0061697097694558));
#1722=CARTESIAN_POINT('',(-0.00508552954536072,0.00321981515007936,0.00641843291577383));
#1723=CARTESIAN_POINT('',(-0.00514955622385967,0.00344278020653133,0.00662188563321732));
#1724=CARTESIAN_POINT('',(-0.00523054832457275,0.00375419420190522,0.00686133221930765));
#1725=CARTESIAN_POINT('',(-0.00528872673326876,0.00401551811130789,0.00700905986251531));
#1726=CARTESIAN_POINT('',(-0.00532637065688834,0.00419520886203917,0.00709575254814131));
#1727=CARTESIAN_POINT('',(-0.00532637065688835,0.0044818917053341,0.00691824604666838));
#1728=CARTESIAN_POINT('',(-0.00528932260544601,0.00448434322566275,0.00672190906564144));
#1729=CARTESIAN_POINT('',(-0.00523260197602974,0.00446912019835289,0.00642965170376231));
#1730=CARTESIAN_POINT('',(-0.00515297793181137,0.00439720466808399,0.00604914339644196));
#1731=CARTESIAN_POINT('',(-0.00508999831867422,0.00431585767706511,0.00576372184288371));
#1732=CARTESIAN_POINT('',(-0.00502502536678341,0.00417584955512961,0.00550993361203658));
#1733=CARTESIAN_POINT('',(-0.00495459047074933,0.00398819521092884,0.00526304143032243));
#1734=CARTESIAN_POINT('',(-0.00490559452033707,0.00405979063807442,0.00493363681706235));
#1735=CARTESIAN_POINT('',(-0.00491219367437892,0.00431567083171305,0.00475091514753356));
#1736=CARTESIAN_POINT('',(-0.00490455061979365,0.00451719796623114,0.00451216251106931));
#1737=CARTESIAN_POINT('',(-0.00494915465997894,0.00484616369935997,0.00445034985298102));
#1738=CARTESIAN_POINT('',(-0.00501944882685912,0.00508639727301715,0.00464602698830902));
#1739=CARTESIAN_POINT('',(-0.00508552954536072,0.00532099361206905,0.00482187906062462));
#1740=CARTESIAN_POINT('',(-0.00514955622385967,0.00560239793397768,0.00493104880114329));
#1741=CARTESIAN_POINT('',(-0.00523054832457275,0.00597928092023377,0.00504183038253535));
#1742=CARTESIAN_POINT('',(-0.00528872673326876,0.00627632358860537,0.00508518122289467));
#1743=CARTESIAN_POINT('',(-0.00532637065688834,0.00647519723374488,0.00510110795854082));
#1744=CARTESIAN_POINT('',(-0.00532637065688835,0.00667839827941296,0.00483202628739947));
#1745=CARTESIAN_POINT('',(-0.00528932260544601,0.00660975915587891,0.00464806191369856));
#1746=CARTESIAN_POINT('',(-0.00523260197602975,0.00648998856930434,0.00438103923165713));
#1747=CARTESIAN_POINT('',(-0.00515297793181138,0.00628547387953125,0.00405220468800232));
#1748=CARTESIAN_POINT('',(-0.00508999831867423,0.00610651391188745,0.00381544293821079));
#1749=CARTESIAN_POINT('',(-0.00502502536678343,0.00588428134292165,0.00362936922804387));
#1750=CARTESIAN_POINT('',(-0.00495459047074935,0.00562011113513633,0.00346693769290476));
#1751=CARTESIAN_POINT('',(-0.00490559452033708,0.00556787721135805,0.00313391378740862));
#1752=CARTESIAN_POINT('',(-0.00491219367437892,0.00574047170563158,0.00287109631736829));
#1753=CARTESIAN_POINT('',(-0.00490455061979365,0.00584214276183821,0.00257566611631309));
#1754=CARTESIAN_POINT('',(-0.00494915465997891,0.00612656486480717,0.00239919139966608));
#1755=CARTESIAN_POINT('',(-0.00501944882685911,0.0064212627352137,0.00249487251786678));
#1756=CARTESIAN_POINT('',(-0.00508552954536071,0.00670354240210529,0.0025741037193838));
#1757=CARTESIAN_POINT('',(-0.00514955622385966,0.00700538077648165,0.00257424650459021));
#1758=CARTESIAN_POINT('',(-0.00523054832457275,0.00739683261794538,0.00254140141485506));
#1759=CARTESIAN_POINT('',(-0.00528872673326876,0.00768947678695209,0.00247452068116023));
#1760=CARTESIAN_POINT('',(-0.00532637065688834,0.00788067433872684,0.00241753047292442));
#1761=CARTESIAN_POINT('',(-0.00532637065688835,0.00797295015957472,0.00209321460283529));
#1762=CARTESIAN_POINT('',(-0.00528932260544601,0.00784249048615376,0.00194646824451047));
#1763=CARTESIAN_POINT('',(-0.00523260197602974,0.00763434802170308,0.00174074313514017));
#1764=CARTESIAN_POINT('',(-0.00515297793181137,0.00732485501453463,0.00150799328240657));
#1765=CARTESIAN_POINT('',(-0.00508999831867421,0.00707245160554759,0.00135186732263323));
#1766=CARTESIAN_POINT('',(-0.0050250253667834,0.00679800832942344,0.00125863841877465));
#1767=CARTESIAN_POINT('',(-0.00495459047074932,0.00649299990843264,0.00120260480909519));
#1768=CARTESIAN_POINT('',(-0.00490559452033708,0.00632399111457512,0.000910938335149343));
#1769=CARTESIAN_POINT('',(-0.00491219367437892,0.00638999006665284,0.000603520020248359));
#1770=CARTESIAN_POINT('',(-0.00490455061979366,0.00637807380502856,0.000291311740289933));
#1771=CARTESIAN_POINT('',(-0.00494915465997894,0.00657953949679453,2.40088534477111E-5));
#1772=CARTESIAN_POINT('',(-0.00501944882685913,0.00688890108357468,6.77168932084904E-6));
#1773=CARTESIAN_POINT('',(-0.00508552954536073,0.00718074064512659,-2.13185927609149E-5));
#1774=CARTESIAN_POINT('',(-0.00514955622385968,0.00746224812696694,-0.000130222046800098));
#1775=CARTESIAN_POINT('',(-0.00523054832457276,0.00781540108333904,-0.000302257896292794));
#1776=CARTESIAN_POINT('',(-0.00528872673326876,0.00806412353635915,-0.000470337590357346));
#1777=CARTESIAN_POINT('',(-0.00532637065688834,0.00822182270593974,-0.000592547899059216));
#1778=CARTESIAN_POINT('',(-0.00532637065688835,0.00819071094104395,-0.000928297312744327));
#1779=CARTESIAN_POINT('',(-0.00528932260544601,0.0080160500195336,-0.0010180067468516));
#1780=CARTESIAN_POINT('',(-0.00523260197602975,0.00774764647038812,-0.00113464996756813));
#1781=CARTESIAN_POINT('',(-0.00515297793181138,0.00737497389140243,-0.00123988097205736));
#1782=CARTESIAN_POINT('',(-0.00508999831867422,0.00708321552007144,-0.0012942854658213));
#1783=CARTESIAN_POINT('',(-0.00502502536678343,0.00679362662197227,-0.00128207848330634));
#1784=CARTESIAN_POINT('',(-0.00495459047074935,0.00648897306514081,-0.00122414651804582));
#1785=CARTESIAN_POINT('',(-0.00490559452033708,0.00622601497532436,-0.00143506438695515));
#1786=CARTESIAN_POINT('',(-0.00491219367437891,0.00617650486101531,-0.00174556499982577));
#1787=CARTESIAN_POINT('',(-0.00490455061979365,0.00605261063872273,-0.00203238590047321));
#1788=CARTESIAN_POINT('',(-0.00494915465997893,0.00614391086125263,-0.00235441622146632));
#1789=CARTESIAN_POINT('',(-0.00501944882685911,0.00642615516788004,-0.00248224369339115));
#1790=CARTESIAN_POINT('',(-0.00508552954536072,0.00668814007416589,-0.00261386171082283));
#1791=CARTESIAN_POINT('',(-0.00514955622385966,0.00691129751816094,-0.00281710338918475));
#1792=CARTESIAN_POINT('',(-0.00523054832457275,0.00717845632579532,-0.00310509560367747));
#1793=CARTESIAN_POINT('',(-0.00528872673326876,0.0073496657173298,-0.0033516741640666));
#1794=CARTESIAN_POINT('',(-0.00532637065688834,0.00745256835802313,-0.00352259939385366));
#1795=CARTESIAN_POINT('',(-0.00532637065688835,0.00730227082362909,-0.00382443753236483));
#1796=CARTESIAN_POINT('',(-0.00528932260544601,0.00710699757930889,-0.00384499428608128));
#1797=CARTESIAN_POINT('',(-0.00523260197602974,0.00681458233205607,-0.00385680230484385));
#1798=CARTESIAN_POINT('',(-0.00515297793181137,0.00642906167809516,-0.00382030243082732));
#1799=CARTESIAN_POINT('',(-0.00508999831867421,0.0061373519291574,-0.00376563783023335));
#1800=CARTESIAN_POINT('',(-0.00502502536678341,0.00587172799443893,-0.00364964358197463));
#1801=CARTESIAN_POINT('',(-0.00495459047074932,0.00560857445276052,-0.00348557007469478));
#1802=CARTESIAN_POINT('',(-0.00490559452033708,0.00528718101411602,-0.00358725371163526));
#1803=CARTESIAN_POINT('',(-0.00491219367437891,0.00512884844870269,-0.00385890179416404));
#1804=CARTESIAN_POINT('',(-0.00490455061979365,0.00490970886698404,-0.00408159856353861));
#1805=CARTESIAN_POINT('',(-0.00494915465997894,0.00487851301931335,-0.00441486433940083));
#1806=CARTESIAN_POINT('',(-0.00501944882685913,0.00509552138820833,-0.00463601831072356));
#1807=CARTESIAN_POINT('',(-0.00508552954536073,0.00529226912592567,-0.00485338832093045));
#1808=CARTESIAN_POINT('',(-0.00514955622385967,0.00542693788270575,-0.00512351930875131));
#1809=CARTESIAN_POINT('',(-0.00523054832457276,0.00557202126425333,-0.00548857294385683));
#1810=CARTESIAN_POINT('',(-0.00528872673326876,0.00564259481727145,-0.00578034856965098));
#1811=CARTESIAN_POINT('',(-0.00532637065688834,0.00567680335724864,-0.00597690432111108));
#1812=CARTESIAN_POINT('',(-0.00532637065688835,0.00542761856820364,-0.00620406627129953));
#1813=CARTESIAN_POINT('',(-0.00528932260544601,0.00523810573476543,-0.00615269404112682));
#1814=CARTESIAN_POINT('',(-0.00523260197602974,0.00496117108887561,-0.00605807211957107));
#1815=CARTESIAN_POINT('',(-0.00515297793181137,0.00461486906050061,-0.0058847708772875));
#1816=CARTESIAN_POINT('',(-0.00508999831867421,0.00436260495196965,-0.00572841993955283));
#1817=CARTESIAN_POINT('',(-0.00502502536678342,0.00415681996488867,-0.00552430409152406));
#1818=CARTESIAN_POINT('',(-0.00495459047074933,0.00397070678235111,-0.00527624807854566));
#1819=CARTESIAN_POINT('',(-0.00490559452033708,0.00363428395967001,-0.00525496454489992));
#1820=CARTESIAN_POINT('',(-0.00491219367437892,0.00338851263346249,-0.00545107251828735));
#1821=CARTESIAN_POINT('',(-0.00490455061979365,0.0031037237071232,-0.00557956872367959));
#1822=CARTESIAN_POINT('',(-0.00494915465997893,0.0029542449613419,-0.00587906056469129));
#1823=CARTESIAN_POINT('',(-0.00501944882685912,0.00307670920980023,-0.00616367296612842));
#1824=CARTESIAN_POINT('',(-0.00508552954536072,0.00318164790675356,-0.00643743794474326));
#1825=CARTESIAN_POINT('',(-0.00514955622385967,0.00320964021449022,-0.00673797555527038));
#1826=CARTESIAN_POINT('',(-0.00523054832457275,0.0032130538553382,-0.0071307880947357));
#1827=CARTESIAN_POINT('',(-0.00528872673326876,0.00317346022044332,-0.00742835487088686));
#1828=CARTESIAN_POINT('',(-0.00532637065688834,0.00313435460682441,-0.0076239952006323));
#1829=CARTESIAN_POINT('',(-0.00532637065688835,0.00281993634966956,-0.00774580148237726));
#1830=CARTESIAN_POINT('',(-0.00528932260544601,0.00266177868539605,-0.00762943837266357));
#1831=CARTESIAN_POINT('',(-0.00523260197602974,0.00243772619934449,-0.00744116572561377));
#1832=CARTESIAN_POINT('',(-0.00515297793181137,0.00217741280441323,-0.00715446840812889));
#1833=CARTESIAN_POINT('',(-0.00508999831867421,0.00199866400198987,-0.00691754719376504));
#1834=CARTESIAN_POINT('',(-0.00502502536678341,0.00188051036534562,-0.00665287672228746));
#1835=CARTESIAN_POINT('',(-0.00495459047074933,0.00179657315853934,-0.00635433954268907));
#1836=CARTESIAN_POINT('',(-0.00490559452033708,0.00149055671820791,-0.00621296329761211));
#1837=CARTESIAN_POINT('',(-0.00491219367437892,0.00119053941067647,-0.00630704569338044));
#1838=CARTESIAN_POINT('',(-0.00490455061979365,0.000878563462288579,-0.00632398721023007));
#1839=CARTESIAN_POINT('',(-0.00494915465997893,0.000630989751304798,-0.00654925708372108));
#1840=CARTESIAN_POINT('',(-0.00501944882685912,0.000642370403974405,-0.00685888943336673));
#1841=CARTESIAN_POINT('',(-0.00508552954536072,0.000641327507654735,-0.00715207590304348));
#1842=CARTESIAN_POINT('',(-0.00514955622385967,0.000558862850077397,-0.00744243086663876));
#1843=CARTESIAN_POINT('',(-0.00523054832457275,0.000420145719113636,-0.00780995080035967));
#1844=CARTESIAN_POINT('',(-0.00528872673326876,0.000275732236094203,-0.00807312068487417));
#1845=CARTESIAN_POINT('',(-0.00532637065688834,0.000168593898690103,-0.00824142328229234));
#1846=CARTESIAN_POINT('',(-0.00532637065688835,-0.000168593898694121,-0.00824142328229224));
#1847=CARTESIAN_POINT('',(-0.00528932260544601,-0.000274036324860945,-0.00807578477579467));
#1848=CARTESIAN_POINT('',(-0.00523260197602975,-0.000414947121315278,-0.00781928866748965));
#1849=CARTESIAN_POINT('',(-0.00515297793181138,-0.00055411511637103,-0.00745791533617448));
#1850=CARTESIAN_POINT('',(-0.00508999831867422,-0.000635207596438216,-0.00717242136800707));
#1851=CARTESIAN_POINT('',(-0.00502502536678343,-0.000649772579305029,-0.00688294148684344));
#1852=CARTESIAN_POINT('',(-0.00495459047074935,-0.000620197625488692,-0.00657424224098146));
#1853=CARTESIAN_POINT('',(-0.00490559452033709,-0.00085447846750799,-0.00633186692976371));
#1854=CARTESIAN_POINT('',(-0.00491219367437892,-0.00116822275652796,-0.00631121739903584));
#1855=CARTESIAN_POINT('',(-0.00490455061979365,-0.00146525164641624,-0.00621431618161616));
#1856=CARTESIAN_POINT('',(-0.00494915465997893,-0.00177748412108089,-0.00633494014290798));
#1857=CARTESIAN_POINT('',(-0.00501944882685911,-0.00187872408440547,-0.00662777487621043));
#1858=CARTESIAN_POINT('',(-0.00508552954536071,-0.00198560772507124,-0.00690078637961694));
#1859=CARTESIAN_POINT('',(-0.00514955622385967,-0.00216739203900433,-0.00714174464953448));
#1860=CARTESIAN_POINT('',(-0.00523054832457275,-0.00242950542458501,-0.00743433637396372));
#1861=CARTESIAN_POINT('',(-0.00528872673326876,-0.0026592349146245,-0.00762756681566321));
#1862=CARTESIAN_POINT('',(-0.00532637065688834,-0.00281993634967335,-0.0077458014823759));
#1863=CARTESIAN_POINT('',(-0.00532637065688835,-0.00313435460682812,-0.00762399520063075));
#1864=CARTESIAN_POINT('',(-0.00528932260544601,-0.00317284121095777,-0.00743145169548642));
#1865=CARTESIAN_POINT('',(-0.00523260197602974,-0.00321157953394007,-0.00714137334664675));
#1866=CARTESIAN_POINT('',(-0.00515297793181137,-0.00321080672023154,-0.00675412947233414));
#1867=CARTESIAN_POINT('',(-0.0050899983186742,-0.00318329088916054,-0.00645862029274083));
#1868=CARTESIAN_POINT('',(-0.0050250253667834,-0.00309230013660632,-0.00618342686390568));
#1869=CARTESIAN_POINT('',(-0.00495459047074932,-0.00295320728356083,-0.00590625709549529));
#1870=CARTESIAN_POINT('',(-0.00490559452033707,-0.00308411160135846,-0.00559561684696476));
#1871=CARTESIAN_POINT('',(-0.00491219367437892,-0.0033692099671177,-0.00546302422328853));
#1872=CARTESIAN_POINT('',(-0.00490455061979365,-0.00361117640103311,-0.00526536731796024));
#1873=CARTESIAN_POINT('',(-0.00494915465997896,-0.00394589891353524,-0.00526505443268015));
#1874=CARTESIAN_POINT('',(-0.00501944882685913,-0.00414608647481689,-0.00550154259625367));
#1875=CARTESIAN_POINT('',(-0.00508552954536073,-0.00434437563189421,-0.00571750741704585));
#1876=CARTESIAN_POINT('',(-0.00514955622385968,-0.0046009286232847,-0.00587652624373738));
#1877=CARTESIAN_POINT('',(-0.00523054832457276,-0.00495103839833922,-0.00605467362518404));
#1878=CARTESIAN_POINT('',(-0.00528872673326876,-0.00523505765479385,-0.00615186778219014));
#1879=CARTESIAN_POINT('',(-0.00532637065688834,-0.00542761856820668,-0.0062040662712969));
#1880=CARTESIAN_POINT('',(-0.0047175055440267,0.,0.00550697793986353));
#1881=CARTESIAN_POINT('',(-0.0047175055440267,0.00418459139700115,-0.0017409469686581));
#1882=CARTESIAN_POINT('',(-0.00471750554402672,0.0036,-0.00207846096908265));
#1883=CARTESIAN_POINT('',(-0.0047175055440267,8.67361737988404E-19,-0.00415692193816531));
#1884=CARTESIAN_POINT('',(-0.0047175055440267,0.0036,0.00550697793986353));
#1885=CARTESIAN_POINT('',(-0.00471750554402672,0.0036,0.00207846096908265));
#1886=CARTESIAN_POINT('',(-0.0047175055440267,-0.000584591397001153,0.00449443593858986));
#1887=CARTESIAN_POINT('',(-0.00471750554402672,-2.03287907341032E-19,0.00415692193816531));
#1888=CARTESIAN_POINT('',(-0.0047175055440267,0.000584591397001153,0.00449443593858986));
#1889=CARTESIAN_POINT('',(-0.00471750554402672,-0.0036,0.00207846096908265));
#1890=CARTESIAN_POINT('',(-0.0047175055440267,-0.0036,0.00550697793986353));
#1891=CARTESIAN_POINT('',(-0.00471750554402672,-0.0036,-0.00207846096908265));
#1892=CARTESIAN_POINT('',(-0.0047175055440267,-0.00418459139700115,-0.0017409469686581));
#1893=CARTESIAN_POINT('',(0.000221059030642824,0.,0.00319379295506098));
#1894=CARTESIAN_POINT('',(0.000221059030642824,0.,1.37772764904077E-19));
#1895=CARTESIAN_POINT('',(0.000221059030642824,0.,-0.00225));
#1896=CARTESIAN_POINT('',(-0.000430316654731491,-0.00156593308191669,0.00939800180453382));
#1897=CARTESIAN_POINT('',(-0.00536252374319273,-0.00137607578535321,0.00815519663794309));
#1898=CARTESIAN_POINT('',(-0.000427719050081052,-0.00155515185514366,0.00938654178401718));
#1899=CARTESIAN_POINT('',(-0.00536028800966561,-0.00136675226074722,0.00814533310767637));
#1900=CARTESIAN_POINT('',(-0.000425114792482471,-0.00154443701173862,0.00937505241225873));
#1901=CARTESIAN_POINT('',(-0.00535804674723714,-0.00135748648914954,0.00813544518519784));
#1902=CARTESIAN_POINT('',(-0.000411511424345876,-0.00148893205945757,0.00931503755283257));
#1903=CARTESIAN_POINT('',(-0.00534634040399607,-0.00130948888195972,0.00808379955325192));
#1904=CARTESIAN_POINT('',(-0.000400414236129775,-0.00144530701761437,0.00926607936952626));
#1905=CARTESIAN_POINT('',(-0.00533679393891777,-0.00127176493489787,0.00804168279555353));
#1906=CARTESIAN_POINT('',(-0.0003669727010554,-0.0013191965938204,0.0091185431853746));
#1907=CARTESIAN_POINT('',(-0.00530802925773428,-0.00116267865688981,0.00791477979033228));
#1908=CARTESIAN_POINT('',(-0.000344474133091007,-0.00124152034547817,0.0090192847972964));
#1909=CARTESIAN_POINT('',(-0.00528868135400865,-0.0010954487647095,0.00782942139154275));
#1910=CARTESIAN_POINT('',(-0.00031124959500936,-0.00113654083864212,0.00887270595281854));
#1911=CARTESIAN_POINT('',(-0.00526009029223459,-0.00100443767124366,0.00770328435430426));
#1912=CARTESIAN_POINT('',(-0.000300261736739278,-0.00110347358693691,0.00882423010750936));
#1913=CARTESIAN_POINT('',(-0.00525063159823249,-0.00097574283742155,0.00766155482194201));
#1914=CARTESIAN_POINT('',(-0.000278608199959735,-0.00104142052815034,0.00872869979818784));
#1915=CARTESIAN_POINT('',(-0.00523198030243359,-0.000921831554249717,0.00757926969341746));
#1916=CARTESIAN_POINT('',(-0.000267942281702467,-0.00101243307908796,0.00868164427646461));
#1917=CARTESIAN_POINT('',(-0.00522278767837399,-0.00089661365838343,0.00753871399903686));
#1918=CARTESIAN_POINT('',(-0.000247085364671385,-0.000958665569917099,0.00858962846603336));
#1919=CARTESIAN_POINT('',(-0.00520479576077245,-0.000849764489000327,0.00745933789197125));
#1920=CARTESIAN_POINT('',(-0.000236893991238801,-0.000933885868820019,0.00854466652441901));
#1921=CARTESIAN_POINT('',(-0.00519599645472681,-0.000828133637238962,0.00742051742412283));
#1922=CARTESIAN_POINT('',(-0.000217144114632587,-0.000888570398462358,0.00845753471586218));
#1923=CARTESIAN_POINT('',(-0.00517892304914961,-0.000788495563216882,0.00734519357598812));
#1924=CARTESIAN_POINT('',(-0.000207586544264555,-0.000868034782790133,0.00841536896423851));
#1925=CARTESIAN_POINT('',(-0.00517065008665368,-0.000770488585542779,0.00730869521203552));
#1926=CARTESIAN_POINT('',(-0.000189267251315735,-0.000831146694272412,0.0083345485541702));
#1927=CARTESIAN_POINT('',(-0.00515476717476434,-0.000738056647121804,0.00723862354193548));
#1928=CARTESIAN_POINT('',(-0.000180501330718521,-0.000814792077340087,0.00829587537506484));
#1929=CARTESIAN_POINT('',(-0.00514715462543705,-0.000723630239929436,0.00720503876549155));
#1930=CARTESIAN_POINT('',(-0.000163946886289533,-0.000786120881583805,0.00822284106140754));
#1931=CARTESIAN_POINT('',(-0.00513274274772208,-0.000698247688514175,0.00714145695204315));
#1932=CARTESIAN_POINT('',(-0.000156171878667564,-0.000773810741557374,0.00818853955719298));
#1933=CARTESIAN_POINT('',(-0.00512595517216988,-0.000687297160365065,0.00711151176578348));
#1934=CARTESIAN_POINT('',(-0.000145363974908308,-0.000758191371381603,0.00814085762884331));
#1935=CARTESIAN_POINT('',(-0.00511649793119587,-0.000673335911231364,0.0070697886438393));
#1936=CARTESIAN_POINT('',(-0.000141896828155189,-0.000753455248332013,0.00812556139316779));
#1937=CARTESIAN_POINT('',(-0.00511346242987419,-0.000669090477501682,0.00705639672624365));
#1938=CARTESIAN_POINT('',(-0.000135279377591843,-0.000744897811048707,0.00809636675832949));
#1939=CARTESIAN_POINT('',(-0.00510764694794194,-0.000661388287342273,0.00703074018830727));
#1940=CARTESIAN_POINT('',(-0.000132138188637205,-0.000741080701172835,0.00808250857176492));
#1941=CARTESIAN_POINT('',(-0.0051048745108188,-0.000657935076809283,0.00701850884805809));
#1942=CARTESIAN_POINT('',(-0.000127758393832642,-0.000736046546227074,0.00806318594762714));
#1943=CARTESIAN_POINT('',(-0.00510099146648772,-0.000653355255362667,0.00700137777012689));
#1944=CARTESIAN_POINT('',(-0.000126356418063704,-0.000734485029322633,0.00805700076041124));
#1945=CARTESIAN_POINT('',(-0.00509974392804295,-0.000651929069645165,0.00699587392404698));
#1946=CARTESIAN_POINT('',(-0.000123654412263274,-0.000731581008621494,0.00804508014658581));
#1947=CARTESIAN_POINT('',(-0.00509734545550144,-0.000649273235695543,0.0069852924275403));
#1948=CARTESIAN_POINT('',(-0.000122352297215766,-0.00073023746499665,0.00803933552137621));
#1949=CARTESIAN_POINT('',(-0.00509619193742566,-0.000648042276540822,0.006980203377206));
#1950=CARTESIAN_POINT('',(-0.000119818041060794,-0.000727746189328819,0.00802815497951605));
#1951=CARTESIAN_POINT('',(-0.00509395164209526,-0.000645755785558825,0.00697031972133658));
#1952=CARTESIAN_POINT('',(-0.000118585898962436,-0.000726598456379846,0.00802271905849388));
#1953=CARTESIAN_POINT('',(-0.00509286486383652,-0.000644700252903825,0.00696552511137155));
#1954=CARTESIAN_POINT('',(-0.000116771070327801,-0.000725008638166281,0.00801471246157637));
#1955=CARTESIAN_POINT('',(-0.005091267671438,-0.000643235293167455,0.00695847867431931));
#1956=CARTESIAN_POINT('',(-0.000116169625392534,-0.00072449968473518,0.00801205902803843));
#1957=CARTESIAN_POINT('',(-0.00509074061707751,-0.000642766623806109,0.0069561534344936));
#1958=CARTESIAN_POINT('',(-0.000114988952561725,-0.000723529931644735,0.00800685017731427));
#1959=CARTESIAN_POINT('',(-0.00508969599454647,-0.00064186715479694,0.0069515448056802));
#1960=CARTESIAN_POINT('',(-0.000114411211965835,-0.000723069834303046,0.00800430132174416));
#1961=CARTESIAN_POINT('',(-0.00508917752011134,-0.000641435916000863,0.00694925741846635));
#1962=CARTESIAN_POINT('',(-0.000112757277532559,-0.000721782005134163,0.0079970045521856));
#1963=CARTESIAN_POINT('',(-0.00508767008508953,-0.000640214013497876,0.00694260696984072));
#1964=CARTESIAN_POINT('',(-0.000111761168808782,-0.000721047116008657,0.00799260995487482));
#1965=CARTESIAN_POINT('',(-0.00508673024318697,-0.000639495710844733,0.00693846060850591));
#1966=CARTESIAN_POINT('',(-0.000110579599532488,-0.000720196509447966,0.00798739714924411));
#1967=CARTESIAN_POINT('',(-0.00508555755599779,-0.000638624846915321,0.00693328698855366));
#1968=CARTESIAN_POINT('',(-0.000110237687177271,-0.000719954855681615,0.00798588871238285));
#1969=CARTESIAN_POINT('',(-0.005085206019381,-0.000638368916233368,0.00693173609171485));
#1970=CARTESIAN_POINT('',(-0.000109680752339766,-0.00071956517039094,0.00798343164692327));
#1971=CARTESIAN_POINT('',(-0.00508460300458258,-0.000637935208240033,0.00692907573231011));
#1972=CARTESIAN_POINT('',(-0.000109464281951611,-0.000719416414475628,0.00798247663050494));
#1973=CARTESIAN_POINT('',(-0.00508435699557106,-0.000637760243616277,0.00692799039843572));
#1974=CARTESIAN_POINT('',(-0.00010902492963274,-0.00071914367411475,0.0079805383114511));
#1975=CARTESIAN_POINT('',(-0.00508394382613311,-0.000637476199777286,0.0069261675920918));
#1976=CARTESIAN_POINT('',(-0.000108801207797402,-0.000719019257952617,0.00797955130335402));
#1977=CARTESIAN_POINT('',(-0.00508376672977096,-0.000637362013575104,0.00692538628461172));
#1978=CARTESIAN_POINT('',(-0.000108215192284313,-0.000718726861609496,0.00797696594079628));
#1979=CARTESIAN_POINT('',(-0.00508335223404723,-0.000637126664676736,0.00692355762700706));
#1980=CARTESIAN_POINT('',(-0.00010784885423117,-0.000718556853332941,0.00797534974350299));
#1981=CARTESIAN_POINT('',(-0.00508311450912878,-0.000637005338720222,0.0069225088406021));
#1982=CARTESIAN_POINT('',(-0.000106874619404422,-0.000718119654578046,0.00797105164867911));
#1983=CARTESIAN_POINT('',(-0.00508246757977791,-0.000636697237961449,0.00691965474052476));
#1984=CARTESIAN_POINT('',(-0.000106275724671499,-0.000717856971118399,0.00796840946603386));
#1985=CARTESIAN_POINT('',(-0.00508205097190828,-0.000636506666270975,0.00691781676462933));
#1986=CARTESIAN_POINT('',(-0.000104869179555263,-0.000717249021589593,0.00796220411993282));
#1987=CARTESIAN_POINT('',(-0.00508101747289524,-0.000636043700963339,0.00691325721016001));
#1988=CARTESIAN_POINT('',(-0.000104061882135394,-0.000716903936154039,0.00795864251366869));
#1989=CARTESIAN_POINT('',(-0.00508040475508084,-0.00063577344311469,0.00691055404333183));
#1990=CARTESIAN_POINT('',(-9.95469709377775E-5,-0.000714989495388692,0.00793872378779685));
#1991=CARTESIAN_POINT('',(-0.00507689805858409,-0.000634243166471072,0.0068950833234932));
#1992=CARTESIAN_POINT('',(-9.44099352365002E-5,-0.000712855418304785,0.0079160603949971));
#1993=CARTESIAN_POINT('',(-0.00507267963044329,-0.000632448159262672,0.00687647261110731));
#1994=CARTESIAN_POINT('',(-8.20594492592628E-5,-0.000707768481449175,0.00786157295686223));
#1995=CARTESIAN_POINT('',(-0.0050622790826482,-0.000628066149017539,0.00683058784142312));
#1996=CARTESIAN_POINT('',(-7.48459026548471E-5,-0.000704815583523689,0.00782974848654824));
#1997=CARTESIAN_POINT('',(-0.00505609691658954,-0.000625479127217982,0.0068033135793996));
#1998=CARTESIAN_POINT('',(-6.22727879585978E-5,-0.00069968537923527,0.00777427886288831));
#1999=CARTESIAN_POINT('',(-0.00504519863491466,-0.000620934675054115,0.00675523292495162));
#2000=CARTESIAN_POINT('',(-5.77420175583405E-5,-0.000696401093975013,0.0077542901699456));
#2001=CARTESIAN_POINT('',(-0.00504126170452008,-0.000618078926704577,0.00673786411438732));
#2002=CARTESIAN_POINT('',(-4.91098014355842E-5,-0.000687729083812615,0.00771620686352165));
#2003=CARTESIAN_POINT('',(-0.0050337410785008,-0.00061055759191779,0.00670468488194931));
#2004=CARTESIAN_POINT('',(-4.50080343505324E-5,-0.000682341526071208,0.00769811083226405));
#2005=CARTESIAN_POINT('',(-0.00503015714225597,-0.000605892149598785,0.00668887339851622));
#2006=CARTESIAN_POINT('',(-3.7231078767166E-5,-0.000669965947488826,0.0076638007341021));
#2007=CARTESIAN_POINT('',(-0.00502334276010432,-0.000595155794555869,0.00665880994784717));
#2008=CARTESIAN_POINT('',(-3.35556335631703E-5,-0.000662977808038266,0.00764758553467269));
#2009=CARTESIAN_POINT('',(-0.00502011211930451,-0.000589084813691896,0.00664455712078921));
#2010=CARTESIAN_POINT('',(-2.66123221351849E-5,-0.000647803723834431,0.00761695327837271));
#2011=CARTESIAN_POINT('',(-0.00501399156855876,-0.000575864904032147,0.00661755469102853));
#2012=CARTESIAN_POINT('',(-2.33442584156115E-5,-0.000639617497534976,0.0076025353501981));
#2013=CARTESIAN_POINT('',(-0.00501110150610627,-0.000568715781437513,0.00660480441550287));
#2014=CARTESIAN_POINT('',(-1.41087363670271E-5,-0.000613725288351258,0.00756179039998367));
#2015=CARTESIAN_POINT('',(-0.00500291154496744,-0.000546033872514871,0.00656867223400802));
#2016=CARTESIAN_POINT('',(-8.70977726954574E-6,-0.00059472102019675,0.00753797146278883));
#2017=CARTESIAN_POINT('',(-0.00499809192403101,-0.00052929444685989,0.00654740920046492));
#2018=CARTESIAN_POINT('',(8.35833391854253E-7,-0.000554736278466263,0.00749585847457663));
#2019=CARTESIAN_POINT('',(-0.00498953560404209,-0.000493865358131777,0.00650966072992562));
#2020=CARTESIAN_POINT('',(4.98501036482623E-6,-0.000533743948402949,0.00747755328204875));
#2021=CARTESIAN_POINT('',(-0.0049857968236792,-0.000475166734032507,0.00649316611067757));
#2022=CARTESIAN_POINT('',(1.2268166412224E-5,-0.000490287247253099,0.00744542171125125));
#2023=CARTESIAN_POINT('',(-0.0049792206469369,-0.000436305712235228,0.00646415356622622));
#2024=CARTESIAN_POINT('',(1.5403526985878E-5,-0.00046781263692227,0.00743158923813211));
#2025=CARTESIAN_POINT('',(-0.00497638206688914,-0.000416135238651158,0.0064516304189567));
#2026=CARTESIAN_POINT('',(2.08052996888008E-5,-0.000421249754786118,0.00740775788797198));
#2027=CARTESIAN_POINT('',(-0.0049714946637771,-0.000374293670396062,0.00643006834640358));
#2028=CARTESIAN_POINT('',(2.30726736709319E-5,-0.000397152416272227,0.00739775476746249));
#2029=CARTESIAN_POINT('',(-0.00496944503257228,-0.000352615182030049,0.00642102585579411));
#2030=CARTESIAN_POINT('',(2.67611806292868E-5,-0.000346842912469171,0.00738148194264603));
#2031=CARTESIAN_POINT('',(-0.0049661219010975,-0.000307427454360269,0.00640636498164065));
#2032=CARTESIAN_POINT('',(2.81831932744254E-5,-0.000320621059331073,0.00737520835744679));
#2033=CARTESIAN_POINT('',(-0.0049648477222446,-0.000283910274197598,0.00640074360434849));
#2034=CARTESIAN_POINT('',(3.00534739934013E-5,-0.000265475215807769,0.00736695711898052));
#2035=CARTESIAN_POINT('',(-0.00496318147747723,-0.000234646281777792,0.00639339252449246));
#2036=CARTESIAN_POINT('',(3.05024673532676E-5,-0.0002365383725253,0.00736497626592345));
#2037=CARTESIAN_POINT('',(-0.0049627889171664,-0.000208889203588441,0.00639166064076815));
#2038=CARTESIAN_POINT('',(2.94618528943913E-5,-6.89482234824914E-5,0.00736956721206491));
#2039=CARTESIAN_POINT('',(-0.00496372620816836,-6.04894795871631E-5,0.00639579574812978));
#2040=CARTESIAN_POINT('',(2.94618528947782E-5,6.89482234824909E-5,0.00736956721206499));
#2041=CARTESIAN_POINT('',(-0.00496372620816838,6.04894795871631E-5,0.00639579574812978));
#2042=CARTESIAN_POINT('',(3.05024673535159E-5,0.0002365383725253,0.0073649762659235));
#2043=CARTESIAN_POINT('',(-0.00496278891716641,0.000208889203588441,0.00639166064076815));
#2044=CARTESIAN_POINT('',(3.00534739755717E-5,0.000265475256156021,0.00736695711906149));
#2045=CARTESIAN_POINT('',(-0.00496318147748465,0.000234646316761344,0.00639339252452506));
#2046=CARTESIAN_POINT('',(2.81831862719608E-5,0.000320621226004941,0.00737520838834212));
#2047=CARTESIAN_POINT('',(-0.00496484772830809,0.000283910418702641,0.00640074363109908));
#2048=CARTESIAN_POINT('',(2.67611667104234E-5,0.000346843164787781,0.00738148200405479));
#2049=CARTESIAN_POINT('',(-0.00496612191317142,0.000307427673113886,0.00640636503490792));
#2050=CARTESIAN_POINT('',(2.30726376196038E-5,0.000397152845540604,0.00739775492651429));
#2051=CARTESIAN_POINT('',(-0.00496944506393989,0.00035261555399758,0.00642102599418055));
#2052=CARTESIAN_POINT('',(2.08052484521376E-5,0.000421250275169731,0.00740775811401782));
#2053=CARTESIAN_POINT('',(-0.00497149470840277,0.000374294121152887,0.00643006854328149));
#2054=CARTESIAN_POINT('',(1.5403439915066E-5,0.000467813308770136,0.0074315896222696));
#2055=CARTESIAN_POINT('',(-0.00497638214281351,0.000416135819962499,0.00645163075391711));
#2056=CARTESIAN_POINT('',(1.22680587031268E-5,0.000490287979244862,0.00744542218643993));
#2057=CARTESIAN_POINT('',(-0.00497922074089072,0.000436306345125848,0.00646415398072831));
#2058=CARTESIAN_POINT('',(4.98486233710605E-6,0.000533744742372096,0.00747755393511355));
#2059=CARTESIAN_POINT('',(-0.00498579695279516,0.000475167419387335,0.00649316668030674));
#2060=CARTESIAN_POINT('',(8.35665693382716E-7,0.000554737073928987,0.00749585921442409));
#2061=CARTESIAN_POINT('',(-0.00498953575027808,0.000493866044083043,0.00650966137508432));
#2062=CARTESIAN_POINT('',(-8.70997355131305E-6,0.000594721749420083,0.00753797232873893));
#2063=CARTESIAN_POINT('',(-0.00499809209502322,0.000529295074496369,0.00654740995484233));
#2064=CARTESIAN_POINT('',(-1.41089415105692E-5,0.00061372594930269,0.00756179130502976));
#2065=CARTESIAN_POINT('',(-0.00500291172354857,0.000546034440803562,0.0065686730218659));
#2066=CARTESIAN_POINT('',(-2.33444594339342E-5,0.000639618018204382,0.0076025362370446));
#2067=CARTESIAN_POINT('',(-0.00501110168089894,0.000568716228682703,0.00660480518664699));
#2068=CARTESIAN_POINT('',(-2.66125188583056E-5,0.00064780419171583,0.00761695414626977));
#2069=CARTESIAN_POINT('',(-0.00501399173954675,0.000575865305836023,0.00661755544538727));
#2070=CARTESIAN_POINT('',(-3.35558142769758E-5,0.000662978165027887,0.00764758633194038));
#2071=CARTESIAN_POINT('',(-0.00502011227625541,0.000589085120221777,0.00664455781321965));
#2072=CARTESIAN_POINT('',(-3.72312477590219E-5,0.000669966246354982,0.00766380147965529));
#2073=CARTESIAN_POINT('',(-0.00502334290681645,0.000595156051237921,0.00665881059510656));
#2074=CARTESIAN_POINT('',(-4.50081710902062E-5,0.000682341713723378,0.00769811143552815));
#2075=CARTESIAN_POINT('',(-0.00503015726088564,0.000605892310977659,0.00668887392188242));
#2076=CARTESIAN_POINT('',(-4.91099176335975E-5,0.000687729218361183,0.00771620737616076));
#2077=CARTESIAN_POINT('',(-0.00503374117927768,0.000610557707831483,0.00670468532655316));
#2078=CARTESIAN_POINT('',(-5.77420829608273E-5,0.000696401141864426,0.00775429045848679));
#2079=CARTESIAN_POINT('',(-0.00504126176121486,0.000618078968277423,0.00673786436451131));
#2080=CARTESIAN_POINT('',(-6.22728230917521E-5,0.000699685393570671,0.00777427901788791));
#2081=CARTESIAN_POINT('',(-0.00504519866536789,0.00062093468775274,0.00675523305930409));
#2082=CARTESIAN_POINT('',(-7.48459608337394E-5,0.000704815607262448,0.00782974874322021));
#2083=CARTESIAN_POINT('',(-0.00505609696701865,0.000625479148246318,0.00680331380188093));
#2084=CARTESIAN_POINT('',(-8.20595495580395E-5,0.000707768522517599,0.00786157339935683));
#2085=CARTESIAN_POINT('',(-0.00506227916874944,0.000628066185057872,0.00683058822128148));
#2086=CARTESIAN_POINT('',(-9.44100805968124E-5,0.000712855478419581,0.00791606103629259));
#2087=CARTESIAN_POINT('',(-0.00507267975203298,0.000632448210728589,0.00687647314753242));
#2088=CARTESIAN_POINT('',(-9.95471192271699E-5,0.000714989557215169,0.00793872444201476));
#2089=CARTESIAN_POINT('',(-0.00507689817997973,0.000634243218346359,0.00689508385906219));
#2090=CARTESIAN_POINT('',(-0.000104062005903184,0.000716903988899031,0.00795864305970306));
#2091=CARTESIAN_POINT('',(-0.00508040485057694,0.000635773485064428,0.00691055446463817));
#2092=CARTESIAN_POINT('',(-0.000104869297012953,0.000717249071958569,0.00796220463812851));
#2093=CARTESIAN_POINT('',(-0.00508101756193185,0.000636043740407428,0.00691325760296863));
#2094=CARTESIAN_POINT('',(-0.000106275826619564,0.000717857015585099,0.00796840991580474));
#2095=CARTESIAN_POINT('',(-0.00508205104539954,0.00063650669963551,0.00691781708885547));
#2096=CARTESIAN_POINT('',(-0.00010687471205947,0.000718119695470643,0.00797105205745138));
#2097=CARTESIAN_POINT('',(-0.00508246764307797,0.000636697267186413,0.00691965501978973));
#2098=CARTESIAN_POINT('',(-0.000107848925892949,0.000718556886182179,0.0079753500596579));
#2099=CARTESIAN_POINT('',(-0.00508311455590706,0.000637005361924222,0.0069225090469769));
#2100=CARTESIAN_POINT('',(-0.000108215252367948,0.000718726890050838,0.00797696620587113));
#2101=CARTESIAN_POINT('',(-0.0050833522746473,0.000637126686077225,0.00692355780612502));
#2102=CARTESIAN_POINT('',(-0.000108801253535182,0.000719019282316889,0.00797955150513834));
#2103=CARTESIAN_POINT('',(-0.00508376676474086,0.000637362035090004,0.00692538643889071));
#2104=CARTESIAN_POINT('',(-0.000109024971444558,0.000719143698229032,0.007980538495915));
#2105=CARTESIAN_POINT('',(-0.0050839438615579,0.000637476223163399,0.00692616774837765));
#2106=CARTESIAN_POINT('',(-0.000109464324405831,0.000719416442677772,0.00798247681780296));
#2107=CARTESIAN_POINT('',(-0.00508435704021937,0.000637760275284261,0.00692799059541358));
#2108=CARTESIAN_POINT('',(-0.000109680799397817,0.000719565202949165,0.00798343185453233));
#2109=CARTESIAN_POINT('',(-0.00508460305841728,0.000637935246533394,0.0069290759698161));
#2110=CARTESIAN_POINT('',(-0.000110237752786587,0.000719954901959084,0.00798588900183573));
#2111=CARTESIAN_POINT('',(-0.00508520608889368,0.000638368966657911,0.00693173639838845));
#2112=CARTESIAN_POINT('',(-0.0001105796744871,0.000720196562771775,0.00798739747992621));
#2113=CARTESIAN_POINT('',(-0.00508555763298865,0.000638624903356668,0.00693328732821918));
#2114=CARTESIAN_POINT('',(-0.000111761269475219,0.000721047189756279,0.00799261039899146));
#2115=CARTESIAN_POINT('',(-0.00508673034083812,0.000639495784836945,0.0069384610393198));
#2116=CARTESIAN_POINT('',(-0.000112757393080092,0.000721782091966749,0.00799700506195412));
#2117=CARTESIAN_POINT('',(-0.00508767019420892,0.000640214098555199,0.00694260745124984));
#2118=CARTESIAN_POINT('',(-0.000114411344161247,0.000723069938813027,0.00800430190495922));
#2119=CARTESIAN_POINT('',(-0.00508917764096506,0.000641436015667405,0.00694925795164454));
#2120=CARTESIAN_POINT('',(-0.00011498908934729,0.000723530041715609,0.00800685078077999));
#2121=CARTESIAN_POINT('',(-0.00508969611821838,0.000641867258913912,0.00695154535129152));
#2122=CARTESIAN_POINT('',(-0.000116169769183976,0.000724499805132148,0.00801205966241244));
#2123=CARTESIAN_POINT('',(-0.00509074074505939,0.00064276673639006,0.00695615399911954));
#2124=CARTESIAN_POINT('',(-0.000116771216199139,0.000725008763170226,0.00801471310512639));
#2125=CARTESIAN_POINT('',(-0.00509126780153087,0.000643235410067415,0.00695847924825841));
#2126=CARTESIAN_POINT('',(-0.000118586051861301,0.000726598595909139,0.00802271973304769));
#2127=CARTESIAN_POINT('',(-0.00509286500057677,0.000644700383194148,0.0069655257146374));
#2128=CARTESIAN_POINT('',(-0.000119818199028196,0.000727746339165595,0.00802815567643105));
#2129=CARTESIAN_POINT('',(-0.00509395178363349,0.000645755925340858,0.00697032034576997));
#2130=CARTESIAN_POINT('',(-0.000122352466329842,0.000730237636711727,0.00803933626746773));
#2131=CARTESIAN_POINT('',(-0.00509619208950276,0.000648042436447395,0.00698020404813438));
#2132=CARTESIAN_POINT('',(-0.000123654587455538,0.000731581191907404,0.00804508091949286));
#2133=CARTESIAN_POINT('',(-0.00509734561331945,0.000649273406234955,0.00698529312379629));
#2134=CARTESIAN_POINT('',(-0.00012635660663335,0.000734485237013377,0.00805700159233614));
#2135=CARTESIAN_POINT('',(-0.00509974409846722,0.000651929262588516,0.00699587467591882));
#2136=CARTESIAN_POINT('',(-0.000127758589993316,0.000736046766896899,0.00806318681304188));
#2137=CARTESIAN_POINT('',(-0.00510099164368891,0.000653355460031955,0.00700137855189684));
#2138=CARTESIAN_POINT('',(-0.000132138406283706,0.000741080960962543,0.00808250953197007));
#2139=CARTESIAN_POINT('',(-0.00510487470670074,0.000657935316530289,0.00701850971224311));
#2140=CARTESIAN_POINT('',(-0.000135279608227539,0.000744898097351971,0.00809636777583992));
#2141=CARTESIAN_POINT('',(-0.00510764715502792,0.000661388550744605,0.00703074110192185));
#2142=CARTESIAN_POINT('',(-0.000141897080843309,0.000753455587071668,0.00812556250796832));
#2143=CARTESIAN_POINT('',(-0.00511346265578459,0.000669090787600997,0.00705639772290717));
#2144=CARTESIAN_POINT('',(-0.000145364236489169,0.000758191735965184,0.00814085878287652));
#2145=CARTESIAN_POINT('',(-0.00511649816499359,0.000673336244472171,0.00706978967529981));
#2146=CARTESIAN_POINT('',(-0.000156172166070756,0.000773811183850895,0.00818854082514823));
#2147=CARTESIAN_POINT('',(-0.00512595542877925,0.000687297563042698,0.00711151289788358));
#2148=CARTESIAN_POINT('',(-0.000163947188136697,0.000786121375163927,0.00822284239308621));
#2149=CARTESIAN_POINT('',(-0.0051327430170049,0.000698248136830458,0.00714145814005562));
#2150=CARTESIAN_POINT('',(-0.000180501652975693,0.000814792664706344,0.00829587679678766));
#2151=CARTESIAN_POINT('',(-0.00514715491241759,0.000723630771360478,0.00720504003158217));
#2152=CARTESIAN_POINT('',(-0.000189267579453381,0.000831147324108406,0.00833455000183628));
#2153=CARTESIAN_POINT('',(-0.00515476746679172,0.000738057216052026,0.00723862483029156));
#2154=CARTESIAN_POINT('',(-0.000207586877335692,0.000868035484420632,0.00841537043367));
#2155=CARTESIAN_POINT('',(-0.00517065038276888,0.000770489217611408,0.0073086965184261));
#2156=CARTESIAN_POINT('',(-0.000217144446552967,0.000888571129330357,0.00845753618021681));
#2157=CARTESIAN_POINT('',(-0.00517892334411191,0.000788496220838876,0.0073451948772924));
#2158=CARTESIAN_POINT('',(-0.000236894314651167,0.000933886641636076,0.00854466795123828));
#2159=CARTESIAN_POINT('',(-0.00519599674190406,0.000828134331175617,0.0074205186910813));
#2160=CARTESIAN_POINT('',(-0.000247085680652634,0.000958666355419275,0.00858962986006828));
#2161=CARTESIAN_POINT('',(-0.00520479604126071,0.000849765193678623,0.00745933912941951));
#2162=CARTESIAN_POINT('',(-0.000267942578011,0.00101243387206174,0.00868164558370813));
#2163=CARTESIAN_POINT('',(-0.00522278794125118,0.000896614368619522,0.0075387151587892));
#2164=CARTESIAN_POINT('',(-0.000278608483959516,0.00104142131588411,0.00872870105112805));
#2165=CARTESIAN_POINT('',(-0.00523198055432984,0.000921832259280894,0.00757927080472445));
#2166=CARTESIAN_POINT('',(-0.000300261992788372,0.001103474346869,0.00882423123713772));
#2167=CARTESIAN_POINT('',(-0.00525063182524261,0.000975743516700318,0.0076615558234573));
#2168=CARTESIAN_POINT('',(-0.000311249835378144,0.00113654157601878,0.00887270701326906));
#2169=CARTESIAN_POINT('',(-0.00526009050530415,0.0010044383299766,0.00770328529431703));
#2170=CARTESIAN_POINT('',(-0.000344474323852266,0.00124152099249994,0.00901928563889019));
#2171=CARTESIAN_POINT('',(-0.00528868152302149,0.00109544934177777,0.00782942213718763));
#2172=CARTESIAN_POINT('',(-0.000366972855278294,0.00131919714981663,0.00911854386576972));
#2173=CARTESIAN_POINT('',(-0.00530802939434345,0.00116267915241689,0.00791478039301978));
#2174=CARTESIAN_POINT('',(-0.000400414340008688,0.00144530742215387,0.00926607982781557));
#2175=CARTESIAN_POINT('',(-0.00533679403091585,0.00127176529507222,0.00804168320142743));
#2176=CARTESIAN_POINT('',(-0.000411511512223086,0.00148893241067681,0.00931503794052615));
#2177=CARTESIAN_POINT('',(-0.00534634048181834,0.00130948919456715,0.00808379989658548));
#2178=CARTESIAN_POINT('',(-0.000425114800442051,0.00154443704596281,0.00937505244737453));
#2179=CARTESIAN_POINT('',(-0.00535804675583348,0.00135748652593783,0.00813544522312286));
#2180=CARTESIAN_POINT('',(-0.000427718992993376,0.00155515162125593,0.00938654153215978));
#2181=CARTESIAN_POINT('',(-0.00536028796219258,0.00136675206535963,0.00814533289823655));
#2182=CARTESIAN_POINT('',(-0.000430316533027226,0.00156593257691498,0.00939800126760324));
#2183=CARTESIAN_POINT('',(-0.0053625236400135,0.00137607535517997,0.00815519618274058));
#2184=CARTESIAN_POINT('',(-0.000430316654731491,0.00844345285544388,-0.00441391982402928));
#2185=CARTESIAN_POINT('',(-0.00536252374319273,0.00733725833947311,-0.00381647177775312));
#2186=CARTESIAN_POINT('',(-0.000427719050081052,0.00842781042097053,-0.00441561722342843));
#2187=CARTESIAN_POINT('',(-0.00536028800966561,0.00732376839353776,-0.00381796800603197));
#2188=CARTESIAN_POINT('',(-0.000425114792482471,0.0084121845686174,-0.00441724395968138));
#2189=CARTESIAN_POINT('',(-0.00535804674723714,0.00731029378616034,-0.00381940344682356));
#2190=CARTESIAN_POINT('',(-0.000411511424345876,0.00833084247016739,-0.0044253708348134));
#2191=CARTESIAN_POINT('',(-0.00534634040399607,0.00724015466159781,-0.00382658291760097));
#2192=CARTESIAN_POINT('',(-0.000400414236129775,0.00826548303524439,-0.0044306804727505));
#2193=CARTESIAN_POINT('',(-0.00533679393891777,0.0071838110062769,-0.00383130626027629));
#2194=CARTESIAN_POINT('',(-0.0003669727010554,0.00807174810925747,-0.00444240834878867));
#2195=CARTESIAN_POINT('',(-0.00530802925773428,0.00701680105243535,-0.00384188284297966));
#2196=CARTESIAN_POINT('',(-0.000344474133091007,0.00794572780794398,-0.00444457879050918));
#2197=CARTESIAN_POINT('',(-0.00528868135400865,0.00690816851808035,-0.00384409352751129));
#2198=CARTESIAN_POINT('',(-0.00031124959500936,0.0077654910779664,-0.00444002075683292));
#2199=CARTESIAN_POINT('',(-0.00526009029223459,0.00675266255214869,-0.00384070740040047));
#2200=CARTESIAN_POINT('',(-0.000300261736739278,0.00770687904709527,-0.00443719576994141));
#2201=CARTESIAN_POINT('',(-0.00525063159823249,0.00670206916569091,-0.00383845871056306));
#2202=CARTESIAN_POINT('',(-0.000278608199959735,0.00759324889201122,-0.00442914530663736));
#2203=CARTESIAN_POINT('',(-0.00523198030243359,0.00660391540904836,-0.00383189297477116));
#2204=CARTESIAN_POINT('',(-0.000267942281702467,0.00753822893421215,-0.00442392050314073));
#2205=CARTESIAN_POINT('',(-0.00522278767837399,0.00655635408876269,-0.00382757702397205));
#2206=CARTESIAN_POINT('',(-0.000247085364671385,0.00743239656896766,-0.00441137598726665));
#2207=CARTESIAN_POINT('',(-0.00520479576077245,0.00646477765573403,-0.00381712867680485));
#2208=CARTESIAN_POINT('',(-0.000236893991238801,0.00738158305882722,-0.00440405499229331));
#2209=CARTESIAN_POINT('',(-0.00519599645472681,0.00642076275313414,-0.00381099591062527));
#2210=CARTESIAN_POINT('',(-0.000217144114632587,0.00728474170255345,-0.00438770887253432));
#2211=CARTESIAN_POINT('',(-0.00517892304914961,0.00633676574837253,-0.00379723501671974));
#2212=CARTESIAN_POINT('',(-0.000207586544264555,0.00723871723307308,-0.00437868610521617));
#2213=CARTESIAN_POINT('',(-0.00517065008665368,0.00629678779672788,-0.00378960971682591));
#2214=CARTESIAN_POINT('',(-0.000189267251315735,0.00715199111371211,-0.00435941825690121));
#2215=CARTESIAN_POINT('',(-0.00515476717476434,0.00622132478742636,-0.00377326334696873));
#2216=CARTESIAN_POINT('',(-0.000180501330718521,0.0071112733919242,-0.00434916372573099));
#2217=CARTESIAN_POINT('',(-0.00514715462543705,0.00618582970459712,-0.00376453651889583));
#2218=CARTESIAN_POINT('',(-0.000163946886289533,0.00703571249581394,-0.00432803082681715));
#2219=CARTESIAN_POINT('',(-0.00513274274772208,0.00611979391748105,-0.00374647562916972));
#2220=CARTESIAN_POINT('',(-0.000156171878667564,0.00700092078777049,-0.00431718325610887));
#2221=CARTESIAN_POINT('',(-0.00512595517216988,0.00608929797542243,-0.00373716833284763));
#2222=CARTESIAN_POINT('',(-0.000145363974908308,0.00695345701405117,-0.00430091300103554));
#2223=CARTESIAN_POINT('',(-0.00511649793119587,0.00604758867303997,-0.00372316585174923));
#2224=CARTESIAN_POINT('',(-0.000141896828155189,0.00693839620267773,-0.00429547446739534));
#2225=CARTESIAN_POINT('',(-0.00511346242987419,0.00603434324668037,-0.00371848334761212));
#2226=CARTESIAN_POINT('',(-0.000135279377591843,0.00690994137302704,-0.00428470975161879));
#2227=CARTESIAN_POINT('',(-0.00510764694794194,0.00600922728084873,-0.00370916830963707));
#2228=CARTESIAN_POINT('',(-0.000132138188637205,0.00689658197878758,-0.00427940444783693));
#2229=CARTESIAN_POINT('',(-0.0051048745108188,0.00599738543634326,-0.00370455300184832));
#2230=CARTESIAN_POINT('',(-0.000127758393832642,0.00687812843571416,-0.00427177730763728));
#2231=CARTESIAN_POINT('',(-0.00510099146648772,0.00598095458200012,-0.00369788399734073));
#2232=CARTESIAN_POINT('',(-0.000126356418063704,0.00687225152559001,-0.00426929601697893));
#2233=CARTESIAN_POINT('',(-0.00509974392804295,0.00597570294910078,-0.00369570530983155));
#2234=CARTESIAN_POINT('',(-0.000123654412263274,0.00686098860693829,-0.00426442970074871));
#2235=CARTESIAN_POINT('',(-0.00509734545550144,0.00596565823507153,-0.0036914479347765));
#2236=CARTESIAN_POINT('',(-0.000122352297215766,0.00685559463113295,-0.00426203996158262));
#2237=CARTESIAN_POINT('',(-0.00509619193742566,0.00596085526661166,-0.00368936342339032));
#2238=CARTESIAN_POINT('',(-0.000119818041060794,0.006845171037112,-0.00425729026070502));
#2239=CARTESIAN_POINT('',(-0.00509395164209526,0.00595159002029783,-0.003685231849223));
#2240=CARTESIAN_POINT('',(-0.000118585898962436,0.00684014141486182,-0.00425493029708204));
#2241=CARTESIAN_POINT('',(-0.00509286486383652,0.00594712773840992,-0.00368318478443279));
#2242=CARTESIAN_POINT('',(-0.000116771070327801,0.00683279393306872,-0.00425137394678269));
#2243=CARTESIAN_POINT('',(-0.005091267671438,0.00594062172477326,-0.00368010742050895));
#2244=CARTESIAN_POINT('',(-0.000116169625392534,0.0068303697344281,-0.0042501810494333));
#2245=CARTESIAN_POINT('',(-0.00509074061707751,0.00593848370694461,-0.00367908015667633));
#2246=CARTESIAN_POINT('',(-0.000114988952561725,0.00682562857501486,-0.00424781589524358));
#2247=CARTESIAN_POINT('',(-0.00508969599454647,0.00593426389057811,-0.00367702062909188));
#2248=CARTESIAN_POINT('',(-0.000114411211965835,0.00682331727376586,-0.0042466470321988));
#2249=CARTESIAN_POINT('',(-0.00508917752011134,0.00593217863674093,-0.00367598630631835));
#2250=CARTESIAN_POINT('',(-0.000112757277532559,0.00681671823549172,-0.00424327745599169));
#2251=CARTESIAN_POINT('',(-0.00508767008508953,0.00592613510339796,-0.00367295361487652));
#2252=CARTESIAN_POINT('',(-0.000111761168808782,0.00681276840148983,-0.00424121557362157));
#2253=CARTESIAN_POINT('',(-0.00508673024318697,0.00592239336156406,-0.00367102809181283));
#2254=CARTESIAN_POINT('',(-0.000110579599532488,0.00680809588781865,-0.00423875295508486));
#2255=CARTESIAN_POINT('',(-0.00508555755599779,0.00591773991094732,-0.00366860525365243));
#2256=CARTESIAN_POINT('',(-0.000110237687177271,0.0068067465002875,-0.00423803676265406));
#2257=CARTESIAN_POINT('',(-0.005085206019381,0.00591634803585876,-0.00366787486659311));
#2258=CARTESIAN_POINT('',(-0.000109680752339766,0.00680455088186875,-0.00423686702547944));
#2259=CARTESIAN_POINT('',(-0.00508460300458258,0.00591396365576416,-0.00366661774832088));
#2260=CARTESIAN_POINT('',(-0.000109464281951611,0.00680369911684765,-0.00423641020929053));
#2261=CARTESIAN_POINT('',(-0.00508435699557106,0.00591299210089264,-0.00366610331332006));
#2262=CARTESIAN_POINT('',(-0.00010902492963274,0.00680198794206252,-0.00423545976259888));
#2263=CARTESIAN_POINT('',(-0.00508394382613311,0.00591136629537257,-0.00366523149895862));
#2264=CARTESIAN_POINT('',(-0.000108801207797402,0.00680112531510896,-0.00423496424357393));
#2265=CARTESIAN_POINT('',(-0.00508376672977096,0.00591067398598323,-0.00366485177856593));
#2266=CARTESIAN_POINT('',(-0.000108215192284313,0.0067988859430852,-0.00423363955186804));
#2267=CARTESIAN_POINT('',(-0.00508335223404723,0.00590907285631412,-0.00366393757863059));
#2268=CARTESIAN_POINT('',(-0.00010784885423117,0.00679749373692655,-0.00423280124493335));
#2269=CARTESIAN_POINT('',(-0.00508311450912878,0.00590816279147154,-0.00366340236382021));
#2270=CARTESIAN_POINT('',(-0.000106874619404422,0.00679380031209993,-0.00423055995626019));
#2271=CARTESIAN_POINT('',(-0.00508246757977791,0.00590569949825271,-0.00366192825397116));
#2272=CARTESIAN_POINT('',(-0.000106275724671499,0.00679153350268021,-0.00422917731140865));
#2273=CARTESIAN_POINT('',(-0.00508205097190828,0.00590411791672344,-0.00366097270552777));
#2274=CARTESIAN_POINT('',(-0.000104869179555263,0.00678621515814711,-0.00422592290911474));
#2275=CARTESIAN_POINT('',(-0.00508101747289524,0.00590020031477838,-0.00365859441436923));
#2276=CARTESIAN_POINT('',(-0.000104061882135394,0.00678316497455557,-0.00422405194594128));
#2277=CARTESIAN_POINT('',(-0.00508040475508084,0.00589788027434092,-0.00365718106282968));
#2278=CARTESIAN_POINT('',(-9.95469709377775E-5,0.00676611577984988,-0.00421357598852973));
#2279=CARTESIAN_POINT('',(-0.00507689805858409,0.00588461217568259,-0.00364907905832932));
#2280=CARTESIAN_POINT('',(-9.44099352365002E-5,0.00674674393319959,-0.00420162127332803));
#2281=CARTESIAN_POINT('',(-0.00507267963044329,0.00586867877307035,-0.00363929604511328));
#2282=CARTESIAN_POINT('',(-8.20594492592628E-5,0.00670019645455533,-0.00417284471910525));
#2283=CARTESIAN_POINT('',(-0.0050622790826482,0.00582942118524191,-0.00361514121328504));
#2284=CARTESIAN_POINT('',(-7.48459026548471E-5,0.00667302046042811,-0.00415602265442455));
#2285=CARTESIAN_POINT('',(-0.00505609691658954,0.00580609682534429,-0.00360076928627138));
#2286=CARTESIAN_POINT('',(-6.22727879585978E-5,0.00662566310636083,-0.00412668872934178));
#2287=CARTESIAN_POINT('',(-0.00504519863491466,0.00576498899051858,-0.00357542076967656));
#2288=CARTESIAN_POINT('',(-5.77420175583405E-5,0.00660773256098815,-0.00411726376685554));
#2289=CARTESIAN_POINT('',(-0.00504126170452008,0.00574940740760268,-0.00356723265921751));
#2290=CARTESIAN_POINT('',(-4.91098014355842E-5,0.00657211537269915,-0.00410123386084137));
#2291=CARTESIAN_POINT('',(-0.0050337410785008,0.00571839719167489,-0.00355323985927388));
#2292=CARTESIAN_POINT('',(-4.50080343505324E-5,0.00655442769910973,-0.00409462792951515));
#2293=CARTESIAN_POINT('',(-0.00503015714225597,0.00570296779837098,-0.00354743441504802));
#2294=CARTESIAN_POINT('',(-3.7231078767166E-5,0.00651958969740784,-0.00408382740089149));
#2295=CARTESIAN_POINT('',(-0.00502334276010432,0.00567250654740826,-0.00353788493466822));
#2296=CARTESIAN_POINT('',(-3.35556335631703E-5,0.00650243839404263,-0.00407963221574771));
#2297=CARTESIAN_POINT('',(-0.00502011211930451,0.00565747396253314,-0.0035341404347327));
#2298=CARTESIAN_POINT('',(-2.66123221351849E-5,0.00646884889708822,-0.00407328133771376));
#2299=CARTESIAN_POINT('',(-0.00501399156855876,0.00562795878295491,-0.00352841755094408));
#2300=CARTESIAN_POINT('',(-2.33442584156115E-5,0.0064524098385139,-0.00407112534442429));
#2301=CARTESIAN_POINT('',(-0.00501110150610627,0.00561347553453763,-0.0035264389162794));
#2302=CARTESIAN_POINT('',(-1.41087363670271E-5,0.00640429112425162,-0.00406723345514847));
#2303=CARTESIAN_POINT('',(-0.00500291154496744,0.00557097252730953,-0.00352276496629053));
#2304=CARTESIAN_POINT('',(-8.70977726954574E-6,0.00637383057180568,-0.00406804507197228));
#2305=CARTESIAN_POINT('',(-0.00499809192403101,0.00554391650254512,-0.00352330947585042));
#2306=CARTESIAN_POINT('',(8.35833391854253E-7,0.00631612749142663,-0.00407457483936345));
#2307=CARTESIAN_POINT('',(-0.00498953560404209,0.00549244177674836,-0.00352883396318497));
#2308=CARTESIAN_POINT('',(4.98501036482623E-6,0.00628886892724623,-0.00408029573735183));
#2309=CARTESIAN_POINT('',(-0.0049857968236792,0.00546801034789613,-0.00353381555846986));
#2310=CARTESIAN_POINT('',(1.2268166412224E-5,0.00623703886691458,-0.00409561133602634));
#2311=CARTESIAN_POINT('',(-0.0049792206469369,0.00542143883987659,-0.00354734335915792));
#2312=CARTESIAN_POINT('',(1.5403526985878E-5,0.00621245633644512,-0.00410521053483837));
#2313=CARTESIAN_POINT('',(-0.00497638206688914,0.0053992897266018,-0.00355589286225932));
#2314=CARTESIAN_POINT('',(2.08052996888008E-5,0.0061653781029231,-0.00412800691989667));
#2315=CARTESIAN_POINT('',(-0.0049714946637771,0.00535686764297761,-0.00357628910279068));
#2316=CARTESIAN_POINT('',(2.30726736709319E-5,0.00614287354959695,-0.00414120878427146));
#2317=CARTESIAN_POINT('',(-0.00496944503257228,0.00533658737174002,-0.00358813959192775));
#2318=CARTESIAN_POINT('',(2.67611806292868E-5,0.00609956930552613,-0.00417155006713609));
#2319=CARTESIAN_POINT('',(-0.0049661219010975,0.0052976560517655,-0.00361536502650541));
#2320=CARTESIAN_POINT('',(2.81831932744254E-5,0.00607876067952926,-0.00418869487793617));
#2321=CARTESIAN_POINT('',(-0.0049648477222446,0.00527899782852931,-0.00363074450475186));
#2322=CARTESIAN_POINT('',(3.00534739934013E-5,0.00603894325372728,-0.00422772972898786));
#2323=CARTESIAN_POINT('',(-0.00496318147747723,0.00524344335200658,-0.00366562800405144));
#2324=CARTESIAN_POINT('',(3.05024673532676E-5,0.00601992415483352,-0.00424962809776861));
#2325=CARTESIAN_POINT('',(-0.0049627889171664,0.00522653917151011,-0.00368513890305249));
#2326=CARTESIAN_POINT('',(2.94618528943913E-5,0.00592259218041477,-0.00438613458698583));
#2327=CARTESIAN_POINT('',(-0.00496372620816836,0.00514040824470905,-0.00380605639825041));
#2328=CARTESIAN_POINT('',(2.94618528947782E-5,0.0058394910052401,-0.00449617832724467));
#2329=CARTESIAN_POINT('',(-0.00496372620816838,0.00506750213363749,-0.00390259969180996));
#2330=CARTESIAN_POINT('',(3.05024673535159E-5,0.00573483172260052,-0.00462715149014468));
#2331=CARTESIAN_POINT('',(-0.00496278891716641,0.00497477143301396,-0.00401853326916534));
#2332=CARTESIAN_POINT('',(3.00534739755717E-5,0.0057189741091846,-0.00465143735249633));
#2333=CARTESIAN_POINT('',(-0.00496318147748465,0.00496063137755649,-0.00404013158234042));
#2334=CARTESIAN_POINT('',(2.81831862719608E-5,0.00569232589272979,-0.00470041728711346));
#2335=CARTESIAN_POINT('',(-0.00496484772830809,0.00493680943308219,-0.00408387521581329));
#2336=CARTESIAN_POINT('',(2.67611667104234E-5,0.00568153009760227,-0.00472512354411863));
#2337=CARTESIAN_POINT('',(-0.00496612191317142,0.00492712309810239,-0.00410603004261208));
#2338=CARTESIAN_POINT('',(2.30726376196038E-5,0.00566419781389632,-0.00477507816276756));
#2339=CARTESIAN_POINT('',(-0.00496944506393989,0.00491159101400531,-0.00415092595188178));
#2340=CARTESIAN_POINT('',(2.08052484521376E-5,0.00565765858410963,-0.0048003365940086));
#2341=CARTESIAN_POINT('',(-0.00497149470840277,0.00490574286853152,-0.00417367517522386));
#2342=CARTESIAN_POINT('',(1.5403439915066E-5,0.00564861604142412,-0.00485185638928584));
#2343=CARTESIAN_POINT('',(-0.00497638214281351,0.00489773462712937,-0.00422005970665853));
#2344=CARTESIAN_POINT('',(1.22680587031268E-5,0.00564611065106022,-0.00487812754578108));
#2345=CARTESIAN_POINT('',(-0.00497922074089072,0.00489557292076846,-0.00424370306345784));
#2346=CARTESIAN_POINT('',(4.98486233710605E-6,0.00564556378939901,-0.00493217049607662));
#2347=CARTESIAN_POINT('',(-0.00498579695279516,0.00489530652548507,-0.00429219892784994));
#2348=CARTESIAN_POINT('',(8.35665693382716E-7,0.00564752101154446,-0.00495995413364093));
#2349=CARTESIAN_POINT('',(-0.00498953575027808,0.00489720113718201,-0.00431706102687304));
#2350=CARTESIAN_POINT('',(-8.70997355131305E-6,0.0056570318518868,-0.00501724141484194));
#2351=CARTESIAN_POINT('',(-0.00499809209502322,0.00490597439327387,-0.00436808260512501));
#2352=CARTESIAN_POINT('',(-1.41089415105692E-5,0.00566458721621713,-0.0050467612338549));
#2353=CARTESIAN_POINT('',(-0.00500291172354857,0.00491285496513573,-0.00439425476847597));
#2354=CARTESIAN_POINT('',(-2.33444594339342E-5,0.00568149891636166,-0.00509197785817743));
#2355=CARTESIAN_POINT('',(-0.00501110168089894,0.00492802022409899,-0.00443412971993348));
#2356=CARTESIAN_POINT('',(-2.66125188583056E-5,0.0056880713846073,-0.00510719929714834));
#2357=CARTESIAN_POINT('',(-0.00501399173954675,0.00493388686871528,-0.00444751855420068));
#2358=CARTESIAN_POINT('',(-3.35558142769758E-5,0.00570337203459235,-0.00513776840533076));
#2359=CARTESIAN_POINT('',(-0.00502011227625541,0.00494746850538752,-0.00447434075594201));
#2360=CARTESIAN_POINT('',(-3.72312477590219E-5,0.0057121007419622,-0.00515311682426243));
#2361=CARTESIAN_POINT('',(-0.00502334290681645,0.00495518391756453,-0.00448777468350832));
#2362=CARTESIAN_POINT('',(-4.50081710902062E-5,0.0057320227925384,-0.00518366902819969));
#2363=CARTESIAN_POINT('',(-0.00503015726088564,0.00497270492825671,-0.00451445960573711));
#2364=CARTESIAN_POINT('',(-4.91099176335975E-5,0.00574321696800866,-0.00519887359031577));
#2365=CARTESIAN_POINT('',(-0.00503374117927768,0.00498251117183488,-0.00452771117290296));
#2366=CARTESIAN_POINT('',(-5.77420829608273E-5,0.00576838192230567,-0.00522874411913476));
#2367=CARTESIAN_POINT('',(-0.00504126176121486,0.00500445604365612,-0.00455370810578501));
#2368=CARTESIAN_POINT('',(-6.22728230917521E-5,0.00578235393322352,-0.00524341080680152));
#2369=CARTESIAN_POINT('',(-0.00504519866536789,0.00501659560584852,-0.00456645399619342));
#2370=CARTESIAN_POINT('',(-7.48459608337394E-5,0.0058235280851685,-0.00528093278346287));
#2371=CARTESIAN_POINT('',(-0.00505609696701865,0.00505222621742817,-0.00459905567477562));
#2372=CARTESIAN_POINT('',(-8.20595495580395E-5,0.00584714518000675,-0.00530246790078597));
#2373=CARTESIAN_POINT('',(-0.00506227916874944,0.00507243263598565,-0.00461755668453676));
#2374=CARTESIAN_POINT('',(-9.44100805968124E-5,0.00588756167713501,-0.00533936351650211));
#2375=CARTESIAN_POINT('',(-0.00507267975203298,0.00510640883715971,-0.0046487054623589));
#2376=CARTESIAN_POINT('',(-9.95471192271699E-5,0.00590436139553115,-0.00535472430141186));
#2377=CARTESIAN_POINT('',(-0.00507689817997973,0.00512017877180937,-0.00466135336873648));
#2378=CARTESIAN_POINT('',(-0.000104062005903184,0.00591910309274835,-0.0053682556998038));
#2379=CARTESIAN_POINT('',(-0.00508040485057694,0.00513160238984826,-0.00467189767070569));
#2380=CARTESIAN_POINT('',(-0.000104869297012953,0.00592173733468407,-0.00537067741254951));
#2381=CARTESIAN_POINT('',(-0.00508101756193185,0.00513359667557332,-0.00467374234391002));
#2382=CARTESIAN_POINT('',(-0.000106275826619564,0.00592632288528343,-0.00537490207729273));
#2383=CARTESIAN_POINT('',(-0.00508205104539954,0.00513695622859248,-0.00467685949746905));
#2384=CARTESIAN_POINT('',(-0.00010687471205947,0.00592827305983707,-0.00537670394643715));
#2385=CARTESIAN_POINT('',(-0.00508246764307797,0.00513830808653384,-0.00467811917449789));
#2386=CARTESIAN_POINT('',(-0.000107848925892949,0.00593143947337528,-0.00537964295715344));
#2387=CARTESIAN_POINT('',(-0.00508311455590706,0.00514039998083604,-0.00468008497504245));
#2388=CARTESIAN_POINT('',(-0.000108215252367948,0.00593262673567567,-0.00538075256885489));
#2389=CARTESIAN_POINT('',(-0.0050833522746473,0.00514116379456668,-0.00468081381239451));
#2390=CARTESIAN_POINT('',(-0.000108801253535182,0.00593451364332165,-0.00538254389380414));
#2391=CARTESIAN_POINT('',(-0.00508376676474086,0.00514248124554932,-0.00468210362240294));
#2392=CARTESIAN_POINT('',(-0.000109024971444558,0.00593522630162662,-0.00538323797467318));
#2393=CARTESIAN_POINT('',(-0.0050839438615579,0.00514303593029165,-0.00468266559061123));
#2394=CARTESIAN_POINT('',(-0.000109464324405831,0.00593660875063354,-0.00538462372934806));
#2395=CARTESIAN_POINT('',(-0.00508435704021937,0.00514431941398245,-0.00468399077985779));
#2396=CARTESIAN_POINT('',(-0.000109680799397817,0.00593728123830419,-0.0053853179808195));
#2397=CARTESIAN_POINT('',(-0.00508460305841728,0.00514508011771862,-0.00468478449413728));
#2398=CARTESIAN_POINT('',(-0.000110237752786587,0.00593900723806113,-0.00538710972941458));
#2399=CARTESIAN_POINT('',(-0.00508520608889368,0.00514694181078177,-0.00468673387667378));
#2400=CARTESIAN_POINT('',(-0.0001105796744871,0.00594006539638833,-0.00538821164005182));
#2401=CARTESIAN_POINT('',(-0.00508555763298865,0.0051480252431856,-0.00468787276260307));
#2402=CARTESIAN_POINT('',(-0.000111761269475219,0.0059437127783233,-0.00539203194062479));
#2403=CARTESIAN_POINT('',(-0.00508673034083812,0.00515162913042868,-0.00469168559853511));
#2404=CARTESIAN_POINT('',(-0.000112757393080092,0.00594677691754923,-0.00539526678136564));
#2405=CARTESIAN_POINT('',(-0.00508767019420892,0.00515450515785384,-0.0046947575967026));
#2406=CARTESIAN_POINT('',(-0.000114411344161247,0.00595182382285613,-0.00540069183566615));
#2407=CARTESIAN_POINT('',(-0.00508917764096506,0.00515907600216424,-0.00469974052949555));
#2408=CARTESIAN_POINT('',(-0.00011498908934729,0.00595358059572592,-0.00540259504656216));
#2409=CARTESIAN_POINT('',(-0.00508969611821838,0.00516064150437116,-0.00470146313528993));
#2410=CARTESIAN_POINT('',(-0.000116169769183976,0.00595715295997957,-0.00540650798696346));
#2411=CARTESIAN_POINT('',(-0.00509074074505939,0.00516377722845062,-0.00470495826461948));
#2412=CARTESIAN_POINT('',(-0.000116771216199139,0.00595896373723469,-0.00540851320073088));
#2413=CARTESIAN_POINT('',(-0.00509126780153087,0.00516535037833002,-0.00470673354995727));
#2414=CARTESIAN_POINT('',(-0.000118586051861301,0.0059643950759738,-0.00541460698595101));
#2415=CARTESIAN_POINT('',(-0.00509286500057677,0.00517009073634438,-0.00471214906845397));
#2416=CARTESIAN_POINT('',(-0.000119818199028196,0.00596804138260023,-0.00541879879260636));
#2417=CARTESIAN_POINT('',(-0.00509395178363349,0.00517328082832886,-0.00471588082006032));
#2418=CARTESIAN_POINT('',(-0.000122352466329842,0.00597546234466784,-0.00542752470238035));
#2419=CARTESIAN_POINT('',(-0.00509619208950276,0.00517979026229569,-0.00472366175669416));
#2420=CARTESIAN_POINT('',(-0.000123654587455538,0.00597923700305183,-0.00543205880885659));
#2421=CARTESIAN_POINT('',(-0.00509734561331945,0.00518310960731452,-0.00472771094505191));
#2422=CARTESIAN_POINT('',(-0.00012635660663335,0.00598699982717507,-0.00544156009722427));
#2423=CARTESIAN_POINT('',(-0.00509974409846722,0.00518995335717175,-0.00473620717399093));
#2424=CARTESIAN_POINT('',(-0.000127758589993316,0.00599099470785923,-0.00544653365320316));
#2425=CARTESIAN_POINT('',(-0.00510099164368891,0.00519348606904129,-0.00474066213041898));
#2426=CARTESIAN_POINT('',(-0.000132138406283706,0.00600338079073161,-0.00546219556648815));
#2427=CARTESIAN_POINT('',(-0.00510487470670074,0.00520439704996538,-0.00475464076538915));
#2428=CARTESIAN_POINT('',(-0.000135279608227539,0.00601213956947955,-0.00547359316484116));
#2429=CARTESIAN_POINT('',(-0.00510764715502792,0.00521207687109752,-0.00476476756485347));
#2430=CARTESIAN_POINT('',(-0.000141897080843309,0.00603028042895829,-0.00549801594584014));
#2431=CARTESIAN_POINT('',(-0.00511346265578459,0.00522790966193034,-0.00478637565101168));
#2432=CARTESIAN_POINT('',(-0.000145364236489169,0.00603963295248197,-0.0055110135393154));
#2433=CARTESIAN_POINT('',(-0.00511649816499359,0.00523603821128875,-0.00479783405309309));
#2434=CARTESIAN_POINT('',(-0.000156172166070756,0.00606827122334965,-0.00555221297801503));
#2435=CARTESIAN_POINT('',(-0.00512595542877925,0.00526092048754813,-0.00483411928489826));
#2436=CARTESIAN_POINT('',(-0.000163947188136697,0.00608822591782119,-0.00558270803567548));
#2437=CARTESIAN_POINT('',(-0.0051327430170049,0.00527821811162377,-0.00486090407155714));
#2438=CARTESIAN_POINT('',(-0.000180501652975693,0.00612923031801117,-0.00564960127997648));
#2439=CARTESIAN_POINT('',(-0.00514715491241759,0.00531366110167467,-0.00491947650126625));
#2440=CARTESIAN_POINT('',(-0.000189267579453381,0.00615023631765224,-0.00568595839278772));
#2441=CARTESIAN_POINT('',(-0.00515476746679172,0.00533176847436857,-0.00495122841561663));
#2442=CARTESIAN_POINT('',(-0.000207586877335692,0.00619250233149533,-0.00576410097174969));
#2443=CARTESIAN_POINT('',(-0.00517065038276888,0.00536814224117775,-0.00501933733787563));
#2444=CARTESIAN_POINT('',(-0.000217144446552967,0.00621377583273781,-0.00580589930949884));
#2445=CARTESIAN_POINT('',(-0.00517892334411191,0.00538641691647824,-0.00505570241188667));
#2446=CARTESIAN_POINT('',(-0.000236894314651167,0.00625599978977569,-0.00589457049212845));
#2447=CARTESIAN_POINT('',(-0.00519599674190406,0.00542263931929669,-0.0051327270459256));
#2448=CARTESIAN_POINT('',(-0.000247085680652634,0.00627694705378811,-0.0059414407341932));
#2449=CARTESIAN_POINT('',(-0.00520479604126071,0.00544058319090208,-0.00517338338758596));
#2450=CARTESIAN_POINT('',(-0.000267942578011,0.00631797501859253,-0.00603980000089883));
#2451=CARTESIAN_POINT('',(-0.00522278794125118,0.00547569369426703,-0.0052586045808691));
#2452=CARTESIAN_POINT('',(-0.000278608483959516,0.00633805725456389,-0.00609128973494217));
#2453=CARTESIAN_POINT('',(-0.00523198055432984,0.00549286062401787,-0.00530316912899386));
#2454=CARTESIAN_POINT('',(-0.000300261992788372,0.00637689668296108,-0.00619837892158224));
#2455=CARTESIAN_POINT('',(-0.00525063182524261,0.00552603669550205,-0.00539577904350242));
#2456=CARTESIAN_POINT('',(-0.000311249835378144,0.00639565372980492,-0.00625398032182429));
#2457=CARTESIAN_POINT('',(-0.00526009050530415,0.00554204504376868,-0.00544382562332833));
#2458=CARTESIAN_POINT('',(-0.000344474323852266,0.00644936176572321,-0.00642608906143825));
#2459=CARTESIAN_POINT('',(-0.00528868152302149,0.00558785802937085,-0.00559246840905522));
#2460=CARTESIAN_POINT('',(-0.000366972855278294,0.00648176119790249,-0.0065478924185891));
#2461=CARTESIAN_POINT('',(-0.00530802939434345,0.00561546037552716,-0.00569755879759741));
#2462=CARTESIAN_POINT('',(-0.000400414340008688,0.0065234990191448,-0.00673744086929158));
#2463=CARTESIAN_POINT('',(-0.00533679403091585,0.00565099191491358,-0.00586108744649415));
#2464=CARTESIAN_POINT('',(-0.000411511512223086,0.0065362785074074,-0.00680175821612394));
#2465=CARTESIAN_POINT('',(-0.00534634048181834,0.00566186803475089,-0.00591657274744338));
#2466=CARTESIAN_POINT('',(-0.000425114800442051,0.00655072210205619,-0.00688221869178813));
#2467=CARTESIAN_POINT('',(-0.00535804675583348,0.00567415704069849,-0.0059859987073192));
#2468=CARTESIAN_POINT('',(-0.000427718992993376,0.00655343361545478,-0.00689769282788693));
#2469=CARTESIAN_POINT('',(-0.00536028796219258,0.00567646384079666,-0.00599935142289461));
#2470=CARTESIAN_POINT('',(-0.000430316533027226,0.00655608170446533,-0.00691320224973136));
#2471=CARTESIAN_POINT('',(-0.0053625236400135,0.0056787163743777,-0.00601273552565677));
#2472=CARTESIAN_POINT('',(-0.000430316654731492,0.00946777705963517,-0.00106573068085144));
#2473=CARTESIAN_POINT('',(-0.00536252374319273,0.00822045826547597,-0.000908230519263406));
#2474=CARTESIAN_POINT('',(-0.000427719050081053,0.00945380409527563,-0.00107296415774573));
#2475=CARTESIAN_POINT('',(-0.00536028800966561,0.00820841976551155,-0.000914498841128751));
#2476=CARTESIAN_POINT('',(-0.000425114792482471,0.00943982106681003,-0.00108012575306582));
#2477=CARTESIAN_POINT('',(-0.00535804674723714,0.00819637360935324,-0.000920704939424099));
#2478=CARTESIAN_POINT('',(-0.000411511424345877,0.0093669075848375,-0.0011170879936135));
#2479=CARTESIAN_POINT('',(-0.00534634040399607,0.00813356434748992,-0.000952736770767731));
#2480=CARTESIAN_POINT('',(-0.000400414236129775,0.00930787978929749,-0.00114564963471067));
#2481=CARTESIAN_POINT('',(-0.00533679393891777,0.00808273172177805,-0.000977494832569623));
#2482=CARTESIAN_POINT('',(-0.0003669727010554,0.00913146394842984,-0.00122657068088833));
#2483=CARTESIAN_POINT('',(-0.00530802925773428,0.00793082028014503,-0.00104768815621807));
#2484=CARTESIAN_POINT('',(-0.000344474133091008,0.00901473757109731,-0.00127411834113813));
#2485=CARTESIAN_POINT('',(-0.00528868135400865,0.0078303220500128,-0.00108899215586433));
#2486=CARTESIAN_POINT('',(-0.00031124959500936,0.00884502527399483,-0.00133497711795956));
#2487=CARTESIAN_POINT('',(-0.00526009029223459,0.00768409384507539,-0.00114200992060345));
#2488=CARTESIAN_POINT('',(-0.000300261736739279,0.00878935067992686,-0.0013535160038253));
#2489=CARTESIAN_POINT('',(-0.00525063159823249,0.00763610459674838,-0.00115818951899958));
#2490=CARTESIAN_POINT('',(-0.000278608199959736,0.00868048555311055,-0.0013870571169121));
#2491=CARTESIAN_POINT('',(-0.00523198030243359,0.00754220712713028,-0.00118752437930011));
#2492=CARTESIAN_POINT('',(-0.000267942281702468,0.00862729355367929,-0.00140206063397628));
#2493=CARTESIAN_POINT('',(-0.00522278767837399,0.00749629841551224,-0.00120068100562252));
#2494=CARTESIAN_POINT('',(-0.000247085364671386,0.00852407621030076,-0.00142859428124982));
#2495=CARTESIAN_POINT('',(-0.00520479576077245,0.00740713155650553,-0.00122401943529668));
#2496=CARTESIAN_POINT('',(-0.000236893991238802,0.00847404937479393,-0.00144012361381352));
#2497=CARTESIAN_POINT('',(-0.00519599645472681,0.00736387347147814,-0.00123420081789704));
#2498=CARTESIAN_POINT('',(-0.000217144114632588,0.00837784259987334,-0.00145986444397591));
#2499=CARTESIAN_POINT('',(-0.00517892304914961,0.00728057758894213,-0.00125171238443317));
#2500=CARTESIAN_POINT('',(-0.000207586544264556,0.00833166666071021,-0.00146807692005982));
#2501=CARTESIAN_POINT('',(-0.00517065008665368,0.00724054468320621,-0.00125904370590416));
#2502=CARTESIAN_POINT('',(-0.000189267251315736,0.00824383661321296,-0.00148143927444565));
#2503=CARTESIAN_POINT('',(-0.00515476717476434,0.00716427253280193,-0.00127106155317633));
#2504=CARTESIAN_POINT('',(-0.000180501330718522,0.00820216410447522,-0.00148658614656586));
#2505=CARTESIAN_POINT('',(-0.00514715462543705,0.00712802185986967,-0.00127574633121026));
#2506=CARTESIAN_POINT('',(-0.000163946886289534,0.0081240715836085,-0.00149417604921136));
#2507=CARTESIAN_POINT('',(-0.00513274274772208,0.00705992097633961,-0.00128275993086811));
#2508=CARTESIAN_POINT('',(-0.000156171878667565,0.00808771068752769,-0.00149662920535251));
#2509=CARTESIAN_POINT('',(-0.00512595517216988,0.00702812217402933,-0.00128509754043813));
#2510=CARTESIAN_POINT('',(-0.000145363974908308,0.00803757454257972,-0.0014986035370332));
#2511=CARTESIAN_POINT('',(-0.00511649793119587,0.00698417112824712,-0.00128710775355926));
#2512=CARTESIAN_POINT('',(-0.00014189682815519,0.00802156612926788,-0.0014989728480397));
#2513=CARTESIAN_POINT('',(-0.00511346242987419,0.00697012862040375,-0.00128752624837483));
#2514=CARTESIAN_POINT('',(-0.000135279377591844,0.00799114412696304,-0.00149921411959472));
#2515=CARTESIAN_POINT('',(-0.00510764694794194,0.00694334369991237,-0.00128791316749218));
#2516=CARTESIAN_POINT('',(-0.000132138188637206,0.00797677036605529,-0.0014990930409839));
#2517=CARTESIAN_POINT('',(-0.0051048745108188,0.00693063426729052,-0.0012878872887889));
#2518=CARTESIAN_POINT('',(-0.000127758393832642,0.00795680770877124,-0.00149864713320486));
#2519=CARTESIAN_POINT('',(-0.00510099146648772,0.00691290382961002,-0.0012876041364876));
#2520=CARTESIAN_POINT('',(-0.000126356418063704,0.00795043130771404,-0.00149845638337814));
#2521=CARTESIAN_POINT('',(-0.00509974392804295,0.00690721979506645,-0.0012874696795075));
#2522=CARTESIAN_POINT('',(-0.000123654412263274,0.00793817103266608,-0.00149798731413384));
#2523=CARTESIAN_POINT('',(-0.00509734545550144,0.0068963154369234,-0.0012871283647308));
#2524=CARTESIAN_POINT('',(-0.000122352297215766,0.00793227802666341,-0.00149770747753323));
#2525=CARTESIAN_POINT('',(-0.00509619193742566,0.00689108378984952,-0.00128691964808039));
#2526=CARTESIAN_POINT('',(-0.000119818041060794,0.00792084252484938,-0.00149704394983868));
#2527=CARTESIAN_POINT('',(-0.00509395164209526,0.00688095170822711,-0.00128641406292169));
#2528=CARTESIAN_POINT('',(-0.000118585898962437,0.00791530002458537,-0.0014966602584198));
#2529=CARTESIAN_POINT('',(-0.00509286486383652,0.00687605126919125,-0.00128611719399722));
#2530=CARTESIAN_POINT('',(-0.000116771070327802,0.00790716399994957,-0.00149599827709284));
#2531=CARTESIAN_POINT('',(-0.005091267671438,0.00686887292007962,-0.0012855978808048));
#2532=CARTESIAN_POINT('',(-0.000116169625392535,0.00790447257781256,-0.00149576165499811));
#2533=CARTESIAN_POINT('',(-0.00509074061707751,0.00686650818732993,-0.00128541232693138));
#2534=CARTESIAN_POINT('',(-0.000114988952561725,0.00789919718608424,-0.00149526891872403));
#2535=CARTESIAN_POINT('',(-0.00508969599454647,0.00686182933857881,-0.00128501624814842));
#2536=CARTESIAN_POINT('',(-0.000114411211965835,0.00789661971982192,-0.00149501392470904));
#2537=CARTESIAN_POINT('',(-0.00508917752011134,0.00685951125680231,-0.00128480505145643));
#2538=CARTESIAN_POINT('',(-0.000112757277532559,0.00788924906856711,-0.00149425573605243));
#2539=CARTESIAN_POINT('',(-0.00508767008508953,0.00685278029528302,-0.00128416032696105));
#2540=CARTESIAN_POINT('',(-0.000111761168808782,0.00788482112022672,-0.001493759932618));
#2541=CARTESIAN_POINT('',(-0.00508673024318697,0.0068485956457735,-0.0012837165032316));
#2542=CARTESIAN_POINT('',(-0.000110579599532489,0.00787957453056346,-0.00149315151584476));
#2543=CARTESIAN_POINT('',(-0.00508555755599779,0.00684338120220853,-0.00128313829418499));
#2544=CARTESIAN_POINT('',(-0.000110237687177271,0.00787805754561694,-0.00149297114129222));
#2545=CARTESIAN_POINT('',(-0.005085206019381,0.00684181947110338,-0.00128296003181157));
#2546=CARTESIAN_POINT('',(-0.000109680752339766,0.00787558763460913,-0.00149267354271709));
#2547=CARTESIAN_POINT('',(-0.00508460300458258,0.00683914197938157,-0.00128264914137184));
#2548=CARTESIAN_POINT('',(-0.000109464281951611,0.00787462836633976,-0.00149255526732241));
#2549=CARTESIAN_POINT('',(-0.00508435699557106,0.00683805019608769,-0.00128252041112032));
#2550=CARTESIAN_POINT('',(-0.000109024929632741,0.00787268940242644,-0.00149228714980744));
#2551=CARTESIAN_POINT('',(-0.00508394382613311,0.00683621924191728,-0.00128229477713405));
#2552=CARTESIAN_POINT('',(-0.000108801207797402,0.00787170602462971,-0.00149213670887553));
#2553=CARTESIAN_POINT('',(-0.00508376672977096,0.00683543651181022,-0.00128219078941024));
#2554=CARTESIAN_POINT('',(-0.000108215192284314,0.00786913933856723,-0.00149171042512834));
#2555=CARTESIAN_POINT('',(-0.00508335223404723,0.00683361325575023,-0.00128191671810787));
#2556=CARTESIAN_POINT('',(-0.00010784885423117,0.00786753831359282,-0.00149143165006446));
#2557=CARTESIAN_POINT('',(-0.00508311450912878,0.0068325713036677,-0.0012817463985005));
#2558=CARTESIAN_POINT('',(-0.000106874619404422,0.00786328465065591,-0.00149067592955696));
#2559=CARTESIAN_POINT('',(-0.00508246757977791,0.00682974184125024,-0.00128126167614984));
#2560=CARTESIAN_POINT('',(-0.0001062757246715,0.00786067144489275,-0.00149020551764147));
#2561=CARTESIAN_POINT('',(-0.00508205097190828,0.00682792187648384,-0.00128094198690938));
#2562=CARTESIAN_POINT('',(-0.000104869179555264,0.00785453661060214,-0.00148909208551959));
#2563=CARTESIAN_POINT('',(-0.00508101747289524,0.00682340968360343,-0.00128013949750469));
#2564=CARTESIAN_POINT('',(-0.000104061882135394,0.00785101652925428,-0.00148844931772089));
#2565=CARTESIAN_POINT('',(-0.00508040475508084,0.00682073574885935,-0.00127965968171693));
#2566=CARTESIAN_POINT('',(-9.9546970937778E-5,0.00783133427634726,-0.00148483965786082));
#2567=CARTESIAN_POINT('',(-0.00507689805858409,0.00680543683371829,-0.0012768977775843));
#2568=CARTESIAN_POINT('',(-9.44099352365007E-5,0.00780895202607533,-0.00148069013608587));
#2569=CARTESIAN_POINT('',(-0.00507267963044329,0.00678704534626796,-0.00127353119834812));
#2570=CARTESIAN_POINT('',(-8.20594492592632E-5,0.00775515250449621,-0.00147067168715744));
#2571=CARTESIAN_POINT('',(-0.0050622790826482,0.00674171300412843,-0.0012651889649));
#2572=CARTESIAN_POINT('',(-7.48459026548476E-5,0.00772373481399216,-0.00146480268040026));
#2573=CARTESIAN_POINT('',(-0.00505609691658954,0.00671477194739454,-0.00126021327270889));
#2574=CARTESIAN_POINT('',(-6.22727879585983E-5,0.00766897876049365,-0.00145455705937063));
#2575=CARTESIAN_POINT('',(-0.00504519863491466,0.00666728309263854,-0.00125142634767341));
#2576=CARTESIAN_POINT('',(-5.7742017558341E-5,0.00764885433572326,-0.0014522458036751));
#2577=CARTESIAN_POINT('',(-0.00504126170452008,0.00664979581261415,-0.00124941987903343));
#2578=CARTESIAN_POINT('',(-4.91098014355847E-5,0.00760985162679693,-0.00145016477391934));
#2579=CARTESIAN_POINT('',(-0.0050337410785008,0.0066158248650674,-0.00124757416374496));
#2580=CARTESIAN_POINT('',(-4.5008034350533E-5,0.00759097202473302,-0.00145039445108671));
#2581=CARTESIAN_POINT('',(-0.00503015714225597,0.00659934021594983,-0.00124773448797035));
#2582=CARTESIAN_POINT('',(-3.72310787671665E-5,0.00755458495466236,-0.00145290819586368));
#2583=CARTESIAN_POINT('',(-0.00502334276010432,0.00656748627515056,-0.00124983373576286));
#2584=CARTESIAN_POINT('',(-3.35556335631708E-5,0.0075370763649049,-0.00145519206762483));
#2585=CARTESIAN_POINT('',(-0.00502011211930451,0.0065521161378226,-0.00125177248956738));
#2586=CARTESIAN_POINT('',(-2.66123221351854E-5,0.0075034608900325,-0.00146140397607203));
#2587=CARTESIAN_POINT('',(-0.00501399156855876,0.00652252670844483,-0.00125709817201103));
#2588=CARTESIAN_POINT('',(-2.3344258415612E-5,0.00748735308982622,-0.00146533204511276));
#2589=CARTESIAN_POINT('',(-0.00501110150610627,0.0065083067162211,-0.00126048510292414));
#2590=CARTESIAN_POINT('',(-1.41087363670276E-5,0.00744107781249539,-0.00147908545095803));
#2591=CARTESIAN_POINT('',(-0.00500291154496744,0.00646734665849926,-0.00127241310373634));
#2592=CARTESIAN_POINT('',(-8.70977726954623E-6,0.00741296738306098,-0.00149084588182569));
#2593=CARTESIAN_POINT('',(-0.00499809192403101,0.00644231436630903,-0.00128269460724588));
#2594=CARTESIAN_POINT('',(8.3583339185382E-7,0.00736151968710864,-0.0015177794654827));
#2595=CARTESIAN_POINT('',(-0.00498953560404209,0.00639631128899691,-0.00130644085398039));
#2596=CARTESIAN_POINT('',(4.98501036482574E-6,0.00733816845971839,-0.00153296097312651));
#2597=CARTESIAN_POINT('',(-0.0049857968236792,0.00637532921984852,-0.0013199117033076));
#2598=CARTESIAN_POINT('',(1.22681664122235E-5,0.0072953710001946,-0.00156596552091998));
#2599=CARTESIAN_POINT('',(-0.0049792206469369,0.00633678938719923,-0.00134934957092796));
#2600=CARTESIAN_POINT('',(1.54035269858775E-5,0.00727591610377626,-0.00158379674150261));
#2601=CARTESIAN_POINT('',(-0.00497638206688914,0.00631922439090998,-0.00136532292772917));
#2602=CARTESIAN_POINT('',(2.08052996888002E-5,0.00724025196252907,-0.00162206035701892));
#2603=CARTESIAN_POINT('',(-0.0049714946637771,0.00628703494793045,-0.00139966647978045));
#2604=CARTESIAN_POINT('',(2.30726736709314E-5,0.00722403615500081,-0.00164250031126512));
#2605=CARTESIAN_POINT('',(-0.00496944503257228,0.00627240504863762,-0.00141804281077822));
#2606=CARTESIAN_POINT('',(2.67611806292863E-5,0.0071946166855657,-0.00168643601222201));
#2607=CARTESIAN_POINT('',(-0.0049661219010975,0.00624593763525683,-0.00145749338734982));
#2608=CARTESIAN_POINT('',(2.81831932744249E-5,0.00718140663971144,-0.00170994001489765));
#2609=CARTESIAN_POINT('',(-0.0049648477222446,0.0062340950685859,-0.00147857445136729));
#2610=CARTESIAN_POINT('',(3.00534739934008E-5,0.007158379010538,-0.00176072264272228));
#2611=CARTESIAN_POINT('',(-0.00496318147747723,0.00621354288000685,-0.00152394610406807));
#2612=CARTESIAN_POINT('',(3.05024673532671E-5,0.00714855483221642,-0.00178801275445334));
#2613=CARTESIAN_POINT('',(-0.0049627889171664,0.006204828350797,-0.00154824596988535));
#2614=CARTESIAN_POINT('',(2.94618528943908E-5,0.00710710730064802,-0.0019504616293942));
#2615=CARTESIAN_POINT('',(-0.00496372620816836,0.00616819409089863,-0.0016921122557144));
#2616=CARTESIAN_POINT('',(2.94618528947777E-5,0.00706937014665136,-0.00208309396818756));
#2617=CARTESIAN_POINT('',(-0.00496372620816838,0.00613508662719517,-0.00180847292093262));
#2618=CARTESIAN_POINT('',(3.05024673535154E-5,0.00701909123563236,-0.00224303009903175));
#2619=CARTESIAN_POINT('',(-0.00496278891716641,0.00609049786270143,-0.00195007595507197));
#2620=CARTESIAN_POINT('',(3.00534739755712E-5,0.00701307751687808,-0.00227140442193392));
#2621=CARTESIAN_POINT('',(-0.00496318147748465,0.0060851148643033,-0.00197532375950314));
#2622=CARTESIAN_POINT('',(2.81831862719603E-5,0.00700592238826165,-0.00232670329687548));
#2623=CARTESIAN_POINT('',(-0.00496484772830809,0.00607870358567141,-0.00202471896184355));
#2624=CARTESIAN_POINT('',(2.67611667104229E-5,0.0070047805385567,-0.00235364108644501));
#2625=CARTESIAN_POINT('',(-0.00496612191317142,0.00607767459384492,-0.00204887683036804));
#2626=CARTESIAN_POINT('',(2.30726376196032E-5,0.00700666435500323,-0.00240648352411039));
#2627=CARTESIAN_POINT('',(-0.00496944506393989,0.0060794096298292,-0.00209635185491448));
#2628=CARTESIAN_POINT('',(2.08052484521371E-5,0.00700969110261222,-0.0024323985520647));
#2629=CARTESIAN_POINT('',(-0.00497149470840277,0.00608217436392593,-0.00211967746773654));
#2630=CARTESIAN_POINT('',(1.54034399150655E-5,0.00701987027936235,-0.0024837058736116));
#2631=CARTESIAN_POINT('',(-0.00497638214281351,0.00609146292663283,-0.00216582266564064));
#2632=CARTESIAN_POINT('',(1.22680587031262E-5,0.00702702430876921,-0.00250910804886727));
#2633=CARTESIAN_POINT('',(-0.00497922074089072,0.00609798816108759,-0.00218865033767352));
#2634=CARTESIAN_POINT('',(4.98486233710551E-6,0.00704603694086723,-0.00255969914843059));
#2635=CARTESIAN_POINT('',(-0.00498579695279516,0.00611525848173997,-0.00223396761753616));
#2636=CARTESIAN_POINT('',(8.35665693382174E-7,0.00705789860369111,-0.00258489958870223));
#2637=CARTESIAN_POINT('',(-0.00498953575027808,0.00612600638060889,-0.00225646642175371));
#2638=CARTESIAN_POINT('',(-8.7099735513136E-6,0.00708746175110103,-0.00263488267570815));
#2639=CARTESIAN_POINT('',(-0.00499809209502322,0.00615261831821524,-0.00230087336092555));
#2640=CARTESIAN_POINT('',(-1.41089415105697E-5,0.00710517070712787,-0.00265967977475543));
#2641=CARTESIAN_POINT('',(-0.00500291172354857,0.00616848873629547,-0.00232279262719005));
#2642=CARTESIAN_POINT('',(-2.33444594339348E-5,0.0071372745265743,-0.00269573381050534));
#2643=CARTESIAN_POINT('',(-0.00501110168089895,0.00619703441303408,-0.00235449658865698));
#2644=CARTESIAN_POINT('',(-2.66125188583061E-5,0.00714890178866761,-0.00270755313025726));
#2645=CARTESIAN_POINT('',(-0.00501399173954675,0.00620734150101754,-0.00236486202831912));
#2646=CARTESIAN_POINT('',(-3.35558142769764E-5,0.00717421205544418,-0.00273053074242068));
#2647=CARTESIAN_POINT('',(-0.00502011227625541,0.00622969529689211,-0.00238496673351336));
#2648=CARTESIAN_POINT('',(-3.72312477590224E-5,0.00718789582109337,-0.00274168954404578));
#2649=CARTESIAN_POINT('',(-0.00502334290681645,0.00624174259886308,-0.00239470636955063));
#2650=CARTESIAN_POINT('',(-4.50081710902066E-5,0.00721750930906445,-0.00276298195102036));
#2651=CARTESIAN_POINT('',(-0.00503015726088564,0.00626772016053262,-0.00241325999937708));
#2652=CARTESIAN_POINT('',(-4.9109917633598E-5,0.00723344008817401,-0.0027731159803554));
#2653=CARTESIAN_POINT('',(-0.00503374117927768,0.00628165122854664,-0.0024220742939861));
#2654=CARTESIAN_POINT('',(-5.77420829608278E-5,0.00726769618881067,-0.00279187878893695));
#2655=CARTESIAN_POINT('',(-0.00504126176121486,0.00631150538744784,-0.00243838830988733));
#2656=CARTESIAN_POINT('',(-6.22728230917526E-5,0.00728602291967069,-0.0028005077953796));
#2657=CARTESIAN_POINT('',(-0.00504519866536789,0.00632742953875756,-0.00244588818305903));
#2658=CARTESIAN_POINT('',(-7.484596083374E-5,0.00733797117429644,-0.00282062217735622));
#2659=CARTESIAN_POINT('',(-0.00505609696701865,0.00637243117926381,-0.00246341708147461));
#2660=CARTESIAN_POINT('',(-8.205954955804E-5,0.00736777284103564,-0.00283217159752711));
#2661=CARTESIAN_POINT('',(-0.00506227916874944,0.00639795643901664,-0.00247336935898543));
#2662=CARTESIAN_POINT('',(-9.4410080596813E-5,0.00741878833591384,-0.00285197561180513));
#2663=CARTESIAN_POINT('',(-0.00507267975203298,0.00644089053947226,-0.00249014110976164));
#2664=CARTESIAN_POINT('',(-9.95471192271704E-5,0.00744000256231481,-0.00286023035889042));
#2665=CARTESIAN_POINT('',(-0.00507689817997973,0.00645829957190741,-0.0024969606570827));
#2666=CARTESIAN_POINT('',(-0.000104062005903184,0.00745863689048507,-0.00286752269685074));
#2667=CARTESIAN_POINT('',(-0.00508040485057694,0.00647276081970012,-0.00250266623903318));
#2668=CARTESIAN_POINT('',(-0.000104869297012954,0.00746196807148294,-0.00286882927878772));
#2669=CARTESIAN_POINT('',(-0.00508101756193185,0.00647528680857815,-0.00250366592647038));
#2670=CARTESIAN_POINT('',(-0.000106275826619564,0.00746777009500431,-0.00287111216940042));
#2671=CARTESIAN_POINT('',(-0.00508205104539954,0.00647954554421715,-0.00250535897506867));
#2672=CARTESIAN_POINT('',(-0.000106874712059471,0.00747023948883005,-0.00287208787803349));
#2673=CARTESIAN_POINT('',(-0.00508246764307797,0.00648126116203432,-0.0025060452415009));
#2674=CARTESIAN_POINT('',(-0.000107848925892949,0.00747425377464935,-0.00287368458340598));
#2675=CARTESIAN_POINT('',(-0.00508311455590706,0.00648392192444208,-0.00250712261653405));
#2676=CARTESIAN_POINT('',(-0.000108215252367948,0.00747576170175332,-0.0028742903768914));
#2677=CARTESIAN_POINT('',(-0.0050833522746473,0.00648489744595378,-0.00250752631577988));
#2678=CARTESIAN_POINT('',(-0.000108801253535182,0.007478168291942,-0.00287527910799845));
#2679=CARTESIAN_POINT('',(-0.00508376676474086,0.00648659186552521,-0.00250825310960586));
#2680=CARTESIAN_POINT('',(-0.000109024971444559,0.00747908355695004,-0.00287566887726028));
#2681=CARTESIAN_POINT('',(-0.0050839438615579,0.00648731209997541,-0.00250857675411337));
#2682=CARTESIAN_POINT('',(-0.000109464324405831,0.00748087324458524,-0.0028764616568287));
#2683=CARTESIAN_POINT('',(-0.00508435704021937,0.00648898762644542,-0.00250934880849751));
#2684=CARTESIAN_POINT('',(-0.000109680799397817,0.00748175111322103,-0.00287686609647939));
#2685=CARTESIAN_POINT('',(-0.00508460305841728,0.00648998368422299,-0.00250981412713609));
#2686=CARTESIAN_POINT('',(-0.000110237752786588,0.00748400781431021,-0.00287791334925835));
#2687=CARTESIAN_POINT('',(-0.00508520608889368,0.00649242385949958,-0.00251095935111179));
#2688=CARTESIAN_POINT('',(-0.0001105796744871,0.00748539257359923,-0.00287855859944964));
#2689=CARTESIAN_POINT('',(-0.00508555763298865,0.00649384554317929,-0.00251162994968655));
#2690=CARTESIAN_POINT('',(-0.00011176126947522,0.00749017370770794,-0.00288080333731451));
#2691=CARTESIAN_POINT('',(-0.00508673034083812,0.00649858342315634,-0.00251388343907601));
#2692=CARTESIAN_POINT('',(-0.000112757393080092,0.00749419949170222,-0.00288271284171249));
#2693=CARTESIAN_POINT('',(-0.00508767019420892,0.00650237497259787,-0.00251570905111692));
#2694=CARTESIAN_POINT('',(-0.000114411344161248,0.00750086534640001,-0.00288594840170858));
#2695=CARTESIAN_POINT('',(-0.00508917764096506,0.00650843720092687,-0.00251870431815276));
#2696=CARTESIAN_POINT('',(-0.00011498908934729,0.00750319100738963,-0.00288708847345722));
#2697=CARTESIAN_POINT('',(-0.00508969611821838,0.00651051926524724,-0.00251974507559257));
#2698=CARTESIAN_POINT('',(-0.000116169769183977,0.00750793565495973,-0.00288944669490152));
#2699=CARTESIAN_POINT('',(-0.00509074074505939,0.00651470582721295,-0.0025218714324394));
#2700=CARTESIAN_POINT('',(-0.000116771216199139,0.00751034852122618,-0.00289066237286093));
#2701=CARTESIAN_POINT('',(-0.00509126780153087,0.00651681405282157,-0.00252295854943256));
#2702=CARTESIAN_POINT('',(-0.000118586051861302,0.00751761442289519,-0.00289438263249491));
#2703=CARTESIAN_POINT('',(-0.00509286500057677,0.0065231906159524,-0.00252629595521113));
#2704=CARTESIAN_POINT('',(-0.000119818199028196,0.00752252875778475,-0.0028969741779109));
#2705=CARTESIAN_POINT('',(-0.00509395178363349,0.00652751335230525,-0.00252862331580732));
#2706=CARTESIAN_POINT('',(-0.000122352466329842,0.00753260076101401,-0.00290243008574941));
#2707=CARTESIAN_POINT('',(-0.00509619208950276,0.00653639401722257,-0.00253352734436501));
#2708=CARTESIAN_POINT('',(-0.000123654587455539,0.00753775843331072,-0.00290529445023976));
#2709=CARTESIAN_POINT('',(-0.00509734561331945,0.00654095194982149,-0.00253610401433499));
#2710=CARTESIAN_POINT('',(-0.00012635660663335,0.00754842931246826,-0.00291134988226558));
#2711=CARTESIAN_POINT('',(-0.00509974409846722,0.00655040274840659,-0.00254155426427389));
#2712=CARTESIAN_POINT('',(-0.000127758589993316,0.0075539510834147,-0.00291454446774271));
#2713=CARTESIAN_POINT('',(-0.00510099164368891,0.00655530622000228,-0.00254443222470435));
#2714=CARTESIAN_POINT('',(-0.000132138406283706,0.00757115849737505,-0.00292467439772597));
#2715=CARTESIAN_POINT('',(-0.00510487470670074,0.0065705300720972,-0.00255352541269026));
#2716=CARTESIAN_POINT('',(-0.000135279608227539,0.00758344310274057,-0.00293213830584338));
#2717=CARTESIAN_POINT('',(-0.00510764715502792,0.00658134951394135,-0.0025601941005817));
#2718=CARTESIAN_POINT('',(-0.00014189708084331,0.00760918147652301,-0.00294835863658558));
#2719=CARTESIAN_POINT('',(-0.00511346265578459,0.00660391889275383,-0.00257462357711395));
#2720=CARTESIAN_POINT('',(-0.00014536423648917,0.00762259771730713,-0.0029571000103696));
#2721=CARTESIAN_POINT('',(-0.00511649816499359,0.00661563779155563,-0.0025823718481343));
#2722=CARTESIAN_POINT('',(-0.000156172166070757,0.00766418506347123,-0.0029851720061391));
#2723=CARTESIAN_POINT('',(-0.00512595542877925,0.00665194756076715,-0.00260721830419566));
#2724=CARTESIAN_POINT('',(-0.000163947188136697,0.00769380834735193,-0.0030063993334624));
#2725=CARTESIAN_POINT('',(-0.0051327430170049,0.00667775289581348,-0.00262594575138342));
#2726=CARTESIAN_POINT('',(-0.000180501652975694,0.00775620843884041,-0.0030539629282622));
#2727=CARTESIAN_POINT('',(-0.00514715491241759,0.00673196130186375,-0.00266775943071527));
#2728=CARTESIAN_POINT('',(-0.000189267579453381,0.00778892965416628,-0.00308027668398973));
#2729=CARTESIAN_POINT('',(-0.00515476746679172,0.00676031603849284,-0.00269082607159519));
#2730=CARTESIAN_POINT('',(-0.000207586877335692,0.00785656989374696,-0.00313787422354204));
#2731=CARTESIAN_POINT('',(-0.00517065038276888,0.00681883734648029,-0.00274119603004872));
#2732=CARTESIAN_POINT('',(-0.000217144446552967,0.00789150614405014,-0.00316916513769392));
#2733=CARTESIAN_POINT('',(-0.00517892334411191,0.00684901455362615,-0.00276850387752968));
#2734=CARTESIAN_POINT('',(-0.000236894314651168,0.00796291053715943,-0.00323659550045109));
#2735=CARTESIAN_POINT('',(-0.00519599674190406,0.00691061544547434,-0.00282724216860357));
#2736=CARTESIAN_POINT('',(-0.000247085680652634,0.00799937476347108,-0.00327273367500802));
#2737=CARTESIAN_POINT('',(-0.00520479604126071,0.00694203437203682,-0.00285867100407445));
#2738=CARTESIAN_POINT('',(-0.000267942578011,0.00807316366666987,-0.00334962994934939));
#2739=CARTESIAN_POINT('',(-0.00522278794125118,0.00700555938724109,-0.00292545402343145));
#2740=CARTESIAN_POINT('',(-0.000278608483959516,0.00811049003133485,-0.00339038815606116));
#2741=CARTESIAN_POINT('',(-0.00523198055432984,0.00703766564411536,-0.00296080781666724));
#2742=CARTESIAN_POINT('',(-0.000300261992788372,0.00818539179593365,-0.00347621542884457));
#2743=CARTESIAN_POINT('',(-0.00525063182524261,0.00710205596927761,-0.0030351794107735));
#2744=CARTESIAN_POINT('',(-0.000311249835378144,0.00822296776368696,-0.00352128636363167));
#2745=CARTESIAN_POINT('',(-0.00526009050530415,0.00713433973602578,-0.00307419862977828));
#2746=CARTESIAN_POINT('',(-0.000344474323852266,0.00833522186354013,-0.0036623714033767));
#2747=CARTESIAN_POINT('',(-0.00528868152302149,0.00723075504042859,-0.00319625434031797));
#2748=CARTESIAN_POINT('',(-0.000366972855278295,0.00840943388198013,-0.00376424562650413));
#2749=CARTESIAN_POINT('',(-0.00530802939434345,0.00729445648874299,-0.0032842770916947));
#2750=CARTESIAN_POINT('',(-0.000400414340008688,0.0085168260393594,-0.00392591685282222));
#2751=CARTESIAN_POINT('',(-0.00533679403091585,0.00738666202408562,-0.00342392754301277));
#2752=CARTESIAN_POINT('',(-0.000411511512223087,0.00855197666280473,-0.00398127450897936));
#2753=CARTESIAN_POINT('',(-0.00534634048181834,0.00741684730636137,-0.00347173713763639));
#2754=CARTESIAN_POINT('',(-0.000425114800442052,0.00859451058999864,-0.00405108403990422));
#2755=CARTESIAN_POINT('',(-0.00535804675583348,0.00745338601255668,-0.00353203561623603));
#2756=CARTESIAN_POINT('',(-0.000427718992993376,0.00860262890364962,-0.00406453373047238));
#2757=CARTESIAN_POINT('',(-0.00536028796219258,0.00746036059680959,-0.00354365334038622));
#2758=CARTESIAN_POINT('',(-0.000430316533027226,0.00861070082250162,-0.00407803923555005));
#2759=CARTESIAN_POINT('',(-0.0053625236400135,0.00746729591740193,-0.00355531993554347));
#2760=CARTESIAN_POINT('',(-0.000430316654731491,0.00326614839545157,-0.00895024351590231));
#2761=CARTESIAN_POINT('',(-0.00536252374319273,0.00285115893004997,-0.00776348565569294));
#2762=CARTESIAN_POINT('',(-0.000427719050081052,0.00325344496630798,-0.00894095966923364));
#2763=CARTESIAN_POINT('',(-0.00536028800966561,0.00284018173723756,-0.00775550326392354));
#2764=CARTESIAN_POINT('',(-0.00042511479248247,0.00324080139695287,-0.00893163477317197));
#2765=CARTESIAN_POINT('',(-0.00535804674723714,0.00282925683202159,-0.00774748628317865));
#2766=CARTESIAN_POINT('',(-0.000411511424345876,0.00317521382047998,-0.00888284078899283));
#2767=CARTESIAN_POINT('',(-0.00534634040399607,0.0027725866153374,-0.00770553955343712));
#2768=CARTESIAN_POINT('',(-0.000400414236129775,0.00312333553529981,-0.00884273229219673));
#2769=CARTESIAN_POINT('',(-0.00533679393891777,0.00272776605624263,-0.00767107167065645));
#2770=CARTESIAN_POINT('',(-0.000366972701055399,0.00297226267842224,-0.00872088092150942));
#2771=CARTESIAN_POINT('',(-0.00530802925773428,0.00259721881339719,-0.0075663739812393));
#2772=CARTESIAN_POINT('',(-0.000344474133091007,0.00287767033486884,-0.00863758556928925));
#2773=CARTESIAN_POINT('',(-0.00528868135400865,0.00251544907327013,-0.00749482243166809));
#2774=CARTESIAN_POINT('',(-0.000311249595009359,0.00274754451163601,-0.00851279244194652));
#2775=CARTESIAN_POINT('',(-0.00526009029223459,0.002402809996849,-0.00738755636172914));
#2776=CARTESIAN_POINT('',(-0.000300261736739278,0.002706132879528,-0.0084712180815795));
#2777=CARTESIAN_POINT('',(-0.00525063159823249,0.00236693596565169,-0.0073518100158333));
#2778=CARTESIAN_POINT('',(-0.000278608199959735,0.002627582743713,-0.00838871657694305));
#2779=CARTESIAN_POINT('',(-0.00523198030243359,0.00229882277183448,-0.00728083212027733));
#2780=CARTESIAN_POINT('',(-0.000267942281702467,0.00259044243162897,-0.00834778869468546));
#2781=CARTESIAN_POINT('',(-0.00522278767837399,0.00226658216928014,-0.00724560073986798));
#2782=CARTESIAN_POINT('',(-0.000247085364671385,0.00252068255567876,-0.00826721938217028));
#2783=CARTESIAN_POINT('',(-0.00520479576077245,0.00220594537463455,-0.0071761846741491));
#2784=CARTESIAN_POINT('',(-0.000236893991238801,0.00248806304099039,-0.00822757626118205));
#2785=CARTESIAN_POINT('',(-0.00519599645472681,0.00217754958698132,-0.00714199985711809));
#2786=CARTESIAN_POINT('',(-0.000217144114632587,0.00242750872482049,-0.00815025473307173));
#2787=CARTESIAN_POINT('',(-0.00517892304914961,0.00212474570571949,-0.00707524201762572));
#2788=CARTESIAN_POINT('',(-0.000207586544264555,0.00239957483050002,-0.00811258034297554));
#2789=CARTESIAN_POINT('',(-0.00517065008665368,0.00210033877428186,-0.00704267388114278));
#2790=CARTESIAN_POINT('',(-0.000189267251315735,0.00234846412040855,-0.00803991422245127));
#2791=CARTESIAN_POINT('',(-0.00515476717476434,0.00205558341564995,-0.00697975466743124));
#2792=CARTESIAN_POINT('',(-0.000180501330718521,0.0023252817938954,-0.00800490468068684));
#2793=CARTESIAN_POINT('',(-0.00514715462543705,0.00203523145897721,-0.00694939258099338));
#2794=CARTESIAN_POINT('',(-0.000163946886289533,0.00228367875981261,-0.00793838223340326));
#2795=CARTESIAN_POINT('',(-0.00513274274772208,0.00199859796617162,-0.00689155740032798));
#2796=CARTESIAN_POINT('',(-0.000156171878667564,0.00226527533845348,-0.00790692675977577));
#2797=CARTESIAN_POINT('',(-0.00512595517216988,0.00198233147803758,-0.00686413424203695));
#2798=CARTESIAN_POINT('',(-0.000145363974908307,0.00224116038639387,-0.00786292675860539));
#2799=CARTESIAN_POINT('',(-0.00511649793119587,0.00196094134216212,-0.00682568690832742));
#2800=CARTESIAN_POINT('',(-0.000141896828155189,0.00223369422890955,-0.00784876123073662));
#2801=CARTESIAN_POINT('',(-0.00511346242987419,0.00195430743660851,-0.00681330310997848));
#2802=CARTESIAN_POINT('',(-0.000135279377591843,0.00221991799818346,-0.00782163611501002));
#2803=CARTESIAN_POINT('',(-0.00510764694794194,0.00194202201439851,-0.00678949869708391));
#2804=CARTESIAN_POINT('',(-0.000132138188637205,0.00221361944675788,-0.00780871528250579));
#2805=CARTESIAN_POINT('',(-0.0051048745108188,0.00193638009846399,-0.00677811014441624));
#2806=CARTESIAN_POINT('',(-0.000127758393832641,0.00220512048499829,-0.00779064668630695));
#2807=CARTESIAN_POINT('',(-0.00510099146648772,0.00192873042987108,-0.00676211229562377));
#2808=CARTESIAN_POINT('',(-0.000126356418063703,0.002202449030718,-0.00778485374163546));
#2809=CARTESIAN_POINT('',(-0.00509974392804295,0.0019263171986123,-0.00675696422392034));
#2810=CARTESIAN_POINT('',(-0.000123654412263274,0.00219740404944535,-0.00777366971131691));
#2811=CARTESIAN_POINT('',(-0.00509734545550144,0.00192176224040172,-0.00674705090570752));
#2812=CARTESIAN_POINT('',(-0.000122352297215765,0.00219502781009157,-0.00776826977476134));
#2813=CARTESIAN_POINT('',(-0.00509619193742566,0.00191961713012074,-0.00674227469427709));
#2814=CARTESIAN_POINT('',(-0.000119818041060793,0.00219052453395047,-0.00775773737357561));
#2815=CARTESIAN_POINT('',(-0.00509395164209526,0.0019155534539925,-0.00673297946804635));
#2816=CARTESIAN_POINT('',(-0.000118585898962436,0.0021883974954693,-0.00775260490481478));
#2817=CARTESIAN_POINT('',(-0.00509286486383652,0.00191363488651761,-0.00672846044904365));
#2818=CARTESIAN_POINT('',(-0.000116771070327801,0.00218536353860903,-0.00774502676375501));
#2819=CARTESIAN_POINT('',(-0.005091267671438,0.00191090009109396,-0.00672180317661786));
#2820=CARTESIAN_POINT('',(-0.000116169625392534,0.00218437568394411,-0.00774251202991298));
#2821=CARTESIAN_POINT('',(-0.00509074061707751,0.00191001214002233,-0.00671960364618804));
#2822=CARTESIAN_POINT('',(-0.000114988952561725,0.00218246531893393,-0.00773757006143363));
#2823=CARTESIAN_POINT('',(-0.00508969599454647,0.00190828115286005,-0.00671523876503476));
#2824=CARTESIAN_POINT('',(-0.000114411211965834,0.00218154470464182,-0.00773514914763792));
#2825=CARTESIAN_POINT('',(-0.00508917752011134,0.00190743695042637,-0.00671306956485583));
#2826=CARTESIAN_POINT('',(-0.000112757277532558,0.00217893802532381,-0.00772821325743606));
#2827=CARTESIAN_POINT('',(-0.00508767008508953,0.00190501383640728,-0.00670675687675175));
#2828=CARTESIAN_POINT('',(-0.000111761168808781,0.00217740814394534,-0.00772402852201808));
#2829=CARTESIAN_POINT('',(-0.00508673024318697,0.00190354587232583,-0.00670281310286422));
#2830=CARTESIAN_POINT('',(-0.000110579599532488,0.00217561417005665,-0.0077190607728546));
#2831=CARTESIAN_POINT('',(-0.00508555755599779,0.00190173918633815,-0.00669788759445028));
#2832=CARTESIAN_POINT('',(-0.00011023768717727,0.00217509945635898,-0.00771762242376046));
#2833=CARTESIAN_POINT('',(-0.005085206019381,0.00190120263681609,-0.00669641013171676));
#2834=CARTESIAN_POINT('',(-0.000109680752339765,0.00217426492160746,-0.00771527879899379));
#2835=CARTESIAN_POINT('',(-0.00508460300458258,0.00190028747376768,-0.00669387476362105));
#2836=CARTESIAN_POINT('',(-0.000109464281951611,0.00217394321473791,-0.00771436737737253));
#2837=CARTESIAN_POINT('',(-0.00508435699557106,0.00189991605867305,-0.00669284005928361));
#2838=CARTESIAN_POINT('',(-0.00010902492963274,0.00217331895310845,-0.00771251217779379));
#2839=CARTESIAN_POINT('',(-0.00508394382613311,0.00189930191143342,-0.00669110048260005));
#2840=CARTESIAN_POINT('',(-0.000108801207797402,0.00217301529310599,-0.007711564836795));
#2841=CARTESIAN_POINT('',(-0.00508376672977096,0.00189904610459559,-0.00669035346002414));
#2842=CARTESIAN_POINT('',(-0.000108215192284313,0.00217225281624289,-0.00770907722263487));
#2843=CARTESIAN_POINT('',(-0.00508335223404723,0.00189847874800634,-0.00668859918403682));
#2844=CARTESIAN_POINT('',(-0.000107848854231169,0.00217178872720697,-0.00770751978311063));
#2845=CARTESIAN_POINT('',(-0.00508311450912878,0.00189816677385859,-0.00668759054879944));
#2846=CARTESIAN_POINT('',(-0.000106874619404421,0.00217056919974028,-0.00770337520657926));
#2847=CARTESIAN_POINT('',(-0.00508246757977791,0.00189733947958771,-0.00668484165856547));
#2848=CARTESIAN_POINT('',(-0.000106275724671499,0.00216982548917867,-0.00770082628007358));
#2849=CARTESIAN_POINT('',(-0.00508205097190828,0.00189681442555788,-0.00668306999515864));
#2850=CARTESIAN_POINT('',(-0.000104869179555263,0.00216808766179194,-0.0076948383022148));
#2851=CARTESIAN_POINT('',(-0.00508101747289524,0.00189552152717918,-0.00667867314542079));
#2852=CARTESIAN_POINT('',(-0.000104061882135393,0.00216709400865801,-0.00769140074834789));
#2853=CARTESIAN_POINT('',(-0.00508040475508084,0.00189475916538273,-0.0066760656648941));
#2854=CARTESIAN_POINT('',(-9.95469709377772E-5,0.00216155210861026,-0.00767217295420341));
#2855=CARTESIAN_POINT('',(-0.00507689805858409,0.00189041220729636,-0.00666113955105538));
#2856=CARTESIAN_POINT('',(-9.44099352364998E-5,0.00215528998074509,-0.00765028758436883));
#2857=CARTESIAN_POINT('',(-0.00507267963044329,0.00188522805406962,-0.0066431755531231));
#2858=CARTESIAN_POINT('',(-8.20594492592624E-5,0.00214027761817189,-0.00759766262060595));
#2859=CARTESIAN_POINT('',(-0.0050622790826482,0.00187248935157153,-0.00659887725110798));
#2860=CARTESIAN_POINT('',(-7.48459026548468E-5,0.00213152726787006,-0.00756692261594558));
#2861=CARTESIAN_POINT('',(-0.00505609691658954,0.00186493474623865,-0.00657254274923338));
#2862=CARTESIAN_POINT('',(-6.22727879585975E-5,0.00211629189845769,-0.00751334014060257));
#2863=CARTESIAN_POINT('',(-0.00504519863491466,0.00185163287493764,-0.00652611580018966));
#2864=CARTESIAN_POINT('',(-5.77420175583402E-5,0.00210939062170516,-0.007494295278975));
#2865=CARTESIAN_POINT('',(-0.00504126170452008,0.00184563424056434,-0.00650956746901368));
#2866=CARTESIAN_POINT('',(-4.91098014355839E-5,0.00209386847980307,-0.00745845389089907));
#2867=CARTESIAN_POINT('',(-0.0050337410785008,0.0018321443028332,-0.00647833521769936));
#2868=CARTESIAN_POINT('',(-4.50080343505322E-5,0.0020852475184523,-0.00744165594009901));
#2869=CARTESIAN_POINT('',(-0.00503015714225596,0.0018246529460787,-0.00646365022759507));
#2870=CARTESIAN_POINT('',(-3.72310787671657E-5,0.00206677819361929,-0.00741020404315552));
#2871=CARTESIAN_POINT('',(-0.00502334276010432,0.00180857525331852,-0.00643607146436596));
#2872=CARTESIAN_POINT('',(-3.355563356317E-5,0.0020569295054461,-0.00739554900556487));
#2873=CARTESIAN_POINT('',(-0.00502011211930451,0.00179998869234112,-0.00642317685857996));
#2874=CARTESIAN_POINT('',(-2.66123221351846E-5,0.00203638512653664,-0.00736822655229513));
#2875=CARTESIAN_POINT('',(-0.00501399156855876,0.00178203219331693,-0.00639906334852466));
#2876=CARTESIAN_POINT('',(-2.33442584156112E-5,0.00202568899894635,-0.00735555833188157));
#2877=CARTESIAN_POINT('',(-0.00501110150610627,0.0017726619411402,-0.00638784381849896));
#2878=CARTESIAN_POINT('',(-1.41087363670268E-5,0.001992750788872,-0.00732026482282554));
#2879=CARTESIAN_POINT('',(-0.00500291154496744,0.00174372696389242,-0.00635649464588432));
#2880=CARTESIAN_POINT('',(-8.70977726954541E-6,0.00196969338627249,-0.0073003434734098));
#2881=CARTESIAN_POINT('',(-0.00499809192403101,0.00172336548660855,-0.0063386695172864));
#2882=CARTESIAN_POINT('',(8.35833391854579E-7,0.00192265121947581,-0.0072662947158629));
#2883=CARTESIAN_POINT('',(-0.00498953560404209,0.00168160338218259,-0.00630807386416253));
#2884=CARTESIAN_POINT('',(4.98501036482656E-6,0.00189865275342334,-0.00725215853455044));
#2885=CARTESIAN_POINT('',(-0.0049857968236792,0.00166019225935851,-0.00629529596031424));
#2886=CARTESIAN_POINT('',(1.22681664122243E-5,0.00185003182455131,-0.00722855921268809));
#2887=CARTESIAN_POINT('',(-0.0049792206469369,0.00161666187925199,-0.00627391810358229));
#2888=CARTESIAN_POINT('',(1.54035269858783E-5,0.00182539817690437,-0.00721909196252127));
#2889=CARTESIAN_POINT('',(-0.00497638206688914,0.00159453372403864,-0.00626531450148818));
#2890=CARTESIAN_POINT('',(2.08052996888011E-5,0.00177524911721994,-0.00720422229352539));
#2891=CARTESIAN_POINT('',(-0.0049714946637771,0.00154944256756053,-0.0062518079321866));
#2892=CARTESIAN_POINT('',(2.30726736709321E-5,0.00174972401311653,-0.00719881736948426));
#2893=CARTESIAN_POINT('',(-0.00496944503257228,0.00152647164336558,-0.00624690281894758));
#2894=CARTESIAN_POINT('',(2.67611806292871E-5,0.00169728100050614,-0.00719206596749922));
#2895=CARTESIAN_POINT('',(-0.0049661219010975,0.00147935939407388,-0.00624079479720744));
#2896=CARTESIAN_POINT('',(2.81831932744257E-5,0.00167035285599219,-0.00719071745488017));
#2897=CARTESIAN_POINT('',(-0.0049648477222446,0.00145520971322665,-0.00623959040506136));
#2898=CARTESIAN_POINT('',(3.00534739934016E-5,0.00161462981415984,-0.00719273973158574));
#2899=CARTESIAN_POINT('',(-0.00496318147747723,0.00140543377651597,-0.00624141672616212));
#2900=CARTESIAN_POINT('',(3.05024673532679E-5,0.0015858216948293,-0.0071961097373165));
#2901=CARTESIAN_POINT('',(-0.0049627889171664,0.00137979702873013,-0.006244447181747));
#2902=CARTESIAN_POINT('',(2.94618528943917E-5,0.00142192867068802,-0.00723141712295307));
#2903=CARTESIAN_POINT('',(-0.00496372620816836,0.00123468391602018,-0.00627578025877714));
#2904=CARTESIAN_POINT('',(2.94618528947785E-5,0.00128638017277947,-0.00725675552859159));
#2905=CARTESIAN_POINT('',(-0.00496372620816838,0.00111576485352406,-0.00629801008419136));
#2906=CARTESIAN_POINT('',(3.05024673535163E-5,0.00112079998035855,-0.00728303736110983));
#2907=CARTESIAN_POINT('',(-0.00496278891716641,0.000969132092846468,-0.00632121376261992));
#2908=CARTESIAN_POINT('',(3.0053473975572E-5,0.00109271978296984,-0.00729030162487316));
#2909=CARTESIAN_POINT('',(-0.00496318147748465,0.000944131776277238,-0.00632764901489061));
#2910=CARTESIAN_POINT('',(2.81831862719611E-5,0.00104002894480406,-0.00730854544598354));
#2911=CARTESIAN_POINT('',(-0.00496484772830809,0.000897057251577251,-0.00634392720988316));
#2912=CARTESIAN_POINT('',(2.67611667104237E-5,0.00101540625822114,-0.00731953051007441));
#2913=CARTESIAN_POINT('',(-0.00496612191317142,0.000874973353351903,-0.00635377418276815));
#2914=CARTESIAN_POINT('',(2.3072637619604E-5,0.00096894333704283,-0.00734477073468518));
#2915=CARTESIAN_POINT('',(-0.00496944506393989,0.000833248826208586,-0.00637648876267225));
#2916=CARTESIAN_POINT('',(2.08052484521379E-5,0.000947094292826275,-0.00735903148998721));
#2917=CARTESIAN_POINT('',(-0.00497149470840277,0.000813600941892357,-0.00638936077145278));
#2918=CARTESIAN_POINT('',(1.54034399150663E-5,0.000905703111507505,-0.00739101315649575));
#2919=CARTESIAN_POINT('',(-0.00497638214281351,0.000776433723324787,-0.0064182442364582));
#2920=CARTESIAN_POINT('',(1.22680587031271E-5,0.000886152842003054,-0.00740873990483765));
#2921=CARTESIAN_POINT('',(-0.00497922074089072,0.000758907776570784,-0.00643426055580773));
#2922=CARTESIAN_POINT('',(4.98486233710632E-6,0.000849340206175029,-0.00744830970870012));
#2923=CARTESIAN_POINT('',(-0.00498579695279516,0.000726039455505015,-0.00646991996269991));
#2924=CARTESIAN_POINT('',(8.35665693382987E-7,0.000832068895201769,-0.00747016063664601));
#2925=CARTESIAN_POINT('',(-0.00498953575027808,0.000710690102639961,-0.00648956966722544));
#2926=CARTESIAN_POINT('',(-8.70997355131278E-6,0.000800503299243537,-0.00751890386000294));
#2927=CARTESIAN_POINT('',(-0.00499809209502322,0.000682800602124574,-0.00653318557293399));
#2928=CARTESIAN_POINT('',(-1.41089415105689E-5,0.000786199407386243,-0.00754580928552376));
#2929=CARTESIAN_POINT('',(-0.00500291172354857,0.000670253333651731,-0.00655716244632244));
#2930=CARTESIAN_POINT('',(-2.33444594339339E-5,0.000768235061771915,-0.00759061811281877));
#2931=CARTESIAN_POINT('',(-0.00501110168089894,0.000654597014169993,-0.00659684715992161));
#2932=CARTESIAN_POINT('',(-2.66125188583052E-5,0.000762837557288865,-0.00760629473517628));
#2933=CARTESIAN_POINT('',(-0.00501399173954675,0.000649912517536278,-0.00661069396075707));
#2934=CARTESIAN_POINT('',(-3.35558142769755E-5,0.000753550599054433,-0.00763919355995446));
#2935=CARTESIAN_POINT('',(-0.00502011227625541,0.000641879467681373,-0.00663966569648308));
#2936=CARTESIAN_POINT('',(-3.72312477590216E-5,0.000749661028665432,-0.00765641667053993));
#2937=CARTESIAN_POINT('',(-0.00502334290681645,0.00063853084760173,-0.00665479132832048));
#2938=CARTESIAN_POINT('',(-4.50081710902058E-5,0.000743800714994233,-0.00769241642037601));
#2939=CARTESIAN_POINT('',(-0.00503015726088564,0.000633501514885376,-0.0066863155523785));
#2940=CARTESIAN_POINT('',(-4.91099176335972E-5,0.000741830063226526,-0.00771119419461077));
#2941=CARTESIAN_POINT('',(-0.00503374117927768,0.000631820893262968,-0.00670271500226036));
#2942=CARTESIAN_POINT('',(-5.7742082960827E-5,0.000740303543714696,-0.00775022230185256));
#2943=CARTESIAN_POINT('',(-0.00504126176121486,0.00063052432879532,-0.00673671113202693));
#2944=CARTESIAN_POINT('',(-6.22728230917518E-5,0.000740748100786673,-0.00777047399771272));
#2945=CARTESIAN_POINT('',(-0.00504519866536789,0.000630908722664118,-0.00675430882886147));
#2946=CARTESIAN_POINT('',(-7.48459608337392E-5,0.000745897774015254,-0.00782594191985338));
#2947=CARTESIAN_POINT('',(-0.00505609696701865,0.000635276453511111,-0.00680240594785174));
#2948=CARTESIAN_POINT('',(-8.20595495580392E-5,0.000748842902973575,-0.00785776729749665));
#2949=CARTESIAN_POINT('',(-0.00506227916874944,0.00063774512733104,-0.00682969133519869));
#2950=CARTESIAN_POINT('',(-9.44100805968121E-5,0.000753854639176561,-0.00791226190456399));
#2951=CARTESIAN_POINT('',(-0.00507267975203298,0.000641869047048259,-0.00687560017848839));
#2952=CARTESIAN_POINT('',(-9.95471192271695E-5,0.00075592128700142,-0.00793493155868577));
#2953=CARTESIAN_POINT('',(-0.00507689817997973,0.000643524312116083,-0.00689422383907237));
#2954=CARTESIAN_POINT('',(-0.000104062005903183,0.000757699488550799,-0.00795486279995506));
#2955=CARTESIAN_POINT('',(-0.00508040485057694,0.000644862817411796,-0.00690971221396096));
#2956=CARTESIAN_POINT('',(-0.000104869297012953,0.000758014719504459,-0.00795842714458549));
#2957=CARTESIAN_POINT('',(-0.00508101756193185,0.000645093864044393,-0.00691241898551349));
#2958=CARTESIAN_POINT('',(-0.000106275826619563,0.000758557344054379,-0.00796463847496552));
#2959=CARTESIAN_POINT('',(-0.00508205104539954,0.000645476590910136,-0.00691698590602356));
#2960=CARTESIAN_POINT('',(-0.00010687471205947,0.000758784629046636,-0.00796728389643204));
#2961=CARTESIAN_POINT('',(-0.00508246764307797,0.000645626987056877,-0.00691882755938661));
#2962=CARTESIAN_POINT('',(-0.000107848925892948,0.000759144638170788,-0.00797158905056587));
#2963=CARTESIAN_POINT('',(-0.00508311455590706,0.000645848564336934,-0.00692168960359688));
#2964=CARTESIAN_POINT('',(-0.000108215252367947,0.000759274495028456,-0.00797320891694753));
#2965=CARTESIAN_POINT('',(-0.0050833522746473,0.000645922014945965,-0.00692274279888215));
#2966=CARTESIAN_POINT('',(-0.000108801253535181,0.000759462128790134,-0.00797580392351972));
#2967=CARTESIAN_POINT('',(-0.00508376676474086,0.000646026683586322,-0.00692458354096762));
#2968=CARTESIAN_POINT('',(-0.000109024971444558,0.000759521190374625,-0.00797679697026668));
#2969=CARTESIAN_POINT('',(-0.0050839438615579,0.000646058005023361,-0.00692537252917924));
#2970=CARTESIAN_POINT('',(-0.00010946432440583,0.000759609255630713,-0.00797875240520203));
#2971=CARTESIAN_POINT('',(-0.00508435704021937,0.000646113736693551,-0.00692721653322064));
#2972=CARTESIAN_POINT('',(-0.000109680799397816,0.000759638515824147,-0.00797971851524433));
#2973=CARTESIAN_POINT('',(-0.00508460305841728,0.000646141181685549,-0.00692831557794408));
#2974=CARTESIAN_POINT('',(-0.000110237752786587,0.000759706951812628,-0.0079822054319507));
#2975=CARTESIAN_POINT('',(-0.00508520608889368,0.000646203698937712,-0.00693101040352807));
#2976=CARTESIAN_POINT('',(-0.0001105796744871,0.000759746587856269,-0.00798373263039292));
#2977=CARTESIAN_POINT('',(-0.00508555763298865,0.000646237102656176,-0.00693258195407617));
#2978=CARTESIAN_POINT('',(-0.000111761269475219,0.000759868315777291,-0.00798901309190312));
#2979=CARTESIAN_POINT('',(-0.00508673034083812,0.000646331716508114,-0.00693782759696569));
#2980=CARTESIAN_POINT('',(-0.000112757393080092,0.000759953443873858,-0.00799346796530442));
#2981=CARTESIAN_POINT('',(-0.00508767019420892,0.000646387534638749,-0.0069420353981525));
#2982=CARTESIAN_POINT('',(-0.000114411344161247,0.000760028316451223,-0.00800087720692807));
#2983=CARTESIAN_POINT('',(-0.00508917764096506,0.000646408449228171,-0.0069487971878201));
#2984=CARTESIAN_POINT('',(-0.000114989089347289,0.00076004440237794,-0.00800346722698083));
#2985=CARTESIAN_POINT('',(-0.00508969611821838,0.000646404857299622,-0.00695112488087992));
#2986=CARTESIAN_POINT('',(-0.000116169769183976,0.00076004828051475,-0.00800876561106514));
#2987=CARTESIAN_POINT('',(-0.00509074074505939,0.000646367531952981,-0.00695582033627331));
#2988=CARTESIAN_POINT('',(-0.000116771216199138,0.000760035557273693,-0.00801146739466859));
#2989=CARTESIAN_POINT('',(-0.00509126780153087,0.000646334101743682,-0.0069581921121891));
#2990=CARTESIAN_POINT('',(-0.000118586051861301,0.000759944008478222,-0.0080196298255336));
#2991=CARTESIAN_POINT('',(-0.00509286500057677,0.000646188857367796,-0.00696538778719314));
#2992=CARTESIAN_POINT('',(-0.000119818199028196,0.000759814659707354,-0.00802518410892079));
#2993=CARTESIAN_POINT('',(-0.00509395178363349,0.000646032298990714,-0.00697029473597986));
#2994=CARTESIAN_POINT('',(-0.000122352466329842,0.000759420209448089,-0.00803663210387125));
#2995=CARTESIAN_POINT('',(-0.00509619208950276,0.000645600845624562,-0.00698043029484265));
#2996=CARTESIAN_POINT('',(-0.000123654587455538,0.000759155107872441,-0.00804252581989836));
#2997=CARTESIAN_POINT('',(-0.00509734561331945,0.000645325950635876,-0.00698565890942548));
#2998=CARTESIAN_POINT('',(-0.000126356606633349,0.000758490927540003,-0.00805477713752139));
#2999=CARTESIAN_POINT('',(-0.00509974409846722,0.000644659670383965,-0.00699654830283918));
#3000=CARTESIAN_POINT('',(-0.000127758589993315,0.000758092516992416,-0.00806114397345388));
#3001=CARTESIAN_POINT('',(-0.00510099164368891,0.00064426909121931,-0.00700222052796211));
#3002=CARTESIAN_POINT('',(-0.000132138406283706,0.00075669457993326,-0.00808106271710521));
#3003=CARTESIAN_POINT('',(-0.00510487470670074,0.0006429150579343,-0.00701990154417211));
#3004=CARTESIAN_POINT('',(-0.000135279608227538,0.000755488883173496,-0.00809538639500912));
#3005=CARTESIAN_POINT('',(-0.00510764715502792,0.000641768133550416,-0.00703255920131985));
#3006=CARTESIAN_POINT('',(-0.000141897080843309,0.000752441618929589,-0.00812565646595353));
#3007=CARTESIAN_POINT('',(-0.00511346265578459,0.000638911433648044,-0.00705919425188568));
#3008=CARTESIAN_POINT('',(-0.000145364236489169,0.000750596795109938,-0.00814156255778916));
#3009=CARTESIAN_POINT('',(-0.00511649816499359,0.000637199028542579,-0.00707313828149287));
#3010=CARTESIAN_POINT('',(-0.000156172166070756,0.000744004850282306,-0.0081913027886978));
#3011=CARTESIAN_POINT('',(-0.00512595542877925,0.000631142049983156,-0.00711671647248027));
#3012=CARTESIAN_POINT('',(-0.000163947188136697,0.00073820715993859,-0.00822728229897581));
#3013=CARTESIAN_POINT('',(-0.0051327430170049,0.0006258803543337,-0.00714816400265223));
#3014=CARTESIAN_POINT('',(-0.000180501652975693,0.000723444090049308,-0.00830434148879439));
#3015=CARTESIAN_POINT('',(-0.00514715491241759,0.00061261304930145,-0.00721532733850564));
#3016=CARTESIAN_POINT('',(-0.000189267579453381,0.000714474082582693,-0.00834536136981493));
#3017=CARTESIAN_POINT('',(-0.00515476746679172,0.000604603432814397,-0.00725099114445115));
#3018=CARTESIAN_POINT('',(-0.000207586877335691,0.000693064728678123,-0.00843158386188282));
#3019=CARTESIAN_POINT('',(-0.00517065038276888,0.000585599286619934,-0.00732582909358521));
#3020=CARTESIAN_POINT('',(-0.000217144446552966,0.000680626677743552,-0.00847680507131664));
#3021=CARTESIAN_POINT('',(-0.00517892334411191,0.000574605442684189,-0.00736501477669375));
#3022=CARTESIAN_POINT('',(-0.000236894314651167,0.000652093169060335,-0.00857077996189435));
#3023=CARTESIAN_POINT('',(-0.00519599674190406,0.000549482960964688,-0.00744633954307539));
#3024=CARTESIAN_POINT('',(-0.000247085680652633,0.000635997106061209,-0.00861952956924398));
#3025=CARTESIAN_POINT('',(-0.00520479604126071,0.000535353641827344,-0.00748847365023466));
#3026=CARTESIAN_POINT('',(-0.000267942578011,0.000600052928415229,-0.00871985830558714));
#3027=CARTESIAN_POINT('',(-0.00522278794125118,0.000503887470240932,-0.00757510666517029));
#3028=CARTESIAN_POINT('',(-0.000278608483959516,0.000580205470358276,-0.00877143899307908));
#3029=CARTESIAN_POINT('',(-0.00523198055432984,0.000486551042475374,-0.00761960554941432));
#3030=CARTESIAN_POINT('',(-0.000300261992788372,0.000536762635762484,-0.0088767448106569));
#3031=CARTESIAN_POINT('',(-0.00525063182524261,0.000448677559177634,-0.00771039567689139));
#3032=CARTESIAN_POINT('',(-0.000311249835378143,0.000513165839517088,-0.00893047128199212));
#3033=CARTESIAN_POINT('',(-0.00526009050530415,0.000428139099775815,-0.00775668728231391));
#3034=CARTESIAN_POINT('',(-0.000344474323852265,0.00043690764887569,-0.0090938440451254));
#3035=CARTESIAN_POINT('',(-0.00528868152302149,0.000361855307456625,-0.00789739963526922));
#3036=CARTESIAN_POINT('',(-0.000366972855278294,0.000378792727075009,-0.00920568516852308));
#3037=CARTESIAN_POINT('',(-0.00530802939434345,0.000311454750452348,-0.00799365794987601));
#3038=CARTESIAN_POINT('',(-0.000400414340008687,0.000281939383660221,-0.00937388175218383));
#3039=CARTESIAN_POINT('',(-0.00533679403091585,0.000227544336528355,-0.00813844452292844));
#3040=CARTESIAN_POINT('',(-0.000411511512223086,0.000248053223071932,-0.00943002233059547));
#3041=CARTESIAN_POINT('',(-0.00534634048181834,0.000198201680536974,-0.00818677584965876));
#3042=CARTESIAN_POINT('',(-0.000425114800442051,0.000204521296373417,-0.00949921392638861));
#3043=CARTESIAN_POINT('',(-0.00535804675583348,0.000160511398791711,-0.00824636130286524));
#3044=CARTESIAN_POINT('',(-0.000427718992993375,0.000196100270875183,-0.00951247618571622));
#3045=CARTESIAN_POINT('',(-0.00536028796219258,0.000153220478320488,-0.00825778315992148));
#3046=CARTESIAN_POINT('',(-0.000430316533027226,0.000187608602335501,-0.00952572179279058));
#3047=CARTESIAN_POINT('',(-0.0053625236400135,0.000145868308998235,-0.00826919165327242));
#3048=CARTESIAN_POINT('',(-0.000430316654731491,0.00627879355633749,-0.00716598463659789));
#3049=CARTESIAN_POINT('',(-0.00536252374319273,0.0054631210175724,-0.0062092773748571));
#3050=CARTESIAN_POINT('',(-0.000427719050081052,0.00626359424920368,-0.00716191671530742));
#3051=CARTESIAN_POINT('',(-0.00536028800966561,0.00545000151761508,-0.00620579943562953));
#3052=CARTESIAN_POINT('',(-0.000425114792482471,0.00624843593090915,-0.00715778889274823));
#3053=CARTESIAN_POINT('',(-0.00535804674723714,0.00543691827941024,-0.0062022703546844));
#3054=CARTESIAN_POINT('',(-0.000411511424345876,0.00616965091710946,-0.00713598282294543));
#3055=CARTESIAN_POINT('',(-0.00534634040399607,0.00536892196957497,-0.00618362783758428));
#3056=CARTESIAN_POINT('',(-0.000400414236129775,0.00610678699665895,-0.00711732336169733));
#3057=CARTESIAN_POINT('',(-0.00533679393891777,0.00531467680750709,-0.00616767854753177));
#3058=CARTESIAN_POINT('',(-0.0003669727010554,0.00592189796082957,-0.00705827415295066));
#3059=CARTESIAN_POINT('',(-0.00530802925773428,0.00515512396115741,-0.0061172099631891));
#3060=CARTESIAN_POINT('',(-0.000344474133091008,0.00580360347553008,-0.00701477424596069));
#3061=CARTESIAN_POINT('',(-0.00528868135400865,0.00505302854829794,-0.00608002876741029));
#3062=CARTESIAN_POINT('',(-0.00031124959500936,0.00563718428178709,-0.00694541498949167));
#3063=CARTESIAN_POINT('',(-0.00526009029223459,0.0049092467637594,-0.00602069606367902));
#3064=CARTESIAN_POINT('',(-0.000300261736739278,0.00558355069366241,-0.0069216076599764));
#3065=CARTESIAN_POINT('',(-0.00525063159823249,0.0048628821563596,-0.00600032278363103));
#3066=CARTESIAN_POINT('',(-0.000278608199959735,0.00548050189240116,-0.00687305287995987));
#3067=CARTESIAN_POINT('',(-0.00523198030243359,0.00477372832141592,-0.00595874319074739));
#3068=CARTESIAN_POINT('',(-0.000267942281702468,0.00543108472641115,-0.00684830539456629));
#3069=CARTESIAN_POINT('',(-0.00522278767837399,0.00473093781231359,-0.00593753755589769));
#3070=CARTESIAN_POINT('',(-0.000247085364671385,0.00533693058666436,-0.00679837692192493));
#3071=CARTESIAN_POINT('',(-0.00520479576077245,0.00464931970998603,-0.00589471353907035));
#3072=CARTESIAN_POINT('',(-0.000236893991238801,0.00529219304800216,-0.00677319434035273));
#3073=CARTESIAN_POINT('',(-0.00519599645472681,0.00461049244630475,-0.00587309488816622));
#3074=CARTESIAN_POINT('',(-0.000217144114632587,0.00520779607215644,-0.00672296890472279));
#3075=CARTESIAN_POINT('',(-0.00517892304914961,0.00453713858025405,-0.00582992001879272));
#3076=CARTESIAN_POINT('',(-0.000207586544264555,0.00516813893199256,-0.00669792946872578));
#3077=CARTESIAN_POINT('',(-0.00517065008665368,0.00450261482659577,-0.00580836793653798));
#3078=CARTESIAN_POINT('',(-0.000189267251315735,0.00509422958375358,-0.00664863364739179));
#3079=CARTESIAN_POINT('',(-0.00515476717476434,0.00443815265595815,-0.005765865017379));
#3080=CARTESIAN_POINT('',(-0.000180501330718522,0.00505996580286765,-0.00662436264418799));
#3081=CARTESIAN_POINT('',(-0.00514715462543705,0.00440820697085305,-0.00574490518968755));
#3082=CARTESIAN_POINT('',(-0.000163946886289533,0.00499714144923092,-0.00657736105881456));
#3083=CARTESIAN_POINT('',(-0.00513274274772208,0.00435315477911794,-0.00570420903381384));
#3084=CARTESIAN_POINT('',(-0.000156171878667565,0.0049686177421836,-0.00655467778578947));
#3085=CARTESIAN_POINT('',(-0.00512595517216988,0.00432808034326985,-0.00568451383354144));
#3086=CARTESIAN_POINT('',(-0.000145363974908308,0.00493023658533958,-0.00652236033206638));
#3087=CARTESIAN_POINT('',(-0.00511649793119587,0.00429424585669311,-0.00565638977088628));
#3088=CARTESIAN_POINT('',(-0.000141896828155189,0.00491815742193535,-0.00651184845788354));
#3089=CARTESIAN_POINT('',(-0.00511346242987419,0.00428358638004258,-0.00564723866592686));
#3090=CARTESIAN_POINT('',(-0.000135279377591844,0.00489551274735681,-0.00649153158929039));
#3091=CARTESIAN_POINT('',(-0.00510764694794194,0.0042635314192286,-0.00562947971835435));
#3092=CARTESIAN_POINT('',(-0.000132138188637206,0.00488497198000463,-0.00648175857101094));
#3093=CARTESIAN_POINT('',(-0.0051048745108188,0.00425415646955791,-0.00562089830437131));
#3094=CARTESIAN_POINT('',(-0.000127758393832642,0.00487051980438851,-0.0064679802859381));
#3095=CARTESIAN_POINT('',(-0.00510099146648772,0.00424124427647767,-0.00560874413367041));
#3096=CARTESIAN_POINT('',(-0.000126356418063704,0.00486593609447475,-0.00646354356650082));
#3097=CARTESIAN_POINT('',(-0.00509974392804295,0.00423713430734593,-0.0056048154594528));
#3098=CARTESIAN_POINT('',(-0.000123654412263274,0.00485719165179318,-0.00645493722625676));
#3099=CARTESIAN_POINT('',(-0.00509734545550144,0.00422930583171982,-0.0055972170062115));
#3100=CARTESIAN_POINT('',(-0.000122352297215766,0.00485302519250674,-0.00645076033204156));
#3101=CARTESIAN_POINT('',(-0.00509619193742566,0.00422558020937861,-0.00559353822490292));
#3102=CARTESIAN_POINT('',(-0.000119818041060794,0.00484502127041053,-0.00644256593140344));
#3103=CARTESIAN_POINT('',(-0.00509395164209526,0.00421843312122855,-0.00558633865371213));
#3104=CARTESIAN_POINT('',(-0.000118585898962437,0.00484118380452914,-0.00643854842174066));
#3105=CARTESIAN_POINT('',(-0.00509286486383652,0.00421501165238391,-0.00558281786049928));
#3106=CARTESIAN_POINT('',(-0.000116771070327801,0.00483561718370871,-0.00643257800728326));
#3107=CARTESIAN_POINT('',(-0.005091267671438,0.0042100566474149,-0.00557759806089417));
#3108=CARTESIAN_POINT('',(-0.000116169625392534,0.00483378761002386,-0.00643058994207633));
#3109=CARTESIAN_POINT('',(-0.00509074061707751,0.00420843409566224,-0.00557586782477524));
#3110=CARTESIAN_POINT('',(-0.000114988952561725,0.00483022100277612,-0.00642667179715005));
#3111=CARTESIAN_POINT('',(-0.00508969599454647,0.00420524322126344,-0.0055724229990018));
#3112=CARTESIAN_POINT('',(-0.000114411211965835,0.00482848802058148,-0.00642474692650657));
#3113=CARTESIAN_POINT('',(-0.00508917752011134,0.0042036724204511,-0.00557070524116869));
#3114=CARTESIAN_POINT('',(-0.000112757277532559,0.00482355183197347,-0.00641922104268719));
#3115=CARTESIAN_POINT('',(-0.00508767008508953,0.00419913252795078,-0.00556569416456436));
#3116=CARTESIAN_POINT('',(-0.000111761168808782,0.00482061355927881,-0.00641587155002075));
#3117=CARTESIAN_POINT('',(-0.00508673024318697,0.00419633903676088,-0.00556254699472586));
#3118=CARTESIAN_POINT('',(-0.000110579599532489,0.00481714617046231,-0.0064118873199998));
#3119=CARTESIAN_POINT('',(-0.00508555755599779,0.00419287505338383,-0.00555860674517064));
#3120=CARTESIAN_POINT('',(-0.000110237687177271,0.00481614662260981,-0.00641073203544708));
#3121=CARTESIAN_POINT('',(-0.005085206019381,0.00419184101475523,-0.00555742287624499));
#3122=CARTESIAN_POINT('',(-0.000109680752339766,0.00481452182721393,-0.00640884813916015));
#3123=CARTESIAN_POINT('',(-0.00508460300458258,0.00419007177003192,-0.00555538931092886));
#3124=CARTESIAN_POINT('',(-0.000109464281951611,0.00481389260102701,-0.00640811447773461));
#3125=CARTESIAN_POINT('',(-0.00508435699557106,0.00418935165745172,-0.00555455864847618));
#3126=CARTESIAN_POINT('',(-0.00010902492963274,0.00481264031900672,-0.00640661006495861));
#3127=CARTESIAN_POINT('',(-0.00508394382613311,0.00418815057462638,-0.00555315839709998));
#3128=CARTESIAN_POINT('',(-0.000108801207797402,0.00481201494544638,-0.0064058363904307));
#3129=CARTESIAN_POINT('',(-0.00508376672977096,0.00418764218617401,-0.00555255422738153));
#3130=CARTESIAN_POINT('',(-0.000108215192284314,0.00481040532706195,-0.00640379219772136));
#3131=CARTESIAN_POINT('',(-0.00508335223404723,0.00418647942432975,-0.00555112336658026));
#3132=CARTESIAN_POINT('',(-0.00010784885423117,0.00480940996487526,-0.00640250757691263));
#3133=CARTESIAN_POINT('',(-0.00508311450912878,0.00418582415602696,-0.00555029554029275));
#3134=CARTESIAN_POINT('',(-0.000106874619404422,0.00480677559564774,-0.00639908341852851));
#3135=CARTESIAN_POINT('',(-0.00508246757977791,0.00418405971340554,-0.00554803112964872));
#3136=CARTESIAN_POINT('',(-0.000106275724671499,0.00480516132774442,-0.00639697527458961));
#3137=CARTESIAN_POINT('',(-0.00508205097190828,0.00418293011646276,-0.00554656877411458));
#3138=CARTESIAN_POINT('',(-0.000104869179555264,0.004801377744868,-0.00639201942718674));
#3139=CARTESIAN_POINT('',(-0.00508101747289524,0.00418013619930392,-0.00554293588260171));
#3140=CARTESIAN_POINT('',(-0.000104061882135394,0.00479920940322845,-0.00638917295258247));
#3141=CARTESIAN_POINT('',(-0.00508040475508084,0.00417848338748996,-0.00554077987626744));
#3142=CARTESIAN_POINT('',(-9.95469709377778E-5,0.00478709585494194,-0.00637324553371713));
#3143=CARTESIAN_POINT('',(-0.00507689805858409,0.00416903803555923,-0.00552843199200188));
#3144=CARTESIAN_POINT('',(-9.44099352365004E-5,0.00477335068714652,-0.00635510017562004));
#3145=CARTESIAN_POINT('',(-0.00507267963044329,0.00415771461209789,-0.00551355379495034));
#3146=CARTESIAN_POINT('',(-8.2059449259263E-5,0.00474034174635653,-0.00631145194920709));
#3147=CARTESIAN_POINT('',(-0.0050622790826482,0.00412983373335056,-0.00547684860862695));
#3148=CARTESIAN_POINT('',(-7.48459026548474E-5,0.0047210777172004,-0.00628594873965228));
#3149=CARTESIAN_POINT('',(-0.00505609691658954,0.00411327615433814,-0.00545502145517152));
#3150=CARTESIAN_POINT('',(-6.22727879585981E-5,0.0046875149356473,-0.00624148821964369));
#3151=CARTESIAN_POINT('',(-0.00504519863491466,0.00408410118032231,-0.00541653480464446));
#3152=CARTESIAN_POINT('',(-5.77420175583408E-5,0.00467419988918149,-0.00622622244377603));
#3153=CARTESIAN_POINT('',(-0.00504126170452008,0.00407252967362823,-0.00540327090205573));
#3154=CARTESIAN_POINT('',(-4.91098014355845E-5,0.00464677852016991,-0.00619840858913543));
#3155=CARTESIAN_POINT('',(-0.0050337410785008,0.00404866829081399,-0.00537902082262612));
#3156=CARTESIAN_POINT('',(-4.50080343505328E-5,0.00463267159338401,-0.00618585921694597));
#3157=CARTESIAN_POINT('',(-0.00503015714225597,0.00403637797838664,-0.00536803366736077));
#3158=CARTESIAN_POINT('',(-3.72310787671663E-5,0.00460408772522476,-0.00616320308616009));
#3159=CARTESIAN_POINT('',(-0.00502334276010432,0.00401142337799461,-0.00534812516904945));
#3160=CARTESIAN_POINT('',(-3.35556335631706E-5,0.00458961008680992,-0.00615309542711137));
#3161=CARTESIAN_POINT('',(-0.00502011211930451,0.00399875857945813,-0.00533920313083919));
#3162=CARTESIAN_POINT('',(-2.66123221351852E-5,0.004560583015463,-0.00613503948386618));
#3163=CARTESIAN_POINT('',(-0.00501399156855876,0.00397330383823076,-0.00532320458798554));
#3164=CARTESIAN_POINT('',(-2.33442584156118E-5,0.00454603288447307,-0.00612709060708703));
#3165=CARTESIAN_POINT('',(-0.00501110150610627,0.00396051337657312,-0.00531612761331852));
#3166=CARTESIAN_POINT('',(-1.41087363670274E-5,0.00450256943227546,-0.00610607904390253));
#3167=CARTESIAN_POINT('',(-0.00500291154496744,0.00392220768648221,-0.00529734789983264));
#3168=CARTESIAN_POINT('',(-8.70977726954601E-6,0.00447387262321358,-0.00609583223333309));
#3169=CARTESIAN_POINT('',(-0.00499809192403101,0.00389678199521065,-0.00528808187640959));
#3170=CARTESIAN_POINT('',(8.35833391854036E-7,0.00441770727915683,-0.00608107630318957));
#3171=CARTESIAN_POINT('',(-0.00498953560404209,0.00384678756787941,-0.0052746384917174));
#3172=CARTESIAN_POINT('',(4.98501036482596E-6,0.00439022279832376,-0.00607656395254859));
#3173=CARTESIAN_POINT('',(-0.0049857968236792,0.00382220637916905,-0.00527045804091278));
#3174=CARTESIAN_POINT('',(1.22681664122237E-5,0.0043363600740323,-0.00607212214563649));
#3175=CARTESIAN_POINT('',(-0.0049792206469369,0.00377389293599894,-0.00526624877022549));
#3176=CARTESIAN_POINT('',(1.54035269858777E-5,0.00430996991646813,-0.00607219289768736));
#3177=CARTESIAN_POINT('',(-0.00497638206688914,0.00375015106621886,-0.0052662197618588));
#3178=CARTESIAN_POINT('',(2.08052996888005E-5,0.00425783576697794,-0.00607644327416638));
#3179=CARTESIAN_POINT('',(-0.0049714946637771,0.00370322567941232,-0.00526991406556701));
#3180=CARTESIAN_POINT('',(2.30726736709316E-5,0.00423208183248262,-0.0060806240637319));
#3181=CARTESIAN_POINT('',(-0.00496944503257228,0.00368003399923748,-0.00527363823861959));
#3182=CARTESIAN_POINT('',(2.67611806292865E-5,0.00418074129189495,-0.00609327317012655));
#3183=CARTESIAN_POINT('',(-0.0049661219010975,0.00363389666315767,-0.00528496158540227));
#3184=CARTESIAN_POINT('',(2.81831932744251E-5,0.00415514440600092,-0.00610174328734984));
#3185=CARTESIAN_POINT('',(-0.0049648477222446,0.00361094267979307,-0.00529256239411988));
#3186=CARTESIAN_POINT('',(3.00534739934011E-5,0.00410391474756093,-0.00612375848869449));
#3187=CARTESIAN_POINT('',(-0.00496318147747723,0.0035651877443952,-0.00531224653014169));
#3188=CARTESIAN_POINT('',(3.05024673532673E-5,0.00407826936278907,-0.00613730761847804));
#3189=CARTESIAN_POINT('',(-0.0049627889171664,0.00354237691585744,-0.00532433340730281));
#3190=CARTESIAN_POINT('',(2.94618528943911E-5,0.0039381981680003,-0.00622943576419427));
#3191=CARTESIAN_POINT('',(-0.00496372620816836,0.00341838178108613,-0.00540597153411615));
#3192=CARTESIAN_POINT('',(2.9461852894778E-5,0.00382095624583449,-0.00630202888902322));
#3193=CARTESIAN_POINT('',(-0.00496372620816838,0.00331552339693338,-0.00546965874925694));
#3194=CARTESIAN_POINT('',(3.05024673535157E-5,0.00367605140763189,-0.00638635043258205));
#3195=CARTESIAN_POINT('',(-0.00496278891716641,0.00318717455513783,-0.0055442653977964));
#3196=CARTESIAN_POINT('',(3.00534739755715E-5,0.00365249155811621,-0.00640326789409998));
#3197=CARTESIAN_POINT('',(-0.00496318147748465,0.00316618713546331,-0.00555929724784071));
#3198=CARTESIAN_POINT('',(2.81831862719606E-5,0.00360994924311812,-0.00643931387681544));
#3199=CARTESIAN_POINT('',(-0.00496484772830809,0.00312817181074979,-0.00559148149235368));
#3200=CARTESIAN_POINT('',(2.67611667104231E-5,0.00359095753452158,-0.00645845188434562));
#3201=CARTESIAN_POINT('',(-0.00496612191317142,0.00311113632582953,-0.00560864114530346));
#3202=CARTESIAN_POINT('',(2.30726376196035E-5,0.00355674997161913,-0.00649877203592146));
#3203=CARTESIAN_POINT('',(-0.00496944506393989,0.00308043481567466,-0.00564489449797274));
#3204=CARTESIAN_POINT('',(2.08052484521373E-5,0.00354152792365456,-0.00651996257934832));
#3205=CARTESIAN_POINT('',(-0.00497149470840277,0.00306676361508228,-0.00566399492316467));
#3206=CARTESIAN_POINT('',(1.54034399150657E-5,0.00351448490702956,-0.00656473681452266));
#3207=CARTESIAN_POINT('',(-0.00497638214281351,0.00304254012694764,-0.00570435430013409));
#3208=CARTESIAN_POINT('',(1.22680587031265E-5,0.00350265846374639,-0.00658832888699931));
#3209=CARTESIAN_POINT('',(-0.00497922074089072,0.00303198343019352,-0.00572562017535173));
#3210=CARTESIAN_POINT('',(4.98486233710573E-6,0.00348262596502356,-0.0066385248881273));
#3211=CARTESIAN_POINT('',(-0.00498579695279516,0.00301421629713352,-0.00577074498906229));
#3212=CARTESIAN_POINT('',(8.35665693382445E-7,0.0034744144127945,-0.00666513938877677));
#3213=CARTESIAN_POINT('',(-0.00498953575027808,0.00300700174385041,-0.00579461261865221));
#3214=CARTESIAN_POINT('',(-8.70997355131338E-6,0.00346258845437964,-0.00672199389940692));
#3215=CARTESIAN_POINT('',(-0.00499809209502322,0.00299675144157828,-0.00584535808912106));
#3216=CARTESIAN_POINT('',(-1.41089415105695E-5,0.00345896983319493,-0.00675224962325288));
#3217=CARTESIAN_POINT('',(-0.00500291172354857,0.00299371290786528,-0.00587224845387296));
#3218=CARTESIAN_POINT('',(-2.33444594339345E-5,0.00345840539522208,-0.00680052208047933));
#3219=CARTESIAN_POINT('',(-0.00501110168089894,0.0029934495967966,-0.00591490906217199));
#3220=CARTESIAN_POINT('',(-2.66125188583058E-5,0.00345903542136416,-0.00681708989899127));
#3221=CARTESIAN_POINT('',(-0.00501399173954675,0.00299408347518208,-0.00592951305478636));
#3222=CARTESIAN_POINT('',(-3.35558142769761E-5,0.00346226001699339,-0.00685112197574339));
#3223=CARTESIAN_POINT('',(-0.00502011227625541,0.00299705867736096,-0.00595943026610266));
#3224=CARTESIAN_POINT('',(-3.72312477590222E-5,0.00346485480578616,-0.00686858712295638));
#3225=CARTESIAN_POINT('',(-0.00502334290681645,0.00299940019057694,-0.00597474415884023));
#3226=CARTESIAN_POINT('',(-4.50081710902064E-5,0.00347239483564527,-0.00690427287941898));
#3227=CARTESIAN_POINT('',(-0.00503015726088564,0.00300609834071048,-0.00600595642685811));
#3228=CARTESIAN_POINT('',(-4.91099176335978E-5,0.0034773405720499,-0.00692249451395096));
#3229=CARTESIAN_POINT('',(-0.00503374117927768,0.00301045537231933,-0.00602185556900557));
#3230=CARTESIAN_POINT('',(-5.77420829608276E-5,0.00349001571348563,-0.00695943858257206));
#3231=CARTESIAN_POINT('',(-0.00504126176121486,0.0030215271805204,-0.00605402438902873));
#3232=CARTESIAN_POINT('',(-6.22728230917524E-5,0.00349774600696528,-0.00697816213402261));
#3233=CARTESIAN_POINT('',(-0.00504519866536789,0.00302824263845378,-0.00607029489354678));
#3234=CARTESIAN_POINT('',(-7.48459608337398E-5,0.00352258525885547,-0.00702802415450412));
#3235=CARTESIAN_POINT('',(-0.00505609696701865,0.00304969010957696,-0.00611356631495095));
#3236=CARTESIAN_POINT('',(-8.20595495580397E-5,0.003536828162268,-0.00705663653205474));
#3237=CARTESIAN_POINT('',(-0.00506227916874944,0.00306184869814527,-0.00613811739307653));
#3238=CARTESIAN_POINT('',(-9.44100805968127E-5,0.00356118718975361,-0.00710564079186089));
#3239=CARTESIAN_POINT('',(-0.00507267975203298,0.00308227832580057,-0.00617943638289839));
#3240=CARTESIAN_POINT('',(-9.95471192271701E-5,0.00357130350508509,-0.00712603305547598));
#3241=CARTESIAN_POINT('',(-0.00507689817997973,0.00309054945668848,-0.00619620447849171));
#3242=CARTESIAN_POINT('',(-0.000104062005903184,0.00358016162345347,-0.00714397602396663));
#3243=CARTESIAN_POINT('',(-0.00508040485057694,0.00309739262205693,-0.00621016343407071));
#3244=CARTESIAN_POINT('',(-0.000104869297012953,0.00358174315735677,-0.0071471858017956));
#3245=CARTESIAN_POINT('',(-0.00508101756193185,0.00309858586529114,-0.00621260395970425));
#3246=CARTESIAN_POINT('',(-0.000106275826619564,0.00358449293101628,-0.0071527816762861));
#3247=CARTESIAN_POINT('',(-0.00508205104539954,0.0031005925094393,-0.00621672422936312));
#3248=CARTESIAN_POINT('',(-0.000106874712059471,0.00358566050441805,-0.0071551663535294));
#3249=CARTESIAN_POINT('',(-0.00508246764307797,0.00310139803159895,-0.00621838719062572));
#3250=CARTESIAN_POINT('',(-0.000107848925892949,0.00358755140398115,-0.00715905073990665));
#3251=CARTESIAN_POINT('',(-0.00508311455590706,0.00310263853587849,-0.00622097592442528));
#3252=CARTESIAN_POINT('',(-0.000108215252367948,0.00358825765512543,-0.00716051431061526));
#3253=CARTESIAN_POINT('',(-0.0050833522746473,0.00310308748455132,-0.00622193146636055));
#3254=CARTESIAN_POINT('',(-0.000108801253535182,0.00358937004289541,-0.00716286630104626));
#3255=CARTESIAN_POINT('',(-0.00508376676474086,0.00310385003788972,-0.00622361009656271));
#3256=CARTESIAN_POINT('',(-0.000109024971444558,0.00358978384604424,-0.0071637709540551));
#3257=CARTESIAN_POINT('',(-0.0050839438615579,0.00310416425967611,-0.00622433449155127));
#3258=CARTESIAN_POINT('',(-0.000109464324405831,0.00359057234902409,-0.00716556252998888));
#3259=CARTESIAN_POINT('',(-0.00508435704021937,0.00310488235900323,-0.00622603384150938));
#3260=CARTESIAN_POINT('',(-0.000109680799397817,0.00359094863254329,-0.00716645283077285));
#3261=CARTESIAN_POINT('',(-0.00508460305841728,0.00310530497144321,-0.00622704875591822));
#3262=CARTESIAN_POINT('',(-0.000110237752786588,0.00359191082513672,-0.00716874708960787));
#3263=CARTESIAN_POINT('',(-0.00508520608889368,0.00310633675032876,-0.00622953902210205));
#3264=CARTESIAN_POINT('',(-0.0001105796744871,0.00359249947235656,-0.00717015684155359));
#3265=CARTESIAN_POINT('',(-0.00508555763298865,0.00310693560790707,-0.00623099238253033));
#3266=CARTESIAN_POINT('',(-0.00011176126947522,0.00359452050297664,-0.00717503675207328));
#3267=CARTESIAN_POINT('',(-0.00508673034083812,0.00310891877747416,-0.00623584962038468));
#3268=CARTESIAN_POINT('',(-0.000112757393080092,0.00359620916845277,-0.00717916004599006));
#3269=CARTESIAN_POINT('',(-0.00508767019420892,0.00311049085944258,-0.00623975311430371));
#3270=CARTESIAN_POINT('',(-0.000114411344161247,0.00359895551184122,-0.00718604191095046));
#3271=CARTESIAN_POINT('',(-0.00508917764096506,0.00311295300188234,-0.00624605074016869));
#3272=CARTESIAN_POINT('',(-0.00011498908934729,0.00359990613468048,-0.00718845122181629));
#3273=CARTESIAN_POINT('',(-0.00508969611821838,0.00311379051222802,-0.00624822254685981));
#3274=CARTESIAN_POINT('',(-0.000116169769183976,0.00360182374803008,-0.00719339041689102));
#3275=CARTESIAN_POINT('',(-0.00509074074505939,0.00311545190150863,-0.00625261441208896));
#3276=CARTESIAN_POINT('',(-0.000116771216199139,0.00360278788077171,-0.0071959143512359));
#3277=CARTESIAN_POINT('',(-0.00509126780153087,0.00311627751305049,-0.00625483810364932));
#3278=CARTESIAN_POINT('',(-0.000118586051861302,0.00360565112418811,-0.00720355866258136));
#3279=CARTESIAN_POINT('',(-0.00509286500057677,0.00311874145433129,-0.00626160033908275));
#3280=CARTESIAN_POINT('',(-0.000119818199028196,0.00360753694863663,-0.00720878460375967));
#3281=CARTESIAN_POINT('',(-0.00509395178363349,0.00312036806234799,-0.00626623248796646));
#3282=CARTESIAN_POINT('',(-0.000122352466329842,0.00361130462749439,-0.00721960203300222));
#3283=CARTESIAN_POINT('',(-0.00509619208950276,0.00312362713023711,-0.00627583947406838));
#3284=CARTESIAN_POINT('',(-0.000123654587455539,0.0036131864834348,-0.0072251935252604));
#3285=CARTESIAN_POINT('',(-0.00509734561331945,0.00312525959173791,-0.00628081431548886));
#3286=CARTESIAN_POINT('',(-0.00012635660663335,0.00361699284011061,-0.00723685746832741));
#3287=CARTESIAN_POINT('',(-0.00509974409846722,0.00312857200652653,-0.00629120906063055));
#3288=CARTESIAN_POINT('',(-0.000127758589993316,0.00361892129975968,-0.00724293828851368));
#3289=CARTESIAN_POINT('',(-0.00510099164368891,0.00313025684635651,-0.00629663934650484));
#3290=CARTESIAN_POINT('',(-0.000132138406283706,0.00362481324241852,-0.00726201695692564));
#3291=CARTESIAN_POINT('',(-0.00510487470670074,0.00313538136767612,-0.00631361553634825));
#3292=CARTESIAN_POINT('',(-0.000135279608227539,0.0036288632729449,-0.00727580893670039));
#3293=CARTESIAN_POINT('',(-0.00510764715502792,0.003138884365697,-0.00632583276700327));
#3294=CARTESIAN_POINT('',(-0.000141897080843309,0.00363695659452536,-0.00730513573605092));
#3295=CARTESIAN_POINT('',(-0.00511346265578459,0.00314584226241568,-0.00635170117101722));
#3296=CARTESIAN_POINT('',(-0.00014536423648917,0.00364098229066262,-0.00732063415219644));
#3297=CARTESIAN_POINT('',(-0.00511649816499359,0.00314928265669801,-0.0063653221834654));
#3298=CARTESIAN_POINT('',(-0.000156172166070757,0.00365280372906306,-0.00736939682133586));
#3299=CARTESIAN_POINT('',(-0.00512595542877925,0.00315937695071895,-0.00640814566939569));
#3300=CARTESIAN_POINT('',(-0.000163947188136697,0.00366039484206428,-0.00740504108281747));
#3301=CARTESIAN_POINT('',(-0.0051327430170049,0.00316583072384305,-0.00643937036166777));
#3302=CARTESIAN_POINT('',(-0.000180501652975693,0.00367446567949687,-0.00748222967330853));
#3303=CARTESIAN_POINT('',(-0.00514715491241759,0.00317772152569181,-0.00650679101056091));
#3304=CARTESIAN_POINT('',(-0.000189267579453381,0.00368091948680335,-0.0075237199136566));
#3305=CARTESIAN_POINT('',(-0.00515476746679172,0.00318313603343179,-0.00654293992640526));
#3306=CARTESIAN_POINT('',(-0.000207586877335692,0.00369210301553527,-0.00761185394373644));
#3307=CARTESIAN_POINT('',(-0.00517065038276888,0.00319244978030113,-0.0066195893251141));
#3308=CARTESIAN_POINT('',(-0.000217144446552967,0.00369684066349373,-0.00765851460795727));
#3309=CARTESIAN_POINT('',(-0.00517892334411191,0.00319635382759345,-0.00666010032090421));
#3310=CARTESIAN_POINT('',(-0.000236894314651168,0.00370418160509122,-0.00775645107590119));
#3311=CARTESIAN_POINT('',(-0.00519599674190406,0.00320230570516628,-0.00674500869427299));
#3312=CARTESIAN_POINT('',(-0.000247085680652634,0.00370678286272674,-0.00780772329956594));
#3313=CARTESIAN_POINT('',(-0.00520479604126071,0.00320435110252384,-0.00678940167789702));
#3314=CARTESIAN_POINT('',(-0.000267942578011,0.00370950883514614,-0.00791426159463974));
#3315=CARTESIAN_POINT('',(-0.00522278794125118,0.003206305226016,-0.00688155145072647));
#3316=CARTESIAN_POINT('',(-0.000278608483959516,0.00370963472517643,-0.00796952888211763));
#3317=CARTESIAN_POINT('',(-0.00523198055432984,0.00320621433965533,-0.00692930806457528));
#3318=CARTESIAN_POINT('',(-0.000300261992788372,0.00370716633735026,-0.00808341699455694));
#3319=CARTESIAN_POINT('',(-0.00525063182524261,0.00320369554517254,-0.00702764881736251));
#3320=CARTESIAN_POINT('',(-0.000311249835378144,0.003704571220172,-0.00814203958305328));
#3321=CARTESIAN_POINT('',(-0.00526009050530415,0.0032012664588189,-0.00707823380116878));
#3322=CARTESIAN_POINT('',(-0.000344474323852266,0.00369247962429814,-0.00832192778356384));
#3323=CARTESIAN_POINT('',(-0.00528868152302149,0.00319028982805634,-0.00723338863021234));
#3324=CARTESIAN_POINT('',(-0.000366972855278294,0.00367869074736943,-0.00844721005641918));
#3325=CARTESIAN_POINT('',(-0.00530802939434345,0.00317806522225627,-0.00734135361662142));
#3326=CARTESIAN_POINT('',(-0.000400414340008688,0.00364913730843877,-0.00863903616291447));
#3327=CARTESIAN_POINT('',(-0.00533679403091585,0.00315212403440531,-0.00750667501291981));
#3328=CARTESIAN_POINT('',(-0.000411511512223086,0.00363781972081518,-0.00870362678633762));
#3329=CARTESIAN_POINT('',(-0.00534634048181834,0.00314222211155347,-0.00756234242284677));
#3330=CARTESIAN_POINT('',(-0.000425114800442051,0.00362222229542681,-0.0087838715736558));
#3331=CARTESIAN_POINT('',(-0.00535804675583348,0.00312860171890441,-0.00763151950341501));
#3332=CARTESIAN_POINT('',(-0.000427718992993376,0.00361916080366351,-0.00879928028745995));
#3333=CARTESIAN_POINT('',(-0.00536028796219258,0.00312592918871215,-0.00764480385218724));
#3334=CARTESIAN_POINT('',(-0.000430316533027226,0.00361602742373816,-0.00881469899271038));
#3335=CARTESIAN_POINT('',(-0.0053625236400135,0.00312319471814005,-0.0076580978653124));
#3336=CARTESIAN_POINT('',(-0.00043031665473149,0.00517415436338966,0.00800016943313564));
#3337=CARTESIAN_POINT('',(-0.00536252374319273,0.00447718817191586,0.00695381929904785));
#3338=CARTESIAN_POINT('',(-0.000427719050081051,0.00517440122021535,0.00798443711027215));
#3339=CARTESIAN_POINT('',(-0.00536028800966561,0.00447743332236796,0.00694024884431498));
#3340=CARTESIAN_POINT('',(-0.00042511479248247,0.0051745792453364,0.00796872781876506));
#3341=CARTESIAN_POINT('',(-0.00535804674723714,0.00447761935990507,0.00692669927147018));
#3342=CARTESIAN_POINT('',(-0.000411511424345875,0.00517516615067254,0.00788698285793084));
#3343=CARTESIAN_POINT('',(-0.00534634040399607,0.00447829658236827,0.00685619691005741));
#3344=CARTESIAN_POINT('',(-0.000400414236129774,0.00517442253079447,0.00782141232325288));
#3345=CARTESIAN_POINT('',(-0.00533679393891777,0.00447780103945381,0.00679965779175716));
#3346=CARTESIAN_POINT('',(-0.000366972701055399,0.00516822477398948,0.00762742172442367));
#3347=CARTESIAN_POINT('',(-0.00530802925773428,0.00447292276986496,0.0066323843890009));
#3348=CARTESIAN_POINT('',(-0.000344474133091007,0.00515875827052697,0.00750173874040197));
#3349=CARTESIAN_POINT('',(-0.00528868135400865,0.00446510067827684,0.00652401128565107));
#3350=CARTESIAN_POINT('',(-0.000311249595009359,0.00513758953322876,0.00732269143082932));
#3351=CARTESIAN_POINT('',(-0.00526009029223459,0.00444738071542404,0.00636948111314858));
#3352=CARTESIAN_POINT('',(-0.000300261736739277,0.00512936856130001,0.00726459008545486));
#3353=CARTESIAN_POINT('',(-0.00525063159823249,0.00444047344933289,0.00631931103208031));
#3354=CARTESIAN_POINT('',(-0.000278608199959734,0.00511086797185799,0.00715218745962196));
#3355=CARTESIAN_POINT('',(-0.00523198030243359,0.0044248792357118,0.00622218179172976));
#3356=CARTESIAN_POINT('',(-0.000267942281702467,0.00510058885520811,0.00709788429131027));
#3357=CARTESIAN_POINT('',(-0.00522278767837399,0.00441619329100126,0.00617522158535137));
#3358=CARTESIAN_POINT('',(-0.000247085364671384,0.00507833287330797,0.00699366085017815));
#3359=CARTESIAN_POINT('',(-0.00520479576077245,0.00439733990740003,0.00608499985309376));
#3360=CARTESIAN_POINT('',(-0.0002368939912388,0.00506635462918931,0.00694373959770964));
#3361=CARTESIAN_POINT('',(-0.00519599645472681,0.00438717211966497,0.00604173857058312));
#3362=CARTESIAN_POINT('',(-0.000217144114632586,0.00504114284602389,0.00684881957924282));
#3363=CARTESIAN_POINT('',(-0.00517892304914961,0.00436571966147768,0.00595936957734097));
#3364=CARTESIAN_POINT('',(-0.000207586544264554,0.00502791196594633,0.00680382395797364));
#3365=CARTESIAN_POINT('',(-0.00517065008665368,0.00435443818975593,0.00592026573850175));
#3366=CARTESIAN_POINT('',(-0.000189267251315734,0.0050007242341194,0.00671924560970289));
#3367=CARTESIAN_POINT('',(-0.00515476717476434,0.00433119870256236,0.00584663289382406));
#3368=CARTESIAN_POINT('',(-0.00018050133071852,0.00498675648958087,0.00667964775130594));
#3369=CARTESIAN_POINT('',(-0.00514715462543705,0.00431923402853786,0.00581209443687016));
#3370=CARTESIAN_POINT('',(-0.000163946886289532,0.00495874185996449,0.00660635908257096));
#3371=CARTESIAN_POINT('',(-0.00513274274772208,0.0042951571696402,0.00574800679544563));
#3372=CARTESIAN_POINT('',(-0.000156171878667564,0.00494473038925639,0.00657271667737383));
#3373=CARTESIAN_POINT('',(-0.00512595517216988,0.00428307576605935,0.00571849971266222));
#3374=CARTESIAN_POINT('',(-0.000145363974908307,0.00492415013568782,0.00652695660548923));
#3375=CARTESIAN_POINT('',(-0.00511649793119587,0.00426528456817157,0.00567826032076995));
#3376=CARTESIAN_POINT('',(-0.000141896828155188,0.00491734516551573,0.00651246184545883));
#3377=CARTESIAN_POINT('',(-0.00511346242987419,0.00425939990501101,0.00566550344403901));
#3378=CARTESIAN_POINT('',(-0.000135279377591842,0.00490400088966824,0.00648512164175978));
#3379=CARTESIAN_POINT('',(-0.00510764694794194,0.00424780719438215,0.00564135410176207));
#3380=CARTESIAN_POINT('',(-0.000132138188637204,0.00489748556798712,0.00647230874801736));
#3381=CARTESIAN_POINT('',(-0.0051048745108188,0.00424211894711724,0.0056299886193557));
#3382=CARTESIAN_POINT('',(-0.000127758393832641,0.00488818828567727,0.00645463766821904));
#3383=CARTESIAN_POINT('',(-0.00510099146648772,0.00423396234343234,0.00561424319424567));
#3384=CARTESIAN_POINT('',(-0.000126356418063703,0.00488517532691155,0.0064490147725758));
#3385=CARTESIAN_POINT('',(-0.00509974392804295,0.00423130839026786,0.0056092149878087));
#3386=CARTESIAN_POINT('',(-0.000123654412263273,0.0048792905585017,0.00643824890656465));
#3387=CARTESIAN_POINT('',(-0.00509734545550144,0.00422614236713947,0.00559960594377061));
#3388=CARTESIAN_POINT('',(-0.000122352297215765,0.00487641332024305,0.00643309843782156));
#3389=CARTESIAN_POINT('',(-0.00509619193742566,0.00422362358589103,0.00559501579837334));
#3390=CARTESIAN_POINT('',(-0.000119818041060793,0.00487072211283202,0.00642315755612299));
#3391=CARTESIAN_POINT('',(-0.00509395164209526,0.00421865474721333,0.00558617128953728));
#3392=CARTESIAN_POINT('',(-0.000118585898962436,0.00486790814140406,0.00641836713932652));
#3393=CARTESIAN_POINT('',(-0.00509286486383652,0.00421620468741138,0.00558191692226714));
#3394=CARTESIAN_POINT('',(-0.0001167710703278,0.00486368902177689,0.00641137913920322));
#3395=CARTESIAN_POINT('',(-0.005091267671438,0.0042125401517746,0.00557572260545839));
#3396=CARTESIAN_POINT('',(-0.000116169625392533,0.00486227753628571,0.00640907534844808));
#3397=CARTESIAN_POINT('',(-0.00509074061707751,0.00421131999867085,0.00557368849198546));
#3398=CARTESIAN_POINT('',(-0.000114988952561724,0.00485948501242578,0.00640457264288201));
#3399=CARTESIAN_POINT('',(-0.00508969599454647,0.00420887990113461,0.00556967670584312));
#3400=CARTESIAN_POINT('',(-0.000114411211965834,0.00485810787557022,0.00640237905031224));
#3401=CARTESIAN_POINT('',(-0.00508917752011134,0.00420765758764906,0.00556769578259666));
#3402=CARTESIAN_POINT('',(-0.000112757277532558,0.00485414379094557,0.00639611906764071));
#3403=CARTESIAN_POINT('',(-0.00508767008508953,0.00420408020622737,0.00556195785136558));
#3404=CARTESIAN_POINT('',(-0.000111761168808781,0.00485172625949863,0.00639237632943804));
#3405=CARTESIAN_POINT('',(-0.00508673024318697,0.00420181765272505,0.0055584097359969));
#3406=CARTESIAN_POINT('',(-0.000110579599532488,0.00484884302088745,0.00638795096965882));
#3407=CARTESIAN_POINT('',(-0.00508555755599779,0.00419897578371086,0.00555399968748242));
#3408=CARTESIAN_POINT('',(-0.00011023768717727,0.00484800537783352,0.00638667342027762));
#3409=CARTESIAN_POINT('',(-0.005085206019381,0.00419812008632296,0.00555268114150335));
#3410=CARTESIAN_POINT('',(-0.000109680752339765,0.00484663804444196,0.00638459509771007));
#3411=CARTESIAN_POINT('',(-0.00508460300458258,0.004196648327856,0.0055504229249945));
#3412=CARTESIAN_POINT('',(-0.00010946428195161,0.00484610458598923,0.00638378911584873));
#3413=CARTESIAN_POINT('',(-0.00508435699557106,0.00419604644357008,0.00554950298067835));
#3414=CARTESIAN_POINT('',(-0.000109024929632739,0.00484500030644543,0.00638217293679054));
#3415=CARTESIAN_POINT('',(-0.00508394382613311,0.00419502833780686,0.0055479645514389));
#3416=CARTESIAN_POINT('',(-0.000108801207797401,0.00484442730804345,0.00638135971037901));
#3417=CARTESIAN_POINT('',(-0.00508376672977096,0.00419458635898283,0.00554731023149706));
#3418=CARTESIAN_POINT('',(-0.000108215192284313,0.00484290164405599,0.00637925211825201));
#3419=CARTESIAN_POINT('',(-0.00508335223404723,0.00419352832525539,0.0055458002836931));
#3420=CARTESIAN_POINT('',(-0.000107848854231169,0.0048419384566126,0.00637794320020499));
#3421=CARTESIAN_POINT('',(-0.00508311450912878,0.00419291142338701,0.00554494348441921));
#3422=CARTESIAN_POINT('',(-0.000106874619404421,0.00483936594263223,0.00637447233090649));
#3423=CARTESIAN_POINT('',(-0.00508246757977791,0.00419121631780651,0.00554262671287242));
#3424=CARTESIAN_POINT('',(-0.000106275724671498,0.0048377800411135,0.00637234276566831));
#3425=CARTESIAN_POINT('',(-0.00508205097190828,0.00419011891563126,0.0055411400449784));
#3426=CARTESIAN_POINT('',(-0.000104869179555262,0.00483404880660092,0.00636734738661608));
#3427=CARTESIAN_POINT('',(-0.00508101747289524,0.00418738929913902,0.0055374585958561));
#3428=CARTESIAN_POINT('',(-0.000104061882135393,0.00483190438919047,0.00636448284527264));
#3429=CARTESIAN_POINT('',(-0.00508040475508084,0.00418576791038292,0.00553527885993004));
#3430=CARTESIAN_POINT('',(-9.95469709377767E-5,0.00481990001914069,0.00634847297883005));
#3431=CARTESIAN_POINT('',(-0.00507689805858409,0.00417647624190901,0.00552281491930509));
#3432=CARTESIAN_POINT('',(-9.44099352364994E-5,0.0048062088921363,0.00633028681102192));
#3433=CARTESIAN_POINT('',(-0.00507267963044329,0.00416526481238295,0.00550785214835947));
#3434=CARTESIAN_POINT('',(-8.20594492592619E-5,0.00477326023412901,0.00628659306116461));
#3435=CARTESIAN_POINT('',(-0.0050622790826482,0.0041375907875835,0.00547099075318568));
#3436=CARTESIAN_POINT('',(-7.48459026548464E-5,0.00475400244501569,0.00626108513934822));
#3437=CARTESIAN_POINT('',(-0.00505609691658954,0.0041211280682535,0.00544909196502331));
#3438=CARTESIAN_POINT('',(-6.2272787958597E-5,0.00472042406791759,0.00621663639654853));
#3439=CARTESIAN_POINT('',(-0.00504519863491466,0.0040920947314812,0.00541049835501489));
#3440=CARTESIAN_POINT('',(-5.77420175583397E-5,0.00470938488865392,0.00619965196554796));
#3441=CARTESIAN_POINT('',(-0.00504126170452008,0.00408250386296435,0.00539573874390391));
#3442=CARTESIAN_POINT('',(-4.91098014355834E-5,0.00469013702386069,0.00616566576703535));
#3443=CARTESIAN_POINT('',(-0.0050337410785008,0.00406570949208816,0.00536615190478542));
#3444=CARTESIAN_POINT('',(-4.50080343505316E-5,0.0046819272596481,0.0061486630643894));
#3445=CARTESIAN_POINT('',(-0.00503015714225596,0.00405850516805623,0.00535132398936789));
#3446=CARTESIAN_POINT('',(-3.72310787671652E-5,0.00466795835891146,0.00611497022251845));
#3447=CARTESIAN_POINT('',(-0.00502334276010432,0.00404618581442267,0.00532187379561998));
#3448=CARTESIAN_POINT('',(-3.35556335631695E-5,0.00466219854706374,0.00609827916644056));
#3449=CARTESIAN_POINT('',(-0.00502011211930451,0.00404107025591882,0.00530725083596782));
#3450=CARTESIAN_POINT('',(-2.66123221351841E-5,0.00465277551297667,0.00606541894145584));
#3451=CARTESIAN_POINT('',(-0.00501399156855876,0.00403264846774458,0.00527838960404088));
#3452=CARTESIAN_POINT('',(-2.33442584156107E-5,0.00464911191180871,0.0060492489389711));
#3453=CARTESIAN_POINT('',(-0.00501110150610627,0.0040293419280154,0.0052641507039825));
#3454=CARTESIAN_POINT('',(-1.41087363670263E-5,0.00464079678982196,0.00600169458889948));
#3455=CARTESIAN_POINT('',(-0.00500291154496744,0.00402176196770029,0.0052221679964284));
#3456=CARTESIAN_POINT('',(-8.70977726954492E-6,0.00463879439922894,0.00597128908924739));
#3457=CARTESIAN_POINT('',(-0.00499809192403101,0.00401980773945977,0.00519517714689198));
#3458=CARTESIAN_POINT('',(8.35833391855066E-7,0.00463997214322104,0.00591322966911161));
#3459=CARTESIAN_POINT('',(-0.00498953560404209,0.0040205591718022,0.0051434122678175));
#3460=CARTESIAN_POINT('',(4.98501036482705E-6,0.00464315353386891,0.00588555952728841));
#3461=CARTESIAN_POINT('',(-0.0049857968236792,0.0040232652686203,0.00511862541550916));
#3462=CARTESIAN_POINT('',(1.22681664122248E-5,0.00465362152426186,0.00583253741969285));
#3463=CARTESIAN_POINT('',(-0.0049792206469369,0.00403243828545282,0.00507100438535588));
#3464=CARTESIAN_POINT('',(1.54035269858788E-5,0.00466091158482618,0.00580717405163804));
#3465=CARTESIAN_POINT('',(-0.00497638206688914,0.00403890765553579,0.00504816090766816));
#3466=CARTESIAN_POINT('',(2.08052996888016E-5,0.00467926689315119,0.00575819326050956));
#3467=CARTESIAN_POINT('',(-0.0049714946637771,0.00405530267323978,0.00500403786152085));
#3468=CARTESIAN_POINT('',(2.30726736709327E-5,0.00469033598248413,0.00573456659327273));
#3469=CARTESIAN_POINT('',(-0.00496944503257228,0.00406523138292281,0.00498275067715354));
#3470=CARTESIAN_POINT('',(2.67611806292876E-5,0.00471655222322686,0.00568864753707886));
#3471=CARTESIAN_POINT('',(-0.0049661219010975,0.00408874854957048,0.00494147338514247));
#3472=CARTESIAN_POINT('',(2.81831932744262E-5,0.00473170391950319,0.00566634575344619));
#3473=CARTESIAN_POINT('',(-0.0049648477222446,0.00410234085802556,0.00492147571537005));
#3474=CARTESIAN_POINT('',(3.00534739934021E-5,0.00476689836620515,0.00562309650009463));
#3475=CARTESIAN_POINT('',(-0.00496318147747723,0.00413379499724658,0.00488285426472338));
#3476=CARTESIAN_POINT('',(3.05024673532684E-5,0.00478694845935186,0.00560213800676148));
#3477=CARTESIAN_POINT('',(-0.0049627889171664,0.00415166294518969,0.00486422195583831));
#3478=CARTESIAN_POINT('',(2.94618528943922E-5,0.00491389197434855,0.00549262600357027));
#3479=CARTESIAN_POINT('',(-0.00496372620816836,0.00426411746835526,0.0047673015894742));
#3480=CARTESIAN_POINT('',(2.9461852894779E-5,0.00501579867830877,0.00539972576797569));
#3481=CARTESIAN_POINT('',(-0.00496372620816838,0.00435352199798116,0.00468579859170556));
#3482=CARTESIAN_POINT('',(3.05024673535167E-5,0.00513655639247401,0.00528342826451044));
#3483=CARTESIAN_POINT('',(-0.00496278891716641,0.00446040491351565,0.00458276646291364));
#3484=CARTESIAN_POINT('',(3.00534739755725E-5,0.00515927549964346,0.00526539748020039));
#3485=CARTESIAN_POINT('',(-0.00496318147748465,0.00448060641237462,0.00456669388551609));
#3486=CARTESIAN_POINT('',(2.81831862719617E-5,0.00520558770727952,0.00523434364212529));
#3487=CARTESIAN_POINT('',(-0.00496484772830809,0.004521965431483,0.00453893740795972));
#3488=CARTESIAN_POINT('',(2.67611667104242E-5,0.00522919246144238,0.0052213142941542));
#3489=CARTESIAN_POINT('',(-0.00496612191317142,0.00454313200745865,0.00452724820365437));
#3490=CARTESIAN_POINT('',(2.30726376196046E-5,0.00527733476111161,0.00519944671620458));
#3491=CARTESIAN_POINT('',(-0.00496944506393989,0.00458640327877566,0.00450763990479489));
#3492=CARTESIAN_POINT('',(2.08052484521384E-5,0.00530188208033333,0.00519060482760609));
#3493=CARTESIAN_POINT('',(-0.00497149470840277,0.00460851585915276,0.00449971767296185));
#3494=CARTESIAN_POINT('',(1.54034399150668E-5,0.00535234776066763,0.00517684721182342));
#3495=CARTESIAN_POINT('',(-0.00497638214281351,0.00465396361505733,0.00448746376868576));
#3496=CARTESIAN_POINT('',(1.22680587031275E-5,0.00537827568078205,0.0051719285125021));
#3497=CARTESIAN_POINT('',(-0.00497922074089072,0.00467730665636518,0.00448312975003901));
#3498=CARTESIAN_POINT('',(4.98486233710686E-6,0.00543203763535079,0.005166397529292));
#3499=CARTESIAN_POINT('',(-0.00498579695279516,0.0047255710660936,0.00447838985730272));
#3500=CARTESIAN_POINT('',(8.35665693383529E-7,0.00545988334249183,0.00516578285161485));
#3501=CARTESIAN_POINT('',(-0.00498953575027808,0.00475050192049842,0.0044779824018305));
#3502=CARTESIAN_POINT('',(-8.70997355131224E-6,0.00551780379588622,0.00516996731693447));
#3503=CARTESIAN_POINT('',(-0.00499809209502322,0.00480211534363917,0.00448201055543601));
#3504=CARTESIAN_POINT('',(-1.41089415105684E-5,0.00554789480962737,0.00517476670614056));
#3505=CARTESIAN_POINT('',(-0.00500291172354857,0.00482881072023315,0.00448644691341533));
#3506=CARTESIAN_POINT('',(-2.33444594339335E-5,0.00559447896263009,0.00518743420020702));
#3507=CARTESIAN_POINT('',(-0.00501110168089894,0.00486991484574289,0.00449786828370274));
#3508=CARTESIAN_POINT('',(-2.66125188583048E-5,0.00561024190048845,0.0051925741742593));
#3509=CARTESIAN_POINT('',(-0.00501399173954675,0.00488378787127779,0.0045024745364744));
#3510=CARTESIAN_POINT('',(-3.3555814276975E-5,0.00564209237211739,0.00520498899290669));
#3511=CARTESIAN_POINT('',(-0.00502011227625541,0.00491174880956968,0.0045135233957271));
#3512=CARTESIAN_POINT('',(-3.72312477590211E-5,0.005658180700909,0.00521226429171455));
#3513=CARTESIAN_POINT('',(-0.00502334290681645,0.00492583731879349,0.00451996636885827));
#3514=CARTESIAN_POINT('',(-4.50081710902053E-5,0.00569044074945427,0.00522928235659986));
#3515=CARTESIAN_POINT('',(-0.00503015726088564,0.00495402504276117,0.00453495046401123));
#3516=CARTESIAN_POINT('',(-4.91099176335966E-5,0.00570661331979505,0.00523902587968825));
#3517=CARTESIAN_POINT('',(-0.00503374117927768,0.00496812488708513,0.00454349217552039));
#3518=CARTESIAN_POINT('',(-5.77420829608265E-5,0.00573867835525308,0.00526132738003625));
#3519=CARTESIAN_POINT('',(-0.00504126176121486,0.00499603573895621,0.0045629447400391));
#3520=CARTESIAN_POINT('',(-6.22728230917513E-5,0.00575457165194171,0.00527388651760895));
#3521=CARTESIAN_POINT('',(-0.00504519866536789,0.00500984735513128,0.00457385647460146));
#3522=CARTESIAN_POINT('',(-7.48459608337386E-5,0.00579573263791781,0.00531142293665017));
#3523=CARTESIAN_POINT('',(-0.00505609696701865,0.0050455975387773,0.00460632698887509));
#3524=CARTESIAN_POINT('',(-8.20595495580387E-5,0.00581935500082295,0.00533295227517916));
#3525=CARTESIAN_POINT('',(-0.00506227916874944,0.00506588403958336,0.00462474015259421));
#3526=CARTESIAN_POINT('',(-9.44100805968116E-5,0.00585982239023224,0.00536979206472238));
#3527=CARTESIAN_POINT('',(-0.00507267975203298,0.00510003487055381,0.00465569737065496));
#3528=CARTESIAN_POINT('',(-9.95471192271691E-5,0.00587666773119745,0.00538510280405787));
#3529=CARTESIAN_POINT('',(-0.00507689817997973,0.00511389935247258,0.00466824156361887));
#3530=CARTESIAN_POINT('',(-0.000104062005903183,0.0058915015992473,0.00539853309586275));
#3531=CARTESIAN_POINT('',(-0.00508040485057694,0.00512545271280407,0.00467864354507275));
#3532=CARTESIAN_POINT('',(-0.000104869297012952,0.00589415603857522,0.00540093265312463));
#3533=CARTESIAN_POINT('',(-0.00508101756193185,0.00512747352642988,0.00468045911855618));
#3534=CARTESIAN_POINT('',(-0.000106275826619563,0.00589878578287448,0.00540510883968842));
#3535=CARTESIAN_POINT('',(-0.00508205104539954,0.00513088736320697,0.00468351672566935));
#3536=CARTESIAN_POINT('',(-0.00010687471205947,0.00590075990496951,0.00540688443963128));
#3537=CARTESIAN_POINT('',(-0.00508246764307797,0.00513226640039016,0.00468474658849015));
#3538=CARTESIAN_POINT('',(-0.000107848925892948,0.00590397853816678,0.00540976616811033));
#3539=CARTESIAN_POINT('',(-0.00508311455590706,0.00513441683083159,0.00468664817794876));
#3540=CARTESIAN_POINT('',(-0.000108215252367947,0.00590519296320503,0.00541084598370772));
#3541=CARTESIAN_POINT('',(-0.0050833522746473,0.00513521303493187,0.0046873414847579));
#3542=CARTESIAN_POINT('',(-0.000108801253535181,0.00590715074855081,0.005412559559524));
#3543=CARTESIAN_POINT('',(-0.00508376676474086,0.00513661890187904,0.00468853430707341));
#3544=CARTESIAN_POINT('',(-0.000109024971444557,0.00590790762440588,0.00541320513605116));
#3545=CARTESIAN_POINT('',(-0.0050839438615579,0.00513722965268121,0.00468903477374376));
#3546=CARTESIAN_POINT('',(-0.00010946432440583,0.00590941502399754,0.00541445382646386));
#3547=CARTESIAN_POINT('',(-0.00508435704021937,0.00513866761383862,0.00469019050928166));
#3548=CARTESIAN_POINT('',(-0.000109680799397816,0.00591016836324871,0.00541505938797634));
#3549=CARTESIAN_POINT('',(-0.00508460305841728,0.00513952813115869,0.00469087473327533));
#3550=CARTESIAN_POINT('',(-0.000110237752786586,0.00591211172372617,0.00541661270321916));
#3551=CARTESIAN_POINT('',(-0.00508520608889368,0.00514164097333771,0.00469254861835548));
#3552=CARTESIAN_POINT('',(-0.000110579674487099,0.00591330656833979,0.00541756467614272));
#3553=CARTESIAN_POINT('',(-0.00508555763298865,0.0051428749675109,0.00469352234589138));
#3554=CARTESIAN_POINT('',(-0.000111761269475219,0.0059174471101315,0.00542084400612285));
#3555=CARTESIAN_POINT('',(-0.00508673034083812,0.00514700406332065,0.00469675905547047));
#3556=CARTESIAN_POINT('',(-0.000112757393080091,0.00592095087471158,0.00542359660082275));
#3557=CARTESIAN_POINT('',(-0.00508767019420892,0.00515032832321783,0.00469933936603847));
#3558=CARTESIAN_POINT('',(-0.000114411344161246,0.00592681845635989,0.00542812141606105));
#3559=CARTESIAN_POINT('',(-0.00508917764096506,0.00515571174400383,0.00470343094489874));
#3560=CARTESIAN_POINT('',(-0.000114989089347289,0.00592887564304439,0.00542969508870038));
#3561=CARTESIAN_POINT('',(-0.00508969611821838,0.00515757144778594,0.00470483082693859));
#3562=CARTESIAN_POINT('',(-0.000116169769183975,0.00593310150772086,0.00543289117328642));
#3563=CARTESIAN_POINT('',(-0.00509074074505939,0.00516134099562649,0.00470763068472259));
#3564=CARTESIAN_POINT('',(-0.000116771216199138,0.00593526524504654,0.00543450920830031));
#3565=CARTESIAN_POINT('',(-0.00509126780153087,0.00516325385986857,0.00470903332115624));
#3566=CARTESIAN_POINT('',(-0.0001185860518613,0.00594183417596837,0.0054393551143407));
#3567=CARTESIAN_POINT('',(-0.00509286500057677,0.00516908366177534,0.00471325377663168));
#3568=CARTESIAN_POINT('',(-0.000119818199028195,0.00594634453984605,0.0054425990953426));
#3569=CARTESIAN_POINT('',(-0.00509395178363349,0.00517309383894117,0.0047160859376475));
#3570=CARTESIAN_POINT('',(-0.000122352466329841,0.00595571794642289,0.00544918327551465));
#3571=CARTESIAN_POINT('',(-0.00509619208950276,0.00518144219826422,0.00472184966925833));
#3572=CARTESIAN_POINT('',(-0.000123654587455538,0.00596058099273687,0.00545252347730522));
#3573=CARTESIAN_POINT('',(-0.00509734561331945,0.00518578038401768,0.00472478124256955));
#3574=CARTESIAN_POINT('',(-0.000126356606633349,0.00597075801333005,0.00545937651829884));
#3575=CARTESIAN_POINT('',(-0.00509974409846722,0.00519487183111378,0.00473081186509059));
#3576=CARTESIAN_POINT('',(-0.000127758589993315,0.00597607895408293,0.0054628954556754));
#3577=CARTESIAN_POINT('',(-0.00510099164368891,0.00519963374101176,0.00473391845551301));
#3578=CARTESIAN_POINT('',(-0.000132138406283705,0.00599281689995378,0.00547378360265698));
#3579=CARTESIAN_POINT('',(-0.00510487470670074,0.00521455948389952,0.00474349310639978));
#3580=CARTESIAN_POINT('',(-0.000135279608227538,0.00600497403630753,0.00548145338029705));
#3581=CARTESIAN_POINT('',(-0.00510764715502792,0.00522535168871946,0.00475020578359569));
#3582=CARTESIAN_POINT('',(-0.000141897080843308,0.00603096646137174,0.0054972634041311));
#3583=CARTESIAN_POINT('',(-0.00511346265578459,0.00524832846422738,0.00476397729187311));
#3584=CARTESIAN_POINT('',(-0.000145364236489169,0.00604477155140701,0.0055053767648113));
#3585=CARTESIAN_POINT('',(-0.00511649816499359,0.00526048799469969,0.00477101391831086));
#3586=CARTESIAN_POINT('',(-0.000156172166070756,0.00608843764683524,0.00553009146524462));
#3587=CARTESIAN_POINT('',(-0.00512595542877925,0.00529891428691305,0.00479244207235493));
#3588=CARTESIAN_POINT('',(-0.000163947188136696,0.00612064380487832,0.00554714730756539));
#3589=CARTESIAN_POINT('',(-0.0051327430170049,0.00532718083779014,0.00480719451949216));
#3590=CARTESIAN_POINT('',(-0.000180501652975692,0.00619103510312838,0.0055818046603022));
#3591=CARTESIAN_POINT('',(-0.00514715491241759,0.00538877367438662,0.00483708193399688));
#3592=CARTESIAN_POINT('',(-0.00018926757945338,0.00622917531203171,0.00559936644089814));
#3593=CARTESIAN_POINT('',(-0.00515476746679172,0.00542206087824073,0.00485218236678418));
#3594=CARTESIAN_POINT('',(-0.000207586877335691,0.00631088436428633,0.0056342420678124));
#3595=CARTESIAN_POINT('',(-0.00517065038276888,0.00549323540763562,0.00488211667099502));
#3596=CARTESIAN_POINT('',(-0.000217144446552966,0.00635446726875517,0.0056515681559966));
#3597=CARTESIAN_POINT('',(-0.00517892334411191,0.00553113152896162,0.00489695804403166));
#3598=CARTESIAN_POINT('',(-0.000236894314651167,0.0064466561309979,0.00568543044852473));
#3599=CARTESIAN_POINT('',(-0.00519599674190406,0.00561116977117468,0.00492591899184448));
#3600=CARTESIAN_POINT('',(-0.000247085680652633,0.00649525920255866,0.00570196371485881));
#3601=CARTESIAN_POINT('',(-0.00520479604126071,0.00565330833164447,0.00494003502411024));
#3602=CARTESIAN_POINT('',(-0.000267942578010999,0.00659698446897741,0.00573374121342145));
#3603=CARTESIAN_POINT('',(-0.00522278794125118,0.00574140557488655,0.00496713253256189));
#3604=CARTESIAN_POINT('',(-0.000278608483959515,0.00665010751186013,0.00574898690882517));
#3605=CARTESIAN_POINT('',(-0.00523198055432984,0.00578736398295066,0.00498011433347117));
#3606=CARTESIAN_POINT('',(-0.000300261992788371,0.00676032352524999,0.00577777971150048));
#3607=CARTESIAN_POINT('',(-0.00525063182524261,0.00588263994157988,0.00500460391680143));
#3608=CARTESIAN_POINT('',(-0.000311249835378143,0.00681741842166152,0.00579132649410507));
#3609=CARTESIAN_POINT('',(-0.00526009050530415,0.0059319586271989,0.00501611079717819));
#3610=CARTESIAN_POINT('',(-0.000344474323852265,0.00699374852809838,0.00582892522995711));
#3611=CARTESIAN_POINT('',(-0.00528868152302149,0.0060841944180305,0.00504801332667531));
#3612=CARTESIAN_POINT('',(-0.000366972855278293,0.00711802173605567,0.00584994785592913));
#3613=CARTESIAN_POINT('',(-0.00530802939434345,0.00619138333269926,0.00506580140834292));
#3614=CARTESIAN_POINT('',(-0.000400414340008687,0.00731061268677751,0.00587401830639908));
#3615=CARTESIAN_POINT('',(-0.00533679403091585,0.00635749283405749,0.00508609285628741));
#3616=CARTESIAN_POINT('',(-0.000411511512223085,0.00737583480956389,0.00588080882354045));
#3617=CARTESIAN_POINT('',(-0.00534634048181834,0.00641374496622936,0.00509180304282198));
#3618=CARTESIAN_POINT('',(-0.00042511480044205,0.00745728474180667,0.00588776684826963));
#3619=CARTESIAN_POINT('',(-0.00535804675583348,0.00648400865361802,0.00509763380661479));
#3620=CARTESIAN_POINT('',(-0.000427718992993375,0.00747294305486183,0.00588903902167814));
#3621=CARTESIAN_POINT('',(-0.00536028796219258,0.00649751725352347,0.00509869873314989));
#3622=CARTESIAN_POINT('',(-0.000430316533027225,0.00748863065107563,0.005890244785498));
#3623=CARTESIAN_POINT('',(-0.0053625236400135,0.00651105209964095,0.00509970672861503));
#3624=CARTESIAN_POINT('',(-0.000430316654731491,0.00193476071870678,0.00932905597026898));
#3625=CARTESIAN_POINT('',(-0.00536252374319273,0.00166284436617677,0.00810159029971449));
#3626=CARTESIAN_POINT('',(-0.000427719050081052,0.00194067407636557,0.00931447519106577));
#3627=CARTESIAN_POINT('',(-0.00536028800966561,0.00166797517584399,0.00808902478609348));
#3628=CARTESIAN_POINT('',(-0.00042511479248247,0.00194651493048572,0.00929989102308314));
#3629=CARTESIAN_POINT('',(-0.00535804674723714,0.00167304332095155,0.00807645739020529));
#3630=CARTESIAN_POINT('',(-0.000411511424345876,0.00197659188926712,0.00922387813187301));
#3631=CARTESIAN_POINT('',(-0.00534634040399607,0.00169914320259849,0.00801096053705144));
#3632=CARTESIAN_POINT('',(-0.000400414236129775,0.00199958529358144,0.00916246680273485));
#3633=CARTESIAN_POINT('',(-0.00533679393891777,0.00171910540789181,0.00795806036861335));
#3634=CARTESIAN_POINT('',(-0.000366972701055399,0.00206388354462189,0.00897933706856625));
#3635=CARTESIAN_POINT('',(-0.00530802925773428,0.00177498267969313,0.00780032033159079));
#3636=CARTESIAN_POINT('',(-0.000344474133091007,0.00210045822359292,0.00885872148077357));
#3637=CARTESIAN_POINT('',(-0.00528868135400865,0.00180683767693532,0.00769643975690434));
#3638=CARTESIAN_POINT('',(-0.000311249595009359,0.00214539831236713,0.00868411780691483));
#3639=CARTESIAN_POINT('',(-0.00526009029223459,0.00184613704066,0.00754594347353499));
#3640=CARTESIAN_POINT('',(-0.000300261736739278,0.00215872111115564,0.00862697015826489));
#3641=CARTESIAN_POINT('',(-0.00525063159823249,0.00185781973052674,0.00749666607388029));
#3642=CARTESIAN_POINT('',(-0.000278608199959735,0.00218207433711303,0.0085154746474081));
#3643=CARTESIAN_POINT('',(-0.00523198030243359,0.0018783656880054,0.00740046247487891));
#3644=CARTESIAN_POINT('',(-0.000267942281702467,0.00219210591329437,0.00846112520576324));
#3645=CARTESIAN_POINT('',(-0.00522278767837399,0.0018872302689733,0.00735353566140432));
#3646=CARTESIAN_POINT('',(-0.000247085364671385,0.00220900267776469,0.00835589995327035));
#3647=CARTESIAN_POINT('',(-0.00520479576077245,0.00190224186122187,0.00726259577387996));
#3648=CARTESIAN_POINT('',(-0.000236893991238801,0.00221586693418689,0.00830502273082294));
#3649=CARTESIAN_POINT('',(-0.00519599645472681,0.00190838845929998,0.00721858280074752));
#3650=CARTESIAN_POINT('',(-0.000217144114632587,0.00222664671215684,0.00820740490302987));
#3651=CARTESIAN_POINT('',(-0.00517892304914961,0.00191813975014883,0.00713402648024584));
#3652=CARTESIAN_POINT('',(-0.000207586544264555,0.00223056357711234,0.00816066819058723));
#3653=CARTESIAN_POINT('',(-0.00517065008665368,0.00192174602695809,0.00709348789882335));
#3654=CARTESIAN_POINT('',(-0.000189267251315735,0.00223576499565591,0.00807197988807085));
#3655=CARTESIAN_POINT('',(-0.00515476717476434,0.00192667510202195,0.00701643224491422));
#3656=CARTESIAN_POINT('',(-0.000180501330718521,0.00223704485811108,0.00803001025346183));
#3657=CARTESIAN_POINT('',(-0.00514715462543705,0.00192799510549779,0.00697990395417824));
#3658=CARTESIAN_POINT('',(-0.000163946886289533,0.00223739691478323,0.00795155055365621));
#3659=CARTESIAN_POINT('',(-0.00513274274772208,0.00192869522957464,0.00691144644367709));
#3660=CARTESIAN_POINT('',(-0.000156171878667564,0.00223648464596276,0.00791511841805519));
#3661=CARTESIAN_POINT('',(-0.00512595517216988,0.00192808884399228,0.00687956760205141));
#3662=CARTESIAN_POINT('',(-0.000145363974908307,0.00223382457564841,0.0078650139767176));
#3663=CARTESIAN_POINT('',(-0.00511649793119587,0.0019260351910076,0.00683561856461529));
#3664=CARTESIAN_POINT('',(-0.000141896828155189,0.00223271524120537,0.00784903977675404));
#3665=CARTESIAN_POINT('',(-0.00511346242987419,0.00192515622143661,0.00682159734580469));
#3666=CARTESIAN_POINT('',(-0.000135279377591843,0.00223014849529421,0.00781872528761722));
#3667=CARTESIAN_POINT('',(-0.00510764694794194,0.00192307008935312,0.00679489098466987));
#3668=CARTESIAN_POINT('',(-0.000132138188637205,0.00222870168984513,0.00780442401436427));
#3669=CARTESIAN_POINT('',(-0.0051048745108188,0.0019218716425461,0.00678223815603248));
#3670=CARTESIAN_POINT('',(-0.000127758393832641,0.00222641576259193,0.00778458765743612));
#3671=CARTESIAN_POINT('',(-0.00510099146648772,0.00191995373972525,0.00676460947927165));
#3672=CARTESIAN_POINT('',(-0.000126356418063703,0.00222563748640551,0.00777825605715528));
#3673=CARTESIAN_POINT('',(-0.00509974392804295,0.00191929539977246,0.00675896209794235));
#3674=CARTESIAN_POINT('',(-0.000123654412263273,0.00222403918266267,0.0077660913625289));
#3675=CARTESIAN_POINT('',(-0.00509734545550144,0.00191794941374756,0.00674813574842325));
#3676=CARTESIAN_POINT('',(-0.000122352297215765,0.0022232168017995,0.00776024931511498));
#3677=CARTESIAN_POINT('',(-0.00509619193742566,0.0019172588719528,0.00674294567657642));
#3678=CARTESIAN_POINT('',(-0.000119818041060793,0.0022215009696051,0.00774892381774749));
#3679=CARTESIAN_POINT('',(-0.00509395164209526,0.001915820572982,0.00673290346614112));
#3680=CARTESIAN_POINT('',(-0.000118585898962436,0.00222060751753948,0.00774344036339027));
#3681=CARTESIAN_POINT('',(-0.00509286486383652,0.00191507281497753,0.00672805132312291));
#3682=CARTESIAN_POINT('',(-0.000116771070327801,0.00221919766246246,0.00773540012553226));
#3683=CARTESIAN_POINT('',(-0.005091267671438,0.00191389338258746,0.00672095151175939));
#3684=CARTESIAN_POINT('',(-0.000116169625392534,0.00221871371665066,0.00773274201726009));
#3685=CARTESIAN_POINT('',(-0.00509074061707751,0.00191349043024276,0.00671861398729422));
#3686=CARTESIAN_POINT('',(-0.000114988952561725,0.00221773633056236,0.00772753459339051));
#3687=CARTESIAN_POINT('',(-0.00508969599454647,0.00191266433136363,0.00671399164322653));
#3688=CARTESIAN_POINT('',(-0.000114411211965834,0.00221724460572329,0.00772499165002431));
#3689=CARTESIAN_POINT('',(-0.00508917752011134,0.00191224014999687,0.00671170293675051));
#3690=CARTESIAN_POINT('',(-0.000112757277532558,0.00221580957346637,0.00771772239749186));
#3691=CARTESIAN_POINT('',(-0.00508767008508953,0.00191097712100553,0.00670506017599794));
#3692=CARTESIAN_POINT('',(-0.000111761168808781,0.00221490732551283,0.00771335908496798));
#3693=CARTESIAN_POINT('',(-0.00508673024318697,0.00191014907980469,0.0067009343283529));
#3694=CARTESIAN_POINT('',(-0.000110579599532488,0.00221381740991728,0.0077081910139488));
#3695=CARTESIAN_POINT('',(-0.00508555755599779,0.00190909220914269,0.00669579547908504));
#3696=CARTESIAN_POINT('',(-0.00011023768717727,0.00221349783509843,0.00770669714305668));
#3697=CARTESIAN_POINT('',(-0.005085206019381,0.00190877060883813,0.00669425685802621));
#3698=CARTESIAN_POINT('',(-0.000109680752339765,0.00221297361138964,0.0077042652271861));
#3699=CARTESIAN_POINT('',(-0.00508460300458258,0.00190821399683355,0.0066916194733629));
#3700=CARTESIAN_POINT('',(-0.000109464281951611,0.00221276733042744,0.00770332096406268));
#3701=CARTESIAN_POINT('',(-0.00508435699557106,0.00190798507866918,0.0066905442251532));
#3702=CARTESIAN_POINT('',(-0.00010902492963274,0.00221232145163518,0.00770141501019085));
#3703=CARTESIAN_POINT('',(-0.00508394382613311,0.00190759146806016,0.00668874190038825));
#3704=CARTESIAN_POINT('',(-0.000108801207797402,0.00221208091780173,0.00770044970824841));
#3705=CARTESIAN_POINT('',(-0.00508376672977096,0.00190741570270677,0.00668797210404651));
#3706=CARTESIAN_POINT('',(-0.000108215192284313,0.00221141962859362,0.0076979333037182));
#3707=CARTESIAN_POINT('',(-0.00508335223404723,0.00190697457169872,0.00668618191378489));
#3708=CARTESIAN_POINT('',(-0.000107848854231169,0.00221099431878716,0.00769636483055188));
#3709=CARTESIAN_POINT('',(-0.00508311450912878,0.00190670883943548,0.00668516012159701));
#3710=CARTESIAN_POINT('',(-0.000106874619404421,0.00220984934354922,0.00769219904208259));
#3711=CARTESIAN_POINT('',(-0.00508246757977791,0.00190596511496949,0.0066823874537035));
#3712=CARTESIAN_POINT('',(-0.000106275724671499,0.00220913982211932,0.00768964038793024));
#3713=CARTESIAN_POINT('',(-0.00508205097190828,0.00190547886430369,0.0066806047497877));
#3714=CARTESIAN_POINT('',(-0.000104869179555263,0.00220746508860701,0.00768363445831643));
#3715=CARTESIAN_POINT('',(-0.00508101747289524,0.00190426346554267,0.00667618584950749));
#3716=CARTESIAN_POINT('',(-0.000104061882135393,0.00220650027061128,0.00768018870014534));
#3717=CARTESIAN_POINT('',(-0.00508040475508084,0.00190353897699232,0.0066735675931132));
#3718=CARTESIAN_POINT('',(-9.95469709377771E-5,0.00220108995973753,0.00766092346565285));
#3719=CARTESIAN_POINT('',(-0.00507689805858409,0.00189937724885418,0.00665858877681033));
#3720=CARTESIAN_POINT('',(-9.44099352364998E-5,0.00219489296557725,0.00763901956368143));
#3721=CARTESIAN_POINT('',(-0.00507267963044329,0.00189432807847638,0.00664058637294626));
#3722=CARTESIAN_POINT('',(-8.20594492592624E-5,0.00217995325998973,0.00758637392722376));
#3723=CARTESIAN_POINT('',(-0.0050622790826482,0.00188183869068561,0.00659621713478096));
#3724=CARTESIAN_POINT('',(-7.48459026548467E-5,0.00217121043061976,0.00755563178267378));
#3725=CARTESIAN_POINT('',(-0.00505609691658954,0.00187439841681315,0.00656985010280119));
#3726=CARTESIAN_POINT('',(-6.22727879585974E-5,0.00215595626437619,0.00750205465549036));
#3727=CARTESIAN_POINT('',(-0.00504519863491466,0.00186126725652966,0.00652337458228527));
#3728=CARTESIAN_POINT('',(-5.77420175583401E-5,0.0021517980204313,0.00748222933373954));
#3729=CARTESIAN_POINT('',(-0.00504126170452008,0.00185765582449183,0.00650614703348428));
#3730=CARTESIAN_POINT('',(-4.91098014355838E-5,0.00214612715201434,0.00744358501669507));
#3731=CARTESIAN_POINT('',(-0.0050337410785008,0.00185268353909984,0.00647249130113255));
#3732=CARTESIAN_POINT('',(-4.5008034350532E-5,0.00214461385950965,0.00742476475974973));
#3733=CARTESIAN_POINT('',(-0.00503015714225596,0.00185132216787995,0.00645606217976869));
#3734=CARTESIAN_POINT('',(-3.72310787671656E-5,0.00214375950583346,0.00738830097139845));
#3735=CARTESIAN_POINT('',(-0.00502334276010432,0.00185047334979147,0.00642415042811526));
#3736=CARTESIAN_POINT('',(-3.35556335631699E-5,0.00214441814614688,0.0073706563410976));
#3737=CARTESIAN_POINT('',(-0.00502011211930451,0.00185098565585807,0.00640866697145051));
#3738=CARTESIAN_POINT('',(-2.66123221351845E-5,0.00214750191096872,0.00733661110131321));
#3739=CARTESIAN_POINT('',(-0.00501399156855876,0.00185355845177318,0.0063787123733799));
#3740=CARTESIAN_POINT('',(-2.33442584156111E-5,0.00214992698325982,0.00732020957765664));
#3741=CARTESIAN_POINT('',(-0.00501110150610627,0.00185561887928204,0.00636424053457711));
#3742=CARTESIAN_POINT('',(-1.41087363670267E-5,0.00215935197557739,0.00727286269830643));
#3743=CARTESIAN_POINT('',(-0.00500291154496744,0.00186371668001611,0.00632235462817385));
#3744=CARTESIAN_POINT('',(-8.70977726954536E-6,0.00216846853531255,0.00724378706734551));
#3745=CARTESIAN_POINT('',(-0.00499809192403101,0.00187164463591026,0.00629648046186739));
#3746=CARTESIAN_POINT('',(8.35833391854633E-7,0.00219054023054624,0.00719007372061562));
#3747=CARTESIAN_POINT('',(-0.00498953560404209,0.00189104495686869,0.00624848259834336));
#3748=CARTESIAN_POINT('',(4.98501036482661E-6,0.00220350239711212,0.00716542133264024));
#3749=CARTESIAN_POINT('',(-0.0049857968236792,0.00190252236082904,0.00622634710183493));
#3750=CARTESIAN_POINT('',(1.22681664122244E-5,0.00223241730194378,0.00711976116405407));
#3751=CARTESIAN_POINT('',(-0.0049792206469369,0.00192827864456335,0.0061852554895659));
#3752=CARTESIAN_POINT('',(1.54035269858784E-5,0.00224837738630692,0.00709874400132367));
#3753=CARTESIAN_POINT('',(-0.00497638206688914,0.00194256316844888,0.00616629158702704));
#3754=CARTESIAN_POINT('',(2.08052996888012E-5,0.00228318710418057,0.0070597014759848));
#3755=CARTESIAN_POINT('',(-0.0049714946637771,0.00197379014986595,0.00613107063533051));
#3756=CARTESIAN_POINT('',(2.30726736709323E-5,0.00230204365922741,0.00704166888118688));
#3757=CARTESIAN_POINT('',(-0.00496944503257228,0.00199073821386847,0.00611480759069476));
#3758=CARTESIAN_POINT('',(2.67611806292872E-5,0.00234307745204861,0.00700832103497271));
#3759=CARTESIAN_POINT('',(-0.0049661219010975,0.00202757839642348,0.00608481304265323));
#3760=CARTESIAN_POINT('',(2.81831932744258E-5,0.00236526232153306,0.0069929986650775));
#3761=CARTESIAN_POINT('',(-0.0049648477222446,0.00204747683813978,0.0060710758790913));
#3762=CARTESIAN_POINT('',(3.00534739934017E-5,0.00241370359805396,0.00696538363795185));
#3763=CARTESIAN_POINT('',(-0.00496318147747723,0.00209075862664536,0.00604642499456465));
#3764=CARTESIAN_POINT('',(3.0502467353268E-5,0.00243997083416268,0.00695308335400403));
#3765=CARTESIAN_POINT('',(-0.0049627889171664,0.00211415075820532,0.00603550553124594));
#3766=CARTESIAN_POINT('',(2.94618528943917E-5,0.00259790243510035,0.00689682373911086));
#3767=CARTESIAN_POINT('',(-0.00496372620816836,0.00225402315276096,0.00598575324046634));
#3768=CARTESIAN_POINT('',(2.94618528947786E-5,0.00272648704242876,0.00684700979684802));
#3769=CARTESIAN_POINT('',(-0.00496372620816838,0.00236683267253326,0.00594205059968061));
#3770=CARTESIAN_POINT('',(3.05024673535163E-5,0.00288110176129939,0.00678218832238762));
#3771=CARTESIAN_POINT('',(-0.00496278891716641,0.00250371752094254,0.00588458656334036));
#3772=CARTESIAN_POINT('',(3.00534739755721E-5,0.00290880016837858,0.0067735822048723));
#3773=CARTESIAN_POINT('',(-0.00496318147748465,0.00252836094225989,0.00587689695436948));
#3774=CARTESIAN_POINT('',(2.81831862719612E-5,0.00296320295608936,0.0067613552623021));
#3775=CARTESIAN_POINT('',(-0.00496484772830809,0.00257695387521381,0.00586595541083666));
#3776=CARTESIAN_POINT('',(2.67611667104238E-5,0.00298992047719856,0.00675773277787554));
#3777=CARTESIAN_POINT('',(-0.00496612191317142,0.00260091374714235,0.00586270180161101));
#3778=CARTESIAN_POINT('',(2.30726376196042E-5,0.00304271131499377,0.00675473287325978));
#3779=CARTESIAN_POINT('',(-0.00496944506393989,0.00264834634052758,0.00586004899360727));
#3780=CARTESIAN_POINT('',(2.0805248452138E-5,0.00306879506704392,0.00675535557218229));
#3781=CARTESIAN_POINT('',(-0.00497149470840277,0.00267182754787698,0.00586064971780719));
#3782=CARTESIAN_POINT('',(1.54034399150664E-5,0.00312082273654174,0.00676075728397136));
#3783=CARTESIAN_POINT('',(-0.00497638214281351,0.00271863293894473,0.00586564091543538));
#3784=CARTESIAN_POINT('',(1.22680587031272E-5,0.00314677664115297,0.00676553697851234));
#3785=CARTESIAN_POINT('',(-0.00497922074089072,0.00274196530483138,0.00587003204254148));
#3786=CARTESIAN_POINT('',(4.98486233710643E-6,0.00319890619237728,0.00677980054831351));
#3787=CARTESIAN_POINT('',(-0.00498579695279516,0.00278868277332134,0.00588304733998237));
#3788=CARTESIAN_POINT('',(8.35665693383095E-7,0.00322509358818269,0.00678928640809332));
#3789=CARTESIAN_POINT('',(-0.00498953575027808,0.00281207729260284,0.00589167346245448));
#3790=CARTESIAN_POINT('',(-8.70997355131267E-6,0.0032775911992633,0.00681411158688928));
#3791=CARTESIAN_POINT('',(-0.00499809209502322,0.00285875023942597,0.00591407452280038));
#3792=CARTESIAN_POINT('',(-1.41089415105689E-5,0.00330391649457806,0.00682945701198318));
#3793=CARTESIAN_POINT('',(-0.00500291172354857,0.0028820403394051,0.0059278547857361));
#3794=CARTESIAN_POINT('',(-2.33444594339338E-5,0.00334277889692044,0.00685809723546491));
#3795=CARTESIAN_POINT('',(-0.00501110168089894,0.00291624292012411,0.00595335341913716));
#3796=CARTESIAN_POINT('',(-2.66125188583052E-5,0.00335562062593638,0.00686858434846447));
#3797=CARTESIAN_POINT('',(-0.00501399173954675,0.0029275151607471,0.00596266013678762));
#3798=CARTESIAN_POINT('',(-3.35558142769754E-5,0.0033808355564502,0.00689166653952635));
#3799=CARTESIAN_POINT('',(-0.00502011227625541,0.00294959665088647,0.00598306354714409));
#3800=CARTESIAN_POINT('',(-3.72312477590215E-5,0.00339320933520254,0.00690426232832414));
#3801=CARTESIAN_POINT('',(-0.00502334290681645,0.00296040632414228,0.0059941607972098));
#3802=CARTESIAN_POINT('',(-4.50081710902058E-5,0.00341714330047579,0.00693178487491568));
#3803=CARTESIAN_POINT('',(-0.00503015726088564,0.0029812777144529,0.00601831563019481));
#3804=CARTESIAN_POINT('',(-4.91099176335971E-5,0.00342870400668168,0.00694671264586858));
#3805=CARTESIAN_POINT('',(-0.00503374117927768,0.00299133980562626,0.00603137399022525));
#3806=CARTESIAN_POINT('',(-5.7742082960827E-5,0.00345054753063697,0.00697909140245235));
#3807=CARTESIAN_POINT('',(-0.00504126176121486,0.0030103388230767,0.00605959552906425));
#3808=CARTESIAN_POINT('',(-6.22728230917517E-5,0.00346083070465016,0.00699654377044117));
#3809=CARTESIAN_POINT('',(-0.00504519866536789,0.00301927599842884,0.00607475974975809));
#3810=CARTESIAN_POINT('',(-7.4845960833739E-5,0.00348565246245064,0.00704641450194431));
#3811=CARTESIAN_POINT('',(-0.00505609696701865,0.0030408823491967,0.00611795205849951));
#3812=CARTESIAN_POINT('',(-8.20595495580391E-5,0.00349990236573047,0.00707502339397517));
#3813=CARTESIAN_POINT('',(-0.00506227916874944,0.00305314734588847,0.00614245015167537));
#3814=CARTESIAN_POINT('',(-9.44100805968121E-5,0.00352432901559455,0.00712399398183778));
#3815=CARTESIAN_POINT('',(-0.00507267975203298,0.00307380901034671,0.00618365360089806));
#3816=CARTESIAN_POINT('',(-9.95471192271695E-5,0.00353450595125135,0.00714435606011753));
#3817=CARTESIAN_POINT('',(-0.00507689817997973,0.00308220576954379,0.00620035914102636));
#3818=CARTESIAN_POINT('',(-0.000104062005903183,0.00354348654027351,0.00716223804546872));
#3819=CARTESIAN_POINT('',(-0.00508040485057694,0.00308922132809717,0.00621423225499909));
#3820=CARTESIAN_POINT('',(-0.000104869297012953,0.00354509491116803,0.00716543446006389));
#3821=CARTESIAN_POINT('',(-0.00508101756193185,0.00309044981989379,0.00621665522893408));
#3822=CARTESIAN_POINT('',(-0.000106275826619563,0.00354790340656373,0.00717100109460411));
#3823=CARTESIAN_POINT('',(-0.00508205104539954,0.00309252859279604,0.00622073958274099));
#3824=CARTESIAN_POINT('',(-0.00010687471205947,0.00354910279991296,0.00717336992739624));
#3825=CARTESIAN_POINT('',(-0.00508246764307797,0.00309337022897811,0.00622238456135714));
#3826=CARTESIAN_POINT('',(-0.000107848925892948,0.00355106308558878,0.00717721976359466));
#3827=CARTESIAN_POINT('',(-0.00508311455590706,0.00309468851230158,0.00622493456579471));
#3828=CARTESIAN_POINT('',(-0.000108215252367947,0.00355180542882606,0.00717866536257638));
#3829=CARTESIAN_POINT('',(-0.0050833522746473,0.00309518049920711,0.0062258686772365));
#3830=CARTESIAN_POINT('',(-0.000108801253535181,0.00355301199430913,0.00718097045807839));
#3831=CARTESIAN_POINT('',(-0.00508376676474086,0.00309606053397286,0.00622748880863876));
#3832=CARTESIAN_POINT('',(-0.000109024971444558,0.00355348455088477,0.00718184585535689));
#3833=CARTESIAN_POINT('',(-0.0050839438615579,0.00309644925272111,0.00622817610854801));
#3834=CARTESIAN_POINT('',(-0.00010946432440583,0.00355443908013736,0.00718355476002997));
#3835=CARTESIAN_POINT('',(-0.00508435704021937,0.00309737261173597,0.00622977325132604));
#3836=CARTESIAN_POINT('',(-0.000109680799397816,0.00355492279401865,0.00718439156684985));
#3837=CARTESIAN_POINT('',(-0.00508460305841728,0.00309792785002434,0.00623072212590933));
#3838=CARTESIAN_POINT('',(-0.000110237752786587,0.00355617380150918,0.00718654201295417));
#3839=CARTESIAN_POINT('',(-0.00508520608889368,0.00309929333964604,0.00623304622389092));
#3840=CARTESIAN_POINT('',(-0.000110579674487099,0.00355694406864476,0.00718786132892759));
#3841=CARTESIAN_POINT('',(-0.00508555763298865,0.00310009225398631,0.00623439996788833));
#3842=CARTESIAN_POINT('',(-0.000111761269475219,0.00355962037825422,0.00719241494928088));
#3843=CARTESIAN_POINT('',(-0.00508673034083812,0.00310277328680013,0.00623890971113564));
#3844=CARTESIAN_POINT('',(-0.000112757393080092,0.00356189318952778,0.00719624737315216));
#3845=CARTESIAN_POINT('',(-0.00508767019420892,0.0031049409511487,0.00624251664026765));
#3846=CARTESIAN_POINT('',(-0.000114411344161247,0.00356572999467273,0.0072025862526762));
#3847=CARTESIAN_POINT('',(-0.00508917764096506,0.00310848279276603,0.00624827663982379));
#3848=CARTESIAN_POINT('',(-0.000114989089347289,0.00356707978800045,0.00720479680025612));
#3849=CARTESIAN_POINT('',(-0.00508969611821838,0.00310971121917722,0.00625025379344325));
#3850=CARTESIAN_POINT('',(-0.000116169769183976,0.00356986573053535,0.00720930361877223));
#3851=CARTESIAN_POINT('',(-0.00509074074505939,0.00311221479256497,0.00625422630081579));
#3852=CARTESIAN_POINT('',(-0.000116771216199138,0.0035712988538389,0.00721159402356561));
#3853=CARTESIAN_POINT('',(-0.00509126780153087,0.00311349179462699,0.00625622522660414));
#3854=CARTESIAN_POINT('',(-0.000118586051861301,0.00357567365632817,0.00721848566792584));
#3855=CARTESIAN_POINT('',(-0.00509286500057677,0.00311740331863996,0.00626226665148476));
#3856=CARTESIAN_POINT('',(-0.000119818199028196,0.00357870758428641,0.00722313992148512));
#3857=CARTESIAN_POINT('',(-0.00509395178363349,0.00312011960291782,0.00626635620606231));
#3858=CARTESIAN_POINT('',(-0.000122352466329841,0.0035850695453984,0.00723266555165861));
#3859=CARTESIAN_POINT('',(-0.00509619208950276,0.00312582211613711,0.00627474650095893));
#3860=CARTESIAN_POINT('',(-0.000123654587455538,0.00358839758097626,0.00723753693202214));
#3861=CARTESIAN_POINT('',(-0.00509734561331945,0.0031288083474507,0.00627904724510992));
#3862=CARTESIAN_POINT('',(-0.000126356606633349,0.0035954117661105,0.00724760356631155));
#3863=CARTESIAN_POINT('',(-0.00509974409846722,0.00313510735726527,0.00628795484263386));
#3864=CARTESIAN_POINT('',(-0.000127758589993315,0.00359910220879575,0.00725280702319546));
#3865=CARTESIAN_POINT('',(-0.00510099164368891,0.00313842547610371,0.00629257185219667));
#3866=CARTESIAN_POINT('',(-0.000132138406283705,0.00361077662614028,0.0072690063613404));
#3867=CARTESIAN_POINT('',(-0.00510487470670074,0.00314888455401028,0.00630689174848468));
#3868=CARTESIAN_POINT('',(-0.000135279608227538,0.00361934217492524,0.00728054988018796));
#3869=CARTESIAN_POINT('',(-0.00510764715502792,0.00315652308660409,0.00631704972760582));
#3870=CARTESIAN_POINT('',(-0.000141897080843309,0.00363786815012022,0.00730468183529788));
#3871=CARTESIAN_POINT('',(-0.00511346265578459,0.00317297344909044,0.00633819144529961));
#3872=CARTESIAN_POINT('',(-0.000145364236489169,0.00364781012927205,0.0073172342925455));
#3873=CARTESIAN_POINT('',(-0.00511649816499359,0.00318176995091975,0.00634914543308938));
#3874=CARTESIAN_POINT('',(-0.000156172166070756,0.00367959957106154,0.007356054077426));
#3875=CARTESIAN_POINT('',(-0.00512595542877925,0.0032098606592175,0.00638300776948742));
#3876=CARTESIAN_POINT('',(-0.000163947188136697,0.00370346963815434,0.00738359238293219));
#3877=CARTESIAN_POINT('',(-0.0051327430170049,0.00323088923434724,0.00640697507269484));
#3878=CARTESIAN_POINT('',(-0.000180501652975693,0.00375658788911595,0.00744133767176886));
#3879=CARTESIAN_POINT('',(-0.00514715491241759,0.00327752626458998,0.0064570941556465));
#3880=CARTESIAN_POINT('',(-0.000189267579453381,0.00378580852785831,0.00747149137708644));
#3881=CARTESIAN_POINT('',(-0.00515476746679172,0.00330311075227823,0.00648319961485561));
#3882=CARTESIAN_POINT('',(-0.000207586877335691,0.00384940142040085,0.00753352864484608));
#3883=CARTESIAN_POINT('',(-0.00517065038276888,0.00335866550645061,0.00653682372782746));
#3884=CARTESIAN_POINT('',(-0.000217144446552966,0.00388378236353067,0.00756542870194966));
#3885=CARTESIAN_POINT('',(-0.00517892334411191,0.00338864126486498,0.00656435255404019));
#3886=CARTESIAN_POINT('',(-0.000236894314651167,0.00395751344645862,0.00763030680755657));
#3887=CARTESIAN_POINT('',(-0.00519599674190406,0.00345281280197673,0.00662027098158862));
#3888=CARTESIAN_POINT('',(-0.000247085680652633,0.00399686195627475,0.00766328107382687));
#3889=CARTESIAN_POINT('',(-0.00520479604126071,0.00348700654038626,0.00664865599346064));
#3890=CARTESIAN_POINT('',(-0.000267942578011,0.00408023858571096,0.0077296601134909));
#3891=CARTESIAN_POINT('',(-0.00522278794125118,0.00355936602409398,0.00670574806251313));
#3892=CARTESIAN_POINT('',(-0.000278608483959515,0.00412426696753073,0.00776306655759672));
#3893=CARTESIAN_POINT('',(-0.00523198055432984,0.00359753139593082,0.00673445532325306));
#3894=CARTESIAN_POINT('',(-0.000300261992788372,0.0042166391792398,0.00782972966281562));
#3895=CARTESIAN_POINT('',(-0.00525063182524261,0.00367752692359599,0.00679170882566101));
#3896=CARTESIAN_POINT('',(-0.000311249835378143,0.00426498492226472,0.00786298671690266));
#3897=CARTESIAN_POINT('',(-0.00526009050530415,0.00371935846368654,0.0068202546362266));
#3898=CARTESIAN_POINT('',(-0.000344474323852265,0.00441582561973928,0.00796174427539361));
#3899=CARTESIAN_POINT('',(-0.00528868152302149,0.00384978958804729,0.00690499676976374));
#3900=CARTESIAN_POINT('',(-0.000366972855278294,0.00452411268658468,0.0080262399510066));
#3901=CARTESIAN_POINT('',(-0.00530802939434345,0.00394331447801602,0.0069603047640649));
#3902=CARTESIAN_POINT('',(-0.000400414340008687,0.00469500315013375,0.00811825685355039));
#3903=CARTESIAN_POINT('',(-0.00533679403091585,0.00409087685860796,0.0070392316488077));
#3904=CARTESIAN_POINT('',(-0.000411511512223086,0.00475336795064842,0.00814814977051563));
#3905=CARTESIAN_POINT('',(-0.00534634048181834,0.00414126765240502,0.00706487685312825));
#3906=CARTESIAN_POINT('',(-0.000425114800442051,0.00482680422210514,0.00818406104458132));
#3907=CARTESIAN_POINT('',(-0.00535804675583348,0.00420468027480284,0.007095696049946));
#3908=CARTESIAN_POINT('',(-0.000427718992993375,0.00484094560214663,0.00819090374605346));
#3909=CARTESIAN_POINT('',(-0.00536028796219258,0.00421689197323691,0.00710156893350404));
#3910=CARTESIAN_POINT('',(-0.000430316533027226,0.00485513827783079,0.00819769510072545));
#3911=CARTESIAN_POINT('',(-0.0053625236400135,0.00422914871140938,0.00710739821164571));
#3912=CARTESIAN_POINT('',(-0.000430316654731491,0.00921342550915897,0.00242639129619296));
#3913=CARTESIAN_POINT('',(-0.00536252374319273,0.00799343975159458,0.00212267230353187));
#3914=CARTESIAN_POINT('',(-0.000427719050081052,0.00920300914117685,0.00241459866294017));
#3915=CARTESIAN_POINT('',(-0.00536028800966561,0.0079844785637289,0.00211247845968193));
#3916=CARTESIAN_POINT('',(-0.00042511479248247,0.0091925574220757,0.00240286942168471));
#3917=CARTESIAN_POINT('',(-0.00535804674723714,0.00797548775892895,0.00210233987184679));
#3918=CARTESIAN_POINT('',(-0.000411511424345876,0.0091379199263486,0.00234206377112217));
#3919=CARTESIAN_POINT('',(-0.00534634040399607,0.00792849109861762,0.00204978175625439));
#3920=CARTESIAN_POINT('',(-0.000400414236129775,0.00909319580106356,0.00229410753476061));
#3921=CARTESIAN_POINT('',(-0.00533679393891777,0.00789003473029046,0.00200833268876143));
#3922=CARTESIAN_POINT('',(-0.000366972701055399,0.00895792498217828,0.00215492215412876));
#3923=CARTESIAN_POINT('',(-0.00530802925773428,0.00777373828282887,0.00188800262148125));
#3924=CARTESIAN_POINT('',(-0.000344474133091007,0.00886625707288867,0.00206841885033707));
#3925=CARTESIAN_POINT('',(-0.00528868135400865,0.00769494719977869,0.00181318364074597));
#3926=CARTESIAN_POINT('',(-0.000311249595009359,0.00872998979479326,0.00195036257805782));
#3927=CARTESIAN_POINT('',(-0.00526009029223459,0.00757774568519079,0.00171092232706649));
#3928=CARTESIAN_POINT('',(-0.000300261736739278,0.00868477179996092,0.00191296359869852));
#3929=CARTESIAN_POINT('',(-0.00525063159823249,0.00753884178889872,0.00167849958485447));
#3930=CARTESIAN_POINT('',(-0.000278608199959735,0.00859537454003137,0.00184236082240097));
#3931=CARTESIAN_POINT('',(-0.00523198030243359,0.00746188197988082,0.00161722596389517));
#3932=CARTESIAN_POINT('',(-0.000267942281702467,0.00855119437323816,0.00180915529289285));
#3933=CARTESIAN_POINT('',(-0.00522278767837399,0.00742382610282338,0.00158837363573946));
#3934=CARTESIAN_POINT('',(-0.000247085364671385,0.0084645321258959,0.00174712699856399));
#3935=CARTESIAN_POINT('',(-0.00520479576077245,0.00734911129623809,0.00153440041347415));
#3936=CARTESIAN_POINT('',(-0.000236893991238801,0.00842204836636614,0.00171830443871222));
#3937=CARTESIAN_POINT('',(-0.00519599645472681,0.00731245227286749,0.00150927993423101));
#3938=CARTESIAN_POINT('',(-0.000217144114632587,0.00833946943085191,0.0016651427671296));
#3939=CARTESIAN_POINT('',(-0.00517892304914961,0.00724110708305199,0.00146286094134886));
#3940=CARTESIAN_POINT('',(-0.000207586544264555,0.0082993783384597,0.00164080418804565));
#3941=CARTESIAN_POINT('',(-0.00517065008665368,0.00720642588897442,0.00144156313410198));
#3942=CARTESIAN_POINT('',(-0.000189267251315735,0.00822230629742377,0.0015966162909622));
#3943=CARTESIAN_POINT('',(-0.00515476717476434,0.00713964557401806,0.00140280414656773));
#3944=CARTESIAN_POINT('',(-0.000180501330718521,0.00818530710495658,0.0015767631291512));
#3945=CARTESIAN_POINT('',(-0.00514715462543705,0.0071075351652342,0.00138534046765972));
#3946=CARTESIAN_POINT('',(-0.000163946886289533,0.00811522978700203,0.00154147548335573));
#3947=CARTESIAN_POINT('',(-0.00513274274772208,0.00704656658697088,0.00135419960411539));
#3948=CARTESIAN_POINT('',(-0.000156171878667564,0.00808221044338227,0.00152605291269544));
#3949=CARTESIAN_POINT('',(-0.00512595517216988,0.0070177595288642,0.00134053279577884));
#3950=CARTESIAN_POINT('',(-0.000145363974908307,0.00803617309139483,0.00150610063869435));
#3951=CARTESIAN_POINT('',(-0.00511649793119587,0.00697750257195627,0.00132278137885917));
#3952=CARTESIAN_POINT('',(-0.000141896828155189,0.00802137910106805,0.00149997336053899));
#3953=CARTESIAN_POINT('',(-0.00511346242987419,0.00696455950112561,0.00131731840513471));
#3954=CARTESIAN_POINT('',(-0.000135279377591843,0.00799309858609444,0.00148875868671284));
#3955=CARTESIAN_POINT('',(-0.00510764694794194,0.00693972307790722,0.00130728178449576));
#3956=CARTESIAN_POINT('',(-0.000132138188637205,0.00797965171457676,0.00148367918781531));
#3957=CARTESIAN_POINT('',(-0.0051048745108188,0.00692786253646998,0.00130271473905129));
#3958=CARTESIAN_POINT('',(-0.000127758393832641,0.0079608760105652,0.00147688364085733));
#3959=CARTESIAN_POINT('',(-0.00510099146648772,0.00691122710930862,0.00129657379785902));
#3960=CARTESIAN_POINT('',(-0.000126356418063703,0.0079548612868706,0.00147475808803133));
#3961=CARTESIAN_POINT('',(-0.00509974392804295,0.00690587833348224,0.00129464586514983));
#3962=CARTESIAN_POINT('',(-0.000123654412263274,0.00794325947350814,0.00147076655988907));
#3963=CARTESIAN_POINT('',(-0.00509734545550144,0.00689558702521573,0.00129102502319629));
#3964=CARTESIAN_POINT('',(-0.000122352297215765,0.00793766332042307,0.00146889870044065));
#3965=CARTESIAN_POINT('',(-0.00509619193742566,0.00689063326245475,0.00128932975677073));
#3966=CARTESIAN_POINT('',(-0.000119818041060793,0.00792676033870224,0.00146538644186027));
#3967=CARTESIAN_POINT('',(-0.00509395164209526,0.00688100273929066,0.0012861410708436));
#3968=CARTESIAN_POINT('',(-0.000118585898962436,0.00792145350579714,0.00146374204142283));
#3969=CARTESIAN_POINT('',(-0.00509286486383652,0.00687632597455291,0.00128464765010908));
#3970=CARTESIAN_POINT('',(-0.000116771070327801,0.00791362775352897,0.00146142024953102));
#3971=CARTESIAN_POINT('',(-0.005091267671438,0.00686944476579045,0.00128253877644581));
#3972=CARTESIAN_POINT('',(-0.000116169625392534,0.00791103259936885,0.00146066863924604));
#3973=CARTESIAN_POINT('',(-0.00509074061707751,0.006867172688381,0.00128185756028126));
#3974=CARTESIAN_POINT('',(-0.000114988952561725,0.00790593544621032,0.00145922241084031));
#3975=CARTESIAN_POINT('',(-0.00508969599454647,0.0068626667116955,0.00128053669762832));
#3976=CARTESIAN_POINT('',(-0.000114411211965834,0.00790343991603564,0.00145852909747081));
#3977=CARTESIAN_POINT('',(-0.00508917752011134,0.00686042887176851,0.00127989624495524));
#3978=CARTESIAN_POINT('',(-0.000112757277532558,0.0078962930990943,0.00145657350099757));
#3979=CARTESIAN_POINT('',(-0.00508767008508953,0.00685391953572365,0.00127806592888854));
#3980=CARTESIAN_POINT('',(-0.000111761168808781,0.0078919850553749,0.00145543626449515));
#3981=CARTESIAN_POINT('',(-0.00508673024318697,0.00684985713864271,0.00127696811242977));
#3982=CARTESIAN_POINT('',(-0.000110579599532488,0.00788687297072593,0.00145410830944834));
#3983=CARTESIAN_POINT('',(-0.00508555755599779,0.00684478594162717,0.00127562360202688));
#3984=CARTESIAN_POINT('',(-0.00011023768717727,0.00788539326558697,0.00145372850553981));
#3985=CARTESIAN_POINT('',(-0.005085206019381,0.00684326527494504,0.00127522566439308));
#3986=CARTESIAN_POINT('',(-0.000109680752339765,0.00788298263715795,0.00145311377317884));
#3987=CARTESIAN_POINT('',(-0.00508460300458258,0.00684065628168953,0.00127454833952372));
#3988=CARTESIAN_POINT('',(-0.000109464281951611,0.00788204542013556,0.00145287753403186));
#3989=CARTESIAN_POINT('',(-0.00508435699557106,0.00683959172135691,0.00127427397929215));
#3990=CARTESIAN_POINT('',(-0.00010902492963274,0.00788014053491475,0.00145242711161406));
#3991=CARTESIAN_POINT('',(-0.00508394382613311,0.00683780289904254,0.00127382295978313));
#3992=CARTESIAN_POINT('',(-0.000108801207797402,0.00787916921689538,0.00145221215657145));
#3993=CARTESIAN_POINT('',(-0.00508376672977096,0.00683703546025599,0.00127363717071973));
#3994=CARTESIAN_POINT('',(-0.000108215192284313,0.00787662186196941,0.00145168246037776));
#3995=CARTESIAN_POINT('',(-0.00508335223404723,0.00683523631863903,0.00127323409854107));
#3996=CARTESIAN_POINT('',(-0.000107848854231169,0.00787502824547362,0.00145136405345372));
#3997=CARTESIAN_POINT('',(-0.00508311450912878,0.00683420320071895,0.00127301652033868));
#3998=CARTESIAN_POINT('',(-0.000106874619404421,0.0078707888251764,0.00145053214155342));
#3999=CARTESIAN_POINT('',(-0.00508246757977791,0.00683138970368094,0.00127244639075155));
#4000=CARTESIAN_POINT('',(-0.000106275724671499,0.0078681821509884,0.00145002678879702));
#4001=CARTESIAN_POINT('',(-0.00508205097190828,0.0068295771520039,0.00127208704498571));
#4002=CARTESIAN_POINT('',(-0.000104869179555263,0.00786205937030551,0.00144884887556908));
#4003=CARTESIAN_POINT('',(-0.00508101747289524,0.00682507976483954,0.00127120535199569));
#4004=CARTESIAN_POINT('',(-0.000104061882135393,0.00785854479769282,0.00144817663864011));
#4005=CARTESIAN_POINT('',(-0.00508040475508084,0.00682241306549281,0.00127068683025078));
#4006=CARTESIAN_POINT('',(-9.95469709377772E-5,0.00783888768390269,0.00144443249638277));
#4007=CARTESIAN_POINT('',(-0.00507689805858409,0.00680714953713304,0.00126773562355832));
#4008=CARTESIAN_POINT('',(-9.44099352364998E-5,0.00781651787693267,0.00144021640882197));
#4009=CARTESIAN_POINT('',(-0.00507267963044329,0.00678878383713554,0.00126423109363393));
#4010=CARTESIAN_POINT('',(-8.20594492592624E-5,0.00776273223592138,0.00143012370541412));
#4011=CARTESIAN_POINT('',(-0.0050622790826482,0.00674349912468605,0.00125563406384886));
#4012=CARTESIAN_POINT('',(-7.48459026548468E-5,0.0077313159822345,0.00142424701236394));
#4013=CARTESIAN_POINT('',(-0.00505609691658954,0.00671657991011334,0.00125054152641574));
#4014=CARTESIAN_POINT('',(-6.22727879585975E-5,0.00767655633774349,0.00141402060144744));
#4015=CARTESIAN_POINT('',(-0.00504519863491466,0.00666912366840668,0.0012415801369758));
#4016=CARTESIAN_POINT('',(-5.77420175583402E-5,0.00765695594865394,0.00140890600246346));
#4017=CARTESIAN_POINT('',(-0.00504126170452008,0.00665209244534146,0.00123713397908868));
#4018=CARTESIAN_POINT('',(-4.91098014355839E-5,0.00761983525105223,0.00139675710136091));
#4019=CARTESIAN_POINT('',(-0.0050337410785008,0.00661974873088144,0.00122658333564481));
#4020=CARTESIAN_POINT('',(-4.50080343505322E-5,0.00760231351538806,0.00138972283487409));
#4021=CARTESIAN_POINT('',(-0.00503015714225596,0.00660443516915814,0.00122047889564319));
#4022=CARTESIAN_POINT('',(-3.72310787671657E-5,0.00756929165238937,0.00137423431185776));
#4023=CARTESIAN_POINT('',(-0.00502334276010432,0.00657549058973604,0.00120701443472508));
#4024=CARTESIAN_POINT('',(-3.355563356317E-5,0.00755379040830487,0.0013657798327284));
#4025=CARTESIAN_POINT('',(-0.00502011211930451,0.00656185872217025,0.00119965426662484));
#4026=CARTESIAN_POINT('',(-2.66123221351846E-5,0.00752468891166579,0.00134784409045721));
#4027=CARTESIAN_POINT('',(-0.00501399156855876,0.0065361912593911,0.00118399928087355));
#4028=CARTESIAN_POINT('',(-2.33442584156112E-5,0.00751108781750181,0.00133836246657642));
#4029=CARTESIAN_POINT('',(-0.00501110150610627,0.00652415501210643,0.00117570420817009));
#4030=CARTESIAN_POINT('',(-1.41087363670268E-5,0.00747290570972612,0.00130882123927971));
#4031=CARTESIAN_POINT('',(-0.00500291154496744,0.0064902697866537,0.00114978519916185));
#4032=CARTESIAN_POINT('',(-8.70977726954541E-6,0.00745094187256362,0.00128770030572367));
#4033=CARTESIAN_POINT('',(-0.00499809192403101,0.00647064197680666,0.0011311552757234));
#4034=CARTESIAN_POINT('',(8.35833391854579E-7,0.00741269785745786,0.00124400043551786));
#4035=CARTESIAN_POINT('',(-0.00498953560404209,0.00643632351848204,0.00109239433179292));
#4036=CARTESIAN_POINT('',(4.98501036482656E-6,0.00739640767951043,0.00122140866494954));
#4037=CARTESIAN_POINT('',(-0.0049857968236792,0.00642162455374164,0.00107225354126959));
#4038=CARTESIAN_POINT('',(1.22681664122243E-5,0.0073684228548521,0.00117517261510113));
#4039=CARTESIAN_POINT('',(-0.0049792206469369,0.00639632141441846,0.00103088135385991));
#4040=CARTESIAN_POINT('',(1.54035269858783E-5,0.0073567230840495,0.00115151757789379));
#4041=CARTESIAN_POINT('',(-0.00497638206688914,0.00638571278519462,0.00100964143370632));
#4042=CARTESIAN_POINT('',(2.08052996888011E-5,0.00733728967497439,0.00110295444522095));
#4043=CARTESIAN_POINT('',(-0.0049714946637771,0.00636810334550201,0.000965988857143836));
#4044=CARTESIAN_POINT('',(2.30726736709321E-5,0.0073295526479056,0.001078036930186));
#4045=CARTESIAN_POINT('',(-0.00496944503257228,0.0063610996671205,0.000943568509613383));
#4046=CARTESIAN_POINT('',(2.67611806292871E-5,0.00731799121547231,0.0010264405710072));
#4047=CARTESIAN_POINT('',(-0.0049661219010975,0.00635067073117151,0.000897220810017034));
#4048=CARTESIAN_POINT('',(2.81831932744257E-5,0.00731416383965268,0.00099975172225752));
#4049=CARTESIAN_POINT('',(-0.0049648477222446,0.00634724322531667,0.000873285274738303));
#4050=CARTESIAN_POINT('',(3.00534739934016E-5,0.00731103601602815,0.000944079792943924));
#4051=CARTESIAN_POINT('',(-0.00496318147747723,0.00634446901163252,0.000823553161746562));
#4052=CARTESIAN_POINT('',(3.05024673532679E-5,0.00731173356799873,0.000915083619071563));
#4053=CARTESIAN_POINT('',(-0.0049627889171664,0.00634512107916797,0.0007977461606419));
#4054=CARTESIAN_POINT('',(2.94618528943917E-5,0.00733176819808771,0.000748631979128117));
#4055=CARTESIAN_POINT('',(-0.00496372620816836,0.006362931145969,0.000650361023273539));
#4056=CARTESIAN_POINT('',(2.94618528947785E-5,0.00734449167702506,0.000611323774095436));
#4057=CARTESIAN_POINT('',(-0.00496372620816838,0.00637409367606158,0.000529898139011061));
#4058=CARTESIAN_POINT('',(3.05024673535163E-5,0.00735538358316485,0.000444024936014273));
#4059=CARTESIAN_POINT('',(-0.00496278891716641,0.00638366880741736,0.000381749922497775));
#4060=CARTESIAN_POINT('',(3.0053473975572E-5,0.00736002594511315,0.000415394262097071));
#4061=CARTESIAN_POINT('',(-0.00496318147748465,0.00638776986984047,0.000356262482701849));
#4062=CARTESIAN_POINT('',(2.81831862719611E-5,0.00737333024410267,0.000361244866313581));
#4063=CARTESIAN_POINT('',(-0.00496484772830809,0.00639963513575636,0.000307886807278241));
#4064=CARTESIAN_POINT('',(2.67611667104237E-5,0.00738199655295015,0.000335713641928502));
#4065=CARTESIAN_POINT('',(-0.00496612191317142,0.00640740245813119,0.000284988551035662));
#4066=CARTESIAN_POINT('',(2.3072637619604E-5,0.00740284204969946,0.000287120049263434));
#4067=CARTESIAN_POINT('',(-0.00496944506393989,0.00642617028797298,0.000241346176345663));
#4068=CARTESIAN_POINT('',(2.08052484521379E-5,0.00741502599566777,0.000264048392721202));
#4069=CARTESIAN_POINT('',(-0.00497149470840277,0.00643717450898054,0.000220594427306926));
#4070=CARTESIAN_POINT('',(1.54034399150663E-5,0.00744305213762867,0.000219882882983233));
#4071=CARTESIAN_POINT('',(-0.00497638214281351,0.00646250540393322,0.000180920727609703));
#4072=CARTESIAN_POINT('',(1.22680587031271E-5,0.00745889939549303,0.000198780393493747));
#4073=CARTESIAN_POINT('',(-0.00497922074089072,0.00647683631013297,0.000161991743943794));
#4074=CARTESIAN_POINT('',(4.98486233710632E-6,0.00749490376003281,0.000158473752993604));
#4075=CARTESIAN_POINT('',(-0.00498579695279516,0.00650931089421887,0.000125973398367794));
#4076=CARTESIAN_POINT('',(8.35665693382987E-7,0.00751506788024301,0.000139259969113792));
#4077=CARTESIAN_POINT('',(-0.00498953575027808,0.00652746051696135,0.000108876477135539));
#4078=CARTESIAN_POINT('',(-8.70997355131278E-6,0.00756069066784775,0.000103331569168962));
#4079=CARTESIAN_POINT('',(-0.00499809209502322,0.00656831704644662,7.70815802463353E-5));
#4080=CARTESIAN_POINT('',(-1.41089415105689E-5,0.00758616152293098,8.66061757191581E-5));
#4081=CARTESIAN_POINT('',(-0.00500291172354857,0.00659103392284246,6.23755294361653E-5));
#4082=CARTESIAN_POINT('',(-2.33444594339339E-5,0.00762912166296965,6.45840258522115E-5));
#4083=CARTESIAN_POINT('',(-0.00501110168089894,0.00662910476553582,4.31243536336388E-5));
#4084=CARTESIAN_POINT('',(-2.66125188583052E-5,0.00764423339273605,5.77630899448788E-5));
#4085=CARTESIAN_POINT('',(-0.00501399173954675,0.00664246026754074,3.71822186398069E-5));
#4086=CARTESIAN_POINT('',(-3.35558142769755E-5,0.00767613498452693,4.54802276464766E-5));
#4087=CARTESIAN_POINT('',(-0.00502011227625541,0.00667056721861812,2.65102618331527E-5));
#4088=CARTESIAN_POINT('',(-3.72312477590216E-5,0.00769292574008019,4.00181013204681E-5));
#4089=CARTESIAN_POINT('',(-0.00502334290681645,0.00668531935549545,2.17803091409414E-5));
#4090=CARTESIAN_POINT('',(-4.50081710902058E-5,0.00772823119980165,3.08611488557813E-5));
#4091=CARTESIAN_POINT('',(-0.00503015726088564,0.00671624505449227,1.38637422341224E-5));
#4092=CARTESIAN_POINT('',(-4.91099176335972E-5,0.00774674704255627,2.71663091180859E-5));
#4093=CARTESIAN_POINT('',(-0.00503374117927768,0.0067324194790121,1.06771395105699E-5));
#4094=CARTESIAN_POINT('',(-5.7742082960827E-5,0.00778546781332198,2.20452420412184E-5));
#4095=CARTESIAN_POINT('',(-0.00504126176121486,0.00676615095540606,6.24933883670016E-6));
#4096=CARTESIAN_POINT('',(-6.22728230917518E-5,0.00780567413756959,2.06193119577333E-5));
#4097=CARTESIAN_POINT('',(-0.00504519866536789,0.00678370905095995,5.00838233176584E-6));
#4098=CARTESIAN_POINT('',(-7.48459608337392E-5,0.0078613805952337,2.06290834094256E-5));
#4099=CARTESIAN_POINT('',(-0.00505609696701865,0.00683200399947973,4.91963894482951E-6));
#4100=CARTESIAN_POINT('',(-8.20595495580392E-5,0.00789334195364399,2.06251735823771E-5));
#4101=CARTESIAN_POINT('',(-0.00506227916874944,0.00685940077265795,4.86020390963508E-6));
#4102=CARTESIAN_POINT('',(-9.44100805968121E-5,0.00794806652100222,2.0587402608564E-5));
#4103=CARTESIAN_POINT('',(-0.00507267975203298,0.00690549428422254,4.73059805716812E-6));
#4104=CARTESIAN_POINT('',(-9.95471192271695E-5,0.00797083015658046,2.05535426827249E-5));
#4105=CARTESIAN_POINT('',(-0.00507689817997973,0.00692419122814602,4.66042744674188E-6));
#4106=CARTESIAN_POINT('',(-0.000104062005903183,0.00799084044642803,2.04851358037979E-5));
#4107=CARTESIAN_POINT('',(-0.00508040485057694,0.00693973703404562,4.56413597311291E-6));
#4108=CARTESIAN_POINT('',(-0.000104869297012953,0.00799441867203559,2.04701458061719E-5));
#4109=CARTESIAN_POINT('',(-0.00508101756193185,0.00694245357728165,4.54444763091468E-6));
#4110=CARTESIAN_POINT('',(-0.000106275826619563,0.00800065357305227,2.0437346351174E-5));
#4111=CARTESIAN_POINT('',(-0.00508205104539954,0.00694703632969397,4.50415958805676E-6));
#4112=CARTESIAN_POINT('',(-0.00010687471205947,0.00800330868083055,2.04195730869185E-5));
#4113=CARTESIAN_POINT('',(-0.00508246764307797,0.00694888400369418,4.48398783684081E-6));
#4114=CARTESIAN_POINT('',(-0.000107848925892948,0.0080076286873871,2.0380816966449E-5));
#4115=CARTESIAN_POINT('',(-0.00508311455590706,0.00695175428350054,4.44054378329243E-6));
#4116=CARTESIAN_POINT('',(-0.000108215252367947,0.00800925362538357,2.03606574640708E-5));
#4117=CARTESIAN_POINT('',(-0.0050833522746473,0.0069528097632076,4.41650446380653E-6));
#4118=CARTESIAN_POINT('',(-0.000108801253535181,0.00801185487477459,2.03080538139864E-5));
#4119=CARTESIAN_POINT('',(-0.00508376676474086,0.00695465231061558,4.35088435377486E-6));
#4120=CARTESIAN_POINT('',(-0.000109024971444558,0.0080128491348747,2.02752366579584E-5));
#4121=CARTESIAN_POINT('',(-0.0050839438615579,0.00695544082312019,4.30927353116361E-6));
#4122=CARTESIAN_POINT('',(-0.00010946432440583,0.00801480435390606,2.0182501469668E-5));
#4123=CARTESIAN_POINT('',(-0.00508435704021937,0.00695728210323522,4.19462423213009E-6));
#4124=CARTESIAN_POINT('',(-0.000109680799397816,0.00801576904248328,2.01224954556114E-5));
#4125=CARTESIAN_POINT('',(-0.00508460305841728,0.006958378991932,4.12054509502377E-6));
#4126=CARTESIAN_POINT('',(-0.000110237752786587,0.0080182516649178,1.99611757836112E-5));
#4127=CARTESIAN_POINT('',(-0.00508520608889368,0.00696106809022944,3.93414852393482E-6));
#4128=CARTESIAN_POINT('',(-0.0001105796744871,0.00801977600575342,1.98597306520393E-5));
#4129=CARTESIAN_POINT('',(-0.00508555763298865,0.00696263601892625,3.8224053571384E-6));
#4130=CARTESIAN_POINT('',(-0.000111761269475219,0.00802504517338132,1.94937197824538E-5));
#4131=CARTESIAN_POINT('',(-0.00508673034083812,0.0069678680146929,3.43260873931666E-6));
#4132=CARTESIAN_POINT('',(-0.000112757393080092,0.00802948889770787,1.9167440877215E-5));
#4133=CARTESIAN_POINT('',(-0.00508767019420892,0.00697206301638899,3.09994184719288E-6));
#4134=CARTESIAN_POINT('',(-0.000114411344161247,0.00803687344118285,1.85583554918831E-5));
#4135=CARTESIAN_POINT('',(-0.00508917764096506,0.0069787978912088,2.49686797899798E-6));
#4136=CARTESIAN_POINT('',(-0.000114989089347289,0.00803945389688873,1.83353958976274E-5));
#4137=CARTESIAN_POINT('',(-0.00508969611821838,0.00698111532331903,2.2785189530188E-6));
#4138=CARTESIAN_POINT('',(-0.000116169769183976,0.00804473003682995,1.78503842837238E-5));
#4139=CARTESIAN_POINT('',(-0.00509074074505939,0.00698578730477899,1.80811086364595E-6));
#4140=CARTESIAN_POINT('',(-0.000116771216199138,0.00804741912114828,1.75884261770556E-5));
#4141=CARTESIAN_POINT('',(-0.00509126780153087,0.0069881458785663,1.5559833889613E-6));
#4142=CARTESIAN_POINT('',(-0.000118586051861301,0.00805553828546504,1.67441338074592E-5));
#4143=CARTESIAN_POINT('',(-0.00509286500057677,0.00699529745662905,7.47425472122946E-7));
#4144=CARTESIAN_POINT('',(-0.000119818199028196,0.00806105694045962,1.61028521995125E-5));
#4145=CARTESIAN_POINT('',(-0.00509395178363349,0.00700016902785269,1.3877883095727E-7));
#4146=CARTESIAN_POINT('',(-0.000122352466329842,0.00807241970500352,1.4653796882292E-5));
#4147=CARTESIAN_POINT('',(-0.00509619208950276,0.00701022154071395,-1.22602541971322E-6));
#4148=CARTESIAN_POINT('',(-0.000123654587455538,0.00807826381898962,1.38460226742645E-5));
#4149=CARTESIAN_POINT('',(-0.00509734561331945,0.00701540248683912,-1.98218344466321E-6));
#4150=CARTESIAN_POINT('',(-0.000126356606633349,0.00809040159182185,1.20542666396929E-5));
#4151=CARTESIAN_POINT('',(-0.00509974409846722,0.00702618395143448,-3.6503679283134E-6));
#4152=CARTESIAN_POINT('',(-0.000127758589993315,0.00809670450726708,1.10700981348005E-5));
#4153=CARTESIAN_POINT('',(-0.00510099164368891,0.00703179594174626,-4.56264785770871E-6));
#4154=CARTESIAN_POINT('',(-0.000132138406283706,0.00811640929571048,7.84025462941279E-6));
#4155=CARTESIAN_POINT('',(-0.00510487470670074,0.0070492765994283,-7.54230343477425E-6));
#4156=CARTESIAN_POINT('',(-0.000135279608227538,0.00813056062366762,5.3180788977923E-6));
#4157=CARTESIAN_POINT('',(-0.00510764715502792,0.00706177443641081,-9.85223650110593E-6));
#4158=CARTESIAN_POINT('',(-0.000141897080843309,0.0081604204017532,-5.09156040945778E-7));
#4159=CARTESIAN_POINT('',(-0.00511346265578459,0.00708803228353308,-1.5154322645247E-5));
#4160=CARTESIAN_POINT('',(-0.000145364236489169,0.0081760884221379,-3.81373916656193E-6));
#4161=CARTESIAN_POINT('',(-0.00511649816499359,0.00710175882955842,-1.81460156685832E-5));
#4162=CARTESIAN_POINT('',(-0.000156172166070756,0.00822500824205552,-1.49670134249523E-5));
#4163=CARTESIAN_POINT('',(-0.00512595542877925,0.00714459225619069,-2.81980444160726E-5));
#4164=CARTESIAN_POINT('',(-0.000163947188136697,0.008260299326709,-2.4059742231412E-5));
#4165=CARTESIAN_POINT('',(-0.0051327430170049,0.00717542014871741,-3.63389066176392E-5));
#4166=CARTESIAN_POINT('',(-0.000180501652975693,0.00833566763136964,-4.58699604933335E-5));
#4167=CARTESIAN_POINT('',(-0.00514715491241759,0.00724107282515081,-5.57466664808589E-5));
#4168=CARTESIAN_POINT('',(-0.000189267579453381,0.00837568488093602,-5.85865406166077E-5));
#4169=CARTESIAN_POINT('',(-0.00515476746679172,0.00727584546141432,-6.70127562228429E-5));
#4170=CARTESIAN_POINT('',(-0.000207586877335691,0.00845956415709141,-8.78601738837272E-5));
#4171=CARTESIAN_POINT('',(-0.00517065038276888,0.00734861068365857,-9.28410088721745E-5));
#4172=CARTESIAN_POINT('',(-0.000217144446552966,0.0085034448222634,-0.000104417653093182));
#4173=CARTESIAN_POINT('',(-0.00517892334411191,0.00738661482360707,-0.000107403553702724));
#4174=CARTESIAN_POINT('',(-0.000236894314651167,0.00859438609248929,-0.00014150035184302));
#4175=CARTESIAN_POINT('',(-0.00519599674190406,0.00746527466269856,-0.000139922570121948));
#4176=CARTESIAN_POINT('',(-0.000247085680652633,0.00864144258528152,-0.000162025798169678));
#4177=CARTESIAN_POINT('',(-0.00520479604126071,0.0075059253440876,-0.000157879261019818));
#4178=CARTESIAN_POINT('',(-0.000267942578011,0.00873802682661926,-0.000207073812200011));
#4179=CARTESIAN_POINT('',(-0.00522278794125118,0.0075892854658236,-0.000197204689629043));
#4180=CARTESIAN_POINT('',(-0.000278608483959516,0.00878755618759733,-0.000231595869914771));
#4181=CARTESIAN_POINT('',(-0.00523198055432984,0.00763199492192351,-0.000218573002297223));
#4182=CARTESIAN_POINT('',(-0.000300261992788372,0.00888840439004367,-0.000284569780066781));
#4183=CARTESIAN_POINT('',(-0.00525063182524261,0.00771890323055157,-0.000264661980109895));
#4184=CARTESIAN_POINT('',(-0.000311249835378143,0.00893972443604573,-0.000313023169909245));
#4185=CARTESIAN_POINT('',(-0.00526009050530415,0.00776310231419141,-0.000289384076553992));
#4186=CARTESIAN_POINT('',(-0.000344474323852265,0.00909536406162717,-0.000404030193388601));
#4187=CARTESIAN_POINT('',(-0.00528868152302149,0.00789709851627962,-0.000368368411864061));
#4188=CARTESIAN_POINT('',(-0.000366972855278294,0.00920136592201459,-0.00047221660415469));
#4189=CARTESIAN_POINT('',(-0.00530802939434345,0.00798829583317534,-0.000427435565750995));
#4190=CARTESIAN_POINT('',(-0.000400414340008687,0.00935990850959625,-0.000584176011122943));
#4191=CARTESIAN_POINT('',(-0.00533679403091585,0.00812472249599763,-0.00052434725221004));
#4192=CARTESIAN_POINT('',(-0.000411511512223086,0.00941268298175169,-0.000623097618393487));
#4193=CARTESIAN_POINT('',(-0.00534634048181834,0.00817014025107806,-0.000558024189832017));
#4194=CARTESIAN_POINT('',(-0.000425114800442051,0.00947756279893456,-0.000672828040599649));
#4195=CARTESIAN_POINT('',(-0.00535804675583348,0.00822599390278143,-0.000601051543495203));
#4196=CARTESIAN_POINT('',(-0.000427718992993375,0.00948999148959423,-0.000682436830398628));
#4197=CARTESIAN_POINT('',(-0.00536028796219258,0.00823669431493823,-0.000609365238197653));
#4198=CARTESIAN_POINT('',(-0.000430316533027226,0.00950239708091869,-0.000692114425412206));
#4199=CARTESIAN_POINT('',(-0.0053625236400135,0.00824737576906594,-0.000617738687427167));
#4200=CARTESIAN_POINT('',(-0.000430316654731491,0.00771474979031768,0.00559081568358816));
#4201=CARTESIAN_POINT('',(-0.00536252374319273,0.00668686290608162,0.00486689646960189));
#4202=CARTESIAN_POINT('',(-0.000427719050081052,0.00770929680692807,0.00557605655444292));
#4203=CARTESIAN_POINT('',(-0.00536028800966561,0.00668218928839161,0.00485415383886532));
#4204=CARTESIAN_POINT('',(-0.00042511479248247,0.00770378795977094,0.00556134376627759));
#4205=CARTESIAN_POINT('',(-0.00535804674723714,0.00667746809295801,0.00484145203395737));
#4206=CARTESIAN_POINT('',(-0.000411511424345876,0.00767480554684403,0.00548490684574441));
#4207=CARTESIAN_POINT('',(-0.00534634040399607,0.00665263119359119,0.00477546589886155));
#4208=CARTESIAN_POINT('',(-0.000400414236129775,0.00765042533275864,0.00542403276957377));
#4209=CARTESIAN_POINT('',(-0.00533679393891777,0.00663174482828544,0.00472292375191963));
#4210=CARTESIAN_POINT('',(-0.0003669727010554,0.00757456860950768,0.00524538081139488));
#4211=CARTESIAN_POINT('',(-0.00530802925773428,0.00656676985464584,0.00456870818336585));
#4212=CARTESIAN_POINT('',(-0.000344474133091007,0.00752033942735996,0.00513160461456973));
#4213=CARTESIAN_POINT('',(-0.00528868135400865,0.00652032709104009,0.00447047893947611));
#4214=CARTESIAN_POINT('',(-0.00031124959500936,0.00743592081926147,0.00497229500057636));
#4215=CARTESIAN_POINT('',(-0.00526009029223459,0.00644798098078279,0.0043327850339182));
#4216=CARTESIAN_POINT('',(-0.000300261736739278,0.00740726636442841,0.00492108686712086));
#4217=CARTESIAN_POINT('',(-0.00525063159823249,0.00642341662329384,0.00428849801888664));
#4218=CARTESIAN_POINT('',(-0.000278608199959735,0.00734941056670643,0.00482295772377503));
#4219=CARTESIAN_POINT('',(-0.00523198030243359,0.00637378832353305,0.00420356097930797));
#4220=CARTESIAN_POINT('',(-0.000267942281702467,0.00732020900888745,0.00477603477258124));
#4221=CARTESIAN_POINT('',(-0.00522278767837399,0.00634872493810771,0.00416290961611267));
#4222=CARTESIAN_POINT('',(-0.000247085364671385,0.00726180607429713,0.00468688909605682));
#4223=CARTESIAN_POINT('',(-0.00520479576077245,0.00629855283258222,0.00408559098399907));
#4224=CARTESIAN_POINT('',(-0.000236893991238801,0.00723260305787957,0.00464466595533627));
#4225=CARTESIAN_POINT('',(-0.00519599645472681,0.00627344387510925,0.00404892406803233));
#4226=CARTESIAN_POINT('',(-0.000217144114632587,0.00717480470459859,0.00456526322065964));
#4227=CARTESIAN_POINT('',(-0.00517892304914961,0.0062236849412362,0.00397986679100942));
#4228=CARTESIAN_POINT('',(-0.000207586544264555,0.00714621298315728,0.00452808559854567));
#4229=CARTESIAN_POINT('',(-0.00517065008665368,0.00619903934625227,0.00394747888487055));
#4230=CARTESIAN_POINT('',(-0.000189267251315735,0.00709030795479548,0.00445903997911932));
#4231=CARTESIAN_POINT('',(-0.00515476717476434,0.00615076991832119,0.0038872133731117));
#4232=CARTESIAN_POINT('',(-0.000180501330718521,0.00706297902456114,0.00442716180713025));
#4233=CARTESIAN_POINT('',(-0.00514715462543705,0.00612713646232191,0.00385932935993571));
#4234=CARTESIAN_POINT('',(-0.000163946886289533,0.00701038123962036,0.0043689422102851));
#4235=CARTESIAN_POINT('',(-0.00513274274772208,0.00608153433365836,0.00380826697868405));
#4236=CARTESIAN_POINT('',(-0.000156171878667564,0.00698516289378398,0.00434263312873274));
#4237=CARTESIAN_POINT('',(-0.00512595517216988,0.00605960957257799,0.00378511674977721));
#4238=CARTESIAN_POINT('',(-0.000145363974908308,0.00694944193424475,0.00430739757757447));
#4239=CARTESIAN_POINT('',(-0.00511649793119587,0.00602848362964627,0.003754021556278));
#4240=CARTESIAN_POINT('',(-0.000141896828155189,0.00693786037727299,0.00429633985513756));
#4241=CARTESIAN_POINT('',(-0.00511346242987419,0.00601838802926402,0.00374425190851753));
#4242=CARTESIAN_POINT('',(-0.000135279377591843,0.00691554078988556,0.00427566638288315));
#4243=CARTESIAN_POINT('',(-0.00510764694794194,0.00599885439989764,0.00372592108758911));
#4244=CARTESIAN_POINT('',(-0.000132138188637205,0.00690483688226808,0.00426607232094986));
#4245=CARTESIAN_POINT('',(-0.0051048745108188,0.00598944458148763,0.00371737792279104));
#4246=CARTESIAN_POINT('',(-0.000127758393832642,0.00688978389439554,0.00425295309552696));
#4247=CARTESIAN_POINT('',(-0.00510099146648772,0.00597615087146364,0.00370564225624133));
#4248=CARTESIAN_POINT('',(-0.000126356418063703,0.00688494316982721,0.00424879830773549));
#4249=CARTESIAN_POINT('',(-0.00509974392804295,0.00597185973616839,0.00370191231183827));
#4250=CARTESIAN_POINT('',(-0.000123654412263274,0.00687556670733273,0.0042408852602001));
#4251=CARTESIAN_POINT('',(-0.00509734545550144,0.00596357137598593,0.00369481832792409));
#4252=CARTESIAN_POINT('',(-0.000122352297215766,0.00687102319864876,0.00423712196947132));
#4253=CARTESIAN_POINT('',(-0.00509619193742566,0.00595956453064845,0.00369144803354715));
#4254=CARTESIAN_POINT('',(-0.000119818041060794,0.00686212524511804,0.00422990827459939));
#4255=CARTESIAN_POINT('',(-0.00509395164209526,0.00595173622146057,0.00368499572623775));
#4256=CARTESIAN_POINT('',(-0.000118585898962436,0.00685777079676185,0.00422645786769664));
#4257=CARTESIAN_POINT('',(-0.00509286486383652,0.00594791475401362,0.00368191371058977));
#4258=CARTESIAN_POINT('',(-0.000116771070327801,0.00685131222806911,0.00422146587344656));
#4259=CARTESIAN_POINT('',(-0.005091267671438,0.00594226003097379,0.00367746146514471));
#4260=CARTESIAN_POINT('',(-0.000116169625392534,0.00684916383183544,0.00421982753991566));
#4261=CARTESIAN_POINT('',(-0.00509074061707751,0.00594038746554874,0.00367600548095995));
#4262=CARTESIAN_POINT('',(-0.000114988952561725,0.00684493331602507,0.00421663766799014));
#4263=CARTESIAN_POINT('',(-0.00508969599454647,0.00593666291804872,0.00367314606669156));
#4264=CARTESIAN_POINT('',(-0.000114411211965834,0.00684285675711633,0.00421508968304848));
#4265=CARTESIAN_POINT('',(-0.00508917752011134,0.00593480755265368,0.00367174046133578));
#4266=CARTESIAN_POINT('',(-0.000112757277532559,0.00683689899171828,0.00421068441558545));
#4267=CARTESIAN_POINT('',(-0.00508767008508953,0.00592939896398558,0.00366768229903393));
#4268=CARTESIAN_POINT('',(-0.000111761168808782,0.00683329267779586,0.00420806772923747));
#4269=CARTESIAN_POINT('',(-0.00508673024318697,0.00592600746856951,0.00366519110858291));
#4270=CARTESIAN_POINT('',(-0.000110579599532488,0.00682900551352006,0.00420498275005814));
#4271=CARTESIAN_POINT('',(-0.00508555755599779,0.00592176441136084,0.00366210546231061));
#4272=CARTESIAN_POINT('',(-0.000110237687177271,0.00682776293056702,0.00420409406231096));
#4273=CARTESIAN_POINT('',(-0.005085206019381,0.00592049018356344,0.00366118506835209));
#4274=CARTESIAN_POINT('',(-0.000109680752339765,0.00682573715344389,0.00420265002202557));
#4275=CARTESIAN_POINT('',(-0.00508460300458258,0.00591830204777033,0.00365961100465044));
#4276=CARTESIAN_POINT('',(-0.000109464281951611,0.00682494856402065,0.00420209117374277));
#4277=CARTESIAN_POINT('',(-0.00508435699557106,0.00591740848517083,0.00365897060780533));
#4278=CARTESIAN_POINT('',(-0.00010902492963274,0.00682333502279673,0.00420098304343561));
#4279=CARTESIAN_POINT('',(-0.00508394382613311,0.00591590338507827,0.00365790384748489));
#4280=CARTESIAN_POINT('',(-0.000108801207797402,0.0068225069464355,0.00420043172328809));
#4281=CARTESIAN_POINT('',(-0.00508376672977096,0.00591525488447285,0.0036574533734768));
#4282=CARTESIAN_POINT('',(-0.000108215192284313,0.00682032295704419,0.00419901758555963));
#4283=CARTESIAN_POINT('',(-0.00508335223404723,0.00591372284134369,0.00365642759494833));
#4284=CARTESIAN_POINT('',(-0.000107848854231169,0.0068189519757653,0.00419814499926711));
#4285=CARTESIAN_POINT('',(-0.00508311450912878,0.00591283808588586,0.00365585150407807));
#4286=CARTESIAN_POINT('',(-0.000106874619404421,0.00681529935531035,0.00419583780927093));
#4287=CARTESIAN_POINT('',(-0.00508246757977791,0.00591042053259241,0.00365430352171308));
#4288=CARTESIAN_POINT('',(-0.000106275724671499,0.00681305125849067,0.00419442494253266));
#4289=CARTESIAN_POINT('',(-0.00508205097190828,0.00590886018915239,0.00365331367257781));
#4290=CARTESIAN_POINT('',(-0.000104869179555263,0.00680776744687423,0.00419111476766337));
#4291=CARTESIAN_POINT('',(-0.00508101747289524,0.00590498500476154,0.00365086687471702));
#4292=CARTESIAN_POINT('',(-0.000104061882135394,0.00680473304550296,0.00418921831532898));
#4293=CARTESIAN_POINT('',(-0.00508040475508084,0.00590268569333562,0.00364942004467432));
#4294=CARTESIAN_POINT('',(-9.95469709377774E-5,0.00678775587297091,0.00417862603811309));
#4295=CARTESIAN_POINT('',(-0.00507689805858409,0.00588951897584026,0.00364115430397379));
#4296=CARTESIAN_POINT('',(-9.44099352365001E-5,0.00676841967568949,0.00416661374720378));
#4297=CARTESIAN_POINT('',(-0.00507267963044329,0.00587365945284811,0.00363125197107439));
#4298=CARTESIAN_POINT('',(-8.20594492592627E-5,0.00672191196410113,0.00413777296698048));
#4299=CARTESIAN_POINT('',(-0.0050622790826482,0.00583453832143621,0.00360687675456639));
#4300=CARTESIAN_POINT('',(-7.4845902654847E-5,0.00669474008637531,0.00412094425408325));
#4301=CARTESIAN_POINT('',(-0.00505609691658954,0.00581127653811725,0.00359240376290811));
#4302=CARTESIAN_POINT('',(-6.22727879585977E-5,0.00664737244431398,0.00409162694468139));
#4303=CARTESIAN_POINT('',(-0.00504519863491466,0.00577026213786651,0.00356690434429339));
#4304=CARTESIAN_POINT('',(-5.77420175583404E-5,0.0066309432320613,0.00407977724595166));
#4305=CARTESIAN_POINT('',(-0.00504126170452008,0.00575598713280869,0.00355660603813881));
#4306=CARTESIAN_POINT('',(-4.91098014355841E-5,0.00660071790168823,0.00405503919040408));
#4307=CARTESIAN_POINT('',(-0.0050337410785008,0.00572963884929595,0.00353508395882284));
#4308=CARTESIAN_POINT('',(-4.50080343505324E-5,0.00658692043991652,0.00404215035126507));
#4309=CARTESIAN_POINT('',(-0.00503015714225597,0.00571756455633303,0.00352385984149309));
#4310=CARTESIAN_POINT('',(-3.72310787671659E-5,0.00656172356956825,0.00401577886086761));
#4311=CARTESIAN_POINT('',(-0.00502334276010432,0.0056954384641265,0.00350084861750552));
#4312=CARTESIAN_POINT('',(-3.35556335631702E-5,0.00655032320006566,0.00400229559862434));
#4313=CARTESIAN_POINT('',(-0.00502011211930451,0.00568538592557443,0.00348906106659559));
#4314=CARTESIAN_POINT('',(-2.66123221351848E-5,0.00652966600003797,0.00397505834390825));
#4315=CARTESIAN_POINT('',(-0.00501399156855876,0.00566710696247052,0.00346519107010966));
#4316=CARTESIAN_POINT('',(-2.33442584156115E-5,0.0065204085150494,0.00396130371103201));
#4317=CARTESIAN_POINT('',(-0.00501110150610627,0.00565888002201588,0.00345310815114904));
#4318=CARTESIAN_POINT('',(-1.4108736367027E-5,0.00649547628205832,0.00391996436872388));
#4319=CARTESIAN_POINT('',(-0.00500291154496744,0.00563664601629416,0.00341669863973349));
#4320=CARTESIAN_POINT('',(-8.70977726954568E-6,0.00648262537508234,0.00389233543159132));
#4321=CARTESIAN_POINT('',(-0.00499809192403101,0.00562507353327162,0.00339223637075847));
#4322=CARTESIAN_POINT('',(8.35833391854307E-7,0.00646275010698061,0.00383777118445733));
#4323=CARTESIAN_POINT('',(-0.00498953560404209,0.00560707459189636,0.00334369560989163));
#4324=CARTESIAN_POINT('',(4.98501036482634E-6,0.00645572105727479,0.00381082029476509));
#4325=CARTESIAN_POINT('',(-0.0049857968236792,0.00560064390820192,0.00331960500353633));
#4326=CARTESIAN_POINT('',(1.22681664122241E-5,0.00644632837312131,0.00375759717759657));
#4327=CARTESIAN_POINT('',(-0.0049792206469369,0.00559199479137999,0.00327188603949822));
#4328=CARTESIAN_POINT('',(1.5403526985878E-5,0.00644396384681198,0.00373131306761645));
#4329=CARTESIAN_POINT('',(-0.00497638206688914,0.00558977528338267,0.00324824812490345));
#4330=CARTESIAN_POINT('',(2.08052996888008E-5,0.00644338575948879,0.00367900913795216));
#4331=CARTESIAN_POINT('',(-0.0049714946637771,0.00558912409938473,0.0032011820461818));
#4332=CARTESIAN_POINT('',(2.30726736709319E-5,0.00644517244125746,0.00365297931060664));
#4333=CARTESIAN_POINT('',(-0.00496944503257228,0.00559069252748869,0.00317774567428808));
#4334=CARTESIAN_POINT('',(2.67611806292868E-5,0.00645303048134024,0.00360069066741833));
#4335=CARTESIAN_POINT('',(-0.0049661219010975,0.00559771055456015,0.00313076036531894));
#4336=CARTESIAN_POINT('',(2.81831932744255E-5,0.00645910268386787,0.00357442144950626));
#4337=CARTESIAN_POINT('',(-0.0049648477222446,0.00560316101317956,0.00310720298544973));
#4338=CARTESIAN_POINT('',(3.00534739934014E-5,0.00647629709570463,0.00352137902124631));
#4339=CARTESIAN_POINT('',(-0.00496318147747723,0.00561853944732081,0.00305982700960171));
#4340=CARTESIAN_POINT('',(3.05024673532676E-5,0.00648742216970846,0.00349459287918746));
#4341=CARTESIAN_POINT('',(-0.0049627889171664,0.00562847004626764,0.00303599825171037));
#4342=CARTESIAN_POINT('',(2.94618528943914E-5,0.00656623317364557,0.00334661869055616));
#4343=CARTESIAN_POINT('',(-0.00496372620816836,0.0056983190915576,0.00290499944229354));
#4344=CARTESIAN_POINT('',(2.94618528947783E-5,0.00662769890918325,0.00322317885322486));
#4345=CARTESIAN_POINT('',(-0.00496372620816838,0.00575224405390352,0.00279670351901434));
#4346=CARTESIAN_POINT('',(3.0502467353516E-5,0.00669829062020348,0.00307111194302445));
#4347=CARTESIAN_POINT('',(-0.00496278891716641,0.00581468990656161,0.00266201835768484));
#4348=CARTESIAN_POINT('',(3.00534739755718E-5,0.00671296208614903,0.00304609164925277));
#4349=CARTESIAN_POINT('',(-0.00496318147748465,0.00582772115860093,0.00263973350249938));
#4350=CARTESIAN_POINT('',(2.81831862719609E-5,0.0067449289934443,0.00300040490858007));
#4351=CARTESIAN_POINT('',(-0.00496484772830809,0.00585626049915495,0.0025989107570174));
#4352=CARTESIAN_POINT('',(2.67611667104234E-5,0.00676223302781269,0.00297972838270605));
#4353=CARTESIAN_POINT('',(-0.00496612191317142,0.00587177511580416,0.00258036464944591));
#4354=CARTESIAN_POINT('',(2.30726376196038E-5,0.0067992249050199,0.0029419464689971));
#4355=CARTESIAN_POINT('',(-0.00496944506393989,0.00590504104008719,0.00254644906914499));
#4356=CARTESIAN_POINT('',(2.08052484521377E-5,0.00681892053993093,0.00292483413892744));
#4357=CARTESIAN_POINT('',(-0.00497149470840277,0.00592279856698202,0.00253107382258666));
#4358=CARTESIAN_POINT('',(1.54034399150661E-5,0.00686100856133257,0.00289377523781806));
#4359=CARTESIAN_POINT('',(-0.00497638214281351,0.00596075071645378,0.00250322977407999));
#4360=CARTESIAN_POINT('',(1.22680587031268E-5,0.00688340878766717,0.00287982244223323));
#4361=CARTESIAN_POINT('',(-0.00497922074089072,0.00598095182610596,0.00249075594291425));
#4362=CARTESIAN_POINT('',(4.98486233710611E-6,0.00693154229571055,0.00285524389594262));
#4363=CARTESIAN_POINT('',(-0.00498579695279516,0.0060242448010967,0.00246890100877946));
#4364=CARTESIAN_POINT('',(8.3566569338277E-7,0.00695728559713943,0.00284461169643486));
#4365=CARTESIAN_POINT('',(-0.00498953575027808,0.00604734494059084,0.00245951500448224));
#4366=CARTESIAN_POINT('',(-8.709973551313E-6,0.00701280641466837,0.0028275903130498));
#4367=CARTESIAN_POINT('',(-0.00499809209502322,0.00609692816125419,0.00244462622688216));
#4368=CARTESIAN_POINT('',(-1.41089415105692E-5,0.00704259918869011,0.00282119548226148));
#4369=CARTESIAN_POINT('',(-0.00500291172354857,0.00612342345592983,0.00243911952517727));
#4370=CARTESIAN_POINT('',(-2.33444594339342E-5,0.00709061364435845,0.00281617943164597));
#4371=CARTESIAN_POINT('',(-0.00501110168089894,0.00616587778631437,0.00243492111300573));
#4372=CARTESIAN_POINT('',(-2.66125188583055E-5,0.007107168918956,0.00281527808477362));
#4373=CARTESIAN_POINT('',(-0.00501399173954675,0.00618047796778958,0.00243420480093763));
#4374=CARTESIAN_POINT('',(-3.35558142769758E-5,0.00714135334901702,0.00281534884095532));
#4375=CARTESIAN_POINT('',(-0.00502011227625541,0.00621054207458078,0.00243440689942066));
#4376=CARTESIAN_POINT('',(-3.72312477590218E-5,0.00715898340989608,0.00281632108035542));
#4377=CARTESIAN_POINT('',(-0.00502334290681645,0.00622600668853479,0.00243532543639416));
#4378=CARTESIAN_POINT('',(-4.5008171090206E-5,0.00719521264339823,0.00282053627957141));
#4379=CARTESIAN_POINT('',(-0.00503015726088564,0.00625770383784414,0.00243911510863494));
#4380=CARTESIAN_POINT('',(-4.91099176335974E-5,0.00721381288263408,0.00282377963801145));
#4381=CARTESIAN_POINT('',(-0.00503374117927768,0.00627393717321282,0.00244198656615225));
#4382=CARTESIAN_POINT('',(-5.77420829608273E-5,0.00725176886887774,0.00283299194092481));
#4383=CARTESIAN_POINT('',(-0.00504126176121486,0.00630699034429997,0.00245004297972204));
#4384=CARTESIAN_POINT('',(-6.2272823091752E-5,0.0072711258104562,0.00283896166695961));
#4385=CARTESIAN_POINT('',(-0.00504519866536789,0.00632381106600071,0.00245522853793625));
#4386=CARTESIAN_POINT('',(-7.48459608337394E-5,0.00732306700537098,0.00285909427215092));
#4387=CARTESIAN_POINT('',(-0.00505609696701865,0.00636887682212488,0.0024725919348641));
#4388=CARTESIAN_POINT('',(-8.20595495580394E-5,0.00735287149689505,0.00287063640071151));
#4389=CARTESIAN_POINT('',(-0.00506227916874944,0.00639444502269999,0.00248243336933537));
#4390=CARTESIAN_POINT('',(-9.44100805968124E-5,0.00740391428067229,0.00289036997422122));
#4391=CARTESIAN_POINT('',(-0.00507267975203298,0.0064374727612238,0.00249896341239519));
#4392=CARTESIAN_POINT('',(-9.95471192271698E-5,0.0074251529703053,0.00289856157442544));
#4393=CARTESIAN_POINT('',(-0.00507689817997973,0.0064549324907554,0.00250565209542517));
#4394=CARTESIAN_POINT('',(-0.000104062005903183,0.00744383672130541,0.00290572633735596));
#4395=CARTESIAN_POINT('',(-0.00508040485057694,0.00646946330753286,0.00251117809912548));
#4396=CARTESIAN_POINT('',(-0.000104869297012953,0.00744717873232672,0.00290700496377993));
#4397=CARTESIAN_POINT('',(-0.00508101756193185,0.00647200352090997,0.00251214106889798));
#4398=CARTESIAN_POINT('',(-0.000106275826619564,0.00745300445290764,0.00290922668523078));
#4399=CARTESIAN_POINT('',(-0.00508205104539954,0.00647629136398843,0.00251375898253399));
#4400=CARTESIAN_POINT('',(-0.00010687471205947,0.00745548668762055,0.00291016924771317));
#4401=CARTESIAN_POINT('',(-0.00508246764307797,0.00647802155555964,0.00251440762977057));
#4402=CARTESIAN_POINT('',(-0.000107848925892949,0.00745952897409092,0.00291169367507354));
#4403=CARTESIAN_POINT('',(-0.00508311455590706,0.00648071370557197,0.00251540398405678));
#4404=CARTESIAN_POINT('',(-0.000108215252367947,0.00746105146609936,0.00291226187220671));
#4405=CARTESIAN_POINT('',(-0.0050833522746473,0.00648170659509133,0.00251576285130695));
#4406=CARTESIAN_POINT('',(-0.000108801253535182,0.00746349606154844,0.00291315250042802));
#4407=CARTESIAN_POINT('',(-0.00508376676474086,0.00648344842409852,0.00251636726727234));
#4408=CARTESIAN_POINT('',(-0.000109024971444558,0.00746443503640472,0.00291348106751657));
#4409=CARTESIAN_POINT('',(-0.0050839438615579,0.00648419872167451,0.00251661330990679));
#4410=CARTESIAN_POINT('',(-0.00010946432440583,0.00746629172366779,0.00291410090110944));
#4411=CARTESIAN_POINT('',(-0.00508435704021937,0.00648595708035213,0.00251717154971599));
#4412=CARTESIAN_POINT('',(-0.000109680799397817,0.00746721294564857,0.00291439343287672));
#4413=CARTESIAN_POINT('',(-0.00508460305841728,0.00648700665907154,0.00251749871487831));
#4414=CARTESIAN_POINT('',(-0.000110237752786587,0.00746958619751196,0.00291513983342728));
#4415=CARTESIAN_POINT('',(-0.00508520608889368,0.00648958150276396,0.00251829631960162));
#4416=CARTESIAN_POINT('',(-0.0001105796744871,0.00747104424921769,0.00291559589408258));
#4417=CARTESIAN_POINT('',(-0.00508555763298865,0.00649108391901917,0.00251875852337666));
#4418=CARTESIAN_POINT('',(-0.000111761269475219,0.00747608982007914,0.00291715804200436));
#4419=CARTESIAN_POINT('',(-0.00508673034083812,0.00649610342055563,0.00252028506372365));
#4420=CARTESIAN_POINT('',(-0.000112757393080092,0.00748035133514415,0.00291845905436598));
#4421=CARTESIAN_POINT('',(-0.00508767019420892,0.00650013531628194,0.00252149027048746));
#4422=CARTESIAN_POINT('',(-0.000114411344161247,0.00748745724388086,0.00292055870394776));
#4423=CARTESIAN_POINT('',(-0.00508917764096506,0.00650663325542891,0.00252336083825455));
#4424=CARTESIAN_POINT('',(-0.00011498908934729,0.00748994398946112,0.00292128296843655));
#4425=CARTESIAN_POINT('',(-0.00508969611821838,0.00650887307328118,0.00252399438688829));
#4426=CARTESIAN_POINT('',(-0.000116169769183976,0.00749503904983827,0.00292273667015904));
#4427=CARTESIAN_POINT('',(-0.00509074074505939,0.00651339949725089,0.00252524345877545));
#4428=CARTESIAN_POINT('',(-0.000116771216199139,0.00749764117647057,0.00292346381079898));
#4429=CARTESIAN_POINT('',(-0.00509126780153087,0.0065156898807576,0.00252586037203179));
#4430=CARTESIAN_POINT('',(-0.000118586051861301,0.00750551706530426,0.00292560951205667));
#4431=CARTESIAN_POINT('',(-0.00509286500057677,0.00652265061350661,0.00252768986220373));
#4432=CARTESIAN_POINT('',(-0.000119818199028196,0.00751089471546692,0.00292700510289138));
#4433=CARTESIAN_POINT('',(-0.00509395178363349,0.006527413086913,0.0025288821306191));
#4434=CARTESIAN_POINT('',(-0.000122352466329842,0.00752201363701056,0.00292975860304554));
#4435=CARTESIAN_POINT('',(-0.00509619208950276,0.00653727980015338,0.00253124087505215));
#4436=CARTESIAN_POINT('',(-0.000123654587455538,0.00752775491270889,0.00293111651350265));
#4437=CARTESIAN_POINT('',(-0.00509734561331945,0.00654238404432198,0.00253240735230352));
#4438=CARTESIAN_POINT('',(-0.00012635660663335,0.00753972030573708,0.00293383042004026));
#4439=CARTESIAN_POINT('',(-0.00509974409846722,0.00655304007839183,0.00253474653083336));
#4440=CARTESIAN_POINT('',(-0.000127758589993316,0.00754595312202456,0.00293518958591767));
#4441=CARTESIAN_POINT('',(-0.00510099164368891,0.00655860265703098,0.00253592313986461));
#4442=CARTESIAN_POINT('',(-0.000132138406283706,0.00756549404408373,0.00293929603715273));
#4443=CARTESIAN_POINT('',(-0.00510487470670074,0.00657597926061654,0.00253945943569291));
#4444=CARTESIAN_POINT('',(-0.000135279608227538,0.00757960087937667,0.00294205622761531));
#4445=CARTESIAN_POINT('',(-0.00510764715502792,0.00658846759060001,0.00254182022671207));
#4446=CARTESIAN_POINT('',(-0.000141897080843309,0.00760954933327619,0.00294740908884834));
#4447=CARTESIAN_POINT('',(-0.00511346265578459,0.00661486763827845,0.00254636160706969));
#4448=CARTESIAN_POINT('',(-0.000145364236489169,0.007625353080289,0.00294998759864356));
#4449=CARTESIAN_POINT('',(-0.00511649816499359,0.00662874798542518,0.00254853053676371));
#4450=CARTESIAN_POINT('',(-0.000156172166070756,0.00767499848120618,0.0029572593573873));
#4451=CARTESIAN_POINT('',(-0.00512595542877925,0.00667232017786332,0.00255463051751265));
#4452=CARTESIAN_POINT('',(-0.000163947188136697,0.00771119111009535,0.00296152925050755));
#4453=CARTESIAN_POINT('',(-0.0051327430170049,0.00670400715016143,0.00255817570884767));
#4454=CARTESIAN_POINT('',(-0.000180501652975693,0.00778934872075352,0.00296841799961437));
#4455=CARTESIAN_POINT('',(-0.00514715491241759,0.00677223733923161,0.00256379499396472));
#4456=CARTESIAN_POINT('',(-0.000189267579453381,0.00783125745326325,0.00297101603970601));
#4457=CARTESIAN_POINT('',(-0.00515476746679172,0.00680873163792031,0.00256585100320789));
#4458=CARTESIAN_POINT('',(-0.000207586877335692,0.00792004740495747,0.0029740198791076));
#4459=CARTESIAN_POINT('',(-0.00517065038276888,0.00688591342795125,0.00256805270500234));
#4460=CARTESIAN_POINT('',(-0.000217144446552967,0.00796694615801561,0.00297443201415597));
#4461=CARTESIAN_POINT('',(-0.00517892334411191,0.00692661183101414,0.0025682022151954));
#4462=CARTESIAN_POINT('',(-0.000236894314651167,0.00806514218289112,0.00297270520336195));
#4463=CARTESIAN_POINT('',(-0.00519599674190406,0.00701170717021042,0.00256629434679236));
#4464=CARTESIAN_POINT('',(-0.000247085680652634,0.00811643570206332,0.00297056456052741));
#4465=CARTESIAN_POINT('',(-0.00520479604126071,0.00705609950665121,0.00256423495107471));
#4466=CARTESIAN_POINT('',(-0.000267942578011,0.00822277104455559,0.00296344879072257));
#4467=CARTESIAN_POINT('',(-0.00522278794125118,0.00714803648856414,0.00255767823025667));
#4468=CARTESIAN_POINT('',(-0.000278608483959516,0.00827781418719501,0.00295847472178061));
#4469=CARTESIAN_POINT('',(-0.00523198055432984,0.00719558099518212,0.00255318130718784));
#4470=CARTESIAN_POINT('',(-0.000300261992788372,0.00839098871892933,0.00294550859436459));
#4471=CARTESIAN_POINT('',(-0.00525063182524261,0.0072932698386202,0.00254159951751019));
#4472=CARTESIAN_POINT('',(-0.000311249835378144,0.00844912178659337,0.00293751553743066));
#4473=CARTESIAN_POINT('',(-0.00526009050530415,0.00734341490799058,0.00253451339974142));
#4474=CARTESIAN_POINT('',(-0.000344474323852266,0.00862712694403936,0.0029088775330252));
#4475=CARTESIAN_POINT('',(-0.00528868152302149,0.00749689507817358,0.00250926771181191));
#4476=CARTESIAN_POINT('',(-0.000366972855278294,0.0087506025077523,0.00288358788722836));
#4477=CARTESIAN_POINT('',(-0.00530802939434345,0.00760327156066207,0.0024871335018496));
#4478=CARTESIAN_POINT('',(-0.000400414340008688,0.00893888347056864,0.0028364610379095));
#4479=CARTESIAN_POINT('',(-0.00533679403091585,0.00776549417418364,0.00244604904051207));
#4480=CARTESIAN_POINT('',(-0.000411511512223086,0.00900215430653616,0.00281923205825951));
#4481=CARTESIAN_POINT('',(-0.00534634048181834,0.00782001048257668,0.00243105301692794));
#4482=CARTESIAN_POINT('',(-0.000425114800442051,0.00908061763488596,0.00279629711385677));
#4483=CARTESIAN_POINT('',(-0.00535804675583348,0.00788763573462982,0.00241110787073622));
#4484=CARTESIAN_POINT('',(-0.000427718992993375,0.00909567813901098,0.00279182694513346));
#4485=CARTESIAN_POINT('',(-0.00536028796219258,0.00790061682473569,0.00240722101601885));
#4486=CARTESIAN_POINT('',(-0.000430316533027226,0.00911074195895777,0.00278728427301596));
#4487=CARTESIAN_POINT('',(-0.0053625236400135,0.00791360182283084,0.00240327159343439));
#4488=CARTESIAN_POINT('',(-0.000430316654731492,-0.00911074266469694,0.00278728406028752));
#4489=CARTESIAN_POINT('',(-0.00536252374319273,-0.00791360242205612,0.00240327141126032));
#4490=CARTESIAN_POINT('',(-0.000427719050081053,-0.00909567846871721,0.00279182684802826));
#4491=CARTESIAN_POINT('',(-0.00536028800966561,-0.00790061709931027,0.00240722093447042));
#4492=CARTESIAN_POINT('',(-0.000425114792482471,-0.00908061758819654,0.00279629712884056));
#4493=CARTESIAN_POINT('',(-0.00535804674723714,-0.00788763568428277,0.0024111078867631));
#4494=CARTESIAN_POINT('',(-0.000411511424345877,-0.00900215380293521,0.0028192321998482));
#4495=CARTESIAN_POINT('',(-0.00534634040399607,-0.00782001003589596,0.00243105314372571));
#4496=CARTESIAN_POINT('',(-0.000400414236129775,-0.00893888288000609,0.00283646119576129));
#4497=CARTESIAN_POINT('',(-0.00533679393891777,-0.00776549365031671,0.00244604918201337));
#4498=CARTESIAN_POINT('',(-0.0003669727010554,-0.00875060165085871,0.00288358808165757));
#4499=CARTESIAN_POINT('',(-0.00530802925773428,-0.00760327080028291,0.00248713367678632));
#4500=CARTESIAN_POINT('',(-0.000344474133091008,-0.00862712590227308,0.00290887773708471));
#4501=CARTESIAN_POINT('',(-0.00528868135400865,-0.00749689415347819,0.00250926789601972));
#4502=CARTESIAN_POINT('',(-0.00031124959500936,-0.00844912050863993,0.00293751572481972));
#4503=CARTESIAN_POINT('',(-0.00526009029223459,-0.00734341377290313,0.00253451357041522));
#4504=CARTESIAN_POINT('',(-0.000300261736739279,-0.00839098736899661,0.00294550877110922));
#4505=CARTESIAN_POINT('',(-0.00525063159823249,-0.00729326863931988,0.00254159967916184));
#4506=CARTESIAN_POINT('',(-0.000278608199959736,-0.00827781271448576,0.00295847486844747));
#4507=CARTESIAN_POINT('',(-0.00523198030243359,-0.00719557968612145,0.00255318144295372));
#4508=CARTESIAN_POINT('',(-0.000267942281702468,-0.00822276952090034,0.00296344891787501));
#4509=CARTESIAN_POINT('',(-0.00522278767837399,-0.00714803513381694,0.00255767834908784));
#4510=CARTESIAN_POINT('',(-0.000247085364671386,-0.00811643410404598,0.00297056464230529));
#4511=CARTESIAN_POINT('',(-0.00520479576077245,-0.00705609808483081,0.00256423503029871));
#4512=CARTESIAN_POINT('',(-0.000236893991238802,-0.00806514056118113,0.00297270525917045));
#4513=CARTESIAN_POINT('',(-0.00519599645472681,-0.00701170572676153,0.002566294403247));
#4514=CARTESIAN_POINT('',(-0.000217144114632588,-0.00796694452140321,0.00297443201568316));
#4515=CARTESIAN_POINT('',(-0.00517892304914961,-0.00692661037300698,0.00256820222383325));
#4516=CARTESIAN_POINT('',(-0.000207586544264556,-0.00792004577683272,0.00297401985219949));
#4517=CARTESIAN_POINT('',(-0.00517065008665368,-0.00688591197678113,0.00256805268849859));
#4518=CARTESIAN_POINT('',(-0.000189267251315736,-0.00783125587662366,0.00297101595823178));
#4519=CARTESIAN_POINT('',(-0.00515476717476434,-0.00680873023103722,0.00256585093822363));
#4520=CARTESIAN_POINT('',(-0.000180501330718522,-0.00778934718626777,0.0029684178916867));
#4521=CARTESIAN_POINT('',(-0.00514715462543705,-0.00677223596899456,0.00256379490533714));
#4522=CARTESIAN_POINT('',(-0.000163946886289534,-0.00771118969801789,0.0029615290987621));
#4523=CARTESIAN_POINT('',(-0.00513274274772208,-0.00670400588686451,0.00255817558062123));
#4524=CARTESIAN_POINT('',(-0.000156171878667565,-0.007674997149032,0.00295725918813594));
#4525=CARTESIAN_POINT('',(-0.00512595517216988,-0.00667231898496,0.00255463037335446));
#4526=CARTESIAN_POINT('',(-0.000145363974908308,-0.00762535188473195,0.00294998741060854));
#4527=CARTESIAN_POINT('',(-0.00511649793119587,-0.0066287469135614,0.00254853037530714));
#4528=CARTESIAN_POINT('',(-0.00014189682815519,-0.00760954818435842,0.0029474088951663));
#4529=CARTESIAN_POINT('',(-0.00511346242987419,-0.0066148666078787,0.00254636144040806));
#4530=CARTESIAN_POINT('',(-0.000135279377591844,-0.00757959984092234,0.00294205603036007));
#4531=CARTESIAN_POINT('',(-0.00510764694794194,-0.00658846665535725,0.00254182005526711));
#4532=CARTESIAN_POINT('',(-0.000132138188637206,-0.00756549306874509,0.00293929584170668));
#4533=CARTESIAN_POINT('',(-0.0051048745108188,-0.00657597838017699,0.00253945926508195));
#4534=CARTESIAN_POINT('',(-0.000127758393832642,-0.00754595224897605,0.00293518939770466));
#4535=CARTESIAN_POINT('',(-0.00510099146648772,-0.00655860186599026,0.00253592297461219));
#4536=CARTESIAN_POINT('',(-0.000126356418063704,-0.00753971946845272,0.00293383023513655));
#4537=CARTESIAN_POINT('',(-0.00509974392804295,-0.00655303931934152,0.00253474636841105));
#4538=CARTESIAN_POINT('',(-0.000123654412263274,-0.00752775413913331,0.00293111633305916));
#4539=CARTESIAN_POINT('',(-0.00509734545550144,-0.00654238334504322,0.00253240719461614));
#4540=CARTESIAN_POINT('',(-0.000122352297215766,-0.00752201289259683,0.00292975842419697));
#4541=CARTESIAN_POINT('',(-0.00509619193742566,-0.00653727912828644,0.00253124071913614));
#4542=CARTESIAN_POINT('',(-0.000119818041060794,-0.00751089402482618,0.00292700492637802));
#4543=CARTESIAN_POINT('',(-0.00509395164209526,-0.00652741246563693,0.00252888197741293));
#4544=CARTESIAN_POINT('',(-0.000118585898962437,-0.00750551639927489,0.00292560933628367));
#4545=CARTESIAN_POINT('',(-0.00509286486383652,-0.00652265001540976,0.00252768970993611));
#4546=CARTESIAN_POINT('',(-0.000116771070327802,-0.00749764054466917,0.00292346363584301));
#4547=CARTESIAN_POINT('',(-0.005091267671438,-0.00651568931488159,0.00252586022084968));
#4548=CARTESIAN_POINT('',(-0.000116169625392535,-0.0074950384283044,0.00292273649516917));
#4549=CARTESIAN_POINT('',(-0.00509074061707751,-0.00651339894163548,0.00252524330788104));
#4550=CARTESIAN_POINT('',(-0.000114988952561725,-0.00748994340019794,0.00292128279798015));
#4551=CARTESIAN_POINT('',(-0.00508969599454647,-0.00650887253846102,0.00252399423689009));
#4552=CARTESIAN_POINT('',(-0.000114411211965835,-0.00748745667522403,0.00292055853753994));
#4553=CARTESIAN_POINT('',(-0.00508917752011134,-0.00650663273372217,0.00252336068981442));
#4554=CARTESIAN_POINT('',(-0.000112757277532559,-0.00748035084011347,0.00291845890487195));
#4555=CARTESIAN_POINT('',(-0.00508767008508953,-0.00650013484742886,0.00252149013204514));
#4556=CARTESIAN_POINT('',(-0.000111761168808782,-0.00747608938965009,0.0029171579100607));
#4557=CARTESIAN_POINT('',(-0.00508673024318697,-0.00649610300192567,0.00252028493792849));
#4558=CARTESIAN_POINT('',(-0.000110579599532489,-0.00747104392943473,0.00291559579441841));
#4559=CARTESIAN_POINT('',(-0.00508555755599779,-0.006491083589805,0.00251875842249893));
#4560=CARTESIAN_POINT('',(-0.000110237687177271,-0.00746958591777674,0.00291513974583294));
#4561=CARTESIAN_POINT('',(-0.005085206019381,-0.00648958120576486,0.00251829622804364));
#4562=CARTESIAN_POINT('',(-0.000109680752339766,-0.00746721274529212,0.00291439336948234));
#4563=CARTESIAN_POINT('',(-0.00508460300458258,-0.00648700642939608,0.0025174986432916));
#4564=CARTESIAN_POINT('',(-0.000109464281951611,-0.00746629154343469,0.00291410084286906));
#4565=CARTESIAN_POINT('',(-0.00508435699557106,-0.00648595688990916,0.00251717149026343));
#4566=CARTESIAN_POINT('',(-0.000109024929632741,-0.00746443486053075,0.00291348100688015));
#4567=CARTESIAN_POINT('',(-0.00508394382613311,-0.00648419857134907,0.00251661326117859));
#4568=CARTESIAN_POINT('',(-0.000108801207797402,-0.00746349587005843,0.00291315243229501));
#4569=CARTESIAN_POINT('',(-0.00508376672977096,-0.00648344827640363,0.00251636721776364));
#4570=CARTESIAN_POINT('',(-0.000108215192284314,-0.00746105121613668,0.00291226177951233));
#4571=CARTESIAN_POINT('',(-0.00508335223404723,-0.00648170642521248,0.00251576279062414));
#4572=CARTESIAN_POINT('',(-0.00010784885423117,-0.00745952867643848,0.00291169356355661));
#4573=CARTESIAN_POINT('',(-0.00508311450912878,-0.00648071351048992,0.00251540391283899));
#4574=CARTESIAN_POINT('',(-0.000106874619404422,-0.00745548630347522,0.00291016910211324));
#4575=CARTESIAN_POINT('',(-0.00508246757977791,-0.0064780212925452,0.00251440753145259));
#4576=CARTESIAN_POINT('',(-0.0001062757246715,-0.00745300403046875,0.00290922652455561));
#4577=CARTESIAN_POINT('',(-0.00508205097190828,-0.00647629105888126,0.00251375886788069));
#4578=CARTESIAN_POINT('',(-0.000104869179555264,-0.00744717824600558,0.0029070047778887));
#4579=CARTESIAN_POINT('',(-0.00508101747289524,-0.00647200315170038,0.00251214092911703));
#4580=CARTESIAN_POINT('',(-0.000104061882135394,-0.00744383620900502,0.00290572614118289));
#4581=CARTESIAN_POINT('',(-0.00508040475508084,-0.00646946291169628,0.00251117794888495));
#4582=CARTESIAN_POINT('',(-9.9546970937778E-5,-0.00742515235711501,0.00289856133816022));
#4583=CARTESIAN_POINT('',(-0.00507689805858409,-0.0064549319882109,0.00250565190313839));
#4584=CARTESIAN_POINT('',(-9.44099352365007E-5,-0.00740391367981263,0.00289036974218378));
#4585=CARTESIAN_POINT('',(-0.00507267963044329,-0.00643747225809539,0.00249896321936034));
#4586=CARTESIAN_POINT('',(-8.20594492592632E-5,-0.00735287108248435,0.00287063624023765));
#4587=CARTESIAN_POINT('',(-0.0050622790826482,-0.00639444466660017,0.00248243323227992));
#4588=CARTESIAN_POINT('',(-7.48459026548476E-5,-0.00732306676502636,0.00285909417899245));
#4589=CARTESIAN_POINT('',(-0.00505609691658954,-0.00636887661359463,0.00247259185451943));
#4590=CARTESIAN_POINT('',(-6.22727879585983E-5,-0.00727112566531641,0.00283896161070287));
#4591=CARTESIAN_POINT('',(-0.00504519863491466,-0.00632381094007304,0.00245522848941754));
#4592=CARTESIAN_POINT('',(-5.7742017558341E-5,-0.00725176858924011,0.00283299185517979));
#4593=CARTESIAN_POINT('',(-0.00504126170452008,-0.00630699010186754,0.00245004290544667));
#4594=CARTESIAN_POINT('',(-4.91098014355847E-5,-0.0072138123637649,0.00282377952995148));
#4595=CARTESIAN_POINT('',(-0.0050337410785008,-0.00627393672355259,0.00244198647173695));
#4596=CARTESIAN_POINT('',(-4.5008034350533E-5,-0.00719521201973458,0.0028205361786528));
#4597=CARTESIAN_POINT('',(-0.00503015714225597,-0.00625770329741318,0.002439115019811));
#4598=CARTESIAN_POINT('',(-3.72310787671665E-5,-0.00715898260928812,0.00281632101556779));
#4599=CARTESIAN_POINT('',(-0.00502334276010432,-0.00622600599471892,0.00243532537765819));
#4600=CARTESIAN_POINT('',(-3.35556335631708E-5,-0.00714135247620828,0.00281534880514655));
#4601=CARTESIAN_POINT('',(-0.00502011211930451,-0.00621054131811034,0.00243440686517215));
#4602=CARTESIAN_POINT('',(-2.66123221351854E-5,-0.00710716793349372,0.00281527811674887));
#4603=CARTESIAN_POINT('',(-0.00501399156855876,-0.00618047711341593,0.00243420482437109));
#4604=CARTESIAN_POINT('',(-2.3344258415612E-5,-0.00709061261840368,0.00281617950242861));
#4605=CARTESIAN_POINT('',(-0.00501110150610627,-0.00616587689666013,0.0024349211696347));
#4606=CARTESIAN_POINT('',(-1.41087363670276E-5,-0.00704259808391467,0.00282119567050719));
#4607=CARTESIAN_POINT('',(-0.00500291154496744,-0.0061234224973603,0.00243911968270997));
#4608=CARTESIAN_POINT('',(-8.70977726954623E-6,-0.00701280531445883,0.0028275905798366));
#4609=CARTESIAN_POINT('',(-0.00499809192403101,-0.00609692720620157,0.00244462645246436));
#4610=CARTESIAN_POINT('',(8.3583339185382E-7,-0.00695728458028691,0.0028446120787255));
#4611=CARTESIAN_POINT('',(-0.00498953560404209,-0.00604734405731366,0.00245951533094865));
#4612=CARTESIAN_POINT('',(4.98501036482574E-6,-0.00693154135720841,0.00285524431557864));
#4613=CARTESIAN_POINT('',(-0.0049857968236792,-0.00602424398569663,0.00246890136837838));
#4614=CARTESIAN_POINT('',(1.22681664122235E-5,-0.00688340803601891,0.00287982288567557));
#4615=CARTESIAN_POINT('',(-0.0049792206469369,-0.00598095117295527,0.00249075632469522));
#4616=CARTESIAN_POINT('',(1.54035269858775E-5,-0.00686100791799841,0.00289377566800679));
#4617=CARTESIAN_POINT('',(-0.00497638206688914,-0.00596075015749676,0.00250323014514386));
#4618=CARTESIAN_POINT('',(2.08052996888002E-5,-0.00681892010562806,0.00292483450399846));
#4619=CARTESIAN_POINT('',(-0.0049714946637771,-0.00592279818982454,0.00253107413833159));
#4620=CARTESIAN_POINT('',(2.30726736709314E-5,-0.00679922457130119,0.00294194678236692));
#4621=CARTESIAN_POINT('',(-0.00496944503257228,-0.00590504075040852,0.00254644934043252));
#4622=CARTESIAN_POINT('',(2.67611806292863E-5,-0.00676223286037374,0.00297972858120017));
#4623=CARTESIAN_POINT('',(-0.0049661219010975,-0.00587177497061438,0.00258036482152285));
#4624=CARTESIAN_POINT('',(2.81831932744249E-5,-0.006744928891495,0.00300040504400917));
#4625=CARTESIAN_POINT('',(-0.0049648477222446,-0.00585626041079736,0.00259891087444925));
#4626=CARTESIAN_POINT('',(3.00534739934008E-5,-0.00671296206809178,0.00304609168533496));
#4627=CARTESIAN_POINT('',(-0.00496318147747723,-0.00582772114297823,0.00263973353380084));
#4628=CARTESIAN_POINT('',(3.05024673532671E-5,-0.00669829062020344,0.00307111194302443));
#4629=CARTESIAN_POINT('',(-0.0049627889171664,-0.0058146899065616,0.00266201835768484));
#4630=CARTESIAN_POINT('',(2.94618528943908E-5,-0.00662769890918317,0.00322317885322483));
#4631=CARTESIAN_POINT('',(-0.00496372620816836,-0.00575224405390353,0.00279670351901434));
#4632=CARTESIAN_POINT('',(2.94618528947777E-5,-0.00656623317364565,0.00334661869055621));
#4633=CARTESIAN_POINT('',(-0.00496372620816838,-0.0056983190915576,0.00290499944229354));
#4634=CARTESIAN_POINT('',(3.05024673535154E-5,-0.00648742216970852,0.00349459287918749));
#4635=CARTESIAN_POINT('',(-0.00496278891716641,-0.00562847004626764,0.00303599825171038));
#4636=CARTESIAN_POINT('',(3.00534739755712E-5,-0.00647629707779235,0.00352137905740068));
#4637=CARTESIAN_POINT('',(-0.00496318147748465,-0.00561853943175648,0.00305982704093224));
#4638=CARTESIAN_POINT('',(2.81831862719603E-5,-0.0064591026372313,0.00357442161247783));
#4639=CARTESIAN_POINT('',(-0.00496484772830809,-0.00560316097271426,0.0031072031267291));
#4640=CARTESIAN_POINT('',(2.67611667104229E-5,-0.00645303042384301,0.00360069092065693));
#4641=CARTESIAN_POINT('',(-0.00496612191317142,-0.00559771050473617,0.00313076058488242));
#4642=CARTESIAN_POINT('',(2.30726376196032E-5,-0.00644517239229341,0.00365297976576742));
#4643=CARTESIAN_POINT('',(-0.00496944506393989,-0.00559069248556696,0.00317774606894391));
#4644=CARTESIAN_POINT('',(2.08052484521371E-5,-0.00644338572988179,0.00367900970453778));
#4645=CARTESIAN_POINT('',(-0.00497149470840277,-0.00558912407470299,0.0032011825374388));
#4646=CARTESIAN_POINT('',(1.54034399150655E-5,-0.0064439638912094,0.00373131384025482));
#4647=CARTESIAN_POINT('',(-0.00497638214281351,-0.00558977532411417,0.00324824879457673));
#4648=CARTESIAN_POINT('',(1.22680587031262E-5,-0.00644632847221596,0.00375759804465855));
#4649=CARTESIAN_POINT('',(-0.00497922074089072,-0.00559199488032342,0.00327188679079816));
#4650=CARTESIAN_POINT('',(4.98486233710551E-6,-0.00645572128797193,0.00381082129659316));
#4651=CARTESIAN_POINT('',(-0.00498579695279516,-0.00560064411262411,0.00331960587094639));
#4652=CARTESIAN_POINT('',(8.35665693382174E-7,-0.00646275041469665,0.00383777222630476));
#4653=CARTESIAN_POINT('',(-0.00498953575027808,-0.00560707486366396,0.003343696511502));
#4654=CARTESIAN_POINT('',(-8.7099735513136E-6,-0.00648262582520627,0.00389233647035245));
#4655=CARTESIAN_POINT('',(-0.00499809209502322,-0.00562507392880093,0.00339223726885055));
#4656=CARTESIAN_POINT('',(-1.41089415105697E-5,-0.00649547679761096,0.00391996536379709));
#4657=CARTESIAN_POINT('',(-0.00500291172354857,-0.00563664646824754,0.00341669949962315));
#4658=CARTESIAN_POINT('',(-2.33444594339348E-5,-0.00652040907683951,0.00396130457241765));
#4659=CARTESIAN_POINT('',(-0.00501110168089895,-0.00565888051296144,0.00345310889523503));
#4660=CARTESIAN_POINT('',(-2.66125188583061E-5,-0.00652966656839488,0.00397505914959352));
#4661=CARTESIAN_POINT('',(-0.00501399173954675,-0.00566710745864538,0.00346519176603636));
#4662=CARTESIAN_POINT('',(-3.35558142769764E-5,-0.00655032375462646,0.00400229627356114));
#4663=CARTESIAN_POINT('',(-0.00502011227625541,-0.00568538640878062,0.0034890616496327));
#4664=CARTESIAN_POINT('',(-3.72312477590224E-5,-0.00656172410374397,0.00401577946072327));
#4665=CARTESIAN_POINT('',(-0.00502334290681645,-0.0056954389291163,0.00350084913578621));
#4666=CARTESIAN_POINT('',(-4.50081710902066E-5,-0.00658692089629262,0.00404215078814236));
#4667=CARTESIAN_POINT('',(-0.00503015726088564,-0.00571756495289848,0.00352386021923792));
#4668=CARTESIAN_POINT('',(-4.9109917633598E-5,-0.00660071830061048,0.00405503953934994));
#4669=CARTESIAN_POINT('',(-0.00503374117927768,-0.00572963919562182,0.00353508426076152));
#4670=CARTESIAN_POINT('',(-5.77420829608278E-5,-0.00663094346900663,0.00407977741743438));
#4671=CARTESIAN_POINT('',(-0.00504126176121486,-0.00575598733817989,0.00355660618684316));
#4672=CARTESIAN_POINT('',(-6.22728230917526E-5,-0.0066473725766741,0.00409162702660318));
#4673=CARTESIAN_POINT('',(-0.00504519866536789,-0.00577026225247366,0.00356690441554679));
#4674=CARTESIAN_POINT('',(-7.484596083374E-5,-0.00669474030555736,0.00412094438974186));
#4675=CARTESIAN_POINT('',(-0.00505609696701865,-0.00581127672790123,0.00359240388090037));
#4676=CARTESIAN_POINT('',(-8.205954955804E-5,-0.00672191234190028,0.00413777320098025));
#4677=CARTESIAN_POINT('',(-0.00506227916874944,-0.00583453864540692,0.00360687695614582));
#4678=CARTESIAN_POINT('',(-9.4410080596813E-5,-0.0067684202229582,0.00416661408686634));
#4679=CARTESIAN_POINT('',(-0.00507267975203298,-0.00587365991009585,0.00363125225625004));
#4680=CARTESIAN_POINT('',(-9.95471192271704E-5,-0.00678775643104433,0.0041786263850679));
#4681=CARTESIAN_POINT('',(-0.00507689817997973,-0.00588951943213914,0.00364115458913428));
#4682=CARTESIAN_POINT('',(-0.000104062005903184,-0.00680473351078242,0.00418921860593283));
#4683=CARTESIAN_POINT('',(-0.00508040485057694,-0.00590268605177499,0.00364942027001859));
#4684=CARTESIAN_POINT('',(-0.000104869297012954,-0.0068077678882926,0.00419111504373153));
#4685=CARTESIAN_POINT('',(-0.00508101756193185,-0.00590498533880764,0.00365086708511579));
#4686=CARTESIAN_POINT('',(-0.000106275826619564,-0.00681305164128852,0.00419442518281774));
#4687=CARTESIAN_POINT('',(-0.00508205104539954,-0.00590886046451587,0.00365331384696454));
#4688=CARTESIAN_POINT('',(-0.000106874712059471,-0.00681529970300089,0.00419583802808197));
#4689=CARTESIAN_POINT('',(-0.00508246764307797,-0.00591042076955346,0.00365430367235331));
#4690=CARTESIAN_POINT('',(-0.000107848925892949,-0.00681895224413341,0.00419814516959491));
#4691=CARTESIAN_POINT('',(-0.00508311455590706,-0.00591283826028209,0.0036558516168386));
#4692=CARTESIAN_POINT('',(-0.000108215252367948,-0.00682032318165206,0.00419901772917331));
#4693=CARTESIAN_POINT('',(-0.0050833522746473,-0.0059137229921445,0.00365642769394502));
#4694=CARTESIAN_POINT('',(-0.000108801253535182,-0.00682250711620532,0.00420043183504111));
#4695=CARTESIAN_POINT('',(-0.00508376676474086,-0.00591525501298771,0.00365745346150421));
#4696=CARTESIAN_POINT('',(-0.000109024971444559,-0.00682333517717338,0.00420098314724447));
#4697=CARTESIAN_POINT('',(-0.0050839438615579,-0.00591590351455552,0.00365790393808188));
#4698=CARTESIAN_POINT('',(-0.000109464324405831,-0.0068249487191122,0.00420209128247421));
#4699=CARTESIAN_POINT('',(-0.00508435704021937,-0.00591740864738253,0.00365897072395394));
#4700=CARTESIAN_POINT('',(-0.000109680799397817,-0.00682573732477543,0.00420265014370983));
#4701=CARTESIAN_POINT('',(-0.00508460305841728,-0.00591830224330815,0.00365961114479479));
#4702=CARTESIAN_POINT('',(-0.000110237752786588,-0.00682776316904695,0.0042040942327571));
#4703=CARTESIAN_POINT('',(-0.00508520608889368,-0.00592049043561023,0.00366118525018648));
#4704=CARTESIAN_POINT('',(-0.0001105796744871,-0.00682900578576608,0.00420498294518936));
#4705=CARTESIAN_POINT('',(-0.00508555763298865,-0.00592176469025888,0.00366210566423679));
#4706=CARTESIAN_POINT('',(-0.00011176126947522,-0.00683329304248063,0.00420806799321346));
#4707=CARTESIAN_POINT('',(-0.00508673034083812,-0.00592600782123714,0.00366519136684831));
#4708=CARTESIAN_POINT('',(-0.000112757393080092,-0.00683689940933974,0.00421068472053818));
#4709=CARTESIAN_POINT('',(-0.00508767019420892,-0.00592939935701203,0.00366768258975663));
#4710=CARTESIAN_POINT('',(-0.000114411344161248,-0.00684285723260493,0.00421509003656331));
#4711=CARTESIAN_POINT('',(-0.00508917764096506,-0.00593480798551002,0.00367174078821158));
#4712=CARTESIAN_POINT('',(-0.00011498908934729,-0.00684493380716262,0.00421663803550938));
#4713=CARTESIAN_POINT('',(-0.00508969611821838,-0.00593666336005102,0.00367314640309315));
#4714=CARTESIAN_POINT('',(-0.000116169769183977,-0.00684916434603822,0.00421982793045544));
#4715=CARTESIAN_POINT('',(-0.00509074074505939,-0.00594038792079817,0.00367600583341641));
#4716=CARTESIAN_POINT('',(-0.000116771216199139,-0.00685131274843241,0.00422146627220043));
#4717=CARTESIAN_POINT('',(-0.00509126780153087,-0.0059422604926362,0.00367746182561594));
#4718=CARTESIAN_POINT('',(-0.000118586051861302,-0.0068577713384041,0.00422645829327266));
#4719=CARTESIAN_POINT('',(-0.00509286500057677,-0.00594791523595968,0.00368191409611962));
#4720=CARTESIAN_POINT('',(-0.000119818199028196,-0.00686212580218279,0.00422990871936953));
#4721=CARTESIAN_POINT('',(-0.00509395178363349,-0.00595173671812421,0.00368499612969942));
#4722=CARTESIAN_POINT('',(-0.000122352466329842,-0.0068710237899825,0.00423712245574597));
#4723=CARTESIAN_POINT('',(-0.00509619208950276,-0.00595956505996241,0.00369144847574816));
#4724=CARTESIAN_POINT('',(-0.000123654587455539,-0.0068755673175132,0.00424088576878524));
#4725=CARTESIAN_POINT('',(-0.00509734561331945,-0.00596357192323277,0.00369481879093271));
#4726=CARTESIAN_POINT('',(-0.00012635660663335,-0.00688494382196012,0.00424879886447346));
#4727=CARTESIAN_POINT('',(-0.00509974409846722,-0.0059718603232142,0.00370191281969219));
#4728=CARTESIAN_POINT('',(-0.000127758589993316,-0.00688978457072204,0.00425295367881103));
#4729=CARTESIAN_POINT('',(-0.00510099164368891,-0.00597615148004645,0.00370564278791862));
#4730=CARTESIAN_POINT('',(-0.000132138406283706,-0.00690483762601025,0.00426607298150434));
#4731=CARTESIAN_POINT('',(-0.00510487470670074,-0.00598944524822148,0.0037173785225809));
#4732=CARTESIAN_POINT('',(-0.000135279608227539,-0.00691554157310718,0.00427566709271475));
#4733=CARTESIAN_POINT('',(-0.00510764715502792,-0.00599885510032335,0.00372592173061027));
#4734=CARTESIAN_POINT('',(-0.00014189708084331,-0.00693786122421224,0.00429634065527422));
#4735=CARTESIAN_POINT('',(-0.00511346265578459,-0.00601838878321745,0.00374425263035821));
#4736=CARTESIAN_POINT('',(-0.00014536423648917,-0.00694944280478404,0.00430739841833318));
#4737=CARTESIAN_POINT('',(-0.00511649816499359,-0.00602848440443363,0.00375402231434444));
#4738=CARTESIAN_POINT('',(-0.000156172166070757,-0.00698516383166379,0.00434263408983395));
#4739=CARTESIAN_POINT('',(-0.00512595542877925,-0.00605961040650357,0.00378511761485989));
#4740=CARTESIAN_POINT('',(-0.000163947188136697,-0.00701038221168262,0.00436894324570017));
#4741=CARTESIAN_POINT('',(-0.0051327430170049,-0.00608153519729176,0.00380826790954306));
#4742=CARTESIAN_POINT('',(-0.000180501652975694,-0.00706298003542354,0.00442716296663536));
#4743=CARTESIAN_POINT('',(-0.00514715491241759,-0.00612713735880054,0.00385933039999842));
#4744=CARTESIAN_POINT('',(-0.000189267579453381,-0.00709030896995095,0.00445904118820568));
#4745=CARTESIAN_POINT('',(-0.00515476746679172,-0.00615077081801623,0.00388721445666687));
#4746=CARTESIAN_POINT('',(-0.000207586877335692,-0.00714621398579477,0.00452808688160152));
#4747=CARTESIAN_POINT('',(-0.00517065038276888,-0.00619904023394793,0.00394748003298357));
#4748=CARTESIAN_POINT('',(-0.000217144446552967,-0.00717480568965918,0.00456526452762487));
#4749=CARTESIAN_POINT('',(-0.00517892334411191,-0.00622368581298867,0.00397986795972972));
#4750=CARTESIAN_POINT('',(-0.000236894314651168,-0.00723260399064204,0.00464466728312091));
#4751=CARTESIAN_POINT('',(-0.00519599674190406,-0.00627344469992977,0.00404892525395094));
#4752=CARTESIAN_POINT('',(-0.000247085680652634,-0.00726180697205757,0.00468689042058437));
#4753=CARTESIAN_POINT('',(-0.00520479604126071,-0.00629855362619833,0.00408559216637937));
#4754=CARTESIAN_POINT('',(-0.000267942578011,-0.00732020982562504,0.00477603606511084));
#4755=CARTESIAN_POINT('',(-0.00522278794125118,-0.00634872565969596,0.00416291076883606));
#4756=CARTESIAN_POINT('',(-0.000278608483959516,-0.00734941133716935,0.00482295898740891));
#4757=CARTESIAN_POINT('',(-0.00523198055432984,-0.00637378900407483,0.00420356210577816));
#4758=CARTESIAN_POINT('',(-0.000300261992788372,-0.00740726703689937,0.00492108805090287));
#4759=CARTESIAN_POINT('',(-0.00525063182524261,-0.00642341721703296,0.00428849907336584));
#4760=CARTESIAN_POINT('',(-0.000311249835378144,-0.00743592143986079,0.00497229613333235));
#4761=CARTESIAN_POINT('',(-0.00526009050530415,-0.00644798152862517,0.00433278604259149));
#4762=CARTESIAN_POINT('',(-0.000344474323852266,-0.00752033989232141,0.00513160556889051));
#4763=CARTESIAN_POINT('',(-0.00528868152302149,-0.00652032750129255,0.00447047978840897));
#4764=CARTESIAN_POINT('',(-0.000366972855278295,-0.00757456897074358,0.00524538161238051));
#4765=CARTESIAN_POINT('',(-0.00530802939434345,-0.00656677017327414,0.00456870889558445));
#4766=CARTESIAN_POINT('',(-0.000400414340008688,-0.00765042556268364,0.00542403333597983));
#4767=CARTESIAN_POINT('',(-0.00533679403091585,-0.00663174503106533,0.00472292425524806));
#4768=CARTESIAN_POINT('',(-0.000411511512223087,-0.00767480573734119,0.00548490733295288));
#4769=CARTESIAN_POINT('',(-0.00534634048181834,-0.00665263136158967,0.00477546633173319));
#4770=CARTESIAN_POINT('',(-0.000425114800442052,-0.00770378797595028,0.00556134381256629));
#4771=CARTESIAN_POINT('',(-0.00535804675583348,-0.00667746811050915,0.00484145208379353));
#4772=CARTESIAN_POINT('',(-0.000427718992993376,-0.00770929668572731,0.00557605623281271));
#4773=CARTESIAN_POINT('',(-0.00536028796219258,-0.00668218918800052,0.00485415357060616));
#4774=CARTESIAN_POINT('',(-0.000430316533027226,-0.00771474953477577,0.00559081499219862));
#4775=CARTESIAN_POINT('',(-0.0053625236400135,-0.00668686269034577,0.00486689588162538));
#4776=CARTESIAN_POINT('',(-0.000430316654731491,-0.00950239766215449,-0.000692114878717975));
#4777=CARTESIAN_POINT('',(-0.00536252374319273,-0.00824737626201801,-0.000617739073764581));
#4778=CARTESIAN_POINT('',(-0.000427719050081052,-0.00948999176195768,-0.000682437040050166));
#4779=CARTESIAN_POINT('',(-0.00536028800966561,-0.00823669454151271,-0.000609365413427089));
#4780=CARTESIAN_POINT('',(-0.00042511479248247,-0.00947756276081074,-0.000672828009761533));
#4781=CARTESIAN_POINT('',(-0.00535804674723714,-0.00822599386162379,-0.000601051510363136));
#4782=CARTESIAN_POINT('',(-0.000411511424345876,-0.00941268256330552,-0.000623097304444338));
#4783=CARTESIAN_POINT('',(-0.00534634040399607,-0.00817013988036532,-0.000558023910236935));
#4784=CARTESIAN_POINT('',(-0.000400414236129775,-0.00935990801593571,-0.000584175650594738));
#4785=CARTESIAN_POINT('',(-0.00533679393891777,-0.00812472205862242,-0.000524346931021456));
#4786=CARTESIAN_POINT('',(-0.000366972701055399,-0.00920136519322106,-0.000472216113309186));
#4787=CARTESIAN_POINT('',(-0.00530802925773428,-0.00798829518733731,-0.000427435127946736));
#4788=CARTESIAN_POINT('',(-0.000344474133091007,-0.00909536316392383,-0.00040402962677939));
#4789=CARTESIAN_POINT('',(-0.00528868135400865,-0.00789709772057039,-0.000368367906056898));
#4790=CARTESIAN_POINT('',(-0.000311249595009359,-0.00893972331208237,-0.000313022533524139));
#4791=CARTESIAN_POINT('',(-0.00526009029223459,-0.00776310131740837,-0.000289383507364538));
#4792=CARTESIAN_POINT('',(-0.000300261736739278,-0.00888840319511643,-0.000284569127605388));
#4793=CARTESIAN_POINT('',(-0.00525063159823249,-0.00771890217063263,-0.000264661396136988));
#4794=CARTESIAN_POINT('',(-0.000278608199959735,-0.00878755486731905,-0.00023159520114807));
#4795=CARTESIAN_POINT('',(-0.00523198030243359,-0.00763199375030508,-0.000218572402812061));
#4796=CARTESIAN_POINT('',(-0.000267942281702467,-0.00873802545178581,-0.000207073143226137));
#4797=CARTESIAN_POINT('',(-0.00522278767837399,-0.00758928424548624,-0.000197204089431142));
#4798=CARTESIAN_POINT('',(-0.000247085364671385,-0.00864144112471631,-0.000162025144643635));
#4799=CARTESIAN_POINT('',(-0.00520479576077245,-0.00750592404689856,-0.000157878673524879));
#4800=CARTESIAN_POINT('',(-0.000236893991238801,-0.00859438460045011,-0.000141499713973937));
#4801=CARTESIAN_POINT('',(-0.00519599645472681,-0.00746527333711632,-0.000139921996045686));
#4802=CARTESIAN_POINT('',(-0.000217144114632587,-0.00850344329671946,-0.000104417060456539));
#4803=CARTESIAN_POINT('',(-0.00517892304914961,-0.00738661346717622,-0.000107403018955243));
#4804=CARTESIAN_POINT('',(-0.000207586544264555,-0.00845956262918997,-8.78596108282968E-5));
#4805=CARTESIAN_POINT('',(-0.00517065008665368,-0.00734860932452088,-9.28405000383582E-5));
#4806=CARTESIAN_POINT('',(-0.000189267251315735,-0.0083756833813315,-5.85860470411611E-5));
#4807=CARTESIAN_POINT('',(-0.00515476717476434,-0.00727584412605989,-6.70123085940807E-5));
#4808=CARTESIAN_POINT('',(-0.000180501330718521,-0.00833566616151631,-4.58695068127137E-5));
#4809=CARTESIAN_POINT('',(-0.00514715462543705,-0.00724107151542685,-5.57462541369136E-5));
#4810=CARTESIAN_POINT('',(-0.000163946886289533,-0.0082602979551692,-2.40593736286258E-5));
#4811=CARTESIAN_POINT('',(-0.00513274274772208,-0.00717541892440737,-3.63385698297599E-5));
#4812=CARTESIAN_POINT('',(-0.000156171878667564,-0.00822500693869943,-1.4966690010333E-5));
#4813=CARTESIAN_POINT('',(-0.00512595517216988,-0.00714459109176554,-2.8197747913212E-5));
#4814=CARTESIAN_POINT('',(-0.000145363974908307,-0.00817608723938805,-3.81348261898438E-6));
#4815=CARTESIAN_POINT('',(-0.00511649793119587,-0.00710175777175036,-1.81457790204934E-5));
#4816=CARTESIAN_POINT('',(-0.000141896828155189,-0.00816041926045327,-5.08921607112906E-7));
#4817=CARTESIAN_POINT('',(-0.00511346242987419,-0.0070880312625088,-1.51541058292713E-5));
#4818=CARTESIAN_POINT('',(-0.000135279377591843,-0.00813055958408099,5.3182700957172E-6));
#4819=CARTESIAN_POINT('',(-0.00510764694794194,-0.00706177350238985,-9.85205852012268E-6));
#4820=CARTESIAN_POINT('',(-0.000132138188637205,-0.00811640831563102,7.84042471434582E-6));
#4821=CARTESIAN_POINT('',(-0.0051048745108188,-0.00704927571681109,-7.54214447331167E-6));
#4822=CARTESIAN_POINT('',(-0.000127758393832641,-0.00809670362518321,1.10702380128854E-5));
#4823=CARTESIAN_POINT('',(-0.00510099146648772,-0.00703179514442669,-4.56251619413775E-6));
#4824=CARTESIAN_POINT('',(-0.000126356418063703,-0.0080904007442825,1.20543966841159E-5));
#4825=CARTESIAN_POINT('',(-0.00509974392804295,-0.00702618318496743,-3.65024518200818E-6));
#4826=CARTESIAN_POINT('',(-0.000123654412263274,-0.00807826303246816,1.38461338634403E-5));
#4827=CARTESIAN_POINT('',(-0.00509734545550144,-0.00701540177781784,-1.9820778751431E-6));
#4828=CARTESIAN_POINT('',(-0.000122352297215765,-0.00807241894625083,1.465389902422E-5));
#4829=CARTESIAN_POINT('',(-0.00509619193742566,-0.00701022085789332,-1.22592810073598E-6));
#4830=CARTESIAN_POINT('',(-0.000119818041060793,-0.00806105623269232,1.61029370939021E-5));
#4831=CARTESIAN_POINT('',(-0.00509395164209526,-0.00700016839318556,1.38860401257262E-7));
#4832=CARTESIAN_POINT('',(-0.000118585898962436,-0.00805553760091461,1.67442105015672E-5));
#4833=CARTESIAN_POINT('',(-0.00509286486383652,-0.00699529684391494,7.4749954429606E-7));
#4834=CARTESIAN_POINT('',(-0.000116771070327801,-0.00804741846880962,1.75884912684476E-5));
#4835=CARTESIAN_POINT('',(-0.005091267671438,-0.00698814529628936,1.55604683382454E-6));
#4836=CARTESIAN_POINT('',(-0.000116169625392534,-0.00804472939405324,1.78504456344478E-5));
#4837=CARTESIAN_POINT('',(-0.00509074061707751,-0.00698578673217371,1.80817087022148E-6));
#4838=CARTESIAN_POINT('',(-0.000114988952561725,-0.00803945328584123,1.83354498181644E-5));
#4839=CARTESIAN_POINT('',(-0.00508969599454647,-0.00698111477042849,2.27857228318189E-6));
#4840=CARTESIAN_POINT('',(-0.000114411211965834,-0.00803687285081272,1.85584057437435E-5));
#4841=CARTESIAN_POINT('',(-0.00508917752011134,-0.00697879735110899,2.49691802490041E-6));
#4842=CARTESIAN_POINT('',(-0.000112757277532558,-0.00802948838210202,1.91674803038787E-5));
#4843=CARTESIAN_POINT('',(-0.00508767008508953,-0.00697206252918538,3.09998212284372E-6));
#4844=CARTESIAN_POINT('',(-0.000111761168808781,-0.00802504472435463,1.94937522375649E-5));
#4845=CARTESIAN_POINT('',(-0.00508673024318697,-0.00696786757888963,3.43264266539646E-6));
#4846=CARTESIAN_POINT('',(-0.000110579599532488,-0.00801977567156184,1.98597532368801E-5));
#4847=CARTESIAN_POINT('',(-0.00508555755599779,-0.00696263567550193,3.82243021733374E-6));
#4848=CARTESIAN_POINT('',(-0.00011023768717727,-0.00801825137242973,1.99611951563236E-5));
#4849=CARTESIAN_POINT('',(-0.005085206019381,-0.00696106778021147,3.9341704371039E-6));
#4850=CARTESIAN_POINT('',(-0.000109680752339765,-0.00801576883275576,2.01225087191992E-5));
#4851=CARTESIAN_POINT('',(-0.00508460300458258,-0.0069583787519059,4.12056131074125E-6));
#4852=CARTESIAN_POINT('',(-0.000109464281951611,-0.00801480416480484,2.01825122698212E-5));
#4853=CARTESIAN_POINT('',(-0.00508435699557106,-0.00695728190417569,4.19463759019857E-6));
#4854=CARTESIAN_POINT('',(-0.00010902492963274,-0.0080128489489727,2.02752436491881E-5));
#4855=CARTESIAN_POINT('',(-0.00508394382613311,-0.00695544066534324,4.3092823972747E-6));
#4856=CARTESIAN_POINT('',(-0.000108801207797402,-0.00801185467160299,2.0308059456013E-5));
#4857=CARTESIAN_POINT('',(-0.00508376672977096,-0.00695465215500959,4.35089154182623E-6));
#4858=CARTESIAN_POINT('',(-0.000108215192284313,-0.00800925335881525,2.03606613260619E-5));
#4859=CARTESIAN_POINT('',(-0.00508335223404723,-0.00695280958287913,4.41650924608081E-6));
#4860=CARTESIAN_POINT('',(-0.000107848854231169,-0.00800762836954991,2.03808205044604E-5));
#4861=CARTESIAN_POINT('',(-0.00508311450912878,-0.0069517540758651,4.44054784644077E-6));
#4862=CARTESIAN_POINT('',(-0.000106874619404421,-0.00800330827002893,2.04195760883241E-5));
#4863=CARTESIAN_POINT('',(-0.00508246757977791,-0.00694888372292397,4.48399116981297E-6));
#4864=CARTESIAN_POINT('',(-0.000106275724671499,-0.00800065312109717,2.04373491285633E-5));
#4865=CARTESIAN_POINT('',(-0.00508205097190828,-0.00694703600377245,4.50416289444885E-6));
#4866=CARTESIAN_POINT('',(-0.000104869179555263,-0.00799441815140297,2.04701481472129E-5));
#4867=CARTESIAN_POINT('',(-0.00508101747289524,-0.00694245318250925,4.54445066293343E-6));
#4868=CARTESIAN_POINT('',(-0.000104061882135393,-0.00799083989785625,2.04851379420901E-5));
#4869=CARTESIAN_POINT('',(-0.00508040475508084,-0.00693973661066586,4.5641388706522E-6));
#4870=CARTESIAN_POINT('',(-9.95469709377772E-5,-0.00797082949944871,2.05535438818454E-5));
#4871=CARTESIAN_POINT('',(-0.00507689805858409,-0.00692419069007523,4.66042968466247E-6));
#4872=CARTESIAN_POINT('',(-9.44099352364998E-5,-0.00794806587689569,2.0587403295634E-5));
#4873=CARTESIAN_POINT('',(-0.00507267963044329,-0.00690549374533705,4.73059980847217E-6));
#4874=CARTESIAN_POINT('',(-8.20594492592624E-5,-0.00789334150924768,2.06251736473559E-5));
#4875=CARTESIAN_POINT('',(-0.0050622790826482,-0.00685940039109461,4.86020474731564E-6));
#4876=CARTESIAN_POINT('',(-7.48459026548468E-5,-0.0078613803374663,2.06290833642133E-5));
#4877=CARTESIAN_POINT('',(-0.00505609691658954,-0.00683200377600723,4.91963935547176E-6));
#4878=CARTESIAN_POINT('',(-6.22727879585975E-5,-0.00780567398190849,2.06193119304193E-5));
#4879=CARTESIAN_POINT('',(-0.00504519863491466,-0.00678370891600892,5.00838257973512E-6));
#4880=CARTESIAN_POINT('',(-5.77420175583402E-5,-0.00778546752159298,2.20452631031193E-5));
#4881=CARTESIAN_POINT('',(-0.00504126170452008,-0.0067661507025132,6.24935715367154E-6));
#4882=CARTESIAN_POINT('',(-4.91098014355839E-5,-0.00774674651968942,2.71663957923208E-5));
#4883=CARTESIAN_POINT('',(-0.0050337410785008,-0.00673241902560968,1.06772139069246E-5));
#4884=CARTESIAN_POINT('',(-4.50080343505322E-5,-0.00772823058179661,3.08612800452675E-5));
#4885=CARTESIAN_POINT('',(-0.00503015714225596,-0.00671624451846849,1.38638546344395E-5));
#4886=CARTESIAN_POINT('',(-3.72310787671657E-5,-0.00769292497013152,4.00183301207425E-5));
#4887=CARTESIAN_POINT('',(-0.00502334276010432,-0.00668531868731354,2.17805050064702E-5));
#4888=CARTESIAN_POINT('',(-3.355563356317E-5,-0.0076761341577214,4.54805095506583E-5));
#4889=CARTESIAN_POINT('',(-0.00502011211930451,-0.00667056650085844,2.65105031660077E-5));
#4890=CARTESIAN_POINT('',(-2.66123221351846E-5,-0.00764423248537063,5.77634757509375E-5));
#4891=CARTESIAN_POINT('',(-0.00501399156855876,-0.00664245947932617,3.71825491262112E-5));
#4892=CARTESIAN_POINT('',(-2.33442584156112E-5,-0.00762912073186496,6.45844624726581E-5));
#4893=CARTESIAN_POINT('',(-0.00501110150610627,-0.00662910395641469,4.31247278187543E-5));
#4894=CARTESIAN_POINT('',(-1.41087363670268E-5,-0.00758616056076075,8.66067503439675E-5));
#4895=CARTESIAN_POINT('',(-0.00500291154496744,-0.00659103308591038,6.23760226062797E-5));
#4896=CARTESIAN_POINT('',(-8.70977726954541E-6,-0.00756068973830741,0.000103332215381759));
#4897=CARTESIAN_POINT('',(-0.00499809192403101,-0.00656831623737626,7.70821356002599E-5));
#4898=CARTESIAN_POINT('',(8.35833391854579E-7,-0.00751506707015558,0.000139260692918699));
#4899=CARTESIAN_POINT('',(-0.00498953560404209,-0.00652745981126319,0.000108877100632921));
#4900=CARTESIAN_POINT('',(4.98501036482656E-6,-0.00749490303649564,0.000158474483318598));
#4901=CARTESIAN_POINT('',(-0.0049857968236792,-0.00650931026378307,0.000125974028240268));
#4902=CARTESIAN_POINT('',(1.22681664122243E-5,-0.00745889885479175,0.000198781078518079));
#4903=CARTESIAN_POINT('',(-0.0049792206469369,-0.00647683583900328,0.000161992335889183));
#4904=CARTESIAN_POINT('',(1.54035269858783E-5,-0.00744305169313953,0.000219883516521375));
#4905=CARTESIAN_POINT('',(-0.00497638206688914,-0.00646250501676505,0.000180921275535021));
#4906=CARTESIAN_POINT('',(2.08052996888011E-5,-0.00741502572257126,0.000264048890028069));
#4907=CARTESIAN_POINT('',(-0.0049714946637771,-0.00643717427135189,0.000220594857975298));
#4908=CARTESIAN_POINT('',(2.30726736709321E-5,-0.00740284185171825,0.000287120462025176));
#4909=CARTESIAN_POINT('',(-0.00496944503257228,-0.00642617011585603,0.000241346533957753));
#4910=CARTESIAN_POINT('',(2.67611806292871E-5,-0.00738199646852233,0.000335713887504676));
#4911=CARTESIAN_POINT('',(-0.0049661219010975,-0.00640740238490711,0.000284988763941228));
#4912=CARTESIAN_POINT('',(2.81831932744257E-5,-0.0073733301979604,0.000361245029425783));
#4913=CARTESIAN_POINT('',(-0.0049648477222446,-0.00639963509578664,0.000307886948698615));
#4914=CARTESIAN_POINT('',(3.00534739934016E-5,-0.00736002594130966,0.000415394302265731));
#4915=CARTESIAN_POINT('',(-0.00496318147747723,-0.00638776986658012,0.000356262517533156));
#4916=CARTESIAN_POINT('',(3.05024673532679E-5,-0.00735538358316479,0.000444024936014264));
#4917=CARTESIAN_POINT('',(-0.0049627889171664,-0.00638366880741737,0.000381749922497772));
#4918=CARTESIAN_POINT('',(2.94618528943917E-5,-0.00734449167702498,0.000611323774095424));
#4919=CARTESIAN_POINT('',(-0.00496372620816836,-0.00637409367606159,0.000529898139011058));
#4920=CARTESIAN_POINT('',(2.94618528947785E-5,-0.00733176819808779,0.000748631979128121));
#4921=CARTESIAN_POINT('',(-0.00496372620816838,-0.00636293114596899,0.000650361023273536));
#4922=CARTESIAN_POINT('',(3.05024673535163E-5,-0.00731173356799879,0.000915083619071564));
#4923=CARTESIAN_POINT('',(-0.00496278891716641,-0.00634512107916796,0.000797746160641897));
#4924=CARTESIAN_POINT('',(3.0053473975572E-5,-0.00731103601238591,0.000944079833127526));
#4925=CARTESIAN_POINT('',(-0.00496318147748465,-0.00634446900843711,0.000823553196583887));
#4926=CARTESIAN_POINT('',(2.81831862719611E-5,-0.00731416385503749,0.000999751891071045));
#4927=CARTESIAN_POINT('',(-0.00496484772830809,-0.00634724323861989,0.000873285421095143));
#4928=CARTESIAN_POINT('',(2.67611667104237E-5,-0.00731799125333809,0.00102644082791555));
#4929=CARTESIAN_POINT('',(-0.00496612191317142,-0.00635067076402752,0.000897221032752368));
#4930=CARTESIAN_POINT('',(2.3072637619604E-5,-0.00732955276667103,0.00107803737229864));
#4931=CARTESIAN_POINT('',(-0.00496944506393989,-0.00636109977059578,0.000943568892762855));
#4932=CARTESIAN_POINT('',(2.08052484521379E-5,-0.00733728985204101,0.00110295498424158));
#4933=CARTESIAN_POINT('',(-0.00497149470840277,-0.00636810349994947,0.000965989324143412));
#4934=CARTESIAN_POINT('',(1.54034399150663E-5,-0.00735672340455803,0.0011515182823194));
#4935=CARTESIAN_POINT('',(-0.00497638214281351,-0.0063857130650895,0.00100964204344414));
#4936=CARTESIAN_POINT('',(1.22680587031271E-5,-0.00736842326047403,0.00117517338781522));
#4937=CARTESIAN_POINT('',(-0.00497922074089072,-0.00639632176875659,0.00103088202229616));
#4938=CARTESIAN_POINT('',(4.98486233710632E-6,-0.00739640825653114,0.00122140951578897));
#4939=CARTESIAN_POINT('',(-0.00498579695279516,-0.00642162505770431,0.00107225427625956));
#4940=CARTESIAN_POINT('',(8.35665693382987E-7,-0.00741269852075321,0.00124400129585178));
#4941=CARTESIAN_POINT('',(-0.00498953575027808,-0.00643632409759701,0.00109239507434577));
#4942=CARTESIAN_POINT('',(-8.70997355131278E-6,-0.00745094266753548,0.00128770111173605));
#4943=CARTESIAN_POINT('',(-0.00499809209502322,-0.00647064267005505,0.00113115597028765));
#4944=CARTESIAN_POINT('',(-1.41089415105689E-5,-0.00747290654992654,0.00130882198091876));
#4945=CARTESIAN_POINT('',(-0.00500291172354857,-0.00649027051871565,0.00114978583772067));
#4946=CARTESIAN_POINT('',(-2.33444594339339E-5,-0.00751108865252387,0.00133836306685261));
#4947=CARTESIAN_POINT('',(-0.00501110168089894,-0.0065241557386944,0.00117570472465962));
#4948=CARTESIAN_POINT('',(-2.66125188583052E-5,-0.00752468973268991,0.00134784463642214));
#4949=CARTESIAN_POINT('',(-0.00501399173954675,-0.0065361919734581,0.00118399975056685));
#4950=CARTESIAN_POINT('',(-3.35558142769755E-5,-0.0075537911692327,0.00136578026175775));
#4951=CARTESIAN_POINT('',(-0.00502011227625541,-0.0065618593833639,0.00119965463573654));
#4952=CARTESIAN_POINT('',(-3.72312477590216E-5,-0.00756929236718626,0.00137423467823997));
#4953=CARTESIAN_POINT('',(-0.00502334290681645,-0.00657549121055069,0.00120701475003373));
#4954=CARTESIAN_POINT('',(-4.50081710902058E-5,-0.00760231409876438,0.00138972307738796));
#4955=CARTESIAN_POINT('',(-0.00503015726088564,-0.00660443567540159,0.00122047910462379));
#4956=CARTESIAN_POINT('',(-4.91099176335972E-5,-0.00761983574908994,0.00139675728263588));
#4957=CARTESIAN_POINT('',(-0.00503374117927768,-0.00661974916289353,0.0012265834920869));
#4958=CARTESIAN_POINT('',(-5.7742082960827E-5,-0.00765695623154559,0.00140890607677181));
#4959=CARTESIAN_POINT('',(-0.00504126176121486,-0.0066520926905626,0.00123713404356271));
#4960=CARTESIAN_POINT('',(-6.22728230917518E-5,-0.00767655649075919,0.00141402063002325));
#4961=CARTESIAN_POINT('',(-0.00504519866536789,-0.00666912380101435,0.00124158016201674));
#4962=CARTESIAN_POINT('',(-7.48459608337392E-5,-0.00773131623562123,0.00142424705968414));
#4963=CARTESIAN_POINT('',(-0.00505609696701865,-0.00671658012970536,0.00125054156788236));
#4964=CARTESIAN_POINT('',(-8.20595495580392E-5,-0.00776273267273906,0.0014301237871356));
#4965=CARTESIAN_POINT('',(-0.00506227916874944,-0.00674349949959862,0.00125563413478436));
#4966=CARTESIAN_POINT('',(-9.44100805968121E-5,-0.00781651850994582,0.00144021652785161));
#4967=CARTESIAN_POINT('',(-0.00507267975203298,-0.0067887843665237,0.00126423119437537));
#4968=CARTESIAN_POINT('',(-9.95471192271695E-5,-0.00783888832962519,0.00144443261830912));
#4969=CARTESIAN_POINT('',(-0.00507689817997973,-0.00680715006563094,0.00126773572462838));
#4970=CARTESIAN_POINT('',(-0.000104062005903183,-0.00785854533653121,0.0014481767415418));
#4971=CARTESIAN_POINT('',(-0.00508040485057694,-0.0068224134811313,0.00127068691089481));
#4972=CARTESIAN_POINT('',(-0.000104869297012953,-0.0078620598816432,0.00144884897353626));
#4973=CARTESIAN_POINT('',(-0.00508101756193185,-0.00682508015233305,0.00127120542751532));
#4974=CARTESIAN_POINT('',(-0.000106275826619563,-0.00786818259473775,0.00145002687457365));
#4975=CARTESIAN_POINT('',(-0.00508205104539954,-0.00682957747176843,0.00127208710812372));
#4976=CARTESIAN_POINT('',(-0.00010687471205947,-0.00787078922843182,0.00145053221998832));
#4977=CARTESIAN_POINT('',(-0.00508246764307797,-0.00683138997905807,0.00127244644561916));
#4978=CARTESIAN_POINT('',(-0.000107848925892948,-0.00787502855724892,0.00145136411533392));
#4979=CARTESIAN_POINT('',(-0.00508311455590706,-0.00683420340407239,0.00127301656248556));
#4980=CARTESIAN_POINT('',(-0.000108215252367947,-0.00787662212328927,0.00145168251315579));
#4981=CARTESIAN_POINT('',(-0.0050833522746473,-0.00683523649501832,0.00127323413637719));
#4982=CARTESIAN_POINT('',(-0.000108801253535181,-0.00787916941557087,0.00145221219945009));
#4983=CARTESIAN_POINT('',(-0.00508376676474086,-0.00683703561189169,0.00127363720637792));
#4984=CARTESIAN_POINT('',(-0.000109024971444558,-0.00788014071636677,0.00145242715264565));
#4985=CARTESIAN_POINT('',(-0.0050839438615579,-0.0068378030525039,0.00127382299748971));
#4986=CARTESIAN_POINT('',(-0.00010946432440583,-0.00788204560403244,0.00145287757939537));
#4987=CARTESIAN_POINT('',(-0.00508435704021937,-0.00683959191457253,0.00127427402899986));
#4988=CARTESIAN_POINT('',(-0.000109680799397816,-0.00788298284087728,0.00145311382475392));
#4989=CARTESIAN_POINT('',(-0.00508460305841728,-0.0068406565146491,0.00127454839956802));
#4990=CARTESIAN_POINT('',(-0.000110237752786587,-0.00788539354953514,0.00145372857832721));
#4991=CARTESIAN_POINT('',(-0.00508520608889368,-0.00684326557565782,0.00127522574289879));
#4992=CARTESIAN_POINT('',(-0.0001105796744871,-0.00788687329507731,0.00145410839305617));
#4993=CARTESIAN_POINT('',(-0.00508555763298865,-0.00684478627463599,0.00127562368956783));
#4994=CARTESIAN_POINT('',(-0.000111761269475219,-0.00789198549079244,0.00145543637890609));
#4995=CARTESIAN_POINT('',(-0.00508673034083812,-0.00684985756079169,0.00127696822585684));
#4996=CARTESIAN_POINT('',(-0.000112757393080092,-0.00789629359867635,0.00145657363449525));
#4997=CARTESIAN_POINT('',(-0.00508767019420892,-0.00685392000723107,0.00127806605800185));
#4998=CARTESIAN_POINT('',(-0.000114411344161247,-0.00790344048711983,0.00145852925534726));
#4999=CARTESIAN_POINT('',(-0.00508917764096506,-0.00686042939347619,0.0012798963933921));
#5000=CARTESIAN_POINT('',(-0.000114989089347289,-0.00790593603694571,0.00145922257612243));
#5001=CARTESIAN_POINT('',(-0.00508969611821838,-0.00686266724537264,0.00128053685164381));
#5002=CARTESIAN_POINT('',(-0.000116169769183976,-0.00791103321992789,0.00146066881766206));
#5003=CARTESIAN_POINT('',(-0.00509074074505939,-0.00686717324021041,0.00128185772448205));
#5004=CARTESIAN_POINT('',(-0.000116771216199138,-0.00791362838279981,0.00146142043338103));
#5005=CARTESIAN_POINT('',(-0.00509126780153087,-0.00686944532649506,0.00128253894580351));
#5006=CARTESIAN_POINT('',(-0.000118586051861301,-0.00792145416459929,0.00146374224259689));
#5007=CARTESIAN_POINT('',(-0.00509286500057677,-0.00687632656322367,0.00128464783550595));
#5008=CARTESIAN_POINT('',(-0.000119818199028196,-0.00792676101881915,0.00146538665536107));
#5009=CARTESIAN_POINT('',(-0.00509395178363349,-0.00688100334816288,0.00128614126764479));
#5010=CARTESIAN_POINT('',(-0.000122352466329842,-0.00793766404748802,0.00146889894026386));
#5011=CARTESIAN_POINT('',(-0.00509619208950276,-0.00689063391576675,0.00128932997790063));
#5012=CARTESIAN_POINT('',(-0.000123654587455538,-0.00794326022620662,0.00147076681370798));
#5013=CARTESIAN_POINT('',(-0.00509734561331945,-0.00689558770276622,0.0012910252572506));
#5014=CARTESIAN_POINT('',(-0.000126356606633349,-0.00795486209608337,0.00147475837159645));
#5015=CARTESIAN_POINT('',(-0.00509974409846722,-0.00690587906434415,0.00129464612664409));
#5016=CARTESIAN_POINT('',(-0.000127758589993315,-0.00796087685192739,0.00147688394043621));
#5017=CARTESIAN_POINT('',(-0.00510099164368891,-0.00691122786885917,0.00129657407378785));
#5018=CARTESIAN_POINT('',(-0.000132138406283706,-0.00797965264671547,0.00148367953509335));
#5019=CARTESIAN_POINT('',(-0.00510487470670074,-0.00692786337484987,0.00130271505748662));
#5020=CARTESIAN_POINT('',(-0.000135279608227538,-0.00799309957284762,0.0014887590656788));
#5021=CARTESIAN_POINT('',(-0.00510764715502792,-0.00693972396332078,0.00130728213107218));
#5022=CARTESIAN_POINT('',(-0.000141897080843309,-0.00802138017985808,0.00149997380069445));
#5023=CARTESIAN_POINT('',(-0.00511346265578459,-0.00696456046492517,0.0013173188058717));
#5024=CARTESIAN_POINT('',(-0.000145364236489169,-0.00803617420686561,0.00150610110820342));
#5025=CARTESIAN_POINT('',(-0.00511649816499359,-0.00697750356826916,0.00132278180584959));
#5026=CARTESIAN_POINT('',(-0.000156172166070756,-0.00808221166511896,0.00152605347009436));
#5027=CARTESIAN_POINT('',(-0.00512595542877925,-0.00701776061898054,0.00134053330119574));
#5028=CARTESIAN_POINT('',(-0.000163947188136697,-0.00811523106745817,0.00154147609770213));
#5029=CARTESIAN_POINT('',(-0.0051327430170049,-0.0070465677285501,0.0013542001601352));
#5030=CARTESIAN_POINT('',(-0.000180501652975693,-0.00818530846641926,0.00157676384519188));
#5031=CARTESIAN_POINT('',(-0.00514715491241759,-0.00710753637688962,0.00138534111364387));
#5032=CARTESIAN_POINT('',(-0.000189267579453381,-0.00822230768080042,0.0015966170516852));
#5033=CARTESIAN_POINT('',(-0.00515476746679172,-0.00713964680438397,0.00140280483194549));
#5034=CARTESIAN_POINT('',(-0.000207586877335691,-0.00829937973688457,0.00164080502226514));
#5035=CARTESIAN_POINT('',(-0.00517065038276888,-0.00720642713147223,0.00144156388401282));
#5036=CARTESIAN_POINT('',(-0.000217144446552966,-0.00833947082152386,0.00166514362999344));
#5037=CARTESIAN_POINT('',(-0.00517892334411191,-0.00724110831812743,0.00146286171623477));
#5038=CARTESIAN_POINT('',(-0.000236894314651167,-0.00842204971579237,0.00171830533988184));
#5039=CARTESIAN_POINT('',(-0.00519599674190406,-0.00731245347039294,0.00150928074210763));
#5040=CARTESIAN_POINT('',(-0.000247085680652633,-0.00846453344150712,0.00174712790934067));
#5041=CARTESIAN_POINT('',(-0.00520479604126071,-0.0073491124633881,0.00153440122932373));
#5042=CARTESIAN_POINT('',(-0.000267942578011,-0.00855119560173882,0.00180915620310116));
#5043=CARTESIAN_POINT('',(-0.00522278794125118,-0.00742382719209611,0.00158837444995426));
#5044=CARTESIAN_POINT('',(-0.000278608483959516,-0.00859537571494385,0.00184236172238115));
#5045=CARTESIAN_POINT('',(-0.00523198055432984,-0.00746188302139511,0.00161722676845728));
#5046=CARTESIAN_POINT('',(-0.000300261992788372,-0.00868477285465279,0.00191296445961783));
#5047=CARTESIAN_POINT('',(-0.00525063182524261,-0.00753884272346579,0.00167850035364372));
#5048=CARTESIAN_POINT('',(-0.000311249835378143,-0.00872999078268356,0.00195036341013499));
#5049=CARTESIAN_POINT('',(-0.00526009050530415,-0.00757774656041342,0.00171092306972282));
#5050=CARTESIAN_POINT('',(-0.000344474323852265,-0.00886625785119273,0.00206841957225124));
#5051=CARTESIAN_POINT('',(-0.00528868152302149,-0.00769494788899764,0.00181318428415199));
#5052=CARTESIAN_POINT('',(-0.000366972855278294,-0.00895792560837011,0.00215492277053215));
#5053=CARTESIAN_POINT('',(-0.00530802939434345,-0.00777373883722395,0.00188800317050349));
#5054=CARTESIAN_POINT('',(-0.000400414340008687,-0.00909319622007171,0.00229410797986002));
#5055=CARTESIAN_POINT('',(-0.00533679403091585,-0.00789003510120028,0.00200833308484865));
#5056=CARTESIAN_POINT('',(-0.000411511512223086,-0.00913792027998192,0.00234206415661502));
#5057=CARTESIAN_POINT('',(-0.00534634048181834,-0.0079284914116428,0.00204978209920713));
#5058=CARTESIAN_POINT('',(-0.000425114800442051,-0.00919255745388389,0.00240286945900298));
#5059=CARTESIAN_POINT('',(-0.00535804675583348,-0.0079754877932978,0.00210233991197741));
#5060=CARTESIAN_POINT('',(-0.000427718992993375,-0.00920300891197428,0.0024145984068117));
#5061=CARTESIAN_POINT('',(-0.00536028796219258,-0.00798447837321061,0.00211247824580316));
#5062=CARTESIAN_POINT('',(-0.000430316533027226,-0.00921342502111452,0.00242639074380378));
#5063=CARTESIAN_POINT('',(-0.0053625236400135,-0.00799343933802527,0.00212267183319288));
#5064=CARTESIAN_POINT('',(-0.000430316654731491,-0.00485513894269256,0.00819769541897064));
#5065=CARTESIAN_POINT('',(-0.00536252374319273,-0.00422914927697209,0.00710739848071291));
#5066=CARTESIAN_POINT('',(-0.000427719050081052,-0.00484094591122182,0.0081909038964135));
#5067=CARTESIAN_POINT('',(-0.00536028800966561,-0.00421689223108879,0.00710156905821871));
#5068=CARTESIAN_POINT('',(-0.00042511479248247,-0.00482680417750674,0.00818406102420002));
#5069=CARTESIAN_POINT('',(-0.00535804674723714,-0.00420468022679868,0.00709569602787143));
#5070=CARTESIAN_POINT('',(-0.000411511424345876,-0.00475336748309516,0.00814814953587717));
#5071=CARTESIAN_POINT('',(-0.00534634040399607,-0.00414126723688088,0.00706487664590607));
#5072=CARTESIAN_POINT('',(-0.000400414236129775,-0.00469500260735869,0.00811825657234486));
#5073=CARTESIAN_POINT('',(-0.00533679393891777,-0.00409087637613682,0.00703923140045155));
#5074=CARTESIAN_POINT('',(-0.0003669727010554,-0.00452411192234657,0.00802623951740605));
#5075=CARTESIAN_POINT('',(-0.00530802925773428,-0.00394331379823494,0.00696030438108056));
#5076=CARTESIAN_POINT('',(-0.000344474133091007,-0.0044158247123907,0.007961743724362));
#5077=CARTESIAN_POINT('',(-0.00528868135400865,-0.00384978878058916,0.0069049962829317));
#5078=CARTESIAN_POINT('',(-0.000311249595009359,-0.00426498385160255,0.00786298599443318));
#5079=CARTESIAN_POINT('',(-0.00526009029223459,-0.0037193575098646,0.00682025399765258));
#5080=CARTESIAN_POINT('',(-0.000300261736739278,-0.0042166380625554,0.00782972888398768));
#5081=CARTESIAN_POINT('',(-0.00525063159823249,-0.00367752592839835,0.00679170813715961));
#5082=CARTESIAN_POINT('',(-0.000278608199959735,-0.00412426578037665,0.00776306567382704));
#5083=CARTESIAN_POINT('',(-0.00523198030243359,-0.00359753033705843,0.00673445454167679));
#5084=CARTESIAN_POINT('',(-0.000267942281702467,-0.0040802373740541,0.0077296591809778));
#5085=CARTESIAN_POINT('',(-0.00522278767837399,-0.00355936494286768,0.00670574723764313));
#5086=CARTESIAN_POINT('',(-0.000247085364671385,-0.00399686072023228,0.00766328005768413));
#5087=CARTESIAN_POINT('',(-0.00520479576077245,-0.00348700543627545,0.00664865509413366));
#5088=CARTESIAN_POINT('',(-0.000236893991238801,-0.00395751221040254,0.00763030575626059));
#5089=CARTESIAN_POINT('',(-0.00519599645472681,-0.00345281169722189,0.00662027005086386));
#5090=CARTESIAN_POINT('',(-0.000217144114632587,-0.00388378115303065,0.00756542760049962));
#5091=CARTESIAN_POINT('',(-0.00517892304914961,-0.00338864018156541,0.00656435157817055));
#5092=CARTESIAN_POINT('',(-0.000207586544264555,-0.00384940023533002,0.0075335275281002));
#5093=CARTESIAN_POINT('',(-0.00517065008665368,-0.00335866444514146,0.00653682273798404));
#5094=CARTESIAN_POINT('',(-0.000189267251315735,-0.00378580741759643,0.00747149025470103));
#5095=CARTESIAN_POINT('',(-0.00515476717476434,-0.0033031097563587,0.00648319861902065));
#5096=CARTESIAN_POINT('',(-0.000180501330718521,-0.00375658682782771,0.00744133655823298));
#5097=CARTESIAN_POINT('',(-0.00514715462543705,-0.0032775253116806,0.0064570931670272));
#5098=CARTESIAN_POINT('',(-0.000163946886289533,-0.00370346869684676,0.00738359131948052));
#5099=CARTESIAN_POINT('',(-0.00513274274772208,-0.00323088838714514,0.00640697412685672));
#5100=CARTESIAN_POINT('',(-0.000156171878667564,-0.00367959870059685,0.00735605305486778));
#5101=CARTESIAN_POINT('',(-0.00512595517216988,-0.00320985987477006,0.00638300685929946));
#5102=CARTESIAN_POINT('',(-0.000145363974908308,-0.0036478093724231,0.00731723334814437));
#5103=CARTESIAN_POINT('',(-0.00511649793119587,-0.00318176926757545,0.00634914459166157));
#5104=CARTESIAN_POINT('',(-0.000141896828155189,-0.0036378674315425,0.00730468091814422));
#5105=CARTESIAN_POINT('',(-0.00511346242987419,-0.00317297279989505,0.00633819062795936));
#5106=CARTESIAN_POINT('',(-0.000135279377591843,-0.00361934154038824,0.00728054903481242));
#5107=CARTESIAN_POINT('',(-0.00510764694794194,-0.00315652251095307,0.00631704897083749));
#5108=CARTESIAN_POINT('',(-0.000132138188637205,-0.00361077603702748,0.00726900555982262));
#5109=CARTESIAN_POINT('',(-0.0051048745108188,-0.00314888401829746,0.00630689102925336));
#5110=CARTESIAN_POINT('',(-0.000127758393832642,-0.0035991016904034,0.00725280629593538));
#5111=CARTESIAN_POINT('',(-0.00510099146648772,-0.00313842500284741,0.00629257119715297));
#5112=CARTESIAN_POINT('',(-0.000126356418063703,-0.00359541127191871,0.00724760286559123));
#5113=CARTESIAN_POINT('',(-0.00509974392804295,-0.00313510690574352,0.00628795421123343));
#5114=CARTESIAN_POINT('',(-0.000123654412263274,-0.00358839713086102,0.00723753627751829));
#5115=CARTESIAN_POINT('',(-0.00509734545550144,-0.00312880793691076,0.00627904665747649));
#5116=CARTESIAN_POINT('',(-0.000122352297215766,-0.00358506911575952,0.00723266491797964));
#5117=CARTESIAN_POINT('',(-0.00509619193742566,-0.00312582172466138,0.00627474593310177));
#5118=CARTESIAN_POINT('',(-0.000119818041060794,-0.00357870719281303,0.00722313932575851));
#5119=CARTESIAN_POINT('',(-0.00509395164209526,-0.00312011924700359,0.0062663556742906));
#5120=CARTESIAN_POINT('',(-0.000118585898962436,-0.00357567328254403,0.00721848508932693));
#5121=CARTESIAN_POINT('',(-0.00509286486383652,-0.00311740297922309,0.00626226613602239));
#5122=CARTESIAN_POINT('',(-0.000116771070327801,-0.00357129850479911,0.00721159346862972));
#5123=CARTESIAN_POINT('',(-0.005091267671438,-0.0031134914782903,0.006256224733651));
#5124=CARTESIAN_POINT('',(-0.000116169625392534,-0.00356986538910619,0.00720930307072849));
#5125=CARTESIAN_POINT('',(-0.00509074061707751,-0.00311221448361715,0.0062542258149878));
#5126=CARTESIAN_POINT('',(-0.000114988952561725,-0.00356707946736546,0.00720479627730328));
#5127=CARTESIAN_POINT('',(-0.00508969599454647,-0.00310971092499349,0.00625025332228723));
#5128=CARTESIAN_POINT('',(-0.000114411211965834,-0.00356572968653849,0.00720258574659771));
#5129=CARTESIAN_POINT('',(-0.00508917752011134,-0.00310848250722357,0.00624827617865364));
#5130=CARTESIAN_POINT('',(-0.000112757277532559,-0.00356189292440917,0.00719624692917471));
#5131=CARTESIAN_POINT('',(-0.00508767008508953,-0.00310494069793008,0.00624251622209326));
#5132=CARTESIAN_POINT('',(-0.000111761168808781,-0.00355962014905318,0.00719241456179516));
#5133=CARTESIAN_POINT('',(-0.00508673024318697,-0.00310277306217651,0.00623890933614272));
#5134=CARTESIAN_POINT('',(-0.000110579599532488,-0.00355694389946563,0.00718786103983849));
#5135=CARTESIAN_POINT('',(-0.00508555755599779,-0.00310009207865497,0.00623439967154864));
#5136=CARTESIAN_POINT('',(-0.000110237687177271,-0.00355617365379429,0.00718654175976476));
#5137=CARTESIAN_POINT('',(-0.005085206019381,-0.00309929318184327,0.00623304595614176));
#5138=CARTESIAN_POINT('',(-0.000109680752339765,-0.00355492268866197,0.00718439138502156));
#5139=CARTESIAN_POINT('',(-0.00508460300458258,-0.00309792772851978,0.00623072191827474));
#5140=CARTESIAN_POINT('',(-0.000109464281951611,-0.00355443898617979,0.00718355459556755));
#5141=CARTESIAN_POINT('',(-0.00508435699557106,-0.00309737251104985,0.00622977307908947));
#5142=CARTESIAN_POINT('',(-0.00010902492963274,-0.00355348446176283,0.00718184569206052));
#5143=CARTESIAN_POINT('',(-0.00508394382613311,-0.00309644917445725,0.00622817597126385));
#5144=CARTESIAN_POINT('',(-0.000108801207797402,-0.00355301189869722,0.0071809702787215));
#5145=CARTESIAN_POINT('',(-0.00508376672977096,-0.00309606045817882,0.00622748867254998));
#5146=CARTESIAN_POINT('',(-0.000108215192284313,-0.00355180530654922,0.00717866512567565));
#5147=CARTESIAN_POINT('',(-0.00508335223404723,-0.00309518041454688,0.00622586851794472));
#5148=CARTESIAN_POINT('',(-0.000107848854231169,-0.00355106294074945,0.0071772194806555));
#5149=CARTESIAN_POINT('',(-0.00508311450912878,-0.00309468841611332,0.0062249343817382));
#5150=CARTESIAN_POINT('',(-0.000106874619404421,-0.00354910261411617,0.00717336956099956));
#5151=CARTESIAN_POINT('',(-0.00508246757977791,-0.0030933701008445,0.00622238431150759));
#5152=CARTESIAN_POINT('',(-0.000106275724671499,-0.00354790320262379,0.00717100069126849));
#5153=CARTESIAN_POINT('',(-0.00508205097190828,-0.00309252844456055,0.00622073929246179));
#5154=CARTESIAN_POINT('',(-0.000104869179555263,-0.00354509467700649,0.00716543399505618));
#5155=CARTESIAN_POINT('',(-0.00508101747289524,-0.00309044964121444,0.00621665487689981));
#5156=CARTESIAN_POINT('',(-0.000104061882135393,-0.0035434862938399,0.00716223755536051));
#5157=CARTESIAN_POINT('',(-0.00508040475508084,-0.00308922113678679,0.00621423187729662));
#5158=CARTESIAN_POINT('',(-9.95469709377774E-5,-0.00353450565726911,0.0071443554724118));
#5159=CARTESIAN_POINT('',(-0.00507689805858409,-0.0030822055277017,0.00620035866036268));
#5160=CARTESIAN_POINT('',(-9.44099352365E-5,-0.00352432872787652,0.0071239934055635));
#5161=CARTESIAN_POINT('',(-0.00507267963044329,-0.00307380876857707,0.00618365311928817));
#5162=CARTESIAN_POINT('',(-8.20594492592626E-5,-0.00349990216758782,0.00707502299619687));
#5163=CARTESIAN_POINT('',(-0.0050622790826482,-0.00305314717506119,0.00614244981048726));
#5164=CARTESIAN_POINT('',(-7.4845902654847E-5,-0.00348565234759429,0.00704641427118024));
#5165=CARTESIAN_POINT('',(-0.00505609691658954,-0.00304088224921884,0.00611795185863816));
#5166=CARTESIAN_POINT('',(-6.22727879585977E-5,-0.00346083063529048,0.00699654363108688));
#5167=CARTESIAN_POINT('',(-0.00504519863491466,-0.00301927593805402,0.00607475962906542));
#5168=CARTESIAN_POINT('',(-5.77420175583404E-5,-0.00345054738174832,0.00697909115069537));
#5169=CARTESIAN_POINT('',(-0.00504126170452008,-0.00301033869395597,0.00605959531084842));
#5170=CARTESIAN_POINT('',(-4.91098014355841E-5,-0.00342870369603227,0.00694671221645139));
#5171=CARTESIAN_POINT('',(-0.0050337410785008,-0.00299133953693052,0.00603137361751735));
#5172=CARTESIAN_POINT('',(-4.50080343505323E-5,-0.00341714290757123,0.00693178438017644));
#5173=CARTESIAN_POINT('',(-0.00503015714225597,-0.0029812773749099,0.00601831520046713));
#5174=CARTESIAN_POINT('',(-3.72310787671658E-5,-0.00339320878719328,0.00690426174107941));
#5175=CARTESIAN_POINT('',(-0.00502334276010432,-0.00296040585097633,0.00599416028638266));
#5176=CARTESIAN_POINT('',(-3.35556335631701E-5,-0.00338083493556099,0.0068916659250559));
#5177=CARTESIAN_POINT('',(-0.00502011211930451,-0.00294959611492114,0.00598306301220329));
#5178=CARTESIAN_POINT('',(-2.66123221351848E-5,-0.00335561987612939,0.00686858370819283));
#5179=CARTESIAN_POINT('',(-0.00501399156855876,-0.00292751451357034,0.00596265957851735));
#5180=CARTESIAN_POINT('',(-2.33442584156114E-5,-0.00334277809104477,0.00685809659659265));
#5181=CARTESIAN_POINT('',(-0.00501110150610627,-0.002916242224511,0.00595335286163028));
#5182=CARTESIAN_POINT('',(-1.4108736367027E-5,-0.00330391555131885,0.00682945640681603));
#5183=CARTESIAN_POINT('',(-0.00500291154496744,-0.00288203952488458,0.00592785425637005));
#5184=CARTESIAN_POINT('',(-8.70977726954558E-6,-0.00327759020646554,0.00681411104284072));
#5185=CARTESIAN_POINT('',(-0.00499809192403101,-0.00285874938165983,0.00591407404609284));
#5186=CARTESIAN_POINT('',(8.35833391854416E-7,-0.00322509257917207,0.0067892860055604));
#5187=CARTESIAN_POINT('',(-0.00498953560404209,-0.00281207641991413,0.00589167310865609));
#5188=CARTESIAN_POINT('',(4.9850103648264E-6,-0.00319890521610888,0.00677980022616346));
#5189=CARTESIAN_POINT('',(-0.0049857968236792,-0.0027886819284732,0.00588304705639771));
#5190=CARTESIAN_POINT('',(1.22681664122242E-5,-0.00314677578693303,0.00676553679983803));
#5191=CARTESIAN_POINT('',(-0.0049792206469369,-0.00274196456494302,0.00587003188465625));
#5192=CARTESIAN_POINT('',(1.54035269858782E-5,-0.0031208219712958,0.00676075716847326));
#5193=CARTESIAN_POINT('',(-0.00497638206688914,-0.0027186322758864,0.00586564081308797));
#5194=CARTESIAN_POINT('',(2.08052996888009E-5,-0.00306879450014347,0.00675535554938507));
#5195=CARTESIAN_POINT('',(-0.0049714946637771,-0.00267182705643826,0.00586064969705615));
#5196=CARTESIAN_POINT('',(2.3072673670932E-5,-0.0030427108572568,0.00675473288001802));
#5197=CARTESIAN_POINT('',(-0.00496944503257228,-0.00264834594368724,0.00586004899893592));
#5198=CARTESIAN_POINT('',(2.6761180629287E-5,-0.00298992021973506,0.00675773281176158));
#5199=CARTESIAN_POINT('',(-0.0049661219010975,-0.00260091352391832,0.00586270183096368));
#5200=CARTESIAN_POINT('',(2.81831932744256E-5,-0.00296320278950993,0.00676135529370261));
#5201=CARTESIAN_POINT('',(-0.0049648477222446,-0.00257695373080345,0.00586595543809372));
#5202=CARTESIAN_POINT('',(3.00534739934015E-5,-0.0029088001307257,0.00677358221937226));
#5203=CARTESIAN_POINT('',(-0.00496318147747723,-0.00252836090962692,0.00587689696697659));
#5204=CARTESIAN_POINT('',(3.05024673532678E-5,-0.00288110176129937,0.00678218832238757));
#5205=CARTESIAN_POINT('',(-0.0049627889171664,-0.00250371752094255,0.00588458656334035));
#5206=CARTESIAN_POINT('',(2.94618528943915E-5,-0.00272648704242873,0.00684700979684794));
#5207=CARTESIAN_POINT('',(-0.00496372620816836,-0.00236683267253326,0.00594205059968061));
#5208=CARTESIAN_POINT('',(2.94618528947783E-5,-0.00259790243510038,0.00689682373911095));
#5209=CARTESIAN_POINT('',(-0.00496372620816838,-0.00225402315276096,0.00598575324046634));
#5210=CARTESIAN_POINT('',(3.05024673535161E-5,-0.0024399708341627,0.00695308335400409));
#5211=CARTESIAN_POINT('',(-0.00496278891716641,-0.00211415075820532,0.00603550553124594));
#5212=CARTESIAN_POINT('',(3.00534739755719E-5,-0.00241370356045958,0.00696538365260282));
#5213=CARTESIAN_POINT('',(-0.00496318147748465,-0.00209075859403595,0.00604642500723257));
#5214=CARTESIAN_POINT('',(2.8183186271961E-5,-0.00236526217727499,0.00699299875409608));
#5215=CARTESIAN_POINT('',(-0.00496484772830809,-0.00204747671305626,0.00607107595623672));
#5216=CARTESIAN_POINT('',(2.67611667104236E-5,-0.00234307723895191,0.00700832118338267));
#5217=CARTESIAN_POINT('',(-0.00496612191317142,-0.00202757821168416,0.0060848131713464));
#5218=CARTESIAN_POINT('',(2.30726376196039E-5,-0.00230204331640271,0.00704166918456789));
#5219=CARTESIAN_POINT('',(-0.00496944506393989,-0.00199073791701003,0.00611480785410646));
#5220=CARTESIAN_POINT('',(2.08052484521378E-5,-0.00228318670059448,0.00705970187475051));
#5221=CARTESIAN_POINT('',(-0.00497149470840277,-0.00197378980066823,0.00613107098174583));
#5222=CARTESIAN_POINT('',(1.54034399150662E-5,-0.00224837689859391,0.00709874460222066));
#5223=CARTESIAN_POINT('',(-0.00497638214281351,-0.00194256274739385,0.00616629210936219));
#5224=CARTESIAN_POINT('',(1.22680587031269E-5,-0.00223241679103974,0.00711976187158023));
#5225=CARTESIAN_POINT('',(-0.00497922074089072,-0.00192827820414585,0.00618525610470407));
#5226=CARTESIAN_POINT('',(4.98486233710616E-6,-0.00220350189267216,0.00716542222841976));
#5227=CARTESIAN_POINT('',(-0.00498579695279516,-0.00190252192752849,0.00622634788057703));
#5228=CARTESIAN_POINT('',(8.35665693382879E-7,-0.00219053975606307,0.0071900746978571));
#5229=CARTESIAN_POINT('',(-0.00498953575027808,-0.00189104455029639,0.00624848344773011));
#5230=CARTESIAN_POINT('',(-8.70997355131294E-6,-0.0021684681681493,0.00724378813824578));
#5231=CARTESIAN_POINT('',(-0.00499809209502322,-0.00187164432316922,0.00629648139203182));
#5232=CARTESIAN_POINT('',(-1.41089415105691E-5,-0.00215935168619889,0.00727286378099997));
#5233=CARTESIAN_POINT('',(-0.00500291172354857,-0.00186371643470978,0.006322355568119));
#5234=CARTESIAN_POINT('',(-2.33444594339341E-5,-0.00214992681811597,0.00732021059270386));
#5235=CARTESIAN_POINT('',(-0.00501110168089894,-0.00185561874080771,0.00636424141521118));
#5236=CARTESIAN_POINT('',(-2.66125188583054E-5,-0.00214750178820289,0.00733661207962138));
#5237=CARTESIAN_POINT('',(-0.00501399173954675,-0.00185355834960803,0.00637871322194678));
#5238=CARTESIAN_POINT('',(-3.35558142769757E-5,-0.00214441810127028,0.0073706572134871));
#5239=CARTESIAN_POINT('',(-0.00502011227625541,-0.0018509856201622,0.00640866772785404));
#5240=CARTESIAN_POINT('',(-3.72312477590217E-5,-0.00214375949647394,0.00738830177456899));
#5241=CARTESIAN_POINT('',(-0.00502334290681645,-0.00185047334425964,0.0064241511243909));
#5242=CARTESIAN_POINT('',(-4.5008171090206E-5,-0.00214461390245334,0.00742476539006454));
#5243=CARTESIAN_POINT('',(-0.00503015726088564,-0.00185132220646031,0.00645606272608991));
#5244=CARTESIAN_POINT('',(-4.91099176335973E-5,-0.00214612721173815,0.00744358554332134));
#5245=CARTESIAN_POINT('',(-0.00503374117927768,-0.00185268359162298,0.00647249175758616));
#5246=CARTESIAN_POINT('',(-5.77420829608272E-5,-0.00215179808000885,0.00748222962009583));
#5247=CARTESIAN_POINT('',(-0.00504126176121486,-0.00185765587608152,0.0065061472817358));
#5248=CARTESIAN_POINT('',(-6.22728230917519E-5,-0.00215595630700115,0.00750205480520174));
#5249=CARTESIAN_POINT('',(-0.00504519866536789,-0.00186126729322225,0.0065233747121525));
#5250=CARTESIAN_POINT('',(-7.48459608337393E-5,-0.00217121050120464,0.0075556320305887));
#5251=CARTESIAN_POINT('',(-0.00505609696701865,-0.00187439847757434,0.00656985031785515));
#5252=CARTESIAN_POINT('',(-8.20595495580393E-5,-0.00217995338154205,0.00758637435467332));
#5253=CARTESIAN_POINT('',(-0.00506227916874944,-0.00188183879429966,0.00659621750200759));
#5254=CARTESIAN_POINT('',(-9.44100805968123E-5,-0.00219489314118452,0.00763902018338764));
#5255=CARTESIAN_POINT('',(-0.00507267975203298,-0.00189432822426494,0.00664058689173943));
#5256=CARTESIAN_POINT('',(-9.95471192271697E-5,-0.00220109013841683,0.00766092409802718));
#5257=CARTESIAN_POINT('',(-0.00507689817997973,-0.00189937739395175,0.00665858929495305));
#5258=CARTESIAN_POINT('',(-0.000104062005903183,-0.0022065004186784,0.00768018922836092));
#5259=CARTESIAN_POINT('',(-0.00508040485057694,-0.00190353909006876,0.00667356800112367));
#5260=CARTESIAN_POINT('',(-0.000104869297012953,-0.00220746522883321,0.00768363495971489));
#5261=CARTESIAN_POINT('',(-0.00508101756193185,-0.00190426357066099,0.00667618623003945));
#5262=CARTESIAN_POINT('',(-0.000106275826619563,-0.00220913994313134,0.00768964082339231));
#5263=CARTESIAN_POINT('',(-0.00508205104539954,-0.00190547895031617,0.00668060506417222));
#5264=CARTESIAN_POINT('',(-0.00010687471205947,-0.00220984945308358,0.00769219943802349));
#5265=CARTESIAN_POINT('',(-0.00508246764307797,-0.00190596518860016,0.00668238772466759));
#5266=CARTESIAN_POINT('',(-0.000107848925892948,-0.00221099440236448,0.00769636513722407));
#5267=CARTESIAN_POINT('',(-0.00508311455590706,-0.00190670889234957,0.00668516032241803));
#5268=CARTESIAN_POINT('',(-0.000108215252367947,-0.00221141969782893,0.00769793356116734));
#5269=CARTESIAN_POINT('',(-0.0050833522746473,-0.00190697461644824,0.00668618208853817));
#5270=CARTESIAN_POINT('',(-0.000108801253535181,-0.00221208096797563,0.00770044990520808));
#5271=CARTESIAN_POINT('',(-0.00508376676474086,-0.00190741573837671,0.00668797225567946));
#5272=CARTESIAN_POINT('',(-0.000109024971444558,-0.00221232149578533,0.00770141519090939));
#5273=CARTESIAN_POINT('',(-0.0050839438615579,-0.00190759150271022,0.00668874205456849));
#5274=CARTESIAN_POINT('',(-0.00010946432440583,-0.00221276737178957,0.00770332114890067));
#5275=CARTESIAN_POINT('',(-0.00508435704021937,-0.00190798512029627,0.00669054442026936));
#5276=CARTESIAN_POINT('',(-0.000109680799397817,-0.00221297365602704,0.00770426543253716));
#5277=CARTESIAN_POINT('',(-0.00508460305841728,-0.00190821404692312,0.0066916197086638));
#5278=CARTESIAN_POINT('',(-0.000110237752786587,-0.00221349789650841,0.00770669742968079));
#5279=CARTESIAN_POINT('',(-0.00508520608889368,-0.00190877067260192,0.00669425716220628));
#5280=CARTESIAN_POINT('',(-0.0001105796744871,-0.00221381747965046,0.00770819134156346));
#5281=CARTESIAN_POINT('',(-0.00508555763298865,-0.00190909227921404,0.00669579581620268));
#5282=CARTESIAN_POINT('',(-0.000111761269475219,-0.00221490741717866,0.00771335952573512));
#5283=CARTESIAN_POINT('',(-0.00508673034083812,-0.00191014916643694,0.00670093475680396));
#5284=CARTESIAN_POINT('',(-0.000112757393080092,-0.00221580967664703,0.0077177229042044));
#5285=CARTESIAN_POINT('',(-0.00508767019420892,-0.00191097721559697,0.00670506065562481));
#5286=CARTESIAN_POINT('',(-0.000114411344161247,-0.00221724471895221,0.00772499223160951));
#5287=CARTESIAN_POINT('',(-0.00508917764096506,-0.00191224024966676,0.00671170346992807));
#5288=CARTESIAN_POINT('',(-0.00011498908934729,-0.00221773644592129,0.00772753519586773));
#5289=CARTESIAN_POINT('',(-0.00508969611821838,-0.00191266443137499,0.00671399218960533));
#5290=CARTESIAN_POINT('',(-0.000116169769183976,-0.00221871383354615,0.00773274265228864));
#5291=CARTESIAN_POINT('',(-0.00509074074505939,-0.00191349052922777,0.00671861455446224));
#5292=CARTESIAN_POINT('',(-0.000116771216199138,-0.00221919777837683,0.00773540077078141));
#5293=CARTESIAN_POINT('',(-0.00509126780153087,-0.00191389348091221,0.00672095208917079));
#5294=CARTESIAN_POINT('',(-0.000118586051861301,-0.00222060763110923,0.00774344104279677));
#5295=CARTESIAN_POINT('',(-0.00509286500057677,-0.00191507291141019,0.00672805193271786));
#5296=CARTESIAN_POINT('',(-0.000119818199028196,-0.0022215010816412,0.00774892452172867));
#5297=CARTESIAN_POINT('',(-0.00509395178363349,-0.0019158206682105,0.00673290409890302));
#5298=CARTESIAN_POINT('',(-0.000122352466329842,-0.00222321691119929,0.00776025007285523));
#5299=CARTESIAN_POINT('',(-0.00509619208950276,-0.00191725896521164,0.00674294635996341));
#5300=CARTESIAN_POINT('',(-0.000123654587455538,-0.00222403929095988,0.00776609214945377));
#5301=CARTESIAN_POINT('',(-0.00509734561331945,-0.00191794950624096,0.00674813645926857));
#5302=CARTESIAN_POINT('',(-0.00012635660663335,-0.0022256375932656,0.0077782569079287));
#5303=CARTESIAN_POINT('',(-0.00509974409846722,-0.00191929549146557,0.00675896286874113));
#5304=CARTESIAN_POINT('',(-0.000127758589993315,-0.00222641586944731,0.00778458854412647));
#5305=CARTESIAN_POINT('',(-0.00510099164368891,-0.0019199538312847,0.0067646102821855));
#5306=CARTESIAN_POINT('',(-0.000132138406283706,-0.00222870179446455,0.00780442500357577));
#5307=CARTESIAN_POINT('',(-0.00510487470670074,-0.00192187173119255,0.00678223904845823));
#5308=CARTESIAN_POINT('',(-0.000135279608227538,-0.00223014859589153,0.0078187263398421));
#5309=CARTESIAN_POINT('',(-0.00510764715502792,-0.00192307017377341,0.006794891931742));
#5310=CARTESIAN_POINT('',(-0.000141897080843309,-0.00223271532805245,0.00784904093864145));
#5311=CARTESIAN_POINT('',(-0.00511346265578459,-0.001925156292314,0.00682159838718653));
#5312=CARTESIAN_POINT('',(-0.000145364236489169,-0.00223382465256922,0.00786501518452429));
#5313=CARTESIAN_POINT('',(-0.00511649816499359,-0.00192603525287631,0.00683561964680403));
#5314=CARTESIAN_POINT('',(-0.000156172166070756,-0.0022364846915746,0.0079151197601631));
#5315=CARTESIAN_POINT('',(-0.00512595542877925,-0.00192808887746829,0.00687956880316724));
#5316=CARTESIAN_POINT('',(-0.000163947188136697,-0.00223739693559129,0.0079515519737113));
#5317=CARTESIAN_POINT('',(-0.0051327430170049,-0.00192869524069177,0.00691144771341626));
#5318=CARTESIAN_POINT('',(-0.000180501652975693,-0.00223704482399387,0.00803001179136004));
#5319=CARTESIAN_POINT('',(-0.00514715491241759,-0.00192799506731778,0.00697990532674761));
#5320=CARTESIAN_POINT('',(-0.000189267579453381,-0.00223576493130865,0.00807198146550227));
#5321=CARTESIAN_POINT('',(-0.00515476746679172,-0.00192667503691822,0.00701643365179178));
#5322=CARTESIAN_POINT('',(-0.000207586877335692,-0.00223056345368126,0.00816066981424945));
#5323=CARTESIAN_POINT('',(-0.00517065038276888,-0.00192174590949436,0.00709348934532582));
#5324=CARTESIAN_POINT('',(-0.000217144446552967,-0.00222664655962863,0.00820740653251986));
#5325=CARTESIAN_POINT('',(-0.00517892334411191,-0.00191813960701991,0.0071340279312364));
#5326=CARTESIAN_POINT('',(-0.000236894314651167,-0.00221586672898395,0.00830502434046566));
#5327=CARTESIAN_POINT('',(-0.00519599674190406,-0.00190838826990151,0.00721858423282994));
#5328=CARTESIAN_POINT('',(-0.000247085680652634,-0.00220900244888923,0.00835590153692531));
#5329=CARTESIAN_POINT('',(-0.00520479604126071,-0.0019022416511468,0.00726259718232527));
#5330=CARTESIAN_POINT('',(-0.000267942578011,-0.00219210564609917,0.00846112671118669));
#5331=CARTESIAN_POINT('',(-0.00522278794125118,-0.00188723002564874,0.00735353699940804));
#5332=CARTESIAN_POINT('',(-0.000278608483959516,-0.00218207405518737,0.00851547610030231));
#5333=CARTESIAN_POINT('',(-0.00523198055432984,-0.0018783654320338,0.00740046376582845));
#5334=CARTESIAN_POINT('',(-0.000300261992788372,-0.0021587208106089,0.00862697148613109));
#5335=CARTESIAN_POINT('',(-0.00525063182524261,-0.00185781945890721,0.00749666725314929));
#5336=CARTESIAN_POINT('',(-0.000311249835378144,-0.00214539800786278,0.00868411906212666));
#5337=CARTESIAN_POINT('',(-0.00526009050530415,-0.00184613676598161,0.00754594458803257));
#5338=CARTESIAN_POINT('',(-0.000344474323852266,-0.00210045792428182,0.00885872249926763));
#5339=CARTESIAN_POINT('',(-0.00528868152302149,-0.00180683740819319,0.00769644066065858));
#5340=CARTESIAN_POINT('',(-0.000366972855278294,-0.00206388327195791,0.0089793379038648));
#5341=CARTESIAN_POINT('',(-0.00530802939434345,-0.00177498243534373,0.00780032107258519));
#5342=CARTESIAN_POINT('',(-0.000400414340008688,-0.00199958508191278,0.00916246737621344));
#5343=CARTESIAN_POINT('',(-0.00533679403091585,-0.0017191052186578,0.00795806087718947));
#5344=CARTESIAN_POINT('',(-0.000411511512223086,-0.00197659170181601,0.00922387862026153));
#5345=CARTESIAN_POINT('',(-0.00534634048181834,-0.00169914303512713,0.00801096097012727));
#5346=CARTESIAN_POINT('',(-0.000425114800442051,-0.0019465149112579,0.00929989106819086));
#5347=CARTESIAN_POINT('',(-0.00535804675583348,-0.0016730433003476,0.00807645743885878));
#5348=CARTESIAN_POINT('',(-0.000427718992993375,-0.00194067420347799,0.00931447487172575));
#5349=CARTESIAN_POINT('',(-0.00536028796219258,-0.0016679752823791,0.00808902452021453));
#5350=CARTESIAN_POINT('',(-0.000430316533027226,-0.00193476099564516,0.00932905528716846));
#5351=CARTESIAN_POINT('',(-0.0053625236400135,-0.00166284460286326,0.0081015897198543));
#5352=CARTESIAN_POINT('',(-0.000430316654731491,-0.00748863138600419,0.00589024484207704));
#5353=CARTESIAN_POINT('',(-0.00536252374319273,-0.00651105272421076,0.0050997067752079));
#5354=CARTESIAN_POINT('',(-0.000427719050081052,-0.00747294339738218,0.00588903905023386));
#5355=CARTESIAN_POINT('',(-0.00536028800966561,-0.00649751753901534,0.00509869875629602));
#5356=CARTESIAN_POINT('',(-0.00042511479248247,-0.00745728469285733,0.00588776684537544));
#5357=CARTESIAN_POINT('',(-0.00535804674723714,-0.00648400860088122,0.00509763380337197));
#5358=CARTESIAN_POINT('',(-0.000411511424345876,-0.00737583428882226,0.00588080877364632));
#5359=CARTESIAN_POINT('',(-0.00534634040399607,-0.00641374450390735,0.00509180299969769));
#5360=CARTESIAN_POINT('',(-0.000400414236129774,-0.00731061207907169,0.00587401824025569));
#5361=CARTESIAN_POINT('',(-0.00533679393891777,-0.00635749229444996,0.00508609279899087));
#5362=CARTESIAN_POINT('',(-0.000366972701055399,-0.00711802086679026,0.00584994772768331));
#5363=CARTESIAN_POINT('',(-0.00530802925773428,-0.00619138256047237,0.00506580129678591));
#5364=CARTESIAN_POINT('',(-0.000344474133091007,-0.00699374748296544,0.00582892504390755));
#5365=CARTESIAN_POINT('',(-0.00528868135400865,-0.00608419348923419,0.00504801316440548));
#5366=CARTESIAN_POINT('',(-0.000311249595009359,-0.0068174171623127,0.00579132620719013));
#5367=CARTESIAN_POINT('',(-0.00526009029223459,-0.00593195750710688,0.00501611054628589));
#5368=CARTESIAN_POINT('',(-0.000300261736739277,-0.00676032220262768,0.00577777938865799));
#5369=CARTESIAN_POINT('',(-0.00525063159823249,-0.00588263876487032,0.00500460363429986));
#5370=CARTESIAN_POINT('',(-0.000278608199959734,-0.00665010608561748,0.005748986513584));
#5371=CARTESIAN_POINT('',(-0.00523198030243359,-0.00578736271324364,0.00498011398718183));
#5372=CARTESIAN_POINT('',(-0.000267942281702467,-0.00659698300227844,0.00573374078157981));
#5373=CARTESIAN_POINT('',(-0.00522278767837399,-0.00574140426869564,0.00496713215397753));
#5374=CARTESIAN_POINT('',(-0.000247085364671384,-0.00649525768291029,0.00570196321384397));
#5375=CARTESIAN_POINT('',(-0.00520479576077245,-0.00565330697721741,0.00494003458436364));
#5376=CARTESIAN_POINT('',(-0.000236893991238801,-0.00644665459863801,0.00568542991473538));
#5377=CARTESIAN_POINT('',(-0.00519599645472681,-0.0056111684048049,0.00492591852305299));
#5378=CARTESIAN_POINT('',(-0.000217144114632587,-0.00635446574210788,0.00565156756620808));
#5379=CARTESIAN_POINT('',(-0.00517892304914961,-0.00553113016629008,0.00489695752539327));
#5380=CARTESIAN_POINT('',(-0.000207586544264555,-0.00631088285582553,0.00563424145457485));
#5381=CARTESIAN_POINT('',(-0.00517065008665368,-0.00549323406042162,0.00488211613138261));
#5382=CARTESIAN_POINT('',(-0.000189267251315734,-0.00622917387129096,0.00559936579537776));
#5383=CARTESIAN_POINT('',(-0.00515476717476434,-0.00542205958983634,0.00485218179796337));
#5384=CARTESIAN_POINT('',(-0.000180501330718521,-0.006191033711251,0.00558180400534245));
#5385=CARTESIAN_POINT('',(-0.00514715462543705,-0.00538877242869461,0.00483708135636742));
#5386=CARTESIAN_POINT('',(-0.000163946886289532,-0.00612064254297209,0.00554714665596575));
#5387=CARTESIAN_POINT('',(-0.00513274274772208,-0.00532717970612158,0.00480719394356907));
#5388=CARTESIAN_POINT('',(-0.000156171878667564,-0.00608843646576045,0.00553009082618561));
#5389=CARTESIAN_POINT('',(-0.00512595517216988,-0.0052989132266398,0.00479244150700504));
#5390=CARTESIAN_POINT('',(-0.000145363974908307,-0.00604477050450935,0.00550537615758884));
#5391=CARTESIAN_POINT('',(-0.00511649793119587,-0.00526048705354132,0.00477101338055524));
#5392=CARTESIAN_POINT('',(-0.000141896828155189,-0.00603096546000385,0.00549726280849101));
#5393=CARTESIAN_POINT('',(-0.00511346242987419,-0.00524832756361335,0.00476397676424246));
#5394=CARTESIAN_POINT('',(-0.000135279377591843,-0.00600497313923452,0.00548145282122905));
#5395=CARTESIAN_POINT('',(-0.00510764694794194,-0.00522535087856462,0.00475020528587938));
#5396=CARTESIAN_POINT('',(-0.000132138188637205,-0.00599281606108084,0.00547378306807601));
#5397=CARTESIAN_POINT('',(-0.0051048745108188,-0.00521455872454587,0.00474349262925835));
#5398=CARTESIAN_POINT('',(-0.000127758393832641,-0.00597607820797981,0.00546289496479049));
#5399=CARTESIAN_POINT('',(-0.00510099146648772,-0.00519963306308431,0.00473391801566285));
#5400=CARTESIAN_POINT('',(-0.000126356418063703,-0.00597075729938055,0.00545937604341927));
#5401=CARTESIAN_POINT('',(-0.00509974392804295,-0.00519487118199414,0.0047308114394357));
#5402=CARTESIAN_POINT('',(-0.000123654412263273,-0.00596058033658283,0.00545252302959894));
#5403=CARTESIAN_POINT('',(-0.00509734545550144,-0.00518577978892291,0.00472478084292184));
#5404=CARTESIAN_POINT('',(-0.000122352297215765,-0.00595571731688531,0.00544918283983007));
#5405=CARTESIAN_POINT('',(-0.00509619193742566,-0.00518144162809031,0.00472184928116464));
#5406=CARTESIAN_POINT('',(-0.000119818041060793,-0.00594634395960672,0.00544259868126059));
#5407=CARTESIAN_POINT('',(-0.00509395164209526,-0.00517309331496294,0.0047160855703562));
#5408=CARTESIAN_POINT('',(-0.000118585898962436,-0.00594183361841101,0.00543935470983969));
#5409=CARTESIAN_POINT('',(-0.00509286486383652,-0.00516908315907206,0.00471325341858886));
#5410=CARTESIAN_POINT('',(-0.0001167710703278,-0.00593526471911066,0.00543450881692573));
#5411=CARTESIAN_POINT('',(-0.005091267671438,-0.00516325338681819,0.00470903297576514));
#5412=CARTESIAN_POINT('',(-0.000116169625392534,-0.00593310099137141,0.00543289078558929));
#5413=CARTESIAN_POINT('',(-0.00509074061707751,-0.0051613405320399,0.0047076303433063));
#5414=CARTESIAN_POINT('',(-0.000114988952561724,-0.0059288751551488,0.00542969471688811));
#5415=CARTESIAN_POINT('',(-0.00508969599454647,-0.00515757100326659,0.00470483049387011));
#5416=CARTESIAN_POINT('',(-0.000114411211965834,-0.00592681798621664,0.00542812105546784));
#5417=CARTESIAN_POINT('',(-0.00508917752011134,-0.00515571131114954,0.00470343061802023));
#5418=CARTESIAN_POINT('',(-0.000112757277532558,-0.00592095046711268,0.005423596282598));
#5419=CARTESIAN_POINT('',(-0.00508767008508953,-0.00515032793603647,0.0046993390675756));
#5420=CARTESIAN_POINT('',(-0.000111761168808781,-0.0059174467564319,0.00542084372760015));
#5421=CARTESIAN_POINT('',(-0.00508673024318697,-0.00514700371840229,0.00469675878694339));
#5422=CARTESIAN_POINT('',(-0.000110579599532488,-0.00591330630615393,0.00541756446768971));
#5423=CARTESIAN_POINT('',(-0.00508555755599779,-0.00514287469696905,0.00469352213289982));
#5424=CARTESIAN_POINT('',(-0.00011023768717727,-0.00591211149452357,0.00541661252048784));
#5425=CARTESIAN_POINT('',(-0.005085206019381,-0.00514164072946886,0.00469254842569176));
#5426=CARTESIAN_POINT('',(-0.000109680752339765,-0.00591016819932257,0.00541505925648574));
#5427=CARTESIAN_POINT('',(-0.00508460300458258,-0.0051395279428528,0.00469087458355436));
#5428=CARTESIAN_POINT('',(-0.00010946428195161,-0.00590941487697403,0.00541445370704862));
#5429=CARTESIAN_POINT('',(-0.00508435699557106,-0.00513866745773257,0.00469019038504786));
#5430=CARTESIAN_POINT('',(-0.000109024929632739,-0.00590790748231269,0.00541320501597638));
#5431=CARTESIAN_POINT('',(-0.00508394382613311,-0.00513722953010956,0.00468903467400226));
#5432=CARTESIAN_POINT('',(-0.000108801207797401,-0.00590715059460418,0.00541255942681769));
#5433=CARTESIAN_POINT('',(-0.00508376672977096,-0.00513661878204225,0.00468853420755437));
#5434=CARTESIAN_POINT('',(-0.000108215192284313,-0.00590519276360685,0.00541084580697586));
#5435=CARTESIAN_POINT('',(-0.00508335223404723,-0.00513521289844571,0.00468734136680554));
#5436=CARTESIAN_POINT('',(-0.000107848854231169,-0.00590397830089871,0.00540976595659943));
#5437=CARTESIAN_POINT('',(-0.00508311450912878,-0.00513441667464982,0.00468664804106838));
#5438=CARTESIAN_POINT('',(-0.000106874619404421,-0.00590075959936142,0.0054068841650941));
#5439=CARTESIAN_POINT('',(-0.00508246757977791,-0.00513226619065306,0.00468474640179958));
#5440=CARTESIAN_POINT('',(-0.000106275724671499,-0.00589878544700451,0.00540510853726076));
#5441=CARTESIAN_POINT('',(-0.00508205097190828,-0.00513088712012055,0.0046835165085409));
#5442=CARTESIAN_POINT('',(-0.000104869179555263,-0.00589415565224592,0.00540093230410676));
#5443=CARTESIAN_POINT('',(-0.00508101747289524,-0.00512747323264689,0.00468045885484044));
#5444=CARTESIAN_POINT('',(-0.000104061882135393,-0.00589150119240731,0.00539853272787255));
#5445=CARTESIAN_POINT('',(-0.00508040475508084,-0.00512545239797059,0.00467864326198496));
#5446=CARTESIAN_POINT('',(-9.9546970937777E-5,-0.00587666724476338,0.00538510236223723));
#5447=CARTESIAN_POINT('',(-0.00507689805858409,-0.00511389895332579,0.00466824120277678));
#5448=CARTESIAN_POINT('',(-9.44099352364996E-5,-0.00585982191376889,0.00536979163129837));
#5449=CARTESIAN_POINT('',(-0.00507267963044329,-0.00510003447113276,0.00465569700890438));
#5450=CARTESIAN_POINT('',(-8.20594492592622E-5,-0.00581935467236633,0.00533295197583932));
#5451=CARTESIAN_POINT('',(-0.0050622790826482,-0.0050658837570403,0.00462473989615572));
#5452=CARTESIAN_POINT('',(-7.48459026548466E-5,-0.00579573244745586,0.00531142276295999));
#5453=CARTESIAN_POINT('',(-0.00505609691658954,-0.00504559737335246,0.0046063268386261));
#5454=CARTESIAN_POINT('',(-6.22727879585972E-5,-0.00575457153692515,0.00527388641272056));
#5455=CARTESIAN_POINT('',(-0.00504519863491466,-0.0050098472552342,0.00457385638386879));
#5456=CARTESIAN_POINT('',(-5.77420175583399E-5,-0.00573867812547343,0.00526132719906463));
#5457=CARTESIAN_POINT('',(-0.00504126170452008,-0.00499603553972606,0.0045629445832027));
#5458=CARTESIAN_POINT('',(-4.91098014355836E-5,-0.00570661287499972,0.00523902559148816));
#5459=CARTESIAN_POINT('',(-0.0050337410785008,-0.00496812450189619,0.00454349192504473));
#5460=CARTESIAN_POINT('',(-4.50080343505319E-5,-0.00569044020436125,0.00522928203720277));
#5461=CARTESIAN_POINT('',(-0.00503015714225596,-0.00495402457091122,0.00453495018595919));
#5462=CARTESIAN_POINT('',(-3.72310787671654E-5,-0.00565817997776831,0.00521226394208894));
#5463=CARTESIAN_POINT('',(-0.00502334276010432,-0.00492583669304734,0.0045199660634534));
#5464=CARTESIAN_POINT('',(-3.35556335631697E-5,-0.00564209157118311,0.00520498864422112));
#5465=CARTESIAN_POINT('',(-0.00502011211930451,-0.00491174811655398,0.00451352309052268));
#5466=CARTESIAN_POINT('',(-2.66123221351843E-5,-0.00561024097002145,0.00519257384808529));
#5467=CARTESIAN_POINT('',(-0.00501399156855876,-0.00488378706613294,0.00450247424969009));
#5468=CARTESIAN_POINT('',(-2.33442584156109E-5,-0.00559447798038612,0.00518743389559225));
#5469=CARTESIAN_POINT('',(-0.00501110150610627,-0.00486991399570827,0.00449786801512751));
#5470=CARTESIAN_POINT('',(-1.41087363670265E-5,-0.00554789371145275,0.00517476648258354));
#5471=CARTESIAN_POINT('',(-0.00500291154496744,-0.00482880976948632,0.00448644671403494));
#5472=CARTESIAN_POINT('',(-8.70977726954514E-6,-0.00551780267359686,0.00516996716826422));
#5473=CARTESIAN_POINT('',(-0.00499809192403101,-0.00480211437158944,0.00448201042078034));
#5474=CARTESIAN_POINT('',(8.3583339185485E-7,-0.00545988225620578,0.00516578284076075));
#5475=CARTESIAN_POINT('',(-0.00498953560404209,-0.00475050097893372,0.00447798238717485));
#5476=CARTESIAN_POINT('',(4.98501036482683E-6,-0.0054320366086336,0.00516639758156485));
#5477=CARTESIAN_POINT('',(-0.0049857968236792,-0.00472557017585357,0.00447838989806224));
#5478=CARTESIAN_POINT('',(1.22681664122246E-5,-0.00537827481970107,0.00517192865447309));
#5479=CARTESIAN_POINT('',(-0.0049792206469369,-0.00467730590940511,0.00448312987009392));
#5480=CARTESIAN_POINT('',(1.54035269858786E-5,-0.0053523470053743,0.00517684738056337));
#5481=CARTESIAN_POINT('',(-0.00497638206688914,-0.00465396295980169,0.00448746391277395));
#5482=CARTESIAN_POINT('',(2.08052996888013E-5,-0.0053018815434791,0.00519060501113638));
#5483=CARTESIAN_POINT('',(-0.0049714946637771,-0.00460851539340365,0.00449971783114024));
#5484=CARTESIAN_POINT('',(2.30726736709325E-5,-0.00527733433672594,0.00519944688786012));
#5485=CARTESIAN_POINT('',(-0.00496944503257228,-0.00458640291065798,0.00450764005311897));
#5486=CARTESIAN_POINT('',(2.67611806292874E-5,-0.00522919223360586,0.00522131441875853));
#5487=CARTESIAN_POINT('',(-0.0049661219010975,-0.00454313180991185,0.00452724831166274));
#5488=CARTESIAN_POINT('',(2.8183193274426E-5,-0.00520558756329198,0.00523434373158082));
#5489=CARTESIAN_POINT('',(-0.0049648477222446,-0.00452196530667073,0.00453893748554321));
#5490=CARTESIAN_POINT('',(3.00534739934019E-5,-0.00515927546977118,0.00526539750732299));
#5491=CARTESIAN_POINT('',(-0.00496318147747723,-0.00448060638649949,0.00456669390906026));
#5492=CARTESIAN_POINT('',(3.05024673532682E-5,-0.00513655639247397,0.0052834282645104));
#5493=CARTESIAN_POINT('',(-0.0049627889171664,-0.00446040491351564,0.00458276646291364));
#5494=CARTESIAN_POINT('',(2.94618528943919E-5,-0.00501579867830872,0.00539972576797563));
#5495=CARTESIAN_POINT('',(-0.00496372620816836,-0.00435352199798116,0.00468579859170556));
#5496=CARTESIAN_POINT('',(2.94618528947788E-5,-0.0049138919743486,0.00549262600357034));
#5497=CARTESIAN_POINT('',(-0.00496372620816838,-0.00426411746835525,0.0047673015894742));
#5498=CARTESIAN_POINT('',(3.05024673535165E-5,-0.00478694845935189,0.00560213800676152));
#5499=CARTESIAN_POINT('',(-0.00496278891716641,-0.00415166294518968,0.0048642219558383));
#5500=CARTESIAN_POINT('',(3.00534739755723E-5,-0.00476689833644198,0.00562309652733692));
#5501=CARTESIAN_POINT('',(-0.00496318147748465,-0.00413379497141538,0.00488285428831575));
#5502=CARTESIAN_POINT('',(2.81831862719614E-5,-0.00473170381714377,0.00566634588856559));
#5503=CARTESIAN_POINT('',(-0.00496484772830809,-0.00410234076925679,0.0049214758324914));
#5504=CARTESIAN_POINT('',(2.6761166710424E-5,-0.00471655207813197,0.00568864775244642));
#5505=CARTESIAN_POINT('',(-0.00496612191317142,-0.00408874842379553,0.00494147357188082));
#5506=CARTESIAN_POINT('',(2.30726376196043E-5,-0.00469033577240347,0.00573456700000966));
#5507=CARTESIAN_POINT('',(-0.00496944506393989,-0.00406523120126583,0.00498275103001527));
#5508=CARTESIAN_POINT('',(2.08052484521382E-5,-0.00467926666086915,0.00575819377813962));
#5509=CARTESIAN_POINT('',(-0.00497149470840277,-0.00405530247276225,0.00500403831068829));
#5510=CARTESIAN_POINT('',(1.54034399150665E-5,-0.00466091134711636,0.00580717478814007));
#5511=CARTESIAN_POINT('',(-0.00497638214281351,-0.00403890745160289,0.00504816154683381));
#5512=CARTESIAN_POINT('',(1.22680587031273E-5,-0.00465362130344595,0.00583253826400118));
#5513=CARTESIAN_POINT('',(-0.00497922074089072,-0.00403243809698926,0.00507100511805228));
#5514=CARTESIAN_POINT('',(4.98486233710659E-6,-0.00464315338708555,0.00588556054480267));
#5515=CARTESIAN_POINT('',(-0.00498579695279516,-0.00402326514589366,0.00511862629819077));
#5516=CARTESIAN_POINT('',(8.35665693383258E-7,-0.004639972053799,0.00591323075176524));
#5517=CARTESIAN_POINT('',(-0.00498953575027808,-0.0040205590995187,0.00514341320671791));
#5518=CARTESIAN_POINT('',(-8.70997355131251E-6,-0.0046387944437132,0.00597129022046681));
#5519=CARTESIAN_POINT('',(-0.00499809209502322,-0.00401980778385159,0.00519517812721958));
#5520=CARTESIAN_POINT('',(-1.41089415105687E-5,-0.00464079691109856,0.0060016957030167));
#5521=CARTESIAN_POINT('',(-0.00500291172354857,-0.0040217620785063,0.00522216896151601));
#5522=CARTESIAN_POINT('',(-2.33444594339337E-5,-0.004649112124494,0.00604924994513129));
#5523=CARTESIAN_POINT('',(-0.00501110168089894,-0.00402934211701364,0.00526415157517202));
#5524=CARTESIAN_POINT('',(-2.6612518858305E-5,-0.00465277575190661,0.00606541989804917));
#5525=CARTESIAN_POINT('',(-0.00501399173954675,-0.00403264867901613,0.00527839043221225));
#5526=CARTESIAN_POINT('',(-3.35558142769752E-5,-0.00466219882036099,0.00609827999613085));
#5527=CARTESIAN_POINT('',(-0.00502011227625541,-0.00404107049587788,0.00530725155418795));
#5528=CARTESIAN_POINT('',(-3.72312477590213E-5,-0.00466795864032262,0.00611497097483372));
#5529=CARTESIAN_POINT('',(-0.00502334290681645,-0.00404618606078817,0.00532187444687602));
#5530=CARTESIAN_POINT('',(-4.50081710902056E-5,-0.00468192752738786,0.0061486636366274));
#5531=CARTESIAN_POINT('',(-0.00503015726088564,-0.00405850540138533,0.00535132448486042));
#5532=CARTESIAN_POINT('',(-4.91099176335969E-5,-0.00469013726979083,0.00616566623652501));
#5533=CARTESIAN_POINT('',(-0.00503374117927768,-0.00406570970595459,0.00536615231144219));
#5534=CARTESIAN_POINT('',(-5.77420829608267E-5,-0.00470938504765215,0.00619965221104536));
#5535=CARTESIAN_POINT('',(-0.00504126176121486,-0.00408250400074909,0.00539573895675522));
#5536=CARTESIAN_POINT('',(-6.22728230917515E-5,-0.00472042416174615,0.00621663652075233));
#5537=CARTESIAN_POINT('',(-0.00504519866536789,-0.00409209481260947,0.00541049846285757));
#5538=CARTESIAN_POINT('',(-7.48459608337389E-5,-0.00475400260039132,0.0062610853450238));
#5539=CARTESIAN_POINT('',(-0.00505609696701865,-0.00412112820259807,0.00544909214360569));
#5540=CARTESIAN_POINT('',(-8.20595495580389E-5,-0.00477326050188576,0.00628659341583969));
#5541=CARTESIAN_POINT('',(-0.00506227916874944,-0.0041375910168583,0.00547099105818462));
#5542=CARTESIAN_POINT('',(-9.44100805968118E-5,-0.0048062092797489,0.00633028732544409));
#5543=CARTESIAN_POINT('',(-0.00507267975203298,-0.00416526513573644,0.00550785257945479));
#5544=CARTESIAN_POINT('',(-9.95471192271693E-5,-0.00481990041419413,0.00634847350395515));
#5545=CARTESIAN_POINT('',(-0.00507689817997973,-0.0041764765643832,0.00552281535004351));
#5546=CARTESIAN_POINT('',(-0.000104062005903183,-0.00483190471807242,0.00636448328433099));
#5547=CARTESIAN_POINT('',(-0.00508040485057694,-0.00418576816321393,0.00553527919954054));
#5548=CARTESIAN_POINT('',(-0.000104869297012953,-0.00483404911848397,0.00636734780350069));
#5549=CARTESIAN_POINT('',(-0.00508101756193185,-0.00418738953462294,0.00553745891271848));
#5550=CARTESIAN_POINT('',(-0.000106275826619563,-0.00483778031126088,0.00637234312801002));
#5551=CARTESIAN_POINT('',(-0.00508205104539954,-0.0041901191094043,0.00554114030706193));
#5552=CARTESIAN_POINT('',(-0.00010687471205947,-0.00483936618780033,0.00637447266054202));
#5553=CARTESIAN_POINT('',(-0.00508246764307797,-0.00419121648434858,0.00554262693894046));
#5554=CARTESIAN_POINT('',(-0.000107848925892948,-0.0048419386453289,0.00637794345597667));
#5555=CARTESIAN_POINT('',(-0.00508311455590706,-0.00419291154527284,0.00554494365256446));
#5556=CARTESIAN_POINT('',(-0.000108215252367947,-0.00484290180161735,0.00637925233330551));
#5557=CARTESIAN_POINT('',(-0.0050833522746473,-0.00419352843011123,0.00554580043048029));
#5558=CARTESIAN_POINT('',(-0.000108801253535181,-0.00484442742597925,0.00638135987591353));
#5559=CARTESIAN_POINT('',(-0.00508376676474086,-0.00419458644702019,0.0055473103600051));
#5560=CARTESIAN_POINT('',(-0.000109024971444557,-0.00484500041289729,0.00638217308935671));
#5561=CARTESIAN_POINT('',(-0.0050839438615579,-0.0041950284258134,0.00554796468269066));
#5562=CARTESIAN_POINT('',(-0.00010946432440583,-0.00484610469132945,0.00638378927326331));
#5563=CARTESIAN_POINT('',(-0.00508435704021937,-0.00419604655287027,0.00554950314758133));
#5564=CARTESIAN_POINT('',(-0.000109680799397816,-0.00484663816024646,0.00638459527306936));
#5565=CARTESIAN_POINT('',(-0.00508460305841728,-0.00419664845956361,0.00555042312631163));
#5566=CARTESIAN_POINT('',(-0.000110237752786587,-0.0048480055386372,0.00638667366536281));
#5567=CARTESIAN_POINT('',(-0.00508520608889368,-0.00419812025566344,0.00555268140210867));
#5568=CARTESIAN_POINT('',(-0.000110579674487099,-0.00484884320425977,0.00638795124995987));
#5569=CARTESIAN_POINT('',(-0.00508555763298865,-0.00419897597083138,0.00555399997652256));
#5570=CARTESIAN_POINT('',(-0.000111761269475219,-0.00485172650419792,0.00639237670732765));
#5571=CARTESIAN_POINT('',(-0.00508673034083812,-0.00420181788828159,0.00555841010422044));
#5572=CARTESIAN_POINT('',(-0.000112757393080091,-0.00485414407020435,0.00639611950286294));
#5573=CARTESIAN_POINT('',(-0.00508767019420892,-0.00420408046769247,0.00556195826443397));
#5574=CARTESIAN_POINT('',(-0.000114411344161247,-0.00485810819124585,0.00640237955172129));
#5575=CARTESIAN_POINT('',(-0.00508917764096506,-0.00420765787319442,0.00556769624376502));
#5576=CARTESIAN_POINT('',(-0.000114989089347289,-0.00485948533763464,0.00640457316300283));
#5577=CARTESIAN_POINT('',(-0.00508969611821838,-0.00420888019176721,0.00556967717919792));
#5578=CARTESIAN_POINT('',(-0.000116169769183976,-0.00486227787468628,0.00640907589836704));
#5579=CARTESIAN_POINT('',(-0.00509074074505939,-0.00421132029585634,0.00557368898509639));
#5580=CARTESIAN_POINT('',(-0.000116771216199138,-0.0048636893629547,0.00641137969900704));
#5581=CARTESIAN_POINT('',(-0.00509126780153087,-0.00421254045204475,0.0055757231083595));
#5582=CARTESIAN_POINT('',(-0.000118586051861301,-0.00486790849273463,0.00641836773182809));
#5583=CARTESIAN_POINT('',(-0.00509286500057677,-0.00421620499754324,0.00558191745586201));
#5584=CARTESIAN_POINT('',(-0.000119818199028195,-0.00487072247160991,0.00642315817209379));
#5585=CARTESIAN_POINT('',(-0.00509395178363349,-0.00421865506459122,0.00558617184516968));
#5586=CARTESIAN_POINT('',(-0.000122352466329841,-0.00487641369598267,0.00643309910487354));
#5587=CARTESIAN_POINT('',(-0.00509619208950276,-0.00422362391972017,0.00559501640192376));
#5588=CARTESIAN_POINT('',(-0.000123654587455538,-0.00487929094375588,0.00643824960122878));
#5589=CARTESIAN_POINT('',(-0.00509734561331945,-0.00422614271017395,0.00559960657320166));
#5590=CARTESIAN_POINT('',(-0.000126356606633349,-0.00488517573389042,0.00644901552729608));
#5591=CARTESIAN_POINT('',(-0.00509974409846722,-0.00423130875421378,0.00560921567343379));
#5592=CARTESIAN_POINT('',(-0.000127758589993315,-0.00488818870562644,0.00645463845643255));
#5593=CARTESIAN_POINT('',(-0.00510099164368891,-0.00423396271885492,0.00561424390986545));
#5594=CARTESIAN_POINT('',(-0.000132138406283705,-0.00489748602288624,0.00647230963263673));
#5595=CARTESIAN_POINT('',(-0.00510487470670074,-0.00424211935215895,0.00562998941949514));
#5596=CARTESIAN_POINT('',(-0.000135279608227538,-0.00490400136357991,0.00648512258659033));
#5597=CARTESIAN_POINT('',(-0.00510764715502792,-0.00424780761522363,0.0056413549543844));
#5598=CARTESIAN_POINT('',(-0.000141897080843309,-0.00491734566622036,0.00651246289751379));
#5599=CARTESIAN_POINT('',(-0.00511346265578459,-0.00425940034729272,0.00566550438949479));
#5600=CARTESIAN_POINT('',(-0.000145364236489169,-0.00492415064372444,0.00652695770394843));
#5601=CARTESIAN_POINT('',(-0.00511649816499359,-0.00426528501679408,0.00567826130753133));
#5602=CARTESIAN_POINT('',(-0.000156172166070756,-0.00494473091661346,0.00657271791237529));
#5603=CARTESIAN_POINT('',(-0.00512595542877925,-0.00428307623116789,0.00571850082057646));
#5604=CARTESIAN_POINT('',(-0.000163947188136696,-0.0049587423923505,0.00660636039921615));
#5605=CARTESIAN_POINT('',(-0.0051327430170049,-0.0042951576386893,0.00574800797542618));
#5606=CARTESIAN_POINT('',(-0.000180501652975693,-0.00498675701332043,0.00667964919767787));
#5607=CARTESIAN_POINT('',(-0.00514715491241759,-0.0043192344887653,0.00581209573054519));
#5608=CARTESIAN_POINT('',(-0.00018926757945338,-0.0050007247439513,0.00671924710385879));
#5609=CARTESIAN_POINT('',(-0.00515476746679172,-0.00433119915007772,0.00584663422921649));
#5610=CARTESIAN_POINT('',(-0.000207586877335691,-0.00502791243738472,0.00680382551658203));
#5611=CARTESIAN_POINT('',(-0.00517065038276888,-0.00435443860276122,0.00592026712975792));
#5612=CARTESIAN_POINT('',(-0.000217144446552966,-0.00504114329243524,0.00684882115379653));
#5613=CARTESIAN_POINT('',(-0.00517892334411191,-0.00436572005217218,0.00595937098205351));
#5614=CARTESIAN_POINT('',(-0.000236894314651167,-0.00506635501931327,0.00694374117278461));
#5615=CARTESIAN_POINT('',(-0.00519599674190406,-0.00438717246038398,0.00604173997437882));
#5616=CARTESIAN_POINT('',(-0.000247085680652633,-0.00507833323197011,0.00699366240957179));
#5617=CARTESIAN_POINT('',(-0.00520479604126071,-0.00439734022029998,0.00608500124231776));
#5618=CARTESIAN_POINT('',(-0.000267942578010999,-0.00510058914987768,0.00709788579159787));
#5619=CARTESIAN_POINT('',(-0.00522278794125118,-0.00441619354745055,0.00617522292090166));
#5620=CARTESIAN_POINT('',(-0.000278608483959515,-0.00511086823381606,0.00715218891624876));
#5621=CARTESIAN_POINT('',(-0.00523198055432984,-0.00442487946337016,0.00622218308797198));
#5622=CARTESIAN_POINT('',(-0.000300261992788371,-0.00512936876072912,0.00726459143222323));
#5623=CARTESIAN_POINT('',(-0.00525063182524261,-0.00444047362205631,0.00631931222983619));
#5624=CARTESIAN_POINT('',(-0.000311249835378143,-0.00513758970272172,0.00732269271127916));
#5625=CARTESIAN_POINT('',(-0.00526009050530415,-0.00444738086189703,0.00636948225161191));
#5626=CARTESIAN_POINT('',(-0.000344474323852265,-0.00515875835935018,0.00750173979824304));
#5627=CARTESIAN_POINT('',(-0.00528868152302149,-0.00446510075415595,0.00652401222545766));
#5628=CARTESIAN_POINT('',(-0.000366972855278294,-0.00516822482148253,0.00762742260181398));
#5629=CARTESIAN_POINT('',(-0.00530802939434345,-0.00447292280969397,0.00663238516822679));
#5630=CARTESIAN_POINT('',(-0.000400414340008687,-0.00517442254058368,0.00782141293446928));
#5631=CARTESIAN_POINT('',(-0.00533679403091585,-0.00447780104671722,0.00679965833434948));
#5632=CARTESIAN_POINT('',(-0.000411511512223086,-0.00517516615230586,0.00788698338105473));
#5633=CARTESIAN_POINT('',(-0.00534634048181834,-0.0044782965826509,0.00685619737438625));
#5634=CARTESIAN_POINT('',(-0.000425114800442051,-0.00517457924370177,0.00796872786777265));
#5635=CARTESIAN_POINT('',(-0.00535804675583348,-0.00447761935826812,0.00692669932428122));
#5636=CARTESIAN_POINT('',(-0.000427718992993375,-0.00517440122338523,0.00798443676657815));
#5637=CARTESIAN_POINT('',(-0.00536028796219258,-0.00447743332566243,0.00694024855790533));
#5638=CARTESIAN_POINT('',(-0.000430316533027225,-0.00517415437486264,0.0080001686961217));
#5639=CARTESIAN_POINT('',(-0.0053625236400135,-0.00447718818314978,0.00695381867284331));
#5640=CARTESIAN_POINT('',(-0.000430316654731492,-0.00361602727703458,-0.0088146997150671));
#5641=CARTESIAN_POINT('',(-0.00536252374319273,-0.00312319459203263,-0.0076580984787904));
#5642=CARTESIAN_POINT('',(-0.000427719050081053,-0.003619160737394,-0.00879928062471944));
#5643=CARTESIAN_POINT('',(-0.00536028800966561,-0.00312592913284613,-0.00764480413311487));
#5644=CARTESIAN_POINT('',(-0.000425114792482472,-0.00362222230603873,-0.00878387152578303));
#5645=CARTESIAN_POINT('',(-0.00535804674723714,-0.00312860173021749,-0.00763151945180397));
#5646=CARTESIAN_POINT('',(-0.000411511424345877,-0.00363781981533344,-0.00870362627182079));
#5647=CARTESIAN_POINT('',(-0.00534634040399607,-0.00314222219659585,-0.00756234196637209));
#5648=CARTESIAN_POINT('',(-0.000400414236129776,-0.00364913741112696,-0.00863903556030643));
#5649=CARTESIAN_POINT('',(-0.00533679393891777,-0.00315212412696664,-0.0075066744782315));
#5650=CARTESIAN_POINT('',(-0.000366972701055401,-0.00367869086190508,-0.00844720918524129));
#5651=CARTESIAN_POINT('',(-0.00530802925773428,-0.0031780653262878,-0.00734135284334478));
#5652=CARTESIAN_POINT('',(-0.000344474133091009,-0.00369247973136511,-0.00832192672741331));
#5653=CARTESIAN_POINT('',(-0.00528868135400865,-0.00319028992615823,-0.00723338769246499));
#5654=CARTESIAN_POINT('',(-0.000311249595009361,-0.00370457128884702,-0.00814203829326129));
#5655=CARTESIAN_POINT('',(-0.00526009029223459,-0.00320126652403197,-0.00707823265517561));
#5656=CARTESIAN_POINT('',(-0.000300261736739279,-0.00370716638878485,-0.00808341563407487));
#5657=CARTESIAN_POINT('',(-0.00525063159823249,-0.00320369559547713,-0.00702764760826286));
#5658=CARTESIAN_POINT('',(-0.000278608199959736,-0.00370963473533316,-0.00796952740215799));
#5659=CARTESIAN_POINT('',(-0.00523198030243359,-0.00320621435405717,-0.00692930674857193));
#5660=CARTESIAN_POINT('',(-0.000267942281702469,-0.00370950882117101,-0.00791426006575199));
#5661=CARTESIAN_POINT('',(-0.00522278767837399,-0.00320630521933996,-0.00688155009079403));
#5662=CARTESIAN_POINT('',(-0.000247085364671386,-0.00370678279670933,-0.00780772170081995));
#5663=CARTESIAN_POINT('',(-0.00520479576077245,-0.00320435105022085,-0.00678940025483199));
#5664=CARTESIAN_POINT('',(-0.000236893991238802,-0.00370418151102912,-0.00775644945595978));
#5665=CARTESIAN_POINT('',(-0.00519599645472681,-0.00320230562819543,-0.00674500725177262));
#5666=CARTESIAN_POINT('',(-0.000217144114632588,-0.00369684051400687,-0.00765851297818545));
#5667=CARTESIAN_POINT('',(-0.00517892304914961,-0.00319635370166652,-0.00666009886831965));
#5668=CARTESIAN_POINT('',(-0.000207586544264556,-0.00369210283851755,-0.00761185232503975));
#5669=CARTESIAN_POINT('',(-0.00517065008665368,-0.00319244962997069,-0.00661958788165718));
#5670=CARTESIAN_POINT('',(-0.000189267251315736,-0.00368091926020273,-0.00752371835126018));
#5671=CARTESIAN_POINT('',(-0.00515476717476434,-0.00318313583891394,-0.00654293853151968));
#5672=CARTESIAN_POINT('',(-0.000180501330718522,-0.00367446543044511,-0.00748222815532694));
#5673=CARTESIAN_POINT('',(-0.00514715462543705,-0.00317772131101278,-0.00650678965434658));
#5674=CARTESIAN_POINT('',(-0.000163946886289534,-0.00366039456067608,-0.00740503969076499));
#5675=CARTESIAN_POINT('',(-0.00513274274772208,-0.00316583047960126,-0.00643936911559109));
#5676=CARTESIAN_POINT('',(-0.000156171878667566,-0.00365280343761617,-0.00736939551046103));
#5677=CARTESIAN_POINT('',(-0.00512595517216988,-0.00315937669710849,-0.00640814449488233));
#5678=CARTESIAN_POINT('',(-0.000145363974908309,-0.00364098199311764,-0.0073206329790891));
#5679=CARTESIAN_POINT('',(-0.00511649793119587,-0.00314928239703107,-0.00636532113107132));
#5680=CARTESIAN_POINT('',(-0.00014189682815519,-0.00363695629566077,-0.00730513460990497));
#5681=CARTESIAN_POINT('',(-0.00511346242987419,-0.00314584200139171,-0.00635170016039056));
#5682=CARTESIAN_POINT('',(-0.000135279377591844,-0.00362886298071463,-0.00727580792087635));
#5683=CARTESIAN_POINT('',(-0.00510764694794194,-0.00313888410869008,-0.00632583185156904));
#5684=CARTESIAN_POINT('',(-0.000132138188637206,-0.00362481295781331,-0.0072620160037811));
#5685=CARTESIAN_POINT('',(-0.0051048745108188,-0.00313538111655625,-0.00631361467540649));
#5686=CARTESIAN_POINT('',(-0.000127758393832643,-0.0036189210317948,-0.00724293743655554));
#5687=CARTESIAN_POINT('',(-0.00510099146648772,-0.003130256608821,-0.00629663857408612));
#5688=CARTESIAN_POINT('',(-0.000126356418063705,-0.00361699257874082,-0.00723685665167551));
#5689=CARTESIAN_POINT('',(-0.00509974392804295,-0.00312857177476076,-0.00629120831980465));
#5690=CARTESIAN_POINT('',(-0.000123654412263275,-0.0036131862323845,-0.00722519277163398));
#5691=CARTESIAN_POINT('',(-0.00509734545550144,-0.0031252593702019,-0.00628081363374266));
#5692=CARTESIAN_POINT('',(-0.000122352297215767,-0.00361130438072293,-0.00721960130826609));
#5693=CARTESIAN_POINT('',(-0.00509619193742566,-0.00312362691299415,-0.00627583881945362));
#5694=CARTESIAN_POINT('',(-0.000119818041060795,-0.00360753670915196,-0.00720878393235169));
#5695=CARTESIAN_POINT('',(-0.00509395164209526,-0.00312036785247125,-0.00626623188347672));
#5696=CARTESIAN_POINT('',(-0.000118585898962438,-0.00360565088771149,-0.00720355801561144));
#5697=CARTESIAN_POINT('',(-0.00509286486383652,-0.00311874124752781,-0.00626159975758676));
#5698=CARTESIAN_POINT('',(-0.000116771070327802,-0.00360278764826678,-0.00719591373827255));
#5699=CARTESIAN_POINT('',(-0.005091267671438,-0.00311627731030084,-0.00625483755413656));
#5700=CARTESIAN_POINT('',(-0.000116169625392535,-0.00360182351643876,-0.00719338981415453));
#5701=CARTESIAN_POINT('',(-0.00509074061707751,-0.00311545169999219,-0.00625261387276649));
#5702=CARTESIAN_POINT('',(-0.000114988952561726,-0.00359990591058086,-0.00718845065079453));
#5703=CARTESIAN_POINT('',(-0.00508969599454647,-0.0031137903135227,-0.00624822202816118));
#5704=CARTESIAN_POINT('',(-0.000114411211965836,-0.00359895529367424,-0.00718604136007361));
#5705=CARTESIAN_POINT('',(-0.00508917752011134,-0.0031129528059384,-0.00624605023438379));
#5706=CARTESIAN_POINT('',(-0.00011275727753256,-0.00359620897392078,-0.00717915956686465));
#5707=CARTESIAN_POINT('',(-0.00508767008508953,-0.00311049067833053,-0.00623975266022451));
#5708=CARTESIAN_POINT('',(-0.000111761168808783,-0.00359452033188086,-0.00717503633565458));
#5709=CARTESIAN_POINT('',(-0.00508673024318697,-0.00310891861358932,-0.00623584921514743));
#5710=CARTESIAN_POINT('',(-0.00011057959953249,-0.00359249934361169,-0.00717015653233062));
#5711=CARTESIAN_POINT('',(-0.00508555755599779,-0.00310693547708362,-0.00623099206402835));
#5712=CARTESIAN_POINT('',(-0.000110237687177272,-0.00359191071210532,-0.00716874681914814));
#5713=CARTESIAN_POINT('',(-0.005085206019381,-0.00310633663175773,-0.00622953873481779));
#5714=CARTESIAN_POINT('',(-0.000109680752339767,-0.00359094855093277,-0.00716645263712038));
#5715=CARTESIAN_POINT('',(-0.00508460300458258,-0.00310530487897009,-0.0062270485338277));
#5716=CARTESIAN_POINT('',(-0.000109464281951612,-0.00359057227440233,-0.00716556235589837));
#5717=CARTESIAN_POINT('',(-0.00508435699557106,-0.00310488228223242,-0.0062260336573644));
#5718=CARTESIAN_POINT('',(-0.000109024929632741,-0.00358978376943889,-0.0071637707845262));
#5719=CARTESIAN_POINT('',(-0.00508394382613311,-0.00310416419728549,-0.00622433434636317));
#5720=CARTESIAN_POINT('',(-0.000108801207797403,-0.00358936995738458,-0.00716286611665963));
#5721=CARTESIAN_POINT('',(-0.00508376672977096,-0.00310384997496465,-0.00622360995406594));
#5722=CARTESIAN_POINT('',(-0.000108215192284315,-0.00358825753976283,-0.00716051407027163));
#5723=CARTESIAN_POINT('',(-0.00508335223404723,-0.00310308740845292,-0.00622193130280547));
#5724=CARTESIAN_POINT('',(-0.000107848854231171,-0.00358755126547603,-0.00715905045381344));
#5725=CARTESIAN_POINT('',(-0.00508311450912878,-0.0031026384469646,-0.00622097573674656));
#5726=CARTESIAN_POINT('',(-0.000106874619404423,-0.00358566032399477,-0.00715516598445703));
#5727=CARTESIAN_POINT('',(-0.00508246757977791,-0.00310139790943246,-0.00621838693780489));
#5728=CARTESIAN_POINT('',(-0.0001062757246715,-0.00358449273204878,-0.00715278127047449));
#5729=CARTESIAN_POINT('',(-0.00508205097190828,-0.00310059236712334,-0.00621672393613634));
#5730=CARTESIAN_POINT('',(-0.000104869179555264,-0.00358174292738646,-0.00714718533470089));
#5731=CARTESIAN_POINT('',(-0.00508101747289524,-0.0030985856920401,-0.006212603604967));
#5732=CARTESIAN_POINT('',(-0.000104061882135395,-0.00358016138084811,-0.00714397553195219));
#5733=CARTESIAN_POINT('',(-0.00508040475508084,-0.00309739243593411,-0.00621016305378514));
#5734=CARTESIAN_POINT('',(-9.95469709377787E-5,-0.00357130321324968,-0.00712603246670125));
#5735=CARTESIAN_POINT('',(-0.00507689805858409,-0.003090549218853,-0.00619620399583297));
#5736=CARTESIAN_POINT('',(-9.44099352365013E-5,-0.00356118690326567,-0.0071056402149741));
#5737=CARTESIAN_POINT('',(-0.00507267963044329,-0.00308227808716634,-0.00617943589972724));
#5738=CARTESIAN_POINT('',(-8.2059449259264E-5,-0.0035368279642417,-0.00705663613421851));
#5739=CARTESIAN_POINT('',(-0.0050622790826482,-0.00306184852881773,-0.00613811705114165));
#5740=CARTESIAN_POINT('',(-7.48459026548483E-5,-0.00352258514391819,-0.00702802392378036));
#5741=CARTESIAN_POINT('',(-0.00505609691658954,-0.00304969001033428,-0.00611356611472351));
#5742=CARTESIAN_POINT('',(-6.2272787958599E-5,-0.00349774593755671,-0.00697816199469267));
#5743=CARTESIAN_POINT('',(-0.00504519863491466,-0.0030282425785229,-0.00607029477263303));
#5744=CARTESIAN_POINT('',(-5.77420175583416E-5,-0.00349001560230468,-0.00695943831203887));
#5745=CARTESIAN_POINT('',(-0.00504126170452008,-0.00302152708419304,-0.00605402415448375));
#5746=CARTESIAN_POINT('',(-4.91098014355854E-5,-0.00347734041657569,-0.00692249400726571));
#5747=CARTESIAN_POINT('',(-0.0050337410785008,-0.00301045523681737,-0.00602185512997506));
#5748=CARTESIAN_POINT('',(-4.50080343505336E-5,-0.00347239467761274,-0.00690427226772736));
#5749=CARTESIAN_POINT('',(-0.00503015714225597,-0.00300609820240077,-0.00600595589692817));
#5750=CARTESIAN_POINT('',(-3.72310787671671E-5,-0.00346485466740412,-0.00686858633174153));
#5751=CARTESIAN_POINT('',(-0.00502334276010432,-0.00299940006807427,-0.00597474347340352));
#5752=CARTESIAN_POINT('',(-3.35556335631714E-5,-0.00346225990080474,-0.00685112110996192));
#5753=CARTESIAN_POINT('',(-0.00502011211930451,-0.00299705857346026,-0.00595942951601924));
#5754=CARTESIAN_POINT('',(-2.66123221351861E-5,-0.00345903536227603,-0.0068170889147825));
#5755=CARTESIAN_POINT('',(-0.00501399156855876,-0.00299408341968392,-0.00592951220189515));
#5756=CARTESIAN_POINT('',(-2.33442584156127E-5,-0.00345840537103961,-0.0068005210523701));
#5757=CARTESIAN_POINT('',(-0.00501110150610627,-0.00299344957109706,-0.0059149081710878));
#5758=CARTESIAN_POINT('',(-1.41087363670283E-5,-0.00345896991870179,-0.00675224850582109));
#5759=CARTESIAN_POINT('',(-0.00500291154496744,-0.00299371297628033,-0.00587224748485725));
#5760=CARTESIAN_POINT('',(-8.70977726954688E-6,-0.00346258861851384,-0.00672199277927469));
#5761=CARTESIAN_POINT('',(-0.00499809192403101,-0.00299675157807704,-0.00584535711732843));
#5762=CARTESIAN_POINT('',(8.35833391853169E-7,-0.00347441469963105,-0.00666513834098864));
#5763=CARTESIAN_POINT('',(-0.00498953560404209,-0.00300700198742565,-0.00579461170902042));
#5764=CARTESIAN_POINT('',(4.98501036482509E-6,-0.00348262629627542,-0.00663852391490952));
#5765=CARTESIAN_POINT('',(-0.0049857968236792,-0.00301421657996283,-0.00577074414396098));
#5766=CARTESIAN_POINT('',(1.22681664122229E-5,-0.00350265883594373,-0.00658832809764175));
#5767=CARTESIAN_POINT('',(-0.0049792206469369,-0.00303198375008074,-0.00572561948976096));
#5768=CARTESIAN_POINT('',(1.54035269858769E-5,-0.00351448527602379,-0.00656473613424006));
#5769=CARTESIAN_POINT('',(-0.00497638206688914,-0.00304254044485457,-0.00570435370932402));
#5770=CARTESIAN_POINT('',(2.08052996887996E-5,-0.00354152824709583,-0.00651996211321361));
#5771=CARTESIAN_POINT('',(-0.0049714946637771,-0.0030667638946806,-0.00566399451848281));
#5772=CARTESIAN_POINT('',(2.30726736709307E-5,-0.00355675025286049,-0.00649877167471221));
#5773=CARTESIAN_POINT('',(-0.00496944503257228,-0.00308043505907675,-0.00564489418449853));
#5774=CARTESIAN_POINT('',(2.67611806292857E-5,-0.00359095771671964,-0.0064584516993062));
#5775=CARTESIAN_POINT('',(-0.0049661219010975,-0.00311113648377601,-0.00560864098485577));
#5776=CARTESIAN_POINT('',(2.81831932744243E-5,-0.00360994936856281,-0.00643931376280521));
#5777=CARTESIAN_POINT('',(-0.0049648477222446,-0.00312817191952809,-0.00559148139353777));
#5778=CARTESIAN_POINT('',(3.00534739934002E-5,-0.00365249159237837,-0.00640326787279052));
#5779=CARTESIAN_POINT('',(-0.00496318147747723,-0.00316618716518977,-0.00555929722939651));
#5780=CARTESIAN_POINT('',(3.05024673532664E-5,-0.00367605140763187,-0.006386350432582));
#5781=CARTESIAN_POINT('',(-0.0049627889171664,-0.00318717455513784,-0.00554426539779639));
#5782=CARTESIAN_POINT('',(2.94618528943902E-5,-0.00382095624583445,-0.00630202888902314));
#5783=CARTESIAN_POINT('',(-0.00496372620816836,-0.00331552339693338,-0.00546965874925694));
#5784=CARTESIAN_POINT('',(2.9461852894777E-5,-0.00393819816800035,-0.00622943576419434));
#5785=CARTESIAN_POINT('',(-0.00496372620816838,-0.00341838178108613,-0.00540597153411615));
#5786=CARTESIAN_POINT('',(3.05024673535148E-5,-0.0040782693627891,-0.00613730761847808));
#5787=CARTESIAN_POINT('',(-0.00496278891716641,-0.00354237691585745,-0.00532433340730281));
#5788=CARTESIAN_POINT('',(3.00534739755706E-5,-0.00410391478190833,-0.00612375846752271));
#5789=CARTESIAN_POINT('',(-0.00496318147748465,-0.00356518777415598,-0.00531224651175294));
#5790=CARTESIAN_POINT('',(2.81831862719596E-5,-0.0041551445639742,-0.00610174322587509));
#5791=CARTESIAN_POINT('',(-0.00496484772830809,-0.00361094281673611,-0.00529256234079158));
#5792=CARTESIAN_POINT('',(2.67611667104223E-5,-0.00418074153874811,-0.0060932730895087));
#5793=CARTESIAN_POINT('',(-0.00496612191317142,-0.00363389687718736,-0.00528496151553207));
#5794=CARTESIAN_POINT('',(2.30726376196026E-5,-0.00423208228118393,-0.00608062397297979));
#5795=CARTESIAN_POINT('',(-0.00496944506393989,-0.00368003438834173,-0.00527363816046244));
#5796=CARTESIAN_POINT('',(2.08052484521365E-5,-0.0042578363284148,-0.00607644319240775));
#5797=CARTESIAN_POINT('',(-0.00497149470840277,-0.00370322616629637,-0.00526991399566308));
#5798=CARTESIAN_POINT('',(1.54034399150648E-5,-0.00430997068990704,-0.00607219287060531));
#5799=CARTESIAN_POINT('',(-0.00497638214281351,-0.00375015173679366,-0.00526621974062689));
#5800=CARTESIAN_POINT('',(1.22680587031256E-5,-0.00433636094653885,-0.00607212216430603));
#5801=CARTESIAN_POINT('',(-0.00497922074089072,-0.00377389369230063,-0.00526624878946829));
#5802=CARTESIAN_POINT('',(4.98486233710486E-6,-0.00439022381716425,-0.00607656408982458));
#5803=CARTESIAN_POINT('',(-0.00498579695279516,-0.00382220726174059,-0.00527045816442843));
#5804=CARTESIAN_POINT('',(8.35665693381523E-7,-0.00441770834495236,-0.00608107651346339));
#5805=CARTESIAN_POINT('',(-0.00498953575027808,-0.00384678849071922,-0.00527463867913557));
#5806=CARTESIAN_POINT('',(-8.70997355131425E-6,-0.00447387369907574,-0.00609583258569208));
#5807=CARTESIAN_POINT('',(-0.00499809209502322,-0.00389678292596648,-0.00528808218738615));
#5808=CARTESIAN_POINT('',(-1.41089415105704E-5,-0.00450257047067307,-0.00610607946544213));
#5809=CARTESIAN_POINT('',(-0.00500291172354857,-0.00392220858440473,-0.00529734827051747));
#5810=CARTESIAN_POINT('',(-2.33444594339354E-5,-0.00454603379401965,-0.006127091087002));
#5811=CARTESIAN_POINT('',(-0.00501110168089895,-0.00396051416278371,-0.00531612803351421));
#5812=CARTESIAN_POINT('',(-2.66125188583068E-5,-0.00456058387015271,-0.00613503997545931));
#5813=CARTESIAN_POINT('',(-0.00501399173954675,-0.00397330457697001,-0.00532320501783179));
#5814=CARTESIAN_POINT('',(-3.3555814276977E-5,-0.00458961081003597,-0.0061530959170312));
#5815=CARTESIAN_POINT('',(-0.00502011227625541,-0.00399875920459275,-0.00533920355818823));
#5816=CARTESIAN_POINT('',(-3.7231247759023E-5,-0.00460408837180906,-0.00616320356270941));
#5817=CARTESIAN_POINT('',(-0.00502334290681645,-0.00401142393696825,-0.00534812558423477));
#5818=CARTESIAN_POINT('',(-4.50081710902073E-5,-0.00463267207050672,-0.0061858596310653));
#5819=CARTESIAN_POINT('',(-0.00503015726088564,-0.00403637839111053,-0.00536803402738066));
#5820=CARTESIAN_POINT('',(-4.91099176335986E-5,-0.00464677890443514,-0.00619840895415929));
#5821=CARTESIAN_POINT('',(-0.00503374117927768,-0.00404866862341958,-0.00537902113961523));
#5822=CARTESIAN_POINT('',(-5.77420829608285E-5,-0.00467420008179524,-0.00622622266388815));
#5823=CARTESIAN_POINT('',(-0.00504126176121486,-0.0040725298406475,-0.00540327109283015));
#5824=CARTESIAN_POINT('',(-6.22728230917533E-5,-0.00468751502943229,-0.0062414883438804));
#5825=CARTESIAN_POINT('',(-0.00504519866536789,-0.00408410126184637,-0.00541653491218828));
#5826=CARTESIAN_POINT('',(-7.48459608337406E-5,-0.00472107787250388,-0.00628594894538235));
#5827=CARTESIAN_POINT('',(-0.00505609696701865,-0.00411327628933813,-0.00545502163325896));
#5828=CARTESIAN_POINT('',(-8.20595495580407E-5,-0.004740342014217,-0.00631145230380384));
#5829=CARTESIAN_POINT('',(-0.00506227916874944,-0.00412983396396233,-0.00547684891261624));
#5830=CARTESIAN_POINT('',(-9.44100805968136E-5,-0.00477335107585573,-0.0063551006892141));
#5831=CARTESIAN_POINT('',(-0.00507267975203298,-0.00415771493824653,-0.00551355422393485));
#5832=CARTESIAN_POINT('',(-9.95471192271711E-5,-0.00478709625190923,-0.00637324605739696));
#5833=CARTESIAN_POINT('',(-0.00507689817997973,-0.00416903836160523,-0.00552843242004298));
#5834=CARTESIAN_POINT('',(-0.000104062005903185,-0.00479920973552321,-0.00638917338906359));
#5835=CARTESIAN_POINT('',(-0.00508040485057694,-0.00417848364494555,-0.00554078021238562));
#5836=CARTESIAN_POINT('',(-0.000104869297012954,-0.00480137806048745,-0.00639201984124975));
#5837=CARTESIAN_POINT('',(-0.00508101756193185,-0.00418013643962706,-0.00554293619580968));
#5838=CARTESIAN_POINT('',(-0.000106275826619565,-0.00480516160232463,-0.00639697563358381));
#5839=CARTESIAN_POINT('',(-0.00508205104539954,-0.00418293031551293,-0.00554656903221302));
#5840=CARTESIAN_POINT('',(-0.000106874712059471,-0.0048067758456062,-0.00639908374454652));
#5841=CARTESIAN_POINT('',(-0.00508246764307797,-0.00418405988526716,-0.00554803135169962));
#5842=CARTESIAN_POINT('',(-0.00010784892589295,-0.00480941015923837,-0.00640250782842004));
#5843=CARTESIAN_POINT('',(-0.00508311455590706,-0.00418582428439773,-0.0055502957035408));
#5844=CARTESIAN_POINT('',(-0.000108215252367949,-0.00481040549078719,-0.0064037924081201));
#5845=CARTESIAN_POINT('',(-0.0050833522746473,-0.00418647953681828,-0.00555112350760352));
#5846=CARTESIAN_POINT('',(-0.000108801253535183,-0.00481201507238707,-0.00640583654916505));
#5847=CARTESIAN_POINT('',(-0.00508376676474086,-0.00418764228568376,-0.00555255434722602));
#5848=CARTESIAN_POINT('',(-0.000109024971444559,-0.00481264043661682,-0.00640661020909844));
#5849=CARTESIAN_POINT('',(-0.0050839438615579,-0.00418815067678355,-0.00555315851766567));
#5850=CARTESIAN_POINT('',(-0.000109464324405832,-0.00481389272360466,-0.00640811462213209));
#5851=CARTESIAN_POINT('',(-0.00508435704021937,-0.00418935178807186,-0.00555455879927908));
#5852=CARTESIAN_POINT('',(-0.000109680799397818,-0.00481452196418757,-0.00640884829853322));
#5853=CARTESIAN_POINT('',(-0.00508460305841728,-0.00419007192762039,-0.00555538949270167));
#5854=CARTESIAN_POINT('',(-0.000110237752786588,-0.00481614681433301,-0.00641073225718292));
#5855=CARTESIAN_POINT('',(-0.00508520608889368,-0.00419184121906989,-0.00555742311043903));
#5856=CARTESIAN_POINT('',(-0.000110579674487101,-0.00481714638988084,-0.00641188757308002));
#5857=CARTESIAN_POINT('',(-0.00508555763298865,-0.0041928752801821,-0.00555860700424754));
#5858=CARTESIAN_POINT('',(-0.000111761269475221,-0.00482061385577759,-0.0064158718887932));
#5859=CARTESIAN_POINT('',(-0.00508673034083812,-0.00419633932646462,-0.00556254732205934));
#5860=CARTESIAN_POINT('',(-0.000112757393080093,-0.00482355217415857,-0.00641922143038966));
#5861=CARTESIAN_POINT('',(-0.00508767019420892,-0.00419913285369722,-0.00556569452908972));
#5862=CARTESIAN_POINT('',(-0.000114411344161248,-0.00482848841646082,-0.00642474736734858));
#5863=CARTESIAN_POINT('',(-0.00508917764096506,-0.00420367278587146,-0.00557070564201823));
#5864=CARTESIAN_POINT('',(-0.000114989089347291,-0.00483022141404403,-0.00642667225228209));
#5865=CARTESIAN_POINT('',(-0.00508969611821838,-0.00420524359701283,-0.00557242340807938));
#5866=CARTESIAN_POINT('',(-0.000116169769183977,-0.00483378804634231,-0.00643059041805114));
#5867=CARTESIAN_POINT('',(-0.00509074074505939,-0.0042084344886203,-0.00557586824556208));
#5868=CARTESIAN_POINT('',(-0.00011677121619914,-0.00483561762877463,-0.00643257848863442));
#5869=CARTESIAN_POINT('',(-0.00509126780153087,-0.00421005704894526,-0.00557759848732713));
#5870=CARTESIAN_POINT('',(-0.000118586051861302,-0.00484118427826617,-0.00643854892180517));
#5871=CARTESIAN_POINT('',(-0.00509286500057677,-0.00421501208073752,-0.00558281830481724));
#5872=CARTESIAN_POINT('',(-0.000119818199028197,-0.00484502176468281,-0.00644256644505363));
#5873=CARTESIAN_POINT('',(-0.00509395178363349,-0.00421843356879546,-0.00558633911103035));
#5874=CARTESIAN_POINT('',(-0.000122352466329843,-0.00485302573126841,-0.00645076087598501));
#5875=CARTESIAN_POINT('',(-0.00509619208950276,-0.0042255806985322,-0.00559353871115775));
#5876=CARTESIAN_POINT('',(-0.00012365458745554,-0.00485719221450914,-0.00645493778690798));
#5877=CARTESIAN_POINT('',(-0.00509734561331945,-0.00422930634324689,-0.00559721750840284));
#5878=CARTESIAN_POINT('',(-0.000126356606633351,-0.00486593670900902,-0.00646354416448253));
#5879=CARTESIAN_POINT('',(-0.00509974409846722,-0.00423713486719919,-0.00560481599713553));
#5880=CARTESIAN_POINT('',(-0.000127758589993317,-0.00487052044758794,-0.00646798090556084));
#5881=CARTESIAN_POINT('',(-0.00510099164368891,-0.00424124486203985,-0.00560874469060013));
#5882=CARTESIAN_POINT('',(-0.000132138406283707,-0.00488497270636517,-0.00648175925063215));
#5883=CARTESIAN_POINT('',(-0.00510487470670074,-0.00425415712830761,-0.00562089891291937));
#5884=CARTESIAN_POINT('',(-0.00013527960822754,-0.00489551352642697,-0.00649153230367593));
#5885=CARTESIAN_POINT('',(-0.00510764715502792,-0.00426353212413388,-0.00562948035646166));
#5886=CARTESIAN_POINT('',(-0.00014189708084331,-0.00491815829680446,-0.00651184922738259));
#5887=CARTESIAN_POINT('',(-0.00511346265578459,-0.00428358716837006,-0.005647239350061));
#5888=CARTESIAN_POINT('',(-0.000145364236489171,-0.00493023750283499,-0.00652236112131666));
#5889=CARTESIAN_POINT('',(-0.00511649816499359,-0.00429424668301414,-0.005656390472423));
#5890=CARTESIAN_POINT('',(-0.000156172166070758,-0.00496861878572156,-0.00655467863098923));
#5891=CARTESIAN_POINT('',(-0.00512595542877925,-0.00432808128160717,-0.00568451458408988));
#5892=CARTESIAN_POINT('',(-0.000163947188136698,-0.00499714256991969,-0.00657736193119413));
#5893=CARTESIAN_POINT('',(-0.0051327430170049,-0.00435315578569212,-0.00570420980787428));
#5894=CARTESIAN_POINT('',(-0.000180501652975694,-0.00505996705069712,-0.0066243635437526));
#5895=CARTESIAN_POINT('',(-0.00514715491241759,-0.00440820808919565,-0.00574490598637709));
#5896=CARTESIAN_POINT('',(-0.000189267579453382,-0.00509423088134892,-0.00664863454665638));
#5897=CARTESIAN_POINT('',(-0.00515476746679172,-0.00443815381790445,-0.00576586581325824));
#5898=CARTESIAN_POINT('',(-0.000207586877335693,-0.00516814030208684,-0.00669793034870075));
#5899=CARTESIAN_POINT('',(-0.00517065038276888,-0.00450261605171738,-0.00580836871451238));
#5900=CARTESIAN_POINT('',(-0.000217144446552968,-0.00520779746443631,-0.00672296976498976));
#5901=CARTESIAN_POINT('',(-0.00517892334411191,-0.00453713982442397,-0.00582992077899055));
#5902=CARTESIAN_POINT('',(-0.000236894314651168,-0.00529219445618717,-0.00677319514662369));
#5903=CARTESIAN_POINT('',(-0.00519599674190406,-0.00461049370326927,-0.00587309560004543));
#5904=CARTESIAN_POINT('',(-0.000247085680652635,-0.00533693198837659,-0.0067983776936437));
#5905=CARTESIAN_POINT('',(-0.00520479604126071,-0.00464932096054816,-0.00589471422020475));
#5906=CARTESIAN_POINT('',(-0.000267942578011001,-0.00543108608878609,-0.00684830608856022));
#5907=CARTESIAN_POINT('',(-0.00522278794125118,-0.00473093902669942,-0.00593753816804789));
#5908=CARTESIAN_POINT('',(-0.000278608483959517,-0.00548050322173395,-0.00687305353054271));
#5909=CARTESIAN_POINT('',(-0.00523198055432984,-0.00477372950587326,-0.00595874376444856));
#5910=CARTESIAN_POINT('',(-0.000300261992788373,-0.0055835519344424,-0.00692160822035309));
#5911=CARTESIAN_POINT('',(-0.00525063182524261,-0.00486288326112391,-0.0060003232775423));
#5912=CARTESIAN_POINT('',(-0.000311249835378145,-0.00563718546697262,-0.00694541550292607));
#5913=CARTESIAN_POINT('',(-0.00526009050530415,-0.00490924781867838,-0.00602069651611578));
#5914=CARTESIAN_POINT('',(-0.000344474323852267,-0.00580360446868113,-0.00701477462088507));
#5915=CARTESIAN_POINT('',(-0.00528868152302149,-0.00505302943146272,-0.00608002909758305));
#5916=CARTESIAN_POINT('',(-0.000366972855278295,-0.00592189879172897,-0.00705827443873996));
#5917=CARTESIAN_POINT('',(-0.00530802939434345,-0.00515512469973712,-0.00611721021474295));
#5918=CARTESIAN_POINT('',(-0.000400414340008689,-0.00610678758186361,-0.00711732353838015));
#5919=CARTESIAN_POINT('',(-0.00533679403091585,-0.00531467732739857,-0.00616767870300535));
#5920=CARTESIAN_POINT('',(-0.000411511512223087,-0.00616965141981645,-0.00713598296767603));
#5921=CARTESIAN_POINT('',(-0.00534634048181834,-0.00536892241610101,-0.00618362796492574));
#5922=CARTESIAN_POINT('',(-0.000425114800442052,-0.00624843597849323,-0.00715778890458756));
#5923=CARTESIAN_POINT('',(-0.00535804675583348,-0.00543691833065323,-0.00620227036756237));
#5924=CARTESIAN_POINT('',(-0.000427718992993377,-0.00626359391776249,-0.00716191662429996));
#5925=CARTESIAN_POINT('',(-0.00536028796219258,-0.00545000124123735,-0.00620579936041852));
#5926=CARTESIAN_POINT('',(-0.000430316533027227,-0.00627879284431885,-0.00716598444593945));
#5927=CARTESIAN_POINT('',(-0.0053625236400135,-0.00546312041219851,-0.00620927721429316));
#5928=CARTESIAN_POINT('',(-0.000430316654731491,-0.000187608204593131,-0.00952572241337272));
#5929=CARTESIAN_POINT('',(-0.00536252374319273,-0.000145867969792749,-0.00826919217976836));
#5930=CARTESIAN_POINT('',(-0.000427719050081052,-0.000196100087248513,-0.00951247647626202));
#5931=CARTESIAN_POINT('',(-0.00536028800966561,-0.000153220324744207,-0.00825778340169756));
#5932=CARTESIAN_POINT('',(-0.00042511479248247,-0.000204521323562364,-0.00949921388558204));
#5933=CARTESIAN_POINT('',(-0.00535804674723714,-0.000160511427984896,-0.00824636125882612));
#5934=CARTESIAN_POINT('',(-0.000411511424345876,-0.00024805349707249,-0.00943002188496675));
#5935=CARTESIAN_POINT('',(-0.00534634040399607,-0.000198201924734298,-0.00818677545472964));
#5936=CARTESIAN_POINT('',(-0.000400414236129775,-0.00028193969710123,-0.00937388122736382));
#5937=CARTESIAN_POINT('',(-0.00533679393891777,-0.000227544615990913,-0.00813844405778346));
#5938=CARTESIAN_POINT('',(-0.000366972701055399,-0.000378793148582071,-0.00920568439754895));
#5939=CARTESIAN_POINT('',(-0.00530802925773428,-0.000311455126798599,-0.00799365726639754));
#5940=CARTESIAN_POINT('',(-0.000344474133091007,-0.000436908130238234,-0.0090938430989714));
#5941=CARTESIAN_POINT('',(-0.00528868135400865,-0.000361855737687319,-0.00789739879628435));
#5942=CARTESIAN_POINT('',(-0.000311249595009359,-0.000513166369481233,-0.00893047010410518));
#5943=CARTESIAN_POINT('',(-0.00526009029223459,-0.000428139574565672,-0.00775668623726478));
#5944=CARTESIAN_POINT('',(-0.000300261736739278,-0.000536763175186617,-0.00887674356062546));
#5945=CARTESIAN_POINT('',(-0.00525063159823249,-0.000448678042862436,-0.00771039456761166));
#5946=CARTESIAN_POINT('',(-0.000278608199959735,-0.000580206014452226,-0.00877143761672685));
#5947=CARTESIAN_POINT('',(-0.00523198030243359,-0.00048655153129993,-0.00761960432748031));
#5948=CARTESIAN_POINT('',(-0.000267942281702467,-0.000600053467681753,-0.00871985687489337));
#5949=CARTESIAN_POINT('',(-0.00522278767837399,-0.000503887955279969,-0.00757510539465939));
#5950=CARTESIAN_POINT('',(-0.000247085364671385,-0.000635997622035472,-0.00861952805460951));
#5951=CARTESIAN_POINT('',(-0.00520479576077245,-0.00053535410712663,-0.00748847230437201));
#5952=CARTESIAN_POINT('',(-0.000236893991238801,-0.000652093666540376,-0.00857077841736482));
#5953=CARTESIAN_POINT('',(-0.00519599645472681,-0.000549483410282745,-0.00744633817017877));
#5954=CARTESIAN_POINT('',(-0.000217144114632587,-0.000680627127092677,-0.0084768034975988));
#5955=CARTESIAN_POINT('',(-0.00517892304914961,-0.000574605849994884,-0.00736501337670893));
#5956=CARTESIAN_POINT('',(-0.000207586544264555,-0.0006930651483547,-0.00843158228854694));
#5957=CARTESIAN_POINT('',(-0.00517065008665368,-0.000585599667877751,-0.0073258276932961));
#5958=CARTESIAN_POINT('',(-0.000189267251315735,-0.000714474435686587,-0.00834535983106605));
#5959=CARTESIAN_POINT('',(-0.00515476717476434,-0.000604603755322692,-0.00725098977349113));
#5960=CARTESIAN_POINT('',(-0.000180501330718521,-0.000723444406173653,-0.00830433998335084));
#5961=CARTESIAN_POINT('',(-0.00514715462543705,-0.000612613339040328,-0.00721532599632243));
#5962=CARTESIAN_POINT('',(-0.000163946886289533,-0.000738207400419256,-0.00822728089927639));
#5963=CARTESIAN_POINT('',(-0.00513274274772208,-0.000625880576719824,-0.00714816275249002));
#5964=CARTESIAN_POINT('',(-0.000156171878667564,-0.000744005052058771,-0.00819130146106068));
#5965=CARTESIAN_POINT('',(-0.00512595517216988,-0.000631142237781591,-0.00711671528566451));
#5966=CARTESIAN_POINT('',(-0.000145363974908307,-0.000750596941432744,-0.0081415613564135));
#5967=CARTESIAN_POINT('',(-0.00511649793119587,-0.000637199166578958,-0.00707313720636211));
#5968=CARTESIAN_POINT('',(-0.000141896828155189,-0.000752441747057499,-0.00812565530789136));
#5969=CARTESIAN_POINT('',(-0.00511346242987419,-0.000638911555330888,-0.00705919321521166));
#5970=CARTESIAN_POINT('',(-0.000135279377591843,-0.000755488977634854,-0.00809538534221567));
#5971=CARTESIAN_POINT('',(-0.00510764694794194,-0.000641768224591582,-0.00703255825486124));
#5972=CARTESIAN_POINT('',(-0.000132138188637205,-0.000756694658862319,-0.00808106172551314));
#5973=CARTESIAN_POINT('',(-0.0051048745108188,-0.00064291513478002,-0.00701990065065287));
#5974=CARTESIAN_POINT('',(-0.000127758393832641,-0.000758092574885375,-0.0080611430822265));
#5975=CARTESIAN_POINT('',(-0.00510099146648772,-0.000644269148753862,-0.0070022197218954));
#5976=CARTESIAN_POINT('',(-0.000126356418063703,-0.000758490978828616,-0.00805477628159851));
#5977=CARTESIAN_POINT('',(-0.00509974392804295,-0.000644659721886002,-0.00699654752831615));
#5978=CARTESIAN_POINT('',(-0.000123654412263273,-0.000759155146016261,-0.00804252502647283));
#5979=CARTESIAN_POINT('',(-0.00509734545550144,-0.000645325990334827,-0.00698565819368804));
#5980=CARTESIAN_POINT('',(-0.000122352297215765,-0.000759420241145435,-0.0080366313389308));
#5981=CARTESIAN_POINT('',(-0.00509619193742566,-0.000645600879525655,-0.00698042960595535));
#5982=CARTESIAN_POINT('',(-0.000119818041060793,-0.000759814678935074,-0.00802518339633965));
#5983=CARTESIAN_POINT('',(-0.00509395164209526,-0.000646032321653356,-0.00697029409649373));
#5984=CARTESIAN_POINT('',(-0.000118585898962436,-0.000759944021682824,-0.0080196291368269));
#5985=CARTESIAN_POINT('',(-0.00509286486383652,-0.000646188874589866,-0.00696538717025825));
#5986=CARTESIAN_POINT('',(-0.000116771070327801,-0.000760035561897201,-0.00801146673910682));
#5987=CARTESIAN_POINT('',(-0.005091267671438,-0.000646334111192165,-0.00695819152654211));
#5988=CARTESIAN_POINT('',(-0.000116169625392534,-0.000760048282295812,-0.00800876496536967));
#5989=CARTESIAN_POINT('',(-0.00509074061707751,-0.000646367538870231,-0.00695581976057395));
#5990=CARTESIAN_POINT('',(-0.000114988952561725,-0.000760044399688112,-0.00800346661356479));
#5991=CARTESIAN_POINT('',(-0.00508969599454647,-0.000646404859387985,-0.00695112432542722));
#5992=CARTESIAN_POINT('',(-0.000114411211965834,-0.000760028312016236,-0.00800087661443971));
#5993=CARTESIAN_POINT('',(-0.00508917752011134,-0.000646408449226464,-0.00694879664540661));
#5994=CARTESIAN_POINT('',(-0.000112757277532558,-0.000759953435558231,-0.00799346744826022));
#5995=CARTESIAN_POINT('',(-0.00508767008508953,-0.000646387529789114,-0.00694203490931104));
#5996=CARTESIAN_POINT('',(-0.000111761168808781,-0.000759868306662999,-0.00798901264179733));
#5997=CARTESIAN_POINT('',(-0.00508673024318697,-0.00064633171007862,-0.00693782715989119));
#5998=CARTESIAN_POINT('',(-0.000110579599532488,-0.00075974657950946,-0.00798373229554307));
#5999=CARTESIAN_POINT('',(-0.00508555755599779,-0.000646237095723125,-0.00693258160982303));
#6000=CARTESIAN_POINT('',(-0.00011023768717727,-0.000759706944115308,-0.00798220513892285));
#6001=CARTESIAN_POINT('',(-0.005085206019381,-0.000646203692152555,-0.00693101009281069));
#6002=CARTESIAN_POINT('',(-0.000109680752339765,-0.000759638509679943,-0.00797971830518767));
#6003=CARTESIAN_POINT('',(-0.00508460300458258,-0.000646141175685281,-0.00692831533744568));
#6004=CARTESIAN_POINT('',(-0.000109464281951611,-0.000759609248936737,-0.00797875221591097));
#6005=CARTESIAN_POINT('',(-0.00508435699557106,-0.000646113731627742,-0.00692721633377774));
#6006=CARTESIAN_POINT('',(-0.00010902492963274,-0.000759521180183161,-0.00797679678451264));
#6007=CARTESIAN_POINT('',(-0.00508394382613311,-0.000646057999293832,-0.00692537237125728));
#6008=CARTESIAN_POINT('',(-0.000108801207797402,-0.000759462115661784,-0.00797580372069424));
#6009=CARTESIAN_POINT('',(-0.00508376672977096,-0.000646026676386202,-0.0069245833853622));
#6010=CARTESIAN_POINT('',(-0.000108215192284313,-0.000759274474278153,-0.00797320865115999));
#6011=CARTESIAN_POINT('',(-0.00508335223404723,-0.000645922003069228,-0.00692274261888168));
#6012=CARTESIAN_POINT('',(-0.000107848854231169,-0.000759144612367392,-0.00797158873375806));
#6013=CARTESIAN_POINT('',(-0.00508311450912878,-0.000645848549224571,-0.00692168939647228));
#6014=CARTESIAN_POINT('',(-0.000106874619404421,-0.000758784594131249,-0.0079672834871059));
#6015=CARTESIAN_POINT('',(-0.00508246757977791,-0.000645626964469425,-0.00691882727950659));
#6016=CARTESIAN_POINT('',(-0.000106275724671499,-0.000758557305118766,-0.00796463802468212));
#6017=CARTESIAN_POINT('',(-0.00508205097190828,-0.00064547656413018,-0.00691698558118728));
#6018=CARTESIAN_POINT('',(-0.000104869179555263,-0.000758014673797598,-0.0079584266259578));
#6019=CARTESIAN_POINT('',(-0.00508101747289524,-0.000645093830638478,-0.00691241859214536));
#6020=CARTESIAN_POINT('',(-0.000104061882135393,-0.000757699440064153,-0.0079548622535261));
#6021=CARTESIAN_POINT('',(-0.00508040475508084,-0.00064486278123242,-0.00690971179211991));
#6022=CARTESIAN_POINT('',(-9.95469709377771E-5,-0.000755921227562958,-0.00793493090424658));
#6023=CARTESIAN_POINT('',(-0.00507689805858409,-0.000643524264697549,-0.00689422330309041));
#6024=CARTESIAN_POINT('',(-9.44099352364998E-5,-0.000753854580430047,-0.00791226126314171));
#6025=CARTESIAN_POINT('',(-0.00507267963044329,-0.000641868999070013,-0.00687559964174009));
#6026=CARTESIAN_POINT('',(-8.20594492592624E-5,-0.000748842862034559,-0.00785776685499005));
#6027=CARTESIAN_POINT('',(-0.0050622790826482,-0.000637745092958925,-0.00682969095518574));
#6028=CARTESIAN_POINT('',(-7.48459026548467E-5,-0.000745897750186461,-0.00782594166318974));
#6029=CARTESIAN_POINT('',(-0.00505609691658954,-0.000635276433300561,-0.00680240572529464));
#6030=CARTESIAN_POINT('',(-6.22727879585974E-5,-0.000740748086396883,-0.00777047384271815));
#6031=CARTESIAN_POINT('',(-0.00504519863491466,-0.000630908710459321,-0.00675430869446322));
#6032=CARTESIAN_POINT('',(-5.77420175583401E-5,-0.000740303537769396,-0.00775022200942468));
#6033=CARTESIAN_POINT('',(-0.00504126170452008,-0.000630524323700146,-0.00673671087852278));
#6034=CARTESIAN_POINT('',(-4.91098014355838E-5,-0.000741830101286958,-0.00771119366597708));
#6035=CARTESIAN_POINT('',(-0.0050337410785008,-0.000631820925507265,-0.00670271454392765));
#6036=CARTESIAN_POINT('',(-4.5008034350532E-5,-0.000743800788601778,-0.00769241579290263));
#6037=CARTESIAN_POINT('',(-0.00503015714225596,-0.00063350157734818,-0.00668631500827031));
#6038=CARTESIAN_POINT('',(-3.72310787671656E-5,-0.000749661185447787,-0.00765641588276471));
#6039=CARTESIAN_POINT('',(-0.00502334276010432,-0.000638530980979684,-0.00665479064491671));
#6040=CARTESIAN_POINT('',(-3.35556335631699E-5,-0.000753550803468073,-0.00763919271066511));
#6041=CARTESIAN_POINT('',(-0.00502011211930451,-0.00064187964175824,-0.00663966495951786));
#6042=CARTESIAN_POINT('',(-2.66123221351845E-5,-0.000762837857728026,-0.00760629379608384));
#6043=CARTESIAN_POINT('',(-0.00501399156855876,-0.000649912773885622,-0.00661069314541145));
#6044=CARTESIAN_POINT('',(-2.33442584156111E-5,-0.000768235410618315,-0.00759061714539976));
#6045=CARTESIAN_POINT('',(-0.00501110150610627,-0.000654597312102623,-0.0065968463197266));
#6046=CARTESIAN_POINT('',(-1.41087363670267E-5,-0.000786199890781938,-0.0075458082744383));
#6047=CARTESIAN_POINT('',(-0.00500291154496744,-0.00067025374749572,-0.00655716156745657));
#6048=CARTESIAN_POINT('',(-8.70977726954536E-6,-0.000800503856932544,-0.00751890287480286));
#6049=CARTESIAN_POINT('',(-0.00499809192403101,-0.000682801080457864,-0.0065331847160734));
#6050=CARTESIAN_POINT('',(8.35833391854633E-7,-0.000832069541173615,-0.00747015976322998));
#6051=CARTESIAN_POINT('',(-0.00498953560404209,-0.000710690658364002,-0.00648956890700858));
#6052=CARTESIAN_POINT('',(4.98501036482661E-6,-0.000849340866624999,-0.00744830892086354));
#6053=CARTESIAN_POINT('',(-0.0049857968236792,-0.000726040024521288,-0.00646991927683614));
#6054=CARTESIAN_POINT('',(1.22681664122244E-5,-0.000886153474215575,-0.00740873930323683));
#6055=CARTESIAN_POINT('',(-0.0049792206469369,-0.000758908322520676,-0.00643426003206997));
#6056=CARTESIAN_POINT('',(1.54035269858784E-5,-0.000905703701330804,-0.0073910126554472));
#6057=CARTESIAN_POINT('',(-0.00497638206688914,-0.000776434233189381,-0.00641824380038544));
#6058=CARTESIAN_POINT('',(2.08052996888012E-5,-0.000947094762813553,-0.00735903117216999));
#6059=CARTESIAN_POINT('',(-0.0049714946637771,-0.000813601348797969,-0.00638936049510074));
#6060=CARTESIAN_POINT('',(2.30726736709323E-5,-0.000968943729776405,-0.00734477049946368));
#6061=CARTESIAN_POINT('',(-0.00496944503257228,-0.000833249166414218,-0.00637648855829323));
#6062=CARTESIAN_POINT('',(2.67611806292872E-5,-0.00101540649495972,-0.00731953040334782));
#6063=CARTESIAN_POINT('',(-0.0049661219010975,-0.000874973558592987,-0.00635377409021199));
#6064=CARTESIAN_POINT('',(2.81831932744258E-5,-0.00104002910296299,-0.00730854538498802));
#6065=CARTESIAN_POINT('',(-0.0049648477222446,-0.000897057388706412,-0.00634392715703532));
#6066=CARTESIAN_POINT('',(3.00534739934017E-5,-0.0010927198226162,-0.00729030161737959));
#6067=CARTESIAN_POINT('',(-0.00496318147747723,-0.000944131810659136,-0.00632764900843035));
#6068=CARTESIAN_POINT('',(3.0502467353268E-5,-0.00112079998035854,-0.00728303736110977));
#6069=CARTESIAN_POINT('',(-0.0049627889171664,-0.000969132092846467,-0.00632121376261992));
#6070=CARTESIAN_POINT('',(2.94618528943917E-5,-0.00128638017277945,-0.0072567555285915));
#6071=CARTESIAN_POINT('',(-0.00496372620816836,-0.00111576485352406,-0.00629801008419137));
#6072=CARTESIAN_POINT('',(2.94618528947786E-5,-0.00142192867068803,-0.00723141712295316));
#6073=CARTESIAN_POINT('',(-0.00496372620816838,-0.00123468391602018,-0.00627578025877713));
#6074=CARTESIAN_POINT('',(3.05024673535163E-5,-0.00158582169482931,-0.00719610973731655));
#6075=CARTESIAN_POINT('',(-0.00496278891716641,-0.00137979702873013,-0.00624444718174699));
#6076=CARTESIAN_POINT('',(3.00534739755721E-5,-0.00161462985383596,-0.00719273972425136));
#6077=CARTESIAN_POINT('',(-0.00496318147748465,-0.00140543381090985,-0.00624141671976596));
#6078=CARTESIAN_POINT('',(2.81831862719612E-5,-0.00167035302550512,-0.00719071745462321));
#6079=CARTESIAN_POINT('',(-0.00496484772830809,-0.00145520986018663,-0.00623959040480374));
#6080=CARTESIAN_POINT('',(2.67611667104238E-5,-0.00169728125981238,-0.00719206598149895));
#6081=CARTESIAN_POINT('',(-0.00496612191317142,-0.00147935961889063,-0.00624079480937187));
#6082=CARTESIAN_POINT('',(2.30726376196042E-5,-0.00174972446430149,-0.00719881744695004));
#6083=CARTESIAN_POINT('',(-0.00496944506393989,-0.0015264720344281,-0.00624690288662889));
#6084=CARTESIAN_POINT('',(2.0805248452138E-5,-0.00177524967027885,-0.00720422242010214));
#6085=CARTESIAN_POINT('',(-0.00497149470840277,-0.00154944304681859,-0.00625180804288594));
#6086=CARTESIAN_POINT('',(1.54034399150664E-5,-0.00182539890789783,-0.00721909221666638));
#6087=CARTESIAN_POINT('',(-0.00497638214281351,-0.00159453435700086,-0.00626531472392957));
#6088=CARTESIAN_POINT('',(1.22680587031272E-5,-0.00185003263139521,-0.00722855954528264));
#6089=CARTESIAN_POINT('',(-0.00497922074089072,-0.001616662577531,-0.00627391839473336));
#6090=CARTESIAN_POINT('',(4.98486233710643E-6,-0.001898653653874,-0.00725215903060411));
#6091=CARTESIAN_POINT('',(-0.00498579695279516,-0.00166019303771295,-0.00629529639431078));
#6092=CARTESIAN_POINT('',(8.35665693383095E-7,-0.00192265213734088,-0.00726629529694715));
#6093=CARTESIAN_POINT('',(-0.00498953575027808,-0.00168160417500183,-0.00630807437229296));
#6094=CARTESIAN_POINT('',(-8.70997355131267E-6,-0.00196969426219732,-0.00730034419062101));
#6095=CARTESIAN_POINT('',(-0.00499809209502322,-0.00172336624217481,-0.00633867014349121));
#6096=CARTESIAN_POINT('',(-1.41089415105689E-5,-0.00199275160487126,-0.00732026559101199));
#6097=CARTESIAN_POINT('',(-0.00500291172354857,-0.00174372766727342,-0.00635649531590465));
#6098=CARTESIAN_POINT('',(-2.33444594339338E-5,-0.00202568967370799,-0.00735555910795507));
#6099=CARTESIAN_POINT('',(-0.00501110168089894,-0.00177266252246754,-0.00638784449433179));
#6100=CARTESIAN_POINT('',(-2.66125188583052E-5,-0.00203638574592713,-0.00736822731944161));
#6101=CARTESIAN_POINT('',(-0.00501399173954675,-0.00178203272689238,-0.00639906401620775));
#6102=CARTESIAN_POINT('',(-3.35558142769754E-5,-0.00205693000285484,-0.00739554972366088));
#6103=CARTESIAN_POINT('',(-0.00502011227625541,-0.0017999891208855,-0.00642317748289574));
#6104=CARTESIAN_POINT('',(-3.72312477590215E-5,-0.00206677862439172,-0.00741020472109772));
#6105=CARTESIAN_POINT('',(-0.00502334290681645,-0.00180857562456367,-0.00643607205343931));
#6106=CARTESIAN_POINT('',(-4.50081710902058E-5,-0.00208524781375882,-0.0074416564986104));
#6107=CARTESIAN_POINT('',(-0.00503015726088564,-0.00182465320087808,-0.00646365071239667));
#6108=CARTESIAN_POINT('',(-4.91099176335971E-5,-0.00209386870625789,-0.0074584543700863));
#6109=CARTESIAN_POINT('',(-0.00503374117927768,-0.00183214449846899,-0.00647833563343391));
#6110=CARTESIAN_POINT('',(-5.7742082960827E-5,-0.00210939072179846,-0.00749429555380356));
#6111=CARTESIAN_POINT('',(-0.00504126176121486,-0.00184563432738949,-0.00650956770723984));
#6112=CARTESIAN_POINT('',(-6.22728230917517E-5,-0.0021162919410301,-0.0075133402903289));
#6113=CARTESIAN_POINT('',(-0.00504519866536789,-0.00185163291210725,-0.00652611592992117));
#6114=CARTESIAN_POINT('',(-7.4845960833739E-5,-0.00213152733836797,-0.00756692286388524));
#6115=CARTESIAN_POINT('',(-0.00505609696701865,-0.00186493480778977,-0.00657254296406259));
#6116=CARTESIAN_POINT('',(-8.20595495580391E-5,-0.00214027773984922,-0.00759766304801993));
#6117=CARTESIAN_POINT('',(-0.00506227916874944,-0.001872489456797,-0.00659887761787613));
#6118=CARTESIAN_POINT('',(-9.44100805968121E-5,-0.00215529015767405,-0.00765028820369899));
#6119=CARTESIAN_POINT('',(-0.00507267975203298,-0.00188522820322709,-0.00664317607095773));
#6120=CARTESIAN_POINT('',(-9.95471192271695E-5,-0.00216155228959625,-0.00767217358592143));
#6121=CARTESIAN_POINT('',(-0.00507689817997973,-0.00189041235669891,-0.00666114006797322));
#6122=CARTESIAN_POINT('',(-0.000104062005903183,-0.00216709416083846,-0.00769140127539311));
#6123=CARTESIAN_POINT('',(-0.00508040485057694,-0.00189475928403303,-0.00667606607131866));
#6124=CARTESIAN_POINT('',(-0.000104869297012953,-0.00216808780652149,-0.00769483880233195));
#6125=CARTESIAN_POINT('',(-0.00508101756193185,-0.00189552163813006,-0.00667867352429326));
#6126=CARTESIAN_POINT('',(-0.000106275826619563,-0.00216982561553341,-0.00770082671401551));
#6127=CARTESIAN_POINT('',(-0.00508205104539954,-0.00189681451793071,-0.00668307030773347));
#6128=CARTESIAN_POINT('',(-0.00010687471205947,-0.00217056931504831,-0.00770337560087742));
#6129=CARTESIAN_POINT('',(-0.00508246764307797,-0.00189733955962987,-0.00668484192770535));
#6130=CARTESIAN_POINT('',(-0.000107848925892948,-0.0021717888175902,-0.00770752008784637));
#6131=CARTESIAN_POINT('',(-0.00508311455590706,-0.00189816683458877,-0.00668759074739659));
#6132=CARTESIAN_POINT('',(-0.000108215252367947,-0.00217225289290734,-0.00770907747797024));
#6133=CARTESIAN_POINT('',(-0.0050833522746473,-0.00189847880195529,-0.00668859935617263));
#6134=CARTESIAN_POINT('',(-0.000108801253535181,-0.00217301535413319,-0.00771156503066663));
#6135=CARTESIAN_POINT('',(-0.00508376676474086,-0.00189904615409285,-0.00669035360772288));
#6136=CARTESIAN_POINT('',(-0.000109024971444558,-0.00217331901070729,-0.00771251235468586));
#6137=CARTESIAN_POINT('',(-0.0050839438615579,-0.00189930196313879,-0.00669110063192764));
#6138=CARTESIAN_POINT('',(-0.00010946432440583,-0.00217394327687578,-0.00771436755629932));
#6139=CARTESIAN_POINT('',(-0.00508435704021937,-0.00189991612599641,-0.00669284024708856));
#6140=CARTESIAN_POINT('',(-0.000109680799397816,-0.00217426499175938,-0.00771527899708535));
#6141=CARTESIAN_POINT('',(-0.00508460305841728,-0.00190028755505064,-0.00669387499004666));
#6142=CARTESIAN_POINT('',(-0.000110237752786587,-0.00217509955503531,-0.00771762269978139));
#6143=CARTESIAN_POINT('',(-0.00508520608889368,-0.00190120274273318,-0.00669641042390317));
#6144=CARTESIAN_POINT('',(-0.000110579674487099,-0.0021756142832352,-0.00771906108810799));
#6145=CARTESIAN_POINT('',(-0.00508555763298865,-0.00190173930423185,-0.00669788791796128));
#6146=CARTESIAN_POINT('',(-0.000111761269475219,-0.00217740829804348,-0.0077240289450217));
#6147=CARTESIAN_POINT('',(-0.00508673034083812,-0.00190354602422003,-0.00670281351274665));
#6148=CARTESIAN_POINT('',(-0.000112757393080092,-0.00217893820434763,-0.00772821374256938));
#6149=CARTESIAN_POINT('',(-0.00508767019420892,-0.00190501400847502,-0.00670675733433472));
#6150=CARTESIAN_POINT('',(-0.000114411344161247,-0.0021815449145378,-0.00773514970171897));
#6151=CARTESIAN_POINT('',(-0.00508917764096506,-0.00190743714636713,-0.00671307007064197));
#6152=CARTESIAN_POINT('',(-0.000114989089347289,-0.00218246553801717,-0.00773757063439874));
#6153=CARTESIAN_POINT('',(-0.00508969611821838,-0.00190828135546006,-0.00671523928222457));
#6154=CARTESIAN_POINT('',(-0.000116169769183976,-0.00218437591885701,-0.00774251263136267));
#6155=CARTESIAN_POINT('',(-0.00509074074505939,-0.00191001235443907,-0.00671960418051289));
#6156=CARTESIAN_POINT('',(-0.000116771216199138,-0.00218536377973655,-0.00774502737337795));
#6157=CARTESIAN_POINT('',(-0.00509126780153087,-0.00191090031146451,-0.00672180371930424));
#6158=CARTESIAN_POINT('',(-0.000118586051861301,-0.00218839775657178,-0.00775260554224459));
#6159=CARTESIAN_POINT('',(-0.00509286500057677,-0.0019136351254393,-0.00672846101809697));
#6160=CARTESIAN_POINT('',(-0.000119818199028196,-0.00219052480929379,-0.00775773803109189));
#6161=CARTESIAN_POINT('',(-0.00509395178363349,-0.00191555370613381,-0.0067329800561627));
#6162=CARTESIAN_POINT('',(-0.000122352466329841,-0.00219502811597683,-0.00776827047659666));
#6163=CARTESIAN_POINT('',(-0.00509619208950276,-0.00191961741058737,-0.00674227532439888));
#6164=CARTESIAN_POINT('',(-0.000123654587455538,-0.00219740437163177,-0.00777367043738506));
#6165=CARTESIAN_POINT('',(-0.00509734561331945,-0.00192176253597407,-0.00674705155877189));
#6166=CARTESIAN_POINT('',(-0.000126356606633349,-0.00220244938773821,-0.00778485452123219));
#6167=CARTESIAN_POINT('',(-0.00509974409846722,-0.00192631752642651,-0.00675696492753687));
#6168=CARTESIAN_POINT('',(-0.000127758589993315,-0.00220512086093033,-0.00779064749643839));
#6169=CARTESIAN_POINT('',(-0.00510099164368891,-0.00192873077470533,-0.00676211302647472));
#6170=CARTESIAN_POINT('',(-0.000132138406283705,-0.00221361987856141,-0.00780871617862539));
#6171=CARTESIAN_POINT('',(-0.00510487470670074,-0.00193638049289687,-0.00677811094983824));
#6172=CARTESIAN_POINT('',(-0.000135279608227538,-0.00221991846657891,-0.00782163706258732));
#6173=CARTESIAN_POINT('',(-0.00510764715502792,-0.00194202244119215,-0.00678949954674241));
#6174=CARTESIAN_POINT('',(-0.000141897080843309,-0.00223369476672557,-0.00784876226431229));
#6175=CARTESIAN_POINT('',(-0.00511346265578459,-0.00195430792456424,-0.0068133040326913));
#6176=CARTESIAN_POINT('',(-0.000145364236489169,-0.00224116095682277,-0.00786292782599694));
#6177=CARTESIAN_POINT('',(-0.00511649816499359,-0.00196094185925923,-0.00682568786099251));
#6178=CARTESIAN_POINT('',(-0.000156172166070756,-0.00226527600620227,-0.00790692792487046));
#6179=CARTESIAN_POINT('',(-0.00512595542877925,-0.0019823320818817,-0.00686413528086907));
#6180=CARTESIAN_POINT('',(-0.000163947188136697,-0.0022836794896839,-0.00793838345171247));
#6181=CARTESIAN_POINT('',(-0.0051327430170049,-0.00199859862515119,-0.0068915584857344));
#6182=CARTESIAN_POINT('',(-0.000180501652975693,-0.0023252826325015,-0.00800490597027385));
#6183=CARTESIAN_POINT('',(-0.00514715491241759,-0.00203523221400317,-0.0069493937278762));
#6184=CARTESIAN_POINT('',(-0.000189267579453381,-0.00234846500552833,-0.00803991552973602));
#6185=CARTESIAN_POINT('',(-0.00515476746679172,-0.00205558421162786,-0.00697975582930995));
#6186=CARTESIAN_POINT('',(-0.000207586877335691,-0.00239957579019125,-0.0081125816584629));
#6187=CARTESIAN_POINT('',(-0.00517065038276888,-0.00210033963563695,-0.00704267504914728));
#6188=CARTESIAN_POINT('',(-0.000217144446552966,-0.00242750971231852,-0.00815025603819628));
#6189=CARTESIAN_POINT('',(-0.00517892334411191,-0.00212474659125825,-0.00707524317593509));
#6190=CARTESIAN_POINT('',(-0.000236894314651167,-0.00248806406282514,-0.00822757752170242));
#6191=CARTESIAN_POINT('',(-0.00519599674190406,-0.00217755050190539,-0.00714200097499365));
#6192=CARTESIAN_POINT('',(-0.000247085680652633,-0.00252068358395952,-0.00826722060813346));
#6193=CARTESIAN_POINT('',(-0.00520479604126071,-0.00220594629469488,-0.00717618576104316));
#6194=CARTESIAN_POINT('',(-0.000267942578011,-0.00259044345130623,-0.00834778983396213));
#6195=CARTESIAN_POINT('',(-0.00522278794125118,-0.00226658308052704,-0.0072456017493678));
#6196=CARTESIAN_POINT('',(-0.000278608483959515,-0.00262758374826127,-0.00838871766380387));
#6197=CARTESIAN_POINT('',(-0.00523198055432984,-0.00229882366906329,-0.00728083308311308));
#6198=CARTESIAN_POINT('',(-0.000300261992788372,-0.00270613383408946,-0.00847121905233663));
#6199=CARTESIAN_POINT('',(-0.00525063182524261,-0.0023669368173924,-0.00735181087547873));
#6200=CARTESIAN_POINT('',(-0.000311249835378143,-0.0027475454313147,-0.00851279334884825));
#6201=CARTESIAN_POINT('',(-0.00526009050530415,-0.00240281081709265,-0.00738755716469455));
#6202=CARTESIAN_POINT('',(-0.000344474323852265,-0.00287767112551629,-0.00863758627766338));
#6203=CARTESIAN_POINT('',(-0.00528868152302149,-0.00251544977752459,-0.00749482305858094));
#6204=CARTESIAN_POINT('',(-0.000366972855278294,-0.00297226334997385,-0.00872088148815549));
#6205=CARTESIAN_POINT('',(-0.00530802939434345,-0.00259721941123051,-0.00756637448261204));
#6206=CARTESIAN_POINT('',(-0.000400414340008687,-0.0031233360171617,-0.00884273266834886));
#6207=CARTESIAN_POINT('',(-0.00533679403091585,-0.00272776648486345,-0.00767107200343771));
#6208=CARTESIAN_POINT('',(-0.000411511512223086,-0.00317521423695755,-0.00888284110554881));
#6209=CARTESIAN_POINT('',(-0.00534634048181834,-0.00277258698570947,-0.00770553983348332));
#6210=CARTESIAN_POINT('',(-0.000425114800442051,-0.00324080143704684,-0.00893163480140118));
#6211=CARTESIAN_POINT('',(-0.00535804675583348,-0.00282925687515218,-0.00774748631369811));
#6212=CARTESIAN_POINT('',(-0.000427718992993375,-0.00325344469012396,-0.00894095946464135));
#6213=CARTESIAN_POINT('',(-0.00536028796219258,-0.00284018150669234,-0.00775550309395221));
#6214=CARTESIAN_POINT('',(-0.000430316533027226,-0.00326614780038773,-0.00895024308090781));
#6215=CARTESIAN_POINT('',(-0.0053625236400135,-0.002851158423558,-0.00776348528728525));
#6216=CARTESIAN_POINT('',(-0.000430316654731491,-0.00861070120073494,-0.00407803986821167));
#6217=CARTESIAN_POINT('',(-0.00536252374319273,-0.00746729623750487,-0.0035553204738672));
#6218=CARTESIAN_POINT('',(-0.000427719050081052,-0.0086026290818861,-0.00406453402435564));
#6219=CARTESIAN_POINT('',(-0.00536028800966561,-0.00746036074478382,-0.00354365358563094));
#6220=CARTESIAN_POINT('',(-0.000425114792482471,-0.00859451056558926,-0.00405108399737662));
#6221=CARTESIAN_POINT('',(-0.00535804674723714,-0.007453385986147,-0.00353203557047344));
#6222=CARTESIAN_POINT('',(-0.000411511424345876,-0.00855197638602682,-0.0039812740650703));
#6223=CARTESIAN_POINT('',(-0.00534634040399607,-0.00741684706168344,-0.00347173674300485));
#6224=CARTESIAN_POINT('',(-0.000400414236129775,-0.00851682570927246,-0.00392591633830892));
#6225=CARTESIAN_POINT('',(-0.00533679393891777,-0.00738666173227209,-0.00342392708551519));
#6226=CARTESIAN_POINT('',(-0.0003669727010554,-0.00840943337971425,-0.00376424490553372));
#6227=CARTESIAN_POINT('',(-0.00530802925773428,-0.00729445604467011,-0.00328427645015077));
#6228=CARTESIAN_POINT('',(-0.000344474133091008,-0.00833522123113956,-0.00366237055074149));
#6229=CARTESIAN_POINT('',(-0.00528868135400865,-0.00723075448117046,-0.0031962535812235));
#6230=CARTESIAN_POINT('',(-0.00031124959500936,-0.00822296694551116,-0.00352128536419782));
#6231=CARTESIAN_POINT('',(-0.00526009029223459,-0.00713433901216823,-0.00307419773894534));
#6232=CARTESIAN_POINT('',(-0.000300261736739278,-0.00818539091739342,-0.00347621438878492));
#6233=CARTESIAN_POINT('',(-0.00525063159823249,-0.00710205519188799,-0.00303517848334809));
#6234=CARTESIAN_POINT('',(-0.000278608199959735,-0.00811048904179841,-0.00339038705551525));
#6235=CARTESIAN_POINT('',(-0.00523198030243359,-0.00703766476817273,-0.00296080683442657));
#6236=CARTESIAN_POINT('',(-0.000267942281702468,-0.0080731626263371,-0.0033496288289027));
#6237=CARTESIAN_POINT('',(-0.00522278767837399,-0.00700555846612688,-0.00292545302292687));
#6238=CARTESIAN_POINT('',(-0.000247085364671385,-0.00799937363761542,-0.00327273253799612));
#6239=CARTESIAN_POINT('',(-0.00520479576077245,-0.00694203337467172,-0.002858669987653));
#6240=CARTESIAN_POINT('',(-0.000236893991238801,-0.00796290937629923,-0.00323659436666916));
#6241=CARTESIAN_POINT('',(-0.00519599645472681,-0.00691061441678598,-0.00282724115443786));
#6242=CARTESIAN_POINT('',(-0.000217144114632587,-0.00789150493560784,-0.00316916403398668));
#6243=CARTESIAN_POINT('',(-0.00517892304914961,-0.00684901348196513,-0.00276850288889315));
#6244=CARTESIAN_POINT('',(-0.000207586544264555,-0.00785656867242037,-0.00313787314656682));
#6245=CARTESIAN_POINT('',(-0.00517065008665368,-0.00681883626293412,-0.00274119506459815));
#6246=CARTESIAN_POINT('',(-0.000189267251315735,-0.00778892843412673,-0.0030802756820247));
#6247=CARTESIAN_POINT('',(-0.00515476717476434,-0.00676031495501408,-0.00269082517180814));
#6248=CARTESIAN_POINT('',(-0.000180501330718521,-0.00775620723213137,-0.00305396197424535));
#6249=CARTESIAN_POINT('',(-0.00514715462543705,-0.00673196022953834,-0.00266775857308912));
#6250=CARTESIAN_POINT('',(-0.000163946886289533,-0.00769380720158384,-0.00300639849429321));
#6251=CARTESIAN_POINT('',(-0.00513274274772208,-0.00667775187584019,-0.00262594499506627));
#6252=CARTESIAN_POINT('',(-0.000156171878667565,-0.00766418396495872,-0.00298517123373742));
#6253=CARTESIAN_POINT('',(-0.00512595517216988,-0.00665194658208222,-0.00260721760707609));
#6254=CARTESIAN_POINT('',(-0.000145363974908308,-0.00762259670710143,-0.00295709934388758));
#6255=CARTESIAN_POINT('',(-0.00511649793119587,-0.00661563689066615,-0.00258237124534218));
#6256=CARTESIAN_POINT('',(-0.000141896828155189,-0.0076091804969798,-0.00294835800569745));
#6257=CARTESIAN_POINT('',(-0.00511346242987419,-0.00660391801900002,-0.00257462300610256));
#6258=CARTESIAN_POINT('',(-0.000135279377591843,-0.00758344220242356,-0.00293213775201461));
#6259=CARTESIAN_POINT('',(-0.00510764694794194,-0.00658134870728689,-0.00256019359721207));
#6260=CARTESIAN_POINT('',(-0.000132138188637205,-0.00757115764491994,-0.00292467388508095));
#6261=CARTESIAN_POINT('',(-0.0051048745108188,-0.00657052930650466,-0.00255352494562499));
#6262=CARTESIAN_POINT('',(-0.000127758393832642,-0.00755395031142578,-0.00291454401866483));
#6263=CARTESIAN_POINT('',(-0.00510099146648772,-0.00655530552408631,-0.00254443181390667));
#6264=CARTESIAN_POINT('',(-0.000126356418063704,-0.00754842856913881,-0.00291134945483623));
#6265=CARTESIAN_POINT('',(-0.00509974392804295,-0.00655040207803844,-0.00254155387293653));
#6266=CARTESIAN_POINT('',(-0.000123654412263274,-0.00753775774006747,-0.00290529406243461));
#6267=CARTESIAN_POINT('',(-0.00509734545550144,-0.00654095132681496,-0.00253610365976632));
#6268=CARTESIAN_POINT('',(-0.000122352297215766,-0.00753260009039613,-0.00290242971641181));
#6269=CARTESIAN_POINT('',(-0.00509619193742566,-0.00653639341566697,-0.0025335270069545));
#6270=CARTESIAN_POINT('',(-0.000119818041060794,-0.0075225281284788,-0.0028969738430742));
#6271=CARTESIAN_POINT('',(-0.00509395164209526,-0.00652751278996236,-0.00252862301047706));
#6272=CARTESIAN_POINT('',(-0.000118585898962437,-0.00751761381227604,-0.00289438231369164));
#6273=CARTESIAN_POINT('',(-0.00509286486383652,-0.00652319007137147,-0.00252629566480301));
#6274=CARTESIAN_POINT('',(-0.000116771070327801,-0.00751034793645223,-0.0028906620765131));
#6275=CARTESIAN_POINT('',(-0.005091267671438,-0.00651681353278342,-0.00252295827992929));
#6276=CARTESIAN_POINT('',(-0.000116169625392534,-0.00750793507775074,-0.00288944640549594));
#6277=CARTESIAN_POINT('',(-0.00509074061707751,-0.0065147053149513,-0.00252187116963604));
#6278=CARTESIAN_POINT('',(-0.000114988952561725,-0.00750319045708315,-0.00288708820244199));
#6279=CARTESIAN_POINT('',(-0.00508969599454647,-0.00651051876895723,-0.00251974482613657));
#6280=CARTESIAN_POINT('',(-0.000114411211965835,-0.00750086481404933,-0.00288594814158382));
#6281=CARTESIAN_POINT('',(-0.00508917752011134,-0.00650843671537746,-0.00251870407637978));
#6282=CARTESIAN_POINT('',(-0.000112757277532559,-0.00749419902515664,-0.0028827126186899));
#6283=CARTESIAN_POINT('',(-0.00508767008508953,-0.00650237453284327,-0.00251570883756274));
#6284=CARTESIAN_POINT('',(-0.000111761168808782,-0.00749017330072716,-0.00288080314484387));
#6285=CARTESIAN_POINT('',(-0.00508673024318697,-0.00649858302903742,-0.00251388325001058));
#6286=CARTESIAN_POINT('',(-0.000110579599532488,-0.00748539227013345,-0.00287855845766598));
#6287=CARTESIAN_POINT('',(-0.00508555755599779,-0.00649384523192618,-0.00251162980244593));
#6288=CARTESIAN_POINT('',(-0.000110237687177271,-0.00748400754857145,-0.00287791322553495));
#6289=CARTESIAN_POINT('',(-0.005085206019381,-0.00649242357833238,-0.00251095921868695));
#6290=CARTESIAN_POINT('',(-0.000109680752339766,-0.0074817509224473,-0.00287686600834914));
#6291=CARTESIAN_POINT('',(-0.00508460300458258,-0.00648998346626312,-0.00250981402530794));
#6292=CARTESIAN_POINT('',(-0.000109464281951611,-0.00748087307215508,-0.00287646157844661));
#6293=CARTESIAN_POINT('',(-0.00508435699557106,-0.00648898744565343,-0.00250934872413288));
#6294=CARTESIAN_POINT('',(-0.00010902492963274,-0.00747908338612711,-0.0028756688035856));
#6295=CARTESIAN_POINT('',(-0.00508394382613311,-0.0064873119560556,-0.00250857668885036));
#6296=CARTESIAN_POINT('',(-0.000108801207797402,-0.00747816810452827,-0.00287527902934336));
#6297=CARTESIAN_POINT('',(-0.00508376672977096,-0.00648659172302357,-0.00250825304669183));
#6298=CARTESIAN_POINT('',(-0.000108215192284314,-0.00747576145458088,-0.00287429027699461));
#6299=CARTESIAN_POINT('',(-0.00508335223404723,-0.00648489727953006,-0.00250752624617838));
#6300=CARTESIAN_POINT('',(-0.00010784885423117,-0.00747425347955306,-0.00287368446529084));
#6301=CARTESIAN_POINT('',(-0.00508311450912878,-0.00648392173229559,-0.00250712253773869));
#6302=CARTESIAN_POINT('',(-0.000106874619404422,-0.00747023910685318,-0.0028720877268361));
#6303=CARTESIAN_POINT('',(-0.00508246757977791,-0.00648126090142791,-0.0025060451369671));
#6304=CARTESIAN_POINT('',(-0.000106275724671499,-0.00746776967457205,-0.00287111200354556));
#6305=CARTESIAN_POINT('',(-0.00508205097190828,-0.0064795452414988,-0.00250535885424911));
#6306=CARTESIAN_POINT('',(-0.000104869179555263,-0.00746196758685317,-0.00286882908853056));
#6307=CARTESIAN_POINT('',(-0.00508101747289524,-0.00647528644155914,-0.00250366578103486));
#6308=CARTESIAN_POINT('',(-0.000104061882135394,-0.00745863637972957,-0.00286752249668985));
#6309=CARTESIAN_POINT('',(-0.00508040475508084,-0.00647276042595697,-0.00250266608338889));
#6310=CARTESIAN_POINT('',(-9.95469709377776E-5,-0.00744000194999087,-0.0028602301203889));
#6311=CARTESIAN_POINT('',(-0.00507689805858409,-0.00645829907097977,-0.00249696046062231));
#6312=CARTESIAN_POINT('',(-9.44099352365003E-5,-0.00741878773555059,-0.00285197537848632));
#6313=CARTESIAN_POINT('',(-0.00507267963044329,-0.00644089003760915,-0.00249014091346069));
#6314=CARTESIAN_POINT('',(-8.20594492592628E-5,-0.00736777242667189,-0.00283217143693204));
#6315=CARTESIAN_POINT('',(-0.0050622790826482,-0.00639795608352204,-0.00247336922036773));
#6316=CARTESIAN_POINT('',(-7.48459026548472E-5,-0.00733797093391917,-0.00282062208428205));
#6317=CARTESIAN_POINT('',(-0.00505609691658954,-0.00637243097103025,-0.00246341700036411));
#6318=CARTESIAN_POINT('',(-6.22727879585979E-5,-0.00728602277451116,-0.00280050773917379));
#6319=CARTESIAN_POINT('',(-0.00504519863491466,-0.00632742941300905,-0.00244588813407787));
#6320=CARTESIAN_POINT('',(-5.77420175583406E-5,-0.00726769592438993,-0.00279187866391264));
#6321=CARTESIAN_POINT('',(-0.00504126170452008,-0.00631150515824912,-0.00243838820145182));
#6322=CARTESIAN_POINT('',(-4.91098014355843E-5,-0.00723343963192555,-0.00277311571065279));
#6323=CARTESIAN_POINT('',(-0.0050337410785008,-0.00628165083263654,-0.00242207406082571));
#6324=CARTESIAN_POINT('',(-4.50080343505325E-5,-0.00721750878018303,-0.00276298160544063));
#6325=CARTESIAN_POINT('',(-0.00503015714225597,-0.00626771970130902,-0.00241325970093278));
#6326=CARTESIAN_POINT('',(-3.72310787671661E-5,-0.00718789518578981,-0.00274168905255833));
#6327=CARTESIAN_POINT('',(-0.00502334276010432,-0.00624174204655679,-0.00239470594553632));
#6328=CARTESIAN_POINT('',(-3.35556335631704E-5,-0.00717421138630652,-0.00273053018087625));
#6329=CARTESIAN_POINT('',(-0.00502011211930451,-0.00622969471478064,-0.00238496624919247));
#6330=CARTESIAN_POINT('',(-2.6612322135185E-5,-0.00714890108194379,-0.00270755244272563));
#6331=CARTESIAN_POINT('',(-0.00501399156855876,-0.00620734088541481,-0.00236486143541378));
#6332=CARTESIAN_POINT('',(-2.33442584156116E-5,-0.00713727381607054,-0.00269573306701509));
#6333=CARTESIAN_POINT('',(-0.00501110150610627,-0.00619703379372236,-0.00235449594745148));
#6334=CARTESIAN_POINT('',(-1.41087363670272E-5,-0.00710517001750928,-0.00265967889135777));
#6335=CARTESIAN_POINT('',(-0.00500291154496744,-0.00616848813403315,-0.00232279186498786));
#6336=CARTESIAN_POINT('',(-8.70977726954579E-6,-0.00708746111776947,-0.00263488173734396));
#6337=CARTESIAN_POINT('',(-0.00499809192403101,-0.00615261776439658,-0.00230087255080351));
#6338=CARTESIAN_POINT('',(8.35833391854199E-7,-0.00705789810977556,-0.00258489862113691));
#6339=CARTESIAN_POINT('',(-0.00498953560404209,-0.00612600594779819,-0.00225646558543213));
#6340=CARTESIAN_POINT('',(4.98501036482618E-6,-0.00704603653001273,-0.00255969820605104));
#6341=CARTESIAN_POINT('',(-0.0049857968236792,-0.00611525812141228,-0.00223396680245788));
#6342=CARTESIAN_POINT('',(1.2268166412224E-5,-0.00702702405203961,-0.00250910721477726));
#6343=CARTESIAN_POINT('',(-0.0049792206469369,-0.00609798793560758,-0.00218864961550921));
#6344=CARTESIAN_POINT('',(1.54035269858779E-5,-0.00701987009374896,-0.00248370512228688));
#6345=CARTESIAN_POINT('',(-0.00497638206688914,-0.00609146276354272,-0.00216582201485422));
#6346=CARTESIAN_POINT('',(2.08052996888007E-5,-0.00700969102760527,-0.00243239798968602));
#6347=CARTESIAN_POINT('',(-0.0049714946637771,-0.00608217429791917,-0.00211967698030886));
#6348=CARTESIAN_POINT('',(2.30726736709318E-5,-0.00700666431949799,-0.00240648306770246));
#6349=CARTESIAN_POINT('',(-0.00496944503257228,-0.00607940959851931,-0.00209635145927532));
#6350=CARTESIAN_POINT('',(2.67611806292867E-5,-0.00700478054854245,-0.00235364082695319));
#6351=CARTESIAN_POINT('',(-0.0049661219010975,-0.00607767460247587,-0.00204887660538791));
#6352=CARTESIAN_POINT('',(2.81831932744254E-5,-0.0070059224041582,-0.00232670312810937));
#6353=CARTESIAN_POINT('',(-0.0049648477222446,-0.00607870359948769,-0.00202471881553425));
#6354=CARTESIAN_POINT('',(3.00534739934013E-5,-0.00701307752784203,-0.00227140438310377));
#6355=CARTESIAN_POINT('',(-0.00496318147747723,-0.00608511487384564,-0.00197532372584614));
#6356=CARTESIAN_POINT('',(3.05024673532675E-5,-0.00701909123563231,-0.00224303009903173));
#6357=CARTESIAN_POINT('',(-0.0049627889171664,-0.00609049786270142,-0.00195007595507196));
#6358=CARTESIAN_POINT('',(2.94618528943913E-5,-0.00706937014665127,-0.00208309396818754));
#6359=CARTESIAN_POINT('',(-0.00496372620816836,-0.00613508662719518,-0.00180847292093262));
#6360=CARTESIAN_POINT('',(2.94618528947781E-5,-0.00710710730064811,-0.00195046162939422));
#6361=CARTESIAN_POINT('',(-0.00496372620816838,-0.00616819409089863,-0.0016921122557144));
#6362=CARTESIAN_POINT('',(3.05024673535159E-5,-0.00714855483221648,-0.00178801275445335));
#6363=CARTESIAN_POINT('',(-0.00496278891716641,-0.00620482835079701,-0.00154824596988535));
#6364=CARTESIAN_POINT('',(3.00534739755717E-5,-0.0071583790216577,-0.00176072260393645));
#6365=CARTESIAN_POINT('',(-0.00496318147748465,-0.00621354288961192,-0.00152394607042892));
#6366=CARTESIAN_POINT('',(2.81831862719607E-5,-0.00718140671503982,-0.00170993986304135));
#6367=CARTESIAN_POINT('',(-0.00496484772830809,-0.00623409513386098,-0.00147857431969928));
#6368=CARTESIAN_POINT('',(2.67611667104233E-5,-0.00719461681368048,-0.0016864357863408));
#6369=CARTESIAN_POINT('',(-0.00496612191317142,-0.00624593774635543,-0.00145749319152426));
#6370=CARTESIAN_POINT('',(2.30726376196037E-5,-0.00722403642545577,-0.00164249994191037));
#6371=CARTESIAN_POINT('',(-0.00496944506393989,-0.006272405283535,-0.00141804249088156));
#6372=CARTESIAN_POINT('',(2.08052484521375E-5,-0.00724025232235549,-0.00162205991836099));
#6373=CARTESIAN_POINT('',(-0.00497149470840277,-0.00628703526064813,-0.00139966610010917));
#6374=CARTESIAN_POINT('',(1.54034399150659E-5,-0.00727591665710946,-0.00158379620042632));
#6375=CARTESIAN_POINT('',(-0.00497638214281351,-0.0063192248721669,-0.00136532246027528));
#6376=CARTESIAN_POINT('',(1.22680587031267E-5,-0.00729537165756231,-0.00156596494691308));
#6377=CARTESIAN_POINT('',(-0.00497922074089072,-0.00633678995907672,-0.00134934907563142));
#6378=CARTESIAN_POINT('',(4.98486233710594E-6,-0.00733816930513283,-0.00153296038818629));
#6379=CARTESIAN_POINT('',(-0.00498579695279516,-0.00637532995528872,-0.00131991120000217));
#6380=CARTESIAN_POINT('',(8.35665693382608E-7,-0.0073615206164016,-0.00151777890285511));
#6381=CARTESIAN_POINT('',(-0.00498953575027808,-0.00639631209724657,-0.00130644037077093));
#6382=CARTESIAN_POINT('',(-8.70997355131316E-6,-0.00741296841551543,-0.00149084541741848));
#6383=CARTESIAN_POINT('',(-0.00499809209502322,-0.00644231526364945,-0.0012826942100142));
#6384=CARTESIAN_POINT('',(-1.41089415105693E-5,-0.00744107886386988,-0.00147908506291561));
#6385=CARTESIAN_POINT('',(-0.00500291172354857,-0.00646734757180076,-0.00127241277274925));
#6386=CARTESIAN_POINT('',(-2.33444594339343E-5,-0.00748735408530588,-0.00146533178701663));
#6387=CARTESIAN_POINT('',(-0.00501110168089894,-0.00650830758032173,-0.00126048488378585));
#6388=CARTESIAN_POINT('',(-2.66125188583056E-5,-0.00750346185283997,-0.00146140376356301));
#6389=CARTESIAN_POINT('',(-0.00501399173954675,-0.00652252754396527,-0.00125709799198583));
#6390=CARTESIAN_POINT('',(-3.35558142769759E-5,-0.00753707722943225,-0.00145519194244571));
#6391=CARTESIAN_POINT('',(-0.00502011227625541,-0.00655211688770584,-0.00125177238423166));
#6392=CARTESIAN_POINT('',(-3.72312477590219E-5,-0.00755458575354312,-0.00145290811243686));
#6393=CARTESIAN_POINT('',(-0.00502334290681645,-0.00656748696794561,-0.00124983366601041));
#6394=CARTESIAN_POINT('',(-4.50081710902062E-5,-0.00759097265632136,-0.0014503944356891));
#6395=CARTESIAN_POINT('',(-0.00503015726088564,-0.00659934076350029,-0.00124773447597797));
#6396=CARTESIAN_POINT('',(-4.91099176335976E-5,-0.00760985215668733,-0.00145016478479743));
#6397=CARTESIAN_POINT('',(-0.00503374117927768,-0.00661582532442008,-0.00124757417392782));
#6398=CARTESIAN_POINT('',(-5.77420829608274E-5,-0.00764885462635514,-0.00145224583657688));
#6399=CARTESIAN_POINT('',(-0.00504126176121486,-0.00664979606456677,-0.00124941990749727));
#6400=CARTESIAN_POINT('',(-6.22728230917522E-5,-0.00766897891349931,-0.00145455708800012));
#6401=CARTESIAN_POINT('',(-0.00504519866536789,-0.00666728322533734,-0.00125142637222685));
#6402=CARTESIAN_POINT('',(-7.48459608337395E-5,-0.00772373506736227,-0.00146480272780933));
#6403=CARTESIAN_POINT('',(-0.00505609696701865,-0.00671477216713747,-0.0012602133133682));
#6404=CARTESIAN_POINT('',(-8.20595495580395E-5,-0.00775515294133777,-0.00147067176875117));
#6405=CARTESIAN_POINT('',(-0.00506227916874944,-0.00674171337934885,-0.00126518903418865));
#6406=CARTESIAN_POINT('',(-9.44100805968125E-5,-0.00780895265934099,-0.00148069025376476));
#6407=CARTESIAN_POINT('',(-0.00507267975203298,-0.00678704587629971,-0.00127353129564658));
#6408=CARTESIAN_POINT('',(-9.95471192271699E-5,-0.00783133492251044,-0.00148483977742976));
#6409=CARTESIAN_POINT('',(-0.00507689817997973,-0.00680543736303862,-0.00127689787425473));
#6410=CARTESIAN_POINT('',(-0.000104062005903184,-0.0078510170688785,-0.0014884494164188));
#6411=CARTESIAN_POINT('',(-0.00508040485057694,-0.00682073616556269,-0.00127965975666454));
#6412=CARTESIAN_POINT('',(-0.000104869297012953,-0.00785453712280017,-0.00148909217888439));
#6413=CARTESIAN_POINT('',(-0.00508101756193185,-0.00682341007221121,-0.00128013956706353));
#6414=CARTESIAN_POINT('',(-0.000106275826619564,-0.00786067188966279,-0.00149020559795789));
#6415=CARTESIAN_POINT('',(-0.00508205104539954,-0.00682792219746349,-0.0012809420435472));
#6416=CARTESIAN_POINT('',(-0.00010687471205947,-0.00786328505501435,-0.00149067600209125));
#6417=CARTESIAN_POINT('',(-0.00508246764307797,-0.00682974211785224,-0.001281261724465));
#6418=CARTESIAN_POINT('',(-0.000107848925892949,-0.00786753862666834,-0.00149143170498911));
#6419=CARTESIAN_POINT('',(-0.00508311455590706,-0.00683257150851435,-0.00128174643265944));
#6420=CARTESIAN_POINT('',(-0.000108215252367948,-0.00786913960130637,-0.00149171047031391));
#6421=CARTESIAN_POINT('',(-0.0050833522746473,-0.00683361343388701,-0.00128191674654229));
#6422=CARTESIAN_POINT('',(-0.000108801253535182,-0.00787170622537865,-0.00149213674066225));
#6423=CARTESIAN_POINT('',(-0.00508376676474086,-0.00683543666608752,-0.0012821908109371));
#6424=CARTESIAN_POINT('',(-0.000109024971444558,-0.00787268958644774,-0.00149228717709464));
#6425=CARTESIAN_POINT('',(-0.0050839438615579,-0.00683621939863692,-0.00128229479741033));
#6426=CARTESIAN_POINT('',(-0.000109464324405831,-0.00787462855420568,-0.00149255529145339));
#6427=CARTESIAN_POINT('',(-0.00508435704021937,-0.00683805039421238,-0.00128252043456679));
#6428=CARTESIAN_POINT('',(-0.000109680799397817,-0.00787558784320281,-0.00149267356821667));
#6429=CARTESIAN_POINT('',(-0.00508460305841728,-0.00683914221830039,-0.0012826491695369));
#6430=CARTESIAN_POINT('',(-0.000110237752786587,-0.00787805783668456,-0.0014929711759939));
#6431=CARTESIAN_POINT('',(-0.00508520608889368,-0.00684181977986924,-0.00128296006723716));
#6432=CARTESIAN_POINT('',(-0.0001105796744871,-0.00787957486321475,-0.00149315155505201));
#6433=CARTESIAN_POINT('',(-0.00508555763298865,-0.00684338154435345,-0.00128313833285213));
#6434=CARTESIAN_POINT('',(-0.000111761269475219,-0.00788482156757149,-0.00149375998322393));
#6435=CARTESIAN_POINT('',(-0.00508673034083812,-0.00684859608039029,-0.00128371654996181));
#6436=CARTESIAN_POINT('',(-0.000112757393080092,-0.00788924958263842,-0.00149425579203941));
#6437=CARTESIAN_POINT('',(-0.00508767019420892,-0.0068527807815917,-0.00128416037689459));
#6438=CARTESIAN_POINT('',(-0.000114411344161247,-0.00789662030937363,-0.00149501398379304));
#6439=CARTESIAN_POINT('',(-0.00508917764096506,-0.0068595117969018,-0.00128480510150573));
#6440=CARTESIAN_POINT('',(-0.00011498908934729,-0.00789919779663538,-0.00149526897800127));
#6441=CARTESIAN_POINT('',(-0.00508969611821838,-0.00686182989185474,-0.00128501629731967));
#6442=CARTESIAN_POINT('',(-0.000116169769183976,-0.00790447322091795,-0.0014957617128019));
#6443=CARTESIAN_POINT('',(-0.00509074074505939,-0.00686650876121171,-0.00128541237316247));
#6444=CARTESIAN_POINT('',(-0.000116771216199139,-0.00790716465314144,-0.00149599833297666));
#6445=CARTESIAN_POINT('',(-0.00509126780153087,-0.00686887350410015,-0.00128559792543331));
#6446=CARTESIAN_POINT('',(-0.000118586051861301,-0.00791530071157254,-0.00149666030881736));
#6447=CARTESIAN_POINT('',(-0.00509286500057677,-0.00687605188508346,-0.00128611723377218));
#6448=CARTESIAN_POINT('',(-0.000119818199028196,-0.00792084323616488,-0.00149704399644167));
#6449=CARTESIAN_POINT('',(-0.00509395178363349,-0.00688095234707633,-0.00128641409936005));
#6450=CARTESIAN_POINT('',(-0.000122352466329842,-0.00793227879126542,-0.0014977075165509));
#6451=CARTESIAN_POINT('',(-0.00509619208950276,-0.00689108447892616,-0.00128691967788641));
#6452=CARTESIAN_POINT('',(-0.000123654587455538,-0.00793817182622647,-0.0014979873493608));
#6453=CARTESIAN_POINT('',(-0.00509734561331945,-0.00689631615327059,-0.00128712839124111));
#6454=CARTESIAN_POINT('',(-0.00012635660663335,-0.00795043216471802,-0.00149845641128291));
#6455=CARTESIAN_POINT('',(-0.00509974409846722,-0.00690722057103751,-0.00128746969968912));
#6456=CARTESIAN_POINT('',(-0.000127758589993316,-0.00795680860153849,-0.00149864715779094));
#6457=CARTESIAN_POINT('',(-0.00510099164368891,-0.00691290463754682,-0.00128760415357293));
#6458=CARTESIAN_POINT('',(-0.000132138406283706,-0.00797677136070005,-0.00149909305388411));
#6459=CARTESIAN_POINT('',(-0.00510487470670074,-0.00693063516408861,-0.00128788729471454));
#6460=CARTESIAN_POINT('',(-0.000135279608227539,-0.00799114518398126,-0.00149921412267584));
#6461=CARTESIAN_POINT('',(-0.00510764715502792,-0.00694334465073377,-0.00128791316416755));
#6462=CARTESIAN_POINT('',(-0.000141897080843309,-0.00802156729421212,-0.00149897282731086));
#6463=CARTESIAN_POINT('',(-0.00511346265578459,-0.00697012966388298,-0.00128752622286328));
#6464=CARTESIAN_POINT('',(-0.00014536423648917,-0.00803757575233148,-0.00149860350218353));
#6465=CARTESIAN_POINT('',(-0.00511649816499359,-0.00698417221152795,-0.00128710771531227));
#6466=CARTESIAN_POINT('',(-0.000156172166070756,-0.00808771202811894,-0.00149662912693568));
#6467=CARTESIAN_POINT('',(-0.00512595542877925,-0.00702812337311019,-0.00128509746294635));
#6468=CARTESIAN_POINT('',(-0.000163947188136697,-0.00812407299952581,-0.0014941759389045));
#6469=CARTESIAN_POINT('',(-0.0051327430170049,-0.00705992224168805,-0.00128275982478106));
#6470=CARTESIAN_POINT('',(-0.000180501652975693,-0.0082021656326651,-0.00148658597069485));
#6471=CARTESIAN_POINT('',(-0.00514715491241759,-0.00712802322306111,-0.00127574616654839));
#6472=CARTESIAN_POINT('',(-0.000189267579453381,-0.00824383817797811,-0.00148143906482586));
#6473=CARTESIAN_POINT('',(-0.00515476746679172,-0.00716427392767099,-0.00127106135854003));
#6474=CARTESIAN_POINT('',(-0.000207586877335692,-0.00833166826605739,-0.00146807664734263));
#6475=CARTESIAN_POINT('',(-0.00517065038276888,-0.00724054611269997,-0.00125904345547509));
#6476=CARTESIAN_POINT('',(-0.000217144446552967,-0.00837784420833869,-0.00145986414174798));
#6477=CARTESIAN_POINT('',(-0.00517892334411191,-0.00728057902053677,-0.00125171210803429));
#6478=CARTESIAN_POINT('',(-0.000236894314651167,-0.00847405095863644,-0.00144012326096684));
#6479=CARTESIAN_POINT('',(-0.00519599674190406,-0.00736387487997606,-0.00123420049717061));
#6480=CARTESIAN_POINT('',(-0.000247085680652634,-0.00852407776608217,-0.00142859390722944));
#6481=CARTESIAN_POINT('',(-0.00520479604126071,-0.00740713293955937,-0.00122401909616281));
#6482=CARTESIAN_POINT('',(-0.000267942578011,-0.00862729502802721,-0.00140206022901793));
#6483=CARTESIAN_POINT('',(-0.00522278794125118,-0.00749629972535712,-0.00120068063988052));
#6484=CARTESIAN_POINT('',(-0.000278608483959516,-0.00868048697379415,-0.00138705670213291));
#6485=CARTESIAN_POINT('',(-0.00523198055432984,-0.00754220838895478,-0.00118752400530663));
#6486=CARTESIAN_POINT('',(-0.000300261992788372,-0.00878935197439767,-0.0013535155820406));
#6487=CARTESIAN_POINT('',(-0.00525063182524261,-0.00763610574592493,-0.00115818913972951));
#6488=CARTESIAN_POINT('',(-0.000311249835378144,-0.00884502649575603,-0.00133497669893784));
#6489=CARTESIAN_POINT('',(-0.00526009050530415,-0.00768409492947459,-0.00114200954426393));
#6490=CARTESIAN_POINT('',(-0.000344474323852266,-0.00901473855762972,-0.00127411794912907));
#6491=CARTESIAN_POINT('',(-0.00528868152302149,-0.0078303229251154,-0.00108899180488068));
#6492=CARTESIAN_POINT('',(-0.000366972855278294,-0.00913146475500691,-0.00122657033231586));
#6493=CARTESIAN_POINT('',(-0.00530802939434345,-0.00793082099543275,-0.00104768784454068));
#6494=CARTESIAN_POINT('',(-0.000400414340008688,-0.0093078803407994,-0.00114564937103102));
#6495=CARTESIAN_POINT('',(-0.00533679403091585,-0.00808273221072436,-0.00097749459721736));
#6496=CARTESIAN_POINT('',(-0.000411511512223086,-0.00936690805384682,-0.0011170877618992));
#6497=CARTESIAN_POINT('',(-0.00534634048181834,-0.00813356476326602,-0.000952736564051565));
#6498=CARTESIAN_POINT('',(-0.000425114800442051,-0.00943982110995119,-0.001080125729758));
#6499=CARTESIAN_POINT('',(-0.00535804675583348,-0.0081963736558981,-0.000920704914418858));
#6500=CARTESIAN_POINT('',(-0.000427718992993376,-0.00945380378902631,-0.00107296431378089));
#6501=CARTESIAN_POINT('',(-0.00536028796219258,-0.00820841951059661,-0.000914498971741615));
#6502=CARTESIAN_POINT('',(-0.000430316533027226,-0.00946777640500129,-0.00106573101963701));
#6503=CARTESIAN_POINT('',(-0.0053625236400135,-0.00822045770992804,-0.00090823080844298));
#6504=CARTESIAN_POINT('',(-0.000430316654731491,-0.00655608182861366,-0.00691320297630439));
#6505=CARTESIAN_POINT('',(-0.00536252374319273,-0.00567871647839984,-0.00601273614326322));
#6506=CARTESIAN_POINT('',(-0.000427719050081052,-0.00655343367549248,-0.00689769316631135));
#6507=CARTESIAN_POINT('',(-0.00536028800966561,-0.00567646389018591,-0.00599935170503296));
#6508=CARTESIAN_POINT('',(-0.000425114792482471,-0.00655072209465787,-0.00688221864331464));
#6509=CARTESIAN_POINT('',(-0.00535804674723714,-0.00567415703260356,-0.00598599865510658));
#6510=CARTESIAN_POINT('',(-0.000411511424345876,-0.00653627840967813,-0.00680175770220736));
#6511=CARTESIAN_POINT('',(-0.00534634040399607,-0.00566186794915287,-0.00591657229107256));
#6512=CARTESIAN_POINT('',(-0.000400414236129775,-0.00652349889721155,-0.00673744027028107));
#6513=CARTESIAN_POINT('',(-0.00533679393891777,-0.00565099180807276,-0.00586108691447515));
#6514=CARTESIAN_POINT('',(-0.0003669727010554,-0.00648176098999805,-0.00654789156486486));
#6515=CARTESIAN_POINT('',(-0.00530802925773428,-0.00561546019319392,-0.00569755803895789));
#6516=CARTESIAN_POINT('',(-0.000344474133091008,-0.00644936148403461,-0.00642608803793016));
#6517=CARTESIAN_POINT('',(-0.00528868135400865,-0.00558785778209472,-0.00559246749919337));
#6518=CARTESIAN_POINT('',(-0.00031124959500936,-0.00639565332791586,-0.00625397909432081));
#6519=CARTESIAN_POINT('',(-0.00526009029223459,-0.00554204469059758,-0.00544382453116385));
#6520=CARTESIAN_POINT('',(-0.000300261736739278,-0.00637689623945958,-0.00619837763439016));
#6521=CARTESIAN_POINT('',(-0.00525063159823249,-0.00552603630563251,-0.00539577789787846));
#6522=CARTESIAN_POINT('',(-0.000278608199959735,-0.00633805672941167,-0.00609128835125187));
#6523=CARTESIAN_POINT('',(-0.00523198030243359,-0.00549286016205195,-0.00530316789665474));
#6524=CARTESIAN_POINT('',(-0.000267942281702468,-0.00631797445326314,-0.00603979858030186));
#6525=CARTESIAN_POINT('',(-0.00522278767837399,-0.00547569319677755,-0.00525860331518153));
#6526=CARTESIAN_POINT('',(-0.000247085364671385,-0.00627694641469505,-0.00594143926725519));
#6527=CARTESIAN_POINT('',(-0.00520479576077245,-0.0054405826280606,-0.00517338207951135));
#6528=CARTESIAN_POINT('',(-0.000236893991238801,-0.00625599911687507,-0.00589456901555721));
#6529=CARTESIAN_POINT('',(-0.00519599645472681,-0.00542263872643229,-0.00513272572863913));
#6530=CARTESIAN_POINT('',(-0.000217144114632587,-0.00621377510460398,-0.00580589784378277));
#6531=CARTESIAN_POINT('',(-0.00517892304914961,-0.0053864162743208,-0.00505570110288196));
#6532=CARTESIAN_POINT('',(-0.000207586544264555,-0.00619250158169053,-0.00576409952630615));
#6533=CARTESIAN_POINT('',(-0.00517065008665368,-0.005368141579562,-0.00501933604619776));
#6534=CARTESIAN_POINT('',(-0.000189267251315735,-0.00615023554195076,-0.00568595701775403));
#6535=CARTESIAN_POINT('',(-0.00515476717476434,-0.00533176778909529,-0.00495122718519251));
#6536=CARTESIAN_POINT('',(-0.000180501330718522,-0.00612922953741912,-0.00564959995446867));
#6537=CARTESIAN_POINT('',(-0.00514715462543705,-0.0053136604115713,-0.00491947531418507));
#6538=CARTESIAN_POINT('',(-0.000163946886289533,-0.00608822515256715,-0.00558270683927436));
#6539=CARTESIAN_POINT('',(-0.00513274274772208,-0.00527821743374027,-0.00486090299785555));
#6540=CARTESIAN_POINT('',(-0.000156171878667565,-0.0060682704780409,-0.00555221186094343));
#6541=CARTESIAN_POINT('',(-0.00512595517216988,-0.00526091982678024,-0.00483411828131184));
#6542=CARTESIAN_POINT('',(-0.000145363974908308,-0.00603963225125429,-0.00551101255291104));
#6543=CARTESIAN_POINT('',(-0.00511649793119587,-0.00523603758898795,-0.00479783316556736));
#6544=CARTESIAN_POINT('',(-0.000141896828155189,-0.00603027974346452,-0.00549801500370265));
#6545=CARTESIAN_POINT('',(-0.00511346242987419,-0.00522790905345228,-0.00478637480292313));
#6546=CARTESIAN_POINT('',(-0.000135279377591844,-0.00601213893002496,-0.0054735923231792));
#6547=CARTESIAN_POINT('',(-0.00510764694794194,-0.00521207630075271,-0.00476476680407808));
#6548=CARTESIAN_POINT('',(-0.000132138188637206,-0.00600338018102963,-0.00546219478051861));
#6549=CARTESIAN_POINT('',(-0.0051048745108188,-0.00520439650479502,-0.00475464005329983));
#6550=CARTESIAN_POINT('',(-0.000127758393832642,-0.00599099415022664,-0.00544653295557593));
#6551=CARTESIAN_POINT('',(-0.00510099146648772,-0.0051934855685162,-0.00474066149596771));
#6552=CARTESIAN_POINT('',(-0.000126356418063704,-0.0059869992884463,-0.00544155943013671));
#6553=CARTESIAN_POINT('',(-0.00509974392804295,-0.00518995287343943,-0.0047362065669148));
#6554=CARTESIAN_POINT('',(-0.000123654412263274,-0.00597923649671313,-0.00543205819681072));
#6555=CARTESIAN_POINT('',(-0.00509734545550144,-0.0051831091544632,-0.00472771038937055));
#6556=CARTESIAN_POINT('',(-0.000122352297215766,-0.00597546185275542,-0.00542752411572817));
#6557=CARTESIAN_POINT('',(-0.00509619193742566,-0.00517978982324853,-0.00472366122476127));
#6558=CARTESIAN_POINT('',(-0.000119818041060794,-0.00596804091674687,-0.00541879825304891));
#6559=CARTESIAN_POINT('',(-0.00509395164209526,-0.00517328041425774,-0.00471588033220665));
#6560=CARTESIAN_POINT('',(-0.000118585898962437,-0.00596439462175342,-0.00541460646809474));
#6561=CARTESIAN_POINT('',(-0.00509286486383652,-0.00517009033344529,-0.00471214860093116));
#6562=CARTESIAN_POINT('',(-0.000116771070327801,-0.0059589632990024,-0.00540851271315005));
#6563=CARTESIAN_POINT('',(-0.005091267671438,-0.0051653499907647,-0.00470673311079351));
#6564=CARTESIAN_POINT('',(-0.000116169625392534,-0.00595715252629357,-0.00540650750858885));
#6565=CARTESIAN_POINT('',(-0.00509074061707751,-0.00516377684571638,-0.00470495783451239));
#6566=CARTESIAN_POINT('',(-0.000114988952561725,-0.0059535801804824,-0.00540259459505437));
#6567=CARTESIAN_POINT('',(-0.00508969599454647,-0.00516064113170841,-0.00470146272339851));
#6568=CARTESIAN_POINT('',(-0.000114411211965835,-0.00595182342042181,-0.0054006914007998));
#6569=CARTESIAN_POINT('',(-0.00508917752011134,-0.00515907563674138,-0.00469974012864829));
#6570=CARTESIAN_POINT('',(-0.000112757277532559,-0.00594677656307349,-0.00539526640486756));
#6571=CARTESIAN_POINT('',(-0.00508767008508953,-0.00515450482493956,-0.00469475723871158));
#6572=CARTESIAN_POINT('',(-0.000111761168808782,-0.00594371246835345,-0.00539203161413285));
#6573=CARTESIAN_POINT('',(-0.00508673024318697,-0.00515162883122203,-0.00469168527986467));
#6574=CARTESIAN_POINT('',(-0.000110579599532489,-0.00594006516463309,-0.005388211398218));
#6575=CARTESIAN_POINT('',(-0.00508555755599779,-0.00514802500614018,-0.00468787251286769));
#6576=CARTESIAN_POINT('',(-0.000110237687177271,-0.00593900703496115,-0.00538710951805004));
#6577=CARTESIAN_POINT('',(-0.005085206019381,-0.00514694159643853,-0.004686733651622));
#6578=CARTESIAN_POINT('',(-0.000109680752339766,-0.00593728109224931,-0.00538531782972507));
#6579=CARTESIAN_POINT('',(-0.00508460300458258,-0.00514507995126165,-0.00468478432044918));
#6580=CARTESIAN_POINT('',(-0.000109464281951611,-0.00593660861816208,-0.00538462359396999));
#6581=CARTESIAN_POINT('',(-0.00508435699557106,-0.00514431927587496,-0.00468399063588052));
#6582=CARTESIAN_POINT('',(-0.00010902492963274,-0.00593522616895335,-0.00538323784426523));
#6583=CARTESIAN_POINT('',(-0.00508394382613311,-0.00514303581966614,-0.00468266547776545));
#6584=CARTESIAN_POINT('',(-0.000108801207797402,-0.00593451349697703,-0.00538254375275881));
#6585=CARTESIAN_POINT('',(-0.00508376672977096,-0.00514248113539767,-0.00468210351225983));
#6586=CARTESIAN_POINT('',(-0.000108215192284314,-0.00593262654128111,-0.00538075238641492));
#6587=CARTESIAN_POINT('',(-0.00508335223404723,-0.00514116366452414,-0.00468081368737386));
#6588=CARTESIAN_POINT('',(-0.00010784885423117,-0.00593143924087431,-0.00537964274041329));
#6589=CARTESIAN_POINT('',(-0.00508311450912878,-0.00514039983012893,-0.00468008483215665));
#6590=CARTESIAN_POINT('',(-0.000106874619404422,-0.00592827275827305,-0.00537670366746382));
#6591=CARTESIAN_POINT('',(-0.00508246757977791,-0.00513830788128756,-0.00467811898288112));
#6592=CARTESIAN_POINT('',(-0.000106275724671499,-0.0059263225531557,-0.00537490177076003));
#6593=CARTESIAN_POINT('',(-0.00508205097190828,-0.00513695598996108,-0.00467685927545368));
#6594=CARTESIAN_POINT('',(-0.000104869179555264,-0.00592173695150906,-0.00537067706007152));
#6595=CARTESIAN_POINT('',(-0.00508101747289524,-0.00513359638587566,-0.00467374207571288));
#6596=CARTESIAN_POINT('',(-0.000104061882135394,-0.00591910268878947,-0.00536825532865315));
#6597=CARTESIAN_POINT('',(-0.00508040475508084,-0.0051316020789189,-0.00467189738333527));
#6598=CARTESIAN_POINT('',(-9.95469709377778E-5,-0.00590436091071277,-0.00535472385781889));
#6599=CARTESIAN_POINT('',(-0.00507689805858409,-0.00512017837567794,-0.00466135300458669));
#6600=CARTESIAN_POINT('',(-9.44099352365004E-5,-0.00588756120159742,-0.00533936308206258));
#6601=CARTESIAN_POINT('',(-0.00507267963044329,-0.00510640844009836,-0.00464870509801985));
#6602=CARTESIAN_POINT('',(-8.2059449259263E-5,-0.00584714485163769,-0.00530246760135007));
#6603=CARTESIAN_POINT('',(-0.0050622790826482,-0.0050724323545713,-0.00461755642686014));
#6604=CARTESIAN_POINT('',(-7.48459026548474E-5,-0.00582352789464564,-0.00528093260983951));
#6605=CARTESIAN_POINT('',(-0.00505609691658954,-0.00505222605255664,-0.00459905552391969));
#6606=CARTESIAN_POINT('',(-6.22727879585981E-5,-0.00578235381817017,-0.00524341070195349));
#6607=CARTESIAN_POINT('',(-0.00504519863491466,-0.00501659550628557,-0.00456645390509424));
#6608=CARTESIAN_POINT('',(-5.77420175583408E-5,-0.00576838172090466,-0.00522874390703327));
#6609=CARTESIAN_POINT('',(-0.00504126170452008,-0.0050044558691061,-0.00455370792187577));
#6610=CARTESIAN_POINT('',(-4.91098014355845E-5,-0.00574321663999745,-0.00519887317400962));
#6611=CARTESIAN_POINT('',(-0.0050337410785008,-0.00498251088688695,-0.00452771081246815));
#6612=CARTESIAN_POINT('',(-4.50080343505328E-5,-0.00573202242420896,-0.00518366851490218));
#6613=CARTESIAN_POINT('',(-0.00503015714225597,-0.00497270460785396,-0.00451445916155539));
#6614=CARTESIAN_POINT('',(-3.72310787671663E-5,-0.00571210032710501,-0.00515311613646591));
#6615=CARTESIAN_POINT('',(-0.00502334276010432,-0.0049551835557259,-0.0044877740886107));
#6616=CARTESIAN_POINT('',(-3.35556335631706E-5,-0.00570337161349332,-0.00513776763998577));
#6617=CARTESIAN_POINT('',(-0.00502011211930451,-0.00494746813754162,-0.00447434009404331));
#6618=CARTESIAN_POINT('',(-2.66123221351852E-5,-0.00568807097397203,-0.00510719840074609));
#6619=CARTESIAN_POINT('',(-0.00501399156855876,-0.00493388650886494,-0.00444751777895155));
#6620=CARTESIAN_POINT('',(-2.33442584156118E-5,-0.0056814985224163,-0.00509197690822986));
#6621=CARTESIAN_POINT('',(-0.00501110150610627,-0.00492801987823815,-0.00443412889830596));
#6622=CARTESIAN_POINT('',(-1.41087363670274E-5,-0.00566458689228698,-0.00504676016099215));
#6623=CARTESIAN_POINT('',(-0.00500291154496744,-0.00491285467888202,-0.00439425384018135));
#6624=CARTESIAN_POINT('',(-8.70977726954601E-6,-0.00565703160029894,-0.00501724031105765));
#6625=CARTESIAN_POINT('',(-0.00499809192403101,-0.00490597416950318,-0.00436808164964633));
#6626=CARTESIAN_POINT('',(8.35833391854036E-7,-0.00564752090050683,-0.00495995305299026));
#6627=CARTESIAN_POINT('',(-0.00498953560404209,-0.00489720103571225,-0.00431706009067713));
#6628=CARTESIAN_POINT('',(4.98501036482596E-6,-0.00564556374671535,-0.00493216946891608));
#6629=CARTESIAN_POINT('',(-0.0049857968236792,-0.00489530648392973,-0.00429219803764671));
#6630=CARTESIAN_POINT('',(1.22681664122237E-5,-0.00564611071297506,-0.0048781266752739));
#6631=CARTESIAN_POINT('',(-0.0049792206469369,-0.00489557297139045,-0.0042437023086069));
#6632=CARTESIAN_POINT('',(1.54035269858777E-5,-0.00564861613975457,-0.0048518556216451));
#6633=CARTESIAN_POINT('',(-0.00497638206688914,-0.00489773471014354,-0.00422005904090331));
#6634=CARTESIAN_POINT('',(2.08052996888005E-5,-0.00565765871732234,-0.00480033604251047));
#6635=CARTESIAN_POINT('',(-0.0049714946637771,-0.00490574298306124,-0.0041736746968667));
#6636=CARTESIAN_POINT('',(2.30726736709316E-5,-0.00566419794566224,-0.00477507772435388));
#6637=CARTESIAN_POINT('',(-0.00496944503257228,-0.00491159112773106,-0.00415092557164882));
#6638=CARTESIAN_POINT('',(2.67611806292865E-5,-0.00568153020065296,-0.00472512330575699));
#6639=CARTESIAN_POINT('',(-0.0049661219010975,-0.0049271231874227,-0.00410602983594222));
#6640=CARTESIAN_POINT('',(2.81831932744251E-5,-0.00569232596851823,-0.00470041713548624));
#6641=CARTESIAN_POINT('',(-0.0049648477222446,-0.0049368094988185,-0.00408387508437494));
#6642=CARTESIAN_POINT('',(3.00534739934011E-5,-0.00571897413343524,-0.00465143732024894));
#6643=CARTESIAN_POINT('',(-0.00496318147747723,-0.00496063139861277,-0.00404013155440329));
#6644=CARTESIAN_POINT('',(3.05024673532673E-5,-0.00573483172260047,-0.00462715149014465));
#6645=CARTESIAN_POINT('',(-0.0049627889171664,-0.00497477143301397,-0.00401853326916534));
#6646=CARTESIAN_POINT('',(2.94618528943911E-5,-0.00583949100524004,-0.00449617832724462));
#6647=CARTESIAN_POINT('',(-0.00496372620816836,-0.00506750213363749,-0.00390259969180996));
#6648=CARTESIAN_POINT('',(2.9461852894778E-5,-0.00592259218041484,-0.00438613458698588));
#6649=CARTESIAN_POINT('',(-0.00496372620816838,-0.00514040824470905,-0.00380605639825041));
#6650=CARTESIAN_POINT('',(3.05024673535157E-5,-0.00601992415483357,-0.00424962809776864));
#6651=CARTESIAN_POINT('',(-0.00496278891716641,-0.00522653917151011,-0.00368513890305249));
#6652=CARTESIAN_POINT('',(3.00534739755715E-5,-0.00603894327810715,-0.00422772969683805));
#6653=CARTESIAN_POINT('',(-0.00496318147748465,-0.00524344337311491,-0.00366562797615361));
#6654=CARTESIAN_POINT('',(2.81831862719606E-5,-0.0060787608046277,-0.00418869476354615));
#6655=CARTESIAN_POINT('',(-0.00496484772830809,-0.00527899793696049,-0.00363074440555518));
#6656=CARTESIAN_POINT('',(2.67611667104231E-5,-0.00609956950658731,-0.00417154990278853));
#6657=CARTESIAN_POINT('',(-0.00496612191317142,-0.0052976562261022,-0.00361536488403696));
#6658=CARTESIAN_POINT('',(2.30726376196035E-5,-0.00614287393521502,-0.00414120853755802));
#6659=CARTESIAN_POINT('',(-0.00496944506393989,-0.00533658770633531,-0.00358813937848772));
#6660=CARTESIAN_POINT('',(2.08052484521373E-5,-0.00616537859691277,-0.00412800664084463));
#6661=CARTESIAN_POINT('',(-0.00497149470840277,-0.00535686807173124,-0.00357628886172442));
#6662=CARTESIAN_POINT('',(1.54034399150657E-5,-0.00621245704787226,-0.00410521023018676));
#6663=CARTESIAN_POINT('',(-0.00497638214281351,-0.00539929034422433,-0.0035558926002216));
#6664=CARTESIAN_POINT('',(1.22680587031265E-5,-0.00623703968724692,-0.00409561103824945));
#6665=CARTESIAN_POINT('',(-0.00497922074089072,-0.00542143955205821,-0.00354734310389363));
#6666=CARTESIAN_POINT('',(4.98486233710573E-6,-0.0062888699268765,-0.00408029549731024));
#6667=CARTESIAN_POINT('',(-0.00498579695279516,-0.00546801121548857,-0.00353381535482317));
#6668=CARTESIAN_POINT('',(8.35665693382445E-7,-0.00631612856121104,-0.0040745746504282));
#6669=CARTESIAN_POINT('',(-0.00498953575027808,-0.0054924427049741,-0.00352883380457902));
#6670=CARTESIAN_POINT('',(-8.70997355131338E-6,-0.00637383170230401,-0.00406804501189101));
#6671=CARTESIAN_POINT('',(-0.00499809209502322,-0.00554391748278676,-0.00352330942959965));
#6672=CARTESIAN_POINT('',(-1.41089415105695E-5,-0.00640429224480621,-0.00406723347310996));
#6673=CARTESIAN_POINT('',(-0.00500291172354857,-0.00557097349850414,-0.00352276498757681));
#6674=CARTESIAN_POINT('',(-2.33444594339345E-5,-0.0064524108600061,-0.00407112546336555));
#6675=CARTESIAN_POINT('',(-0.00501110168089894,-0.00561347641944936,-0.00352643902408819));
#6676=CARTESIAN_POINT('',(-2.66125188583058E-5,-0.00646884987164655,-0.00407328148736117));
#6677=CARTESIAN_POINT('',(-0.00501399173954675,-0.00562795962708712,-0.00352841768490037));
#6678=CARTESIAN_POINT('',(-3.35558142769761E-5,-0.00650243924541029,-0.00407963241132497));
#6679=CARTESIAN_POINT('',(-0.00502011227625541,-0.00565747469983008,-0.00353414060739914));
#6680=CARTESIAN_POINT('',(-3.72312477590222E-5,-0.00651959047247922,-0.00408382761168732));
#6681=CARTESIAN_POINT('',(-0.00502334290681645,-0.00567250721861789,-0.00353788511989244));
#6682=CARTESIAN_POINT('',(-4.50081710902064E-5,-0.00655442829361057,-0.00409462814331333));
#6683=CARTESIAN_POINT('',(-0.00503015726088564,-0.00570296831327872,-0.0035474346016635));
#6684=CARTESIAN_POINT('',(-4.91099176335978E-5,-0.00657211586287763,-0.00410123406240338));
#6685=CARTESIAN_POINT('',(-0.00503374117927768,-0.00571839761633004,-0.00355324003470644));
#6686=CARTESIAN_POINT('',(-5.77420829608276E-5,-0.00660773282010881,-0.00411726390252388));
#6687=CARTESIAN_POINT('',(-0.00504126176121486,-0.00574940763225918,-0.00356723277677504));
#6688=CARTESIAN_POINT('',(-6.22728230917524E-5,-0.0066256632386922,-0.00412668881131002));
#6689=CARTESIAN_POINT('',(-0.00504519866536789,-0.00576498910538681,-0.00357542084050829));
#6690=CARTESIAN_POINT('',(-7.48459608337398E-5,-0.00667302067956256,-0.00415602279016004));
#6691=CARTESIAN_POINT('',(-0.00505609696701865,-0.00580609701556063,-0.00360076940356535));
#6692=CARTESIAN_POINT('',(-8.20595495580397E-5,-0.00670019683242291,-0.00417284495299451));
#6693=CARTESIAN_POINT('',(-0.00506227916874944,-0.00582942151009457,-0.00361514141344004));
#6694=CARTESIAN_POINT('',(-9.44100805968127E-5,-0.0067467444811917,-0.00420162161182226));
#6695=CARTESIAN_POINT('',(-0.00507267975203298,-0.00586867923216198,-0.00363929632731094));
#6696=CARTESIAN_POINT('',(-9.95471192271701E-5,-0.00676611633918581,-0.0042135763334455));
#6697=CARTESIAN_POINT('',(-0.00507689817997973,-0.00588461263433771,-0.00364907933968437));
#6698=CARTESIAN_POINT('',(-0.000104062005903184,-0.00678316544208637,-0.0042240522329091));
#6699=CARTESIAN_POINT('',(-0.00508040485057694,-0.00589788063583101,-0.00365718128324686));
#6700=CARTESIAN_POINT('',(-0.000104869297012953,-0.00678621560203028,-0.0042259231812021));
#6701=CARTESIAN_POINT('',(-0.00508101756193185,-0.00590020065201679,-0.00365859461961224));
#6702=CARTESIAN_POINT('',(-0.000106275826619564,-0.00679153388840228,-0.00422917754697095));
#6703=CARTESIAN_POINT('',(-0.00508205104539954,-0.0059041181955681,-0.00366097287429219));
#6704=CARTESIAN_POINT('',(-0.000106874712059471,-0.00679380066295053,-0.00423056016996752));
#6705=CARTESIAN_POINT('',(-0.00508246764307797,-0.00590569973872294,-0.00366192839894387));
#6706=CARTESIAN_POINT('',(-0.000107848925892949,-0.0067974940090197,-0.00423280140924499));
#6707=CARTESIAN_POINT('',(-0.00508311455590706,-0.00590816297014572,-0.00366340246967162));
#6708=CARTESIAN_POINT('',(-0.000108215252367948,-0.00679888617175923,-0.00423363968891465));
#6709=CARTESIAN_POINT('',(-0.0050833522746473,-0.00590907301215002,-0.00366393766949532));
#6710=CARTESIAN_POINT('',(-0.000108801253535182,-0.00680112549081907,-0.00423496434573304));
#6711=CARTESIAN_POINT('',(-0.00508376676474086,-0.00591067412206613,-0.00366485185437052));
#6712=CARTESIAN_POINT('',(-0.000109024971444558,-0.00680198810379999,-0.0042354598545196));
#6713=CARTESIAN_POINT('',(-0.0050839438615579,-0.00591136643418465,-0.00366523157447936));
#6714=CARTESIAN_POINT('',(-0.000109464324405831,-0.00680369928331029,-0.004236410299657));
#6715=CARTESIAN_POINT('',(-0.00508435704021937,-0.00591299227716858,-0.00366610340675414));
#6716=CARTESIAN_POINT('',(-0.000109680799397817,-0.00680455106716506,-0.00423686712460982));
#6717=CARTESIAN_POINT('',(-0.00508460305841728,-0.00591396386837494,-0.00366661786089145));
#6718=CARTESIAN_POINT('',(-0.000110237752786588,-0.00680674675916428,-0.00423803690015817));
#6719=CARTESIAN_POINT('',(-0.00508520608889368,-0.00591634831097716,-0.00366787501116558));
#6720=CARTESIAN_POINT('',(-0.0001105796744871,-0.00680809618384345,-0.00423875311181203));
#6721=CARTESIAN_POINT('',(-0.00508555763298865,-0.00591774021601977,-0.00366860541330547));
#6722=CARTESIAN_POINT('',(-0.00011176126947522,-0.00681276880034543,-0.00424121578240976));
#6723=CARTESIAN_POINT('',(-0.00508673034083812,-0.00592239374995124,-0.00367102829238915));
#6724=CARTESIAN_POINT('',(-0.000112757393080092,-0.00681671869462411,-0.00424327769390196));
#6725=CARTESIAN_POINT('',(-0.00508767019420892,-0.00592613553882921,-0.00367295383711312));
#6726=CARTESIAN_POINT('',(-0.000114411344161247,-0.00682331780216285,-0.00424664730026362));
#6727=CARTESIAN_POINT('',(-0.00508917764096506,-0.00593217912228882,-0.00367598654809437));
#6728=CARTESIAN_POINT('',(-0.00011498908934729,-0.00682562912292342,-0.00424781617107447));
#6729=CARTESIAN_POINT('',(-0.00508969611821838,-0.00593426438872983,-0.00367702087480903));
#6730=CARTESIAN_POINT('',(-0.000116169769183976,-0.00683037031322488,-0.0042501813356502));
#6731=CARTESIAN_POINT('',(-0.00509074074505939,-0.00593848422537283,-0.00367908040709555));
#6732=CARTESIAN_POINT('',(-0.000116771216199139,-0.00683279452196442,-0.00425137423485292));
#6733=CARTESIAN_POINT('',(-0.00509126780153087,-0.0059406222532345,-0.00368010767309634));
#6734=CARTESIAN_POINT('',(-0.000118586051861302,-0.00684014203725257,-0.00425493059224475));
#6735=CARTESIAN_POINT('',(-0.00509286500057677,-0.00594712829834393,-0.00368318504400777));
#6736=CARTESIAN_POINT('',(-0.000119818199028196,-0.00684517168355902,-0.00425729056111782));
#6737=CARTESIAN_POINT('',(-0.00509395178363349,-0.00595159060284393,-0.00368523211397972));
#6738=CARTESIAN_POINT('',(-0.000122352466329842,-0.00685559533000828,-0.00426204027417161));
#6739=CARTESIAN_POINT('',(-0.00509619208950276,-0.0059608558983893,-0.00368936370010679));
#6740=CARTESIAN_POINT('',(-0.000123654587455539,-0.00686098933418587,-0.00426443002026395));
#6741=CARTESIAN_POINT('',(-0.00509734561331945,-0.00596565889346876,-0.00369144821827108));
#6742=CARTESIAN_POINT('',(-0.00012635660663335,-0.00687225231464205,-0.00426929635258489));
#6743=CARTESIAN_POINT('',(-0.00509974409846722,-0.00597570366538181,-0.00369570560896344));
#6744=CARTESIAN_POINT('',(-0.000127758589993316,-0.00687812925931331,-0.00427177765306786));
#6745=CARTESIAN_POINT('',(-0.00510099164368891,-0.00598095532920681,-0.00369788430513276));
#6746=CARTESIAN_POINT('',(-0.000132138406283706,-0.00689658290160611,-0.00427940481917315));
#6747=CARTESIAN_POINT('',(-0.00510487470670074,-0.00599738627044197,-0.00370455333133466));
#6748=CARTESIAN_POINT('',(-0.000135279608227539,-0.00690994235755416,-0.00428471013633087));
#6749=CARTESIAN_POINT('',(-0.00510764715502792,-0.00600922816866427,-0.00370916865001326));
#6750=CARTESIAN_POINT('',(-0.000141897080843309,-0.00693839729644399,-0.00429547486889266));
#6751=CARTESIAN_POINT('',(-0.00511346265578459,-0.00603434422891161,-0.00371848370077147));
#6752=CARTESIAN_POINT('',(-0.00014536423648917,-0.00695345815470024,-0.00430091340555194));
#6753=CARTESIAN_POINT('',(-0.00511649816499359,-0.00604758969698567,-0.00372316620741115));
#6754=CARTESIAN_POINT('',(-0.000156172166070757,-0.00700092206616202,-0.00431718366726477));
#6755=CARTESIAN_POINT('',(-0.00512595542877925,-0.0060892991215253,-0.00373716869374666));
#6756=CARTESIAN_POINT('',(-0.000163947188136697,-0.00703571385596494,-0.00432803123544739));
#6757=CARTESIAN_POINT('',(-0.0051327430170049,-0.00611979513570641,-0.00374647598734307));
#6758=CARTESIAN_POINT('',(-0.000180501652975693,-0.00711127488045076,-0.004349164113782));
#6759=CARTESIAN_POINT('',(-0.00514715491241759,-0.00618583103521799,-0.00376453685779475));
#6760=CARTESIAN_POINT('',(-0.000189267579453381,-0.00715199264853556,-0.00435941862669495));
#6761=CARTESIAN_POINT('',(-0.00515476746679172,-0.00622132615841376,-0.0037732636693606));
#6762=CARTESIAN_POINT('',(-0.000207586877335692,-0.00723871882853156,-0.00437868643083325));
#6763=CARTESIAN_POINT('',(-0.00517065038276888,-0.00629678922015652,-0.00378960999970047));
#6764=CARTESIAN_POINT('',(-0.000217144446552967,-0.00728474331158003,-0.00438770917175988));
#6765=CARTESIAN_POINT('',(-0.00517892334411191,-0.00633676718314156,-0.00379723527613709));
#6766=CARTESIAN_POINT('',(-0.000236894314651168,-0.0073815846631793,-0.00440405523542349));
#6767=CARTESIAN_POINT('',(-0.00519599674190406,-0.0064207641823791,-0.00381099612036492));
#6768=CARTESIAN_POINT('',(-0.000247085680652634,-0.00743239815480237,-0.00441137620051611));
#6769=CARTESIAN_POINT('',(-0.00520479604126071,-0.00646477906790262,-0.00381712886018861));
#6770=CARTESIAN_POINT('',(-0.000267942578011,-0.00753823045528846,-0.00442392065812422));
#6771=CARTESIAN_POINT('',(-0.00522278794125118,-0.00655635544227791,-0.00382757715609834));
#6772=CARTESIAN_POINT('',(-0.000278608483959516,-0.00759325036659475,-0.0044291454330774));
#6773=CARTESIAN_POINT('',(-0.00523198055432984,-0.00660391672076669,-0.00383189308185622));
#6774=CARTESIAN_POINT('',(-0.000300261992788372,-0.00770688040651955,-0.00443719584425569));
#6775=CARTESIAN_POINT('',(-0.00525063182524261,-0.00670207037427427,-0.0038384587720347));
#6776=CARTESIAN_POINT('',(-0.000311249835378144,-0.00776549236859289,-0.00444002080745785));
#6777=CARTESIAN_POINT('',(-0.00526009050530415,-0.00675266369927035,-0.00384070744120449));
#6778=CARTESIAN_POINT('',(-0.000344474323852266,-0.00794572886946804,-0.00444457878134823));
#6779=CARTESIAN_POINT('',(-0.00528868152302149,-0.00690816946087914,-0.0038440935163523));
#6780=CARTESIAN_POINT('',(-0.000366972855278294,-0.00807174898728709,-0.00444240831512377));
#6781=CARTESIAN_POINT('',(-0.00530802939434345,-0.00701680183201215,-0.00384188281074088));
#6782=CARTESIAN_POINT('',(-0.000400414340008688,-0.00826548364475668,-0.00443068042610201));
#6783=CARTESIAN_POINT('',(-0.00533679403091585,-0.00718381154722479,-0.00383130621744462));
#6784=CARTESIAN_POINT('',(-0.000411511512223086,-0.00833084299121042,-0.00442537078817196));
#6785=CARTESIAN_POINT('',(-0.00534634048181834,-0.00724015512397198,-0.00382658287503955));
#6786=CARTESIAN_POINT('',(-0.000425114800442051,-0.0084121846172651,-0.00441724395353188));
#6787=CARTESIAN_POINT('',(-0.00535804675583348,-0.00731029383859506,-0.00381940344032082));
#6788=CARTESIAN_POINT('',(-0.000427718992993376,-0.00842781007903514,-0.00441561725829687));
#6789=CARTESIAN_POINT('',(-0.00536028796219258,-0.00732376810865385,-0.00381796803573895));
#6790=CARTESIAN_POINT('',(-0.000430316533027226,-0.0084434521226325,-0.00441391990345638));
#6791=CARTESIAN_POINT('',(-0.0053625236400135,-0.00733725771697638,-0.00381647184671798));
#6792=CARTESIAN_POINT('',(-0.102278940969357,0.0018,-0.00311769145362398));
#6793=CARTESIAN_POINT('',(-0.102278940969357,6.50521303491303E-19,-0.00415692193816531));
#6794=CARTESIAN_POINT('',(-0.0017789409693572,6.50521303491303E-19,-0.00415692193816531));
#6795=CARTESIAN_POINT('',(-0.00177894096935717,0.0018,-0.00311769145362398));
#6796=CARTESIAN_POINT('',(-0.00177894096935717,0.0036,-0.00207846096908265));
#6797=CARTESIAN_POINT('',(-0.102278940969357,0.0036,-0.00207846096908265));
#6798=CARTESIAN_POINT('',(-0.102278940969357,0.0036,0.));
#6799=CARTESIAN_POINT('',(-0.00177894096935717,0.0036,0.));
#6800=CARTESIAN_POINT('',(-0.00177894096935717,0.0036,0.00207846096908265));
#6801=CARTESIAN_POINT('',(-0.102278940969357,0.0036,0.00207846096908265));
#6802=CARTESIAN_POINT('',(-0.102278940969357,0.0018,0.00311769145362398));
#6803=CARTESIAN_POINT('',(-0.00177894096935717,0.0018,0.00311769145362398));
#6804=CARTESIAN_POINT('',(-0.00177894096935717,-2.03287907341032E-19,0.00415692193816531));
#6805=CARTESIAN_POINT('',(-0.102278940969357,-2.03287907341032E-19,0.00415692193816531));
#6806=CARTESIAN_POINT('',(-0.102278940969357,-0.0018,0.00311769145362398));
#6807=CARTESIAN_POINT('',(-0.00177894096935717,-0.0018,0.00311769145362398));
#6808=CARTESIAN_POINT('',(-0.00177894096935717,-0.0036,0.00207846096908265));
#6809=CARTESIAN_POINT('',(-0.102278940969357,-0.0036,0.00207846096908265));
#6810=CARTESIAN_POINT('',(-0.102278940969357,-0.0036,6.50521303491303E-19));
#6811=CARTESIAN_POINT('',(-0.00177894096935717,-0.0036,6.50521303491303E-19));
#6812=CARTESIAN_POINT('',(-0.00177894096935717,-0.0036,-0.00207846096908265));
#6813=CARTESIAN_POINT('',(-0.102278940969357,-0.0036,-0.00207846096908265));
#6814=CARTESIAN_POINT('',(-0.102278940969357,-0.0018,-0.00311769145362398));
#6815=CARTESIAN_POINT('',(-0.00177894096935717,-0.0018,-0.00311769145362398));
#6816=CARTESIAN_POINT('',(-0.00177894096935717,0.,1.37772764904077E-19));
#6817=CARTESIAN_POINT('',(-0.00177894096935717,0.,1.37772764904077E-19));
#6818=CARTESIAN_POINT('',(-0.00177894096935717,0.,-0.00225));
#6819=CARTESIAN_POINT('',(-0.00177894096935717,0.,0.));
#6820=MECHANICAL_DESIGN_GEOMETRIC_PRESENTATION_REPRESENTATION('',(#807),
#6821);
#6821=(
GEOMETRIC_REPRESENTATION_CONTEXT(3)
GLOBAL_UNCERTAINTY_ASSIGNED_CONTEXT((#6822))
GLOBAL_UNIT_ASSIGNED_CONTEXT((#6825,#6824,#6823))
REPRESENTATION_CONTEXT('Pinion Bevel','TOP_LEVEL_ASSEMBLY_PART')
);
#6822=UNCERTAINTY_MEASURE_WITH_UNIT(LENGTH_MEASURE(2.E-5),#6825,
'DISTANCE_ACCURACY_VALUE','Maximum Tolerance applied to model');
#6823=(
NAMED_UNIT(*)
SI_UNIT($,.STERADIAN.)
SOLID_ANGLE_UNIT()
);
#6824=(
NAMED_UNIT(*)
PLANE_ANGLE_UNIT()
SI_UNIT($,.RADIAN.)
);
#6825=(
LENGTH_UNIT()
NAMED_UNIT(*)
SI_UNIT($,.METRE.)
);
#6826=PRODUCT_DEFINITION_SHAPE('','',#6827);
#6827=PRODUCT_DEFINITION('','',#6829,#6828);
#6828=PRODUCT_DEFINITION_CONTEXT('',#6835,'design');
#6829=PRODUCT_DEFINITION_FORMATION_WITH_SPECIFIED_SOURCE('','',#6831,
 .NOT_KNOWN.);
#6830=PRODUCT_RELATED_PRODUCT_CATEGORY('','',(#6831));
#6831=PRODUCT('Pinion Bevel','Pinion Bevel','Pinion Bevel',(#6833));
#6832=PRODUCT_CATEGORY('','');
#6833=PRODUCT_CONTEXT('',#6835,'mechanical');
#6834=APPLICATION_PROTOCOL_DEFINITION('international standard',
'ap242_managed_model_based_3d_engineering',2020,#6835);
#6835=APPLICATION_CONTEXT('managed model based 3d engineering');
ENDSEC;
END-ISO-10303-21;
