ISO-10303-21;
HEADER;
/* Generated by software containing ST-Developer
 * from STEP Tools, Inc. (www.steptools.com) 
 */
/* OPTION: using custom renumber hook */

FILE_DESCRIPTION(
/* description */ ('STEP AP242 Edition 2',
'CAx-IF Rec.Pracs.---Representation and Presentation of Product Manufa
cturing Information (PMI)---4.0---2014-10-13',
'CAx-IF Rec.Pracs.---3D Tessellated Geometry---0.4---2014-09-14','2;1',
'CAx-IF Rec.Pracs.---User Defined Attributes---1.5---2016-08-15'),
/* implementation_level */ '2;1');

FILE_NAME(
/* name */ 'Assembly 1 - Base Top',
/* time_stamp */ '2026-08-23T18:38:52Z',
/* author */ (''),
/* organization */ (''),
/* preprocessor_version */ 'ST-DEVELOPER v20',
/* originating_system */ 'ONSHAPE BY PTC INC, 1.219',
/* authorisation */ '  ');

FILE_SCHEMA (('AP242_MANAGED_MODEL_BASED_3D_ENGINEERING_MIM_LF { 1 0 10303 442 3 1 4 }'));
ENDSEC;

DATA;
#10=SHAPE_REPRESENTATION_RELATIONSHIP('','',#3027,#11);
#11=ADVANCED_BREP_SHAPE_REPRESENTATION('',(#3025),#4927);
#12=B_SPLINE_SURFACE_WITH_KNOTS('',3,1,((#4705,#4706),(#4707,#4708),(#4709,
#4710),(#4711,#4712)),.SURF_OF_LINEAR_EXTRUSION.,.F.,.F.,.F.,(4,4),(2,2),
(0.,1.),(0.,1.),.PIECEWISE_BEZIER_KNOTS.);
#13=B_SPLINE_SURFACE_WITH_KNOTS('',3,1,((#4732,#4733),(#4734,#4735),(#4736,
#4737),(#4738,#4739)),.SURF_OF_LINEAR_EXTRUSION.,.F.,.F.,.F.,(4,4),(2,2),
(0.,1.),(0.,1.),.PIECEWISE_BEZIER_KNOTS.);
#14=B_SPLINE_SURFACE_WITH_KNOTS('',3,1,((#4745,#4746),(#4747,#4748),(#4749,
#4750),(#4751,#4752)),.SURF_OF_LINEAR_EXTRUSION.,.F.,.F.,.F.,(4,4),(2,2),
(0.,1.),(0.,1.),.PIECEWISE_BEZIER_KNOTS.);
#15=B_SPLINE_SURFACE_WITH_KNOTS('',3,1,((#4766,#4767),(#4768,#4769),(#4770,
#4771),(#4772,#4773)),.SURF_OF_LINEAR_EXTRUSION.,.F.,.F.,.F.,(4,4),(2,2),
(0.,1.),(0.,1.),.PIECEWISE_BEZIER_KNOTS.);
#16=B_SPLINE_SURFACE_WITH_KNOTS('',3,1,((#4779,#4780),(#4781,#4782),(#4783,
#4784),(#4785,#4786)),.SURF_OF_LINEAR_EXTRUSION.,.F.,.F.,.F.,(4,4),(2,2),
(0.,1.),(0.,1.),.PIECEWISE_BEZIER_KNOTS.);
#17=B_SPLINE_SURFACE_WITH_KNOTS('',3,1,((#4812,#4813),(#4814,#4815),(#4816,
#4817),(#4818,#4819)),.SURF_OF_LINEAR_EXTRUSION.,.F.,.F.,.F.,(4,4),(2,2),
(0.,1.),(0.,1.),.PIECEWISE_BEZIER_KNOTS.);
#18=B_SPLINE_SURFACE_WITH_KNOTS('',3,1,((#4825,#4826),(#4827,#4828),(#4829,
#4830),(#4831,#4832)),.SURF_OF_LINEAR_EXTRUSION.,.F.,.F.,.F.,(4,4),(2,2),
(0.,1.),(0.,1.),.PIECEWISE_BEZIER_KNOTS.);
#19=B_SPLINE_SURFACE_WITH_KNOTS('',3,1,((#4838,#4839),(#4840,#4841),(#4842,
#4843),(#4844,#4845)),.SURF_OF_LINEAR_EXTRUSION.,.F.,.F.,.F.,(4,4),(2,2),
(0.,1.),(0.,1.),.PIECEWISE_BEZIER_KNOTS.);
#20=B_SPLINE_SURFACE_WITH_KNOTS('',3,1,((#4851,#4852),(#4853,#4854),(#4855,
#4856),(#4857,#4858)),.SURF_OF_LINEAR_EXTRUSION.,.F.,.F.,.F.,(4,4),(2,2),
(0.,1.),(0.,1.),.PIECEWISE_BEZIER_KNOTS.);
#21=B_SPLINE_SURFACE_WITH_KNOTS('',3,1,((#4872,#4873),(#4874,#4875),(#4876,
#4877),(#4878,#4879)),.SURF_OF_LINEAR_EXTRUSION.,.F.,.F.,.F.,(4,4),(2,2),
(0.,1.),(0.,1.),.PIECEWISE_BEZIER_KNOTS.);
#22=CYLINDRICAL_SURFACE('',#3052,0.03950806);
#23=CYLINDRICAL_SURFACE('',#3054,0.0315);
#24=CYLINDRICAL_SURFACE('',#3056,0.002);
#25=CYLINDRICAL_SURFACE('',#3058,0.002);
#26=CYLINDRICAL_SURFACE('',#3060,0.03950806);
#27=CYLINDRICAL_SURFACE('',#3062,0.002);
#28=CYLINDRICAL_SURFACE('',#3077,0.00715);
#29=CYLINDRICAL_SURFACE('',#3079,0.00715);
#30=CYLINDRICAL_SURFACE('',#3080,0.004);
#31=CYLINDRICAL_SURFACE('',#3081,0.004);
#32=CYLINDRICAL_SURFACE('',#3083,0.005);
#33=CYLINDRICAL_SURFACE('',#3085,0.00225);
#34=CYLINDRICAL_SURFACE('',#3086,0.006);
#35=CYLINDRICAL_SURFACE('',#3087,0.006);
#36=CYLINDRICAL_SURFACE('',#3088,0.00225);
#37=CYLINDRICAL_SURFACE('',#3089,0.00225);
#38=CYLINDRICAL_SURFACE('',#3198,0.00195610777857027);
#39=CYLINDRICAL_SURFACE('',#3200,0.00388031570443326);
#40=CYLINDRICAL_SURFACE('',#3205,0.00424228121285151);
#41=CYLINDRICAL_SURFACE('',#3207,0.00305489725662526);
#42=CYLINDRICAL_SURFACE('',#3209,0.00373461323261165);
#43=CYLINDRICAL_SURFACE('',#3211,0.00327237212065052);
#44=B_SPLINE_CURVE_WITH_KNOTS('',2,(#4185,#4186,#4187),.UNSPECIFIED.,.F.,
 .F.,(3,3),(0.,1.),.PIECEWISE_BEZIER_KNOTS.);
#45=B_SPLINE_CURVE_WITH_KNOTS('',2,(#4189,#4190,#4191),.UNSPECIFIED.,.F.,
 .F.,(3,3),(0.,1.),.PIECEWISE_BEZIER_KNOTS.);
#46=B_SPLINE_CURVE_WITH_KNOTS('',2,(#4197,#4198,#4199),.UNSPECIFIED.,.F.,
 .F.,(3,3),(0.,1.),.PIECEWISE_BEZIER_KNOTS.);
#47=B_SPLINE_CURVE_WITH_KNOTS('',2,(#4201,#4202,#4203),.UNSPECIFIED.,.F.,
 .F.,(3,3),(0.,1.),.PIECEWISE_BEZIER_KNOTS.);
#48=B_SPLINE_CURVE_WITH_KNOTS('',2,(#4205,#4206,#4207),.UNSPECIFIED.,.F.,
 .F.,(3,3),(0.,1.),.PIECEWISE_BEZIER_KNOTS.);
#49=B_SPLINE_CURVE_WITH_KNOTS('',2,(#4209,#4210,#4211),.UNSPECIFIED.,.F.,
 .F.,(3,3),(0.,1.),.PIECEWISE_BEZIER_KNOTS.);
#50=B_SPLINE_CURVE_WITH_KNOTS('',2,(#4223,#4224,#4225),.UNSPECIFIED.,.F.,
 .F.,(3,3),(0.,1.),.PIECEWISE_BEZIER_KNOTS.);
#51=B_SPLINE_CURVE_WITH_KNOTS('',2,(#4227,#4228,#4229),.UNSPECIFIED.,.F.,
 .F.,(3,3),(0.,1.),.PIECEWISE_BEZIER_KNOTS.);
#52=B_SPLINE_CURVE_WITH_KNOTS('',2,(#4235,#4236,#4237),.UNSPECIFIED.,.F.,
 .F.,(3,3),(0.,1.),.PIECEWISE_BEZIER_KNOTS.);
#53=B_SPLINE_CURVE_WITH_KNOTS('',2,(#4239,#4240,#4241),.UNSPECIFIED.,.F.,
 .F.,(3,3),(0.,1.),.PIECEWISE_BEZIER_KNOTS.);
#54=B_SPLINE_CURVE_WITH_KNOTS('',2,(#4715,#4716,#4717),.UNSPECIFIED.,.F.,
 .F.,(3,3),(0.,1.),.PIECEWISE_BEZIER_KNOTS.);
#55=B_SPLINE_CURVE_WITH_KNOTS('',2,(#4742,#4743,#4744),.UNSPECIFIED.,.F.,
 .F.,(3,3),(0.,1.),.PIECEWISE_BEZIER_KNOTS.);
#56=B_SPLINE_CURVE_WITH_KNOTS('',2,(#4755,#4756,#4757),.UNSPECIFIED.,.F.,
 .F.,(3,3),(0.,1.),.PIECEWISE_BEZIER_KNOTS.);
#57=B_SPLINE_CURVE_WITH_KNOTS('',2,(#4776,#4777,#4778),.UNSPECIFIED.,.F.,
 .F.,(3,3),(0.,1.),.PIECEWISE_BEZIER_KNOTS.);
#58=B_SPLINE_CURVE_WITH_KNOTS('',2,(#4789,#4790,#4791),.UNSPECIFIED.,.F.,
 .F.,(3,3),(0.,1.),.PIECEWISE_BEZIER_KNOTS.);
#59=B_SPLINE_CURVE_WITH_KNOTS('',2,(#4822,#4823,#4824),.UNSPECIFIED.,.F.,
 .F.,(3,3),(0.,1.),.PIECEWISE_BEZIER_KNOTS.);
#60=B_SPLINE_CURVE_WITH_KNOTS('',2,(#4835,#4836,#4837),.UNSPECIFIED.,.F.,
 .F.,(3,3),(0.,1.),.PIECEWISE_BEZIER_KNOTS.);
#61=B_SPLINE_CURVE_WITH_KNOTS('',2,(#4848,#4849,#4850),.UNSPECIFIED.,.F.,
 .F.,(3,3),(0.,1.),.PIECEWISE_BEZIER_KNOTS.);
#62=B_SPLINE_CURVE_WITH_KNOTS('',2,(#4861,#4862,#4863),.UNSPECIFIED.,.F.,
 .F.,(3,3),(0.,1.),.PIECEWISE_BEZIER_KNOTS.);
#63=B_SPLINE_CURVE_WITH_KNOTS('',2,(#4880,#4881,#4882),.UNSPECIFIED.,.F.,
 .F.,(3,3),(0.,1.),.PIECEWISE_BEZIER_KNOTS.);
#64=LINE('',#3972,#408);
#65=LINE('',#3977,#409);
#66=LINE('',#3983,#410);
#67=LINE('',#3987,#411);
#68=LINE('',#3993,#412);
#69=LINE('',#4010,#413);
#70=LINE('',#4013,#414);
#71=LINE('',#4015,#415);
#72=LINE('',#4017,#416);
#73=LINE('',#4019,#417);
#74=LINE('',#4021,#418);
#75=LINE('',#4023,#419);
#76=LINE('',#4025,#420);
#77=LINE('',#4026,#421);
#78=LINE('',#4029,#422);
#79=LINE('',#4031,#423);
#80=LINE('',#4033,#424);
#81=LINE('',#4034,#425);
#82=LINE('',#4037,#426);
#83=LINE('',#4039,#427);
#84=LINE('',#4041,#428);
#85=LINE('',#4042,#429);
#86=LINE('',#4045,#430);
#87=LINE('',#4047,#431);
#88=LINE('',#4049,#432);
#89=LINE('',#4050,#433);
#90=LINE('',#4053,#434);
#91=LINE('',#4055,#435);
#92=LINE('',#4057,#436);
#93=LINE('',#4058,#437);
#94=LINE('',#4061,#438);
#95=LINE('',#4063,#439);
#96=LINE('',#4065,#440);
#97=LINE('',#4067,#441);
#98=LINE('',#4069,#442);
#99=LINE('',#4070,#443);
#100=LINE('',#4073,#444);
#101=LINE('',#4075,#445);
#102=LINE('',#4077,#446);
#103=LINE('',#4078,#447);
#104=LINE('',#4081,#448);
#105=LINE('',#4083,#449);
#106=LINE('',#4085,#450);
#107=LINE('',#4086,#451);
#108=LINE('',#4089,#452);
#109=LINE('',#4091,#453);
#110=LINE('',#4093,#454);
#111=LINE('',#4094,#455);
#112=LINE('',#4097,#456);
#113=LINE('',#4099,#457);
#114=LINE('',#4101,#458);
#115=LINE('',#4102,#459);
#116=LINE('',#4105,#460);
#117=LINE('',#4107,#461);
#118=LINE('',#4109,#462);
#119=LINE('',#4110,#463);
#120=LINE('',#4113,#464);
#121=LINE('',#4115,#465);
#122=LINE('',#4117,#466);
#123=LINE('',#4118,#467);
#124=LINE('',#4121,#468);
#125=LINE('',#4123,#469);
#126=LINE('',#4125,#470);
#127=LINE('',#4126,#471);
#128=LINE('',#4129,#472);
#129=LINE('',#4131,#473);
#130=LINE('',#4133,#474);
#131=LINE('',#4135,#475);
#132=LINE('',#4137,#476);
#133=LINE('',#4139,#477);
#134=LINE('',#4141,#478);
#135=LINE('',#4142,#479);
#136=LINE('',#4145,#480);
#137=LINE('',#4147,#481);
#138=LINE('',#4149,#482);
#139=LINE('',#4150,#483);
#140=LINE('',#4153,#484);
#141=LINE('',#4155,#485);
#142=LINE('',#4157,#486);
#143=LINE('',#4158,#487);
#144=LINE('',#4161,#488);
#145=LINE('',#4163,#489);
#146=LINE('',#4165,#490);
#147=LINE('',#4166,#491);
#148=LINE('',#4169,#492);
#149=LINE('',#4171,#493);
#150=LINE('',#4173,#494);
#151=LINE('',#4174,#495);
#152=LINE('',#4177,#496);
#153=LINE('',#4179,#497);
#154=LINE('',#4181,#498);
#155=LINE('',#4182,#499);
#156=LINE('',#4217,#500);
#157=LINE('',#4219,#501);
#158=LINE('',#4221,#502);
#159=LINE('',#4243,#503);
#160=LINE('',#4245,#504);
#161=LINE('',#4246,#505);
#162=LINE('',#4249,#506);
#163=LINE('',#4251,#507);
#164=LINE('',#4253,#508);
#165=LINE('',#4254,#509);
#166=LINE('',#4257,#510);
#167=LINE('',#4259,#511);
#168=LINE('',#4261,#512);
#169=LINE('',#4263,#513);
#170=LINE('',#4265,#514);
#171=LINE('',#4270,#515);
#172=LINE('',#4271,#516);
#173=LINE('',#4282,#517);
#174=LINE('',#4286,#518);
#175=LINE('',#4295,#519);
#176=LINE('',#4299,#520);
#177=LINE('',#4303,#521);
#178=LINE('',#4306,#522);
#179=LINE('',#4310,#523);
#180=LINE('',#4320,#524);
#181=LINE('',#4322,#525);
#182=LINE('',#4323,#526);
#183=LINE('',#4326,#527);
#184=LINE('',#4331,#528);
#185=LINE('',#4332,#529);
#186=LINE('',#4334,#530);
#187=LINE('',#4336,#531);
#188=LINE('',#4343,#532);
#189=LINE('',#4345,#533);
#190=LINE('',#4347,#534);
#191=LINE('',#4349,#535);
#192=LINE('',#4351,#536);
#193=LINE('',#4353,#537);
#194=LINE('',#4355,#538);
#195=LINE('',#4357,#539);
#196=LINE('',#4359,#540);
#197=LINE('',#4361,#541);
#198=LINE('',#4363,#542);
#199=LINE('',#4365,#543);
#200=LINE('',#4367,#544);
#201=LINE('',#4369,#545);
#202=LINE('',#4371,#546);
#203=LINE('',#4373,#547);
#204=LINE('',#4376,#548);
#205=LINE('',#4378,#549);
#206=LINE('',#4380,#550);
#207=LINE('',#4382,#551);
#208=LINE('',#4384,#552);
#209=LINE('',#4386,#553);
#210=LINE('',#4388,#554);
#211=LINE('',#4390,#555);
#212=LINE('',#4393,#556);
#213=LINE('',#4395,#557);
#214=LINE('',#4397,#558);
#215=LINE('',#4399,#559);
#216=LINE('',#4401,#560);
#217=LINE('',#4403,#561);
#218=LINE('',#4405,#562);
#219=LINE('',#4407,#563);
#220=LINE('',#4410,#564);
#221=LINE('',#4412,#565);
#222=LINE('',#4414,#566);
#223=LINE('',#4416,#567);
#224=LINE('',#4418,#568);
#225=LINE('',#4420,#569);
#226=LINE('',#4422,#570);
#227=LINE('',#4424,#571);
#228=LINE('',#4427,#572);
#229=LINE('',#4429,#573);
#230=LINE('',#4431,#574);
#231=LINE('',#4433,#575);
#232=LINE('',#4435,#576);
#233=LINE('',#4437,#577);
#234=LINE('',#4439,#578);
#235=LINE('',#4441,#579);
#236=LINE('',#4444,#580);
#237=LINE('',#4446,#581);
#238=LINE('',#4448,#582);
#239=LINE('',#4450,#583);
#240=LINE('',#4452,#584);
#241=LINE('',#4454,#585);
#242=LINE('',#4456,#586);
#243=LINE('',#4458,#587);
#244=LINE('',#4460,#588);
#245=LINE('',#4462,#589);
#246=LINE('',#4464,#590);
#247=LINE('',#4466,#591);
#248=LINE('',#4469,#592);
#249=LINE('',#4471,#593);
#250=LINE('',#4473,#594);
#251=LINE('',#4475,#595);
#252=LINE('',#4477,#596);
#253=LINE('',#4479,#597);
#254=LINE('',#4481,#598);
#255=LINE('',#4483,#599);
#256=LINE('',#4486,#600);
#257=LINE('',#4488,#601);
#258=LINE('',#4490,#602);
#259=LINE('',#4492,#603);
#260=LINE('',#4494,#604);
#261=LINE('',#4496,#605);
#262=LINE('',#4498,#606);
#263=LINE('',#4500,#607);
#264=LINE('',#4503,#608);
#265=LINE('',#4505,#609);
#266=LINE('',#4507,#610);
#267=LINE('',#4509,#611);
#268=LINE('',#4511,#612);
#269=LINE('',#4513,#613);
#270=LINE('',#4515,#614);
#271=LINE('',#4517,#615);
#272=LINE('',#4520,#616);
#273=LINE('',#4522,#617);
#274=LINE('',#4524,#618);
#275=LINE('',#4526,#619);
#276=LINE('',#4528,#620);
#277=LINE('',#4530,#621);
#278=LINE('',#4532,#622);
#279=LINE('',#4534,#623);
#280=LINE('',#4537,#624);
#281=LINE('',#4539,#625);
#282=LINE('',#4541,#626);
#283=LINE('',#4543,#627);
#284=LINE('',#4545,#628);
#285=LINE('',#4547,#629);
#286=LINE('',#4549,#630);
#287=LINE('',#4551,#631);
#288=LINE('',#4554,#632);
#289=LINE('',#4556,#633);
#290=LINE('',#4558,#634);
#291=LINE('',#4560,#635);
#292=LINE('',#4562,#636);
#293=LINE('',#4564,#637);
#294=LINE('',#4566,#638);
#295=LINE('',#4568,#639);
#296=LINE('',#4571,#640);
#297=LINE('',#4573,#641);
#298=LINE('',#4575,#642);
#299=LINE('',#4577,#643);
#300=LINE('',#4579,#644);
#301=LINE('',#4581,#645);
#302=LINE('',#4583,#646);
#303=LINE('',#4585,#647);
#304=LINE('',#4588,#648);
#305=LINE('',#4590,#649);
#306=LINE('',#4592,#650);
#307=LINE('',#4594,#651);
#308=LINE('',#4596,#652);
#309=LINE('',#4598,#653);
#310=LINE('',#4600,#654);
#311=LINE('',#4602,#655);
#312=LINE('',#4604,#656);
#313=LINE('',#4606,#657);
#314=LINE('',#4608,#658);
#315=LINE('',#4610,#659);
#316=LINE('',#4612,#660);
#317=LINE('',#4614,#661);
#318=LINE('',#4616,#662);
#319=LINE('',#4618,#663);
#320=LINE('',#4621,#664);
#321=LINE('',#4623,#665);
#322=LINE('',#4625,#666);
#323=LINE('',#4627,#667);
#324=LINE('',#4629,#668);
#325=LINE('',#4631,#669);
#326=LINE('',#4633,#670);
#327=LINE('',#4635,#671);
#328=LINE('',#4638,#672);
#329=LINE('',#4640,#673);
#330=LINE('',#4642,#674);
#331=LINE('',#4644,#675);
#332=LINE('',#4646,#676);
#333=LINE('',#4648,#677);
#334=LINE('',#4650,#678);
#335=LINE('',#4652,#679);
#336=LINE('',#4655,#680);
#337=LINE('',#4657,#681);
#338=LINE('',#4659,#682);
#339=LINE('',#4661,#683);
#340=LINE('',#4663,#684);
#341=LINE('',#4665,#685);
#342=LINE('',#4667,#686);
#343=LINE('',#4669,#687);
#344=LINE('',#4672,#688);
#345=LINE('',#4674,#689);
#346=LINE('',#4676,#690);
#347=LINE('',#4678,#691);
#348=LINE('',#4680,#692);
#349=LINE('',#4682,#693);
#350=LINE('',#4684,#694);
#351=LINE('',#4686,#695);
#352=LINE('',#4689,#696);
#353=LINE('',#4691,#697);
#354=LINE('',#4693,#698);
#355=LINE('',#4695,#699);
#356=LINE('',#4697,#700);
#357=LINE('',#4699,#701);
#358=LINE('',#4701,#702);
#359=LINE('',#4703,#703);
#360=LINE('',#4713,#704);
#361=LINE('',#4719,#705);
#362=LINE('',#4721,#706);
#363=LINE('',#4723,#707);
#364=LINE('',#4725,#708);
#365=LINE('',#4727,#709);
#366=LINE('',#4729,#710);
#367=LINE('',#4731,#711);
#368=LINE('',#4740,#712);
#369=LINE('',#4753,#713);
#370=LINE('',#4759,#714);
#371=LINE('',#4763,#715);
#372=LINE('',#4774,#716);
#373=LINE('',#4787,#717);
#374=LINE('',#4793,#718);
#375=LINE('',#4795,#719);
#376=LINE('',#4797,#720);
#377=LINE('',#4799,#721);
#378=LINE('',#4801,#722);
#379=LINE('',#4803,#723);
#380=LINE('',#4805,#724);
#381=LINE('',#4809,#725);
#382=LINE('',#4820,#726);
#383=LINE('',#4833,#727);
#384=LINE('',#4846,#728);
#385=LINE('',#4859,#729);
#386=LINE('',#4865,#730);
#387=LINE('',#4869,#731);
#388=LINE('',#4885,#732);
#389=LINE('',#4887,#733);
#390=LINE('',#4889,#734);
#391=LINE('',#4891,#735);
#392=LINE('',#4893,#736);
#393=LINE('',#4895,#737);
#394=LINE('',#4897,#738);
#395=LINE('',#4899,#739);
#396=LINE('',#4902,#740);
#397=LINE('',#4904,#741);
#398=LINE('',#4906,#742);
#399=LINE('',#4908,#743);
#400=LINE('',#4910,#744);
#401=LINE('',#4912,#745);
#402=LINE('',#4914,#746);
#403=LINE('',#4916,#747);
#404=LINE('',#4918,#748);
#405=LINE('',#4920,#749);
#406=LINE('',#4922,#750);
#407=LINE('',#4924,#751);
#408=VECTOR('',#3234,1.);
#409=VECTOR('',#3237,1.);
#410=VECTOR('',#3242,1.);
#411=VECTOR('',#3245,1.);
#412=VECTOR('',#3250,1.);
#413=VECTOR('',#3267,1.);
#414=VECTOR('',#3268,1.);
#415=VECTOR('',#3269,1.);
#416=VECTOR('',#3270,1.);
#417=VECTOR('',#3271,1.);
#418=VECTOR('',#3272,1.);
#419=VECTOR('',#3273,1.);
#420=VECTOR('',#3274,1.);
#421=VECTOR('',#3275,1.);
#422=VECTOR('',#3276,1.);
#423=VECTOR('',#3277,1.);
#424=VECTOR('',#3278,1.);
#425=VECTOR('',#3279,1.);
#426=VECTOR('',#3280,1.);
#427=VECTOR('',#3281,1.);
#428=VECTOR('',#3282,1.);
#429=VECTOR('',#3283,1.);
#430=VECTOR('',#3284,1.);
#431=VECTOR('',#3285,1.);
#432=VECTOR('',#3286,1.);
#433=VECTOR('',#3287,1.);
#434=VECTOR('',#3288,1.);
#435=VECTOR('',#3289,1.);
#436=VECTOR('',#3290,1.);
#437=VECTOR('',#3291,1.);
#438=VECTOR('',#3292,1.);
#439=VECTOR('',#3293,1.);
#440=VECTOR('',#3294,1.);
#441=VECTOR('',#3295,1.);
#442=VECTOR('',#3296,1.);
#443=VECTOR('',#3297,1.);
#444=VECTOR('',#3298,1.);
#445=VECTOR('',#3299,1.);
#446=VECTOR('',#3300,1.);
#447=VECTOR('',#3301,1.);
#448=VECTOR('',#3302,1.);
#449=VECTOR('',#3303,1.);
#450=VECTOR('',#3304,1.);
#451=VECTOR('',#3305,1.);
#452=VECTOR('',#3306,1.);
#453=VECTOR('',#3307,1.);
#454=VECTOR('',#3308,1.);
#455=VECTOR('',#3309,1.);
#456=VECTOR('',#3310,1.);
#457=VECTOR('',#3311,1.);
#458=VECTOR('',#3312,1.);
#459=VECTOR('',#3313,1.);
#460=VECTOR('',#3314,1.);
#461=VECTOR('',#3315,1.);
#462=VECTOR('',#3316,1.);
#463=VECTOR('',#3317,1.);
#464=VECTOR('',#3318,1.);
#465=VECTOR('',#3319,1.);
#466=VECTOR('',#3320,1.);
#467=VECTOR('',#3321,1.);
#468=VECTOR('',#3322,1.);
#469=VECTOR('',#3323,1.);
#470=VECTOR('',#3324,1.);
#471=VECTOR('',#3325,1.);
#472=VECTOR('',#3326,1.);
#473=VECTOR('',#3327,1.);
#474=VECTOR('',#3328,1.);
#475=VECTOR('',#3329,1.);
#476=VECTOR('',#3330,1.);
#477=VECTOR('',#3331,1.);
#478=VECTOR('',#3332,1.);
#479=VECTOR('',#3333,1.);
#480=VECTOR('',#3334,1.);
#481=VECTOR('',#3335,1.);
#482=VECTOR('',#3336,1.);
#483=VECTOR('',#3337,1.);
#484=VECTOR('',#3338,1.);
#485=VECTOR('',#3339,1.);
#486=VECTOR('',#3340,1.);
#487=VECTOR('',#3341,1.);
#488=VECTOR('',#3342,1.);
#489=VECTOR('',#3343,1.);
#490=VECTOR('',#3344,1.);
#491=VECTOR('',#3345,1.);
#492=VECTOR('',#3346,1.);
#493=VECTOR('',#3347,1.);
#494=VECTOR('',#3348,1.);
#495=VECTOR('',#3349,1.);
#496=VECTOR('',#3350,1.);
#497=VECTOR('',#3351,1.);
#498=VECTOR('',#3352,1.);
#499=VECTOR('',#3353,1.);
#500=VECTOR('',#3362,1.);
#501=VECTOR('',#3363,1.);
#502=VECTOR('',#3364,1.);
#503=VECTOR('',#3369,1.);
#504=VECTOR('',#3370,1.);
#505=VECTOR('',#3371,1.);
#506=VECTOR('',#3372,1.);
#507=VECTOR('',#3373,1.);
#508=VECTOR('',#3374,1.);
#509=VECTOR('',#3375,1.);
#510=VECTOR('',#3376,1.);
#511=VECTOR('',#3377,1.);
#512=VECTOR('',#3378,1.);
#513=VECTOR('',#3379,1.);
#514=VECTOR('',#3380,1.);
#515=VECTOR('',#3385,1.);
#516=VECTOR('',#3386,1.);
#517=VECTOR('',#3401,1.);
#518=VECTOR('',#3404,1.);
#519=VECTOR('',#3415,1.);
#520=VECTOR('',#3418,1.);
#521=VECTOR('',#3421,1.);
#522=VECTOR('',#3424,1.);
#523=VECTOR('',#3427,1.);
#524=VECTOR('',#3438,1.);
#525=VECTOR('',#3441,1.);
#526=VECTOR('',#3442,1.);
#527=VECTOR('',#3447,1.);
#528=VECTOR('',#3456,1.);
#529=VECTOR('',#3457,1.);
#530=VECTOR('',#3460,1.);
#531=VECTOR('',#3463,1.);
#532=VECTOR('',#3476,1.);
#533=VECTOR('',#3477,1.);
#534=VECTOR('',#3478,1.);
#535=VECTOR('',#3481,1.);
#536=VECTOR('',#3482,1.);
#537=VECTOR('',#3485,1.);
#538=VECTOR('',#3486,1.);
#539=VECTOR('',#3489,1.);
#540=VECTOR('',#3490,1.);
#541=VECTOR('',#3493,1.);
#542=VECTOR('',#3494,1.);
#543=VECTOR('',#3497,1.);
#544=VECTOR('',#3498,1.);
#545=VECTOR('',#3501,1.);
#546=VECTOR('',#3502,1.);
#547=VECTOR('',#3505,1.);
#548=VECTOR('',#3510,1.);
#549=VECTOR('',#3511,1.);
#550=VECTOR('',#3512,1.);
#551=VECTOR('',#3515,1.);
#552=VECTOR('',#3516,1.);
#553=VECTOR('',#3519,1.);
#554=VECTOR('',#3520,1.);
#555=VECTOR('',#3523,1.);
#556=VECTOR('',#3528,1.);
#557=VECTOR('',#3529,1.);
#558=VECTOR('',#3530,1.);
#559=VECTOR('',#3533,1.);
#560=VECTOR('',#3534,1.);
#561=VECTOR('',#3537,1.);
#562=VECTOR('',#3538,1.);
#563=VECTOR('',#3541,1.);
#564=VECTOR('',#3546,1.);
#565=VECTOR('',#3547,1.);
#566=VECTOR('',#3548,1.);
#567=VECTOR('',#3551,1.);
#568=VECTOR('',#3552,1.);
#569=VECTOR('',#3555,1.);
#570=VECTOR('',#3556,1.);
#571=VECTOR('',#3559,1.);
#572=VECTOR('',#3564,1.);
#573=VECTOR('',#3565,1.);
#574=VECTOR('',#3566,1.);
#575=VECTOR('',#3569,1.);
#576=VECTOR('',#3570,1.);
#577=VECTOR('',#3573,1.);
#578=VECTOR('',#3574,1.);
#579=VECTOR('',#3577,1.);
#580=VECTOR('',#3582,1.);
#581=VECTOR('',#3583,1.);
#582=VECTOR('',#3584,1.);
#583=VECTOR('',#3587,1.);
#584=VECTOR('',#3588,1.);
#585=VECTOR('',#3591,1.);
#586=VECTOR('',#3592,1.);
#587=VECTOR('',#3595,1.);
#588=VECTOR('',#3596,1.);
#589=VECTOR('',#3599,1.);
#590=VECTOR('',#3600,1.);
#591=VECTOR('',#3603,1.);
#592=VECTOR('',#3608,1.);
#593=VECTOR('',#3609,1.);
#594=VECTOR('',#3610,1.);
#595=VECTOR('',#3613,1.);
#596=VECTOR('',#3614,1.);
#597=VECTOR('',#3617,1.);
#598=VECTOR('',#3618,1.);
#599=VECTOR('',#3621,1.);
#600=VECTOR('',#3626,1.);
#601=VECTOR('',#3627,1.);
#602=VECTOR('',#3628,1.);
#603=VECTOR('',#3631,1.);
#604=VECTOR('',#3632,1.);
#605=VECTOR('',#3635,1.);
#606=VECTOR('',#3636,1.);
#607=VECTOR('',#3639,1.);
#608=VECTOR('',#3644,1.);
#609=VECTOR('',#3645,1.);
#610=VECTOR('',#3646,1.);
#611=VECTOR('',#3649,1.);
#612=VECTOR('',#3650,1.);
#613=VECTOR('',#3653,1.);
#614=VECTOR('',#3654,1.);
#615=VECTOR('',#3657,1.);
#616=VECTOR('',#3662,1.);
#617=VECTOR('',#3663,1.);
#618=VECTOR('',#3664,1.);
#619=VECTOR('',#3667,1.);
#620=VECTOR('',#3668,1.);
#621=VECTOR('',#3671,1.);
#622=VECTOR('',#3672,1.);
#623=VECTOR('',#3675,1.);
#624=VECTOR('',#3680,1.);
#625=VECTOR('',#3681,1.);
#626=VECTOR('',#3682,1.);
#627=VECTOR('',#3685,1.);
#628=VECTOR('',#3686,1.);
#629=VECTOR('',#3689,1.);
#630=VECTOR('',#3690,1.);
#631=VECTOR('',#3693,1.);
#632=VECTOR('',#3698,1.);
#633=VECTOR('',#3699,1.);
#634=VECTOR('',#3700,1.);
#635=VECTOR('',#3703,1.);
#636=VECTOR('',#3704,1.);
#637=VECTOR('',#3707,1.);
#638=VECTOR('',#3708,1.);
#639=VECTOR('',#3711,1.);
#640=VECTOR('',#3716,1.);
#641=VECTOR('',#3717,1.);
#642=VECTOR('',#3718,1.);
#643=VECTOR('',#3721,1.);
#644=VECTOR('',#3722,1.);
#645=VECTOR('',#3725,1.);
#646=VECTOR('',#3726,1.);
#647=VECTOR('',#3729,1.);
#648=VECTOR('',#3734,1.);
#649=VECTOR('',#3735,1.);
#650=VECTOR('',#3736,1.);
#651=VECTOR('',#3739,1.);
#652=VECTOR('',#3740,1.);
#653=VECTOR('',#3743,1.);
#654=VECTOR('',#3744,1.);
#655=VECTOR('',#3747,1.);
#656=VECTOR('',#3748,1.);
#657=VECTOR('',#3751,1.);
#658=VECTOR('',#3752,1.);
#659=VECTOR('',#3755,1.);
#660=VECTOR('',#3756,1.);
#661=VECTOR('',#3759,1.);
#662=VECTOR('',#3760,1.);
#663=VECTOR('',#3763,1.);
#664=VECTOR('',#3768,1.);
#665=VECTOR('',#3769,1.);
#666=VECTOR('',#3770,1.);
#667=VECTOR('',#3773,1.);
#668=VECTOR('',#3774,1.);
#669=VECTOR('',#3777,1.);
#670=VECTOR('',#3778,1.);
#671=VECTOR('',#3781,1.);
#672=VECTOR('',#3786,1.);
#673=VECTOR('',#3787,1.);
#674=VECTOR('',#3788,1.);
#675=VECTOR('',#3791,1.);
#676=VECTOR('',#3792,1.);
#677=VECTOR('',#3795,1.);
#678=VECTOR('',#3796,1.);
#679=VECTOR('',#3799,1.);
#680=VECTOR('',#3804,1.);
#681=VECTOR('',#3805,1.);
#682=VECTOR('',#3806,1.);
#683=VECTOR('',#3809,1.);
#684=VECTOR('',#3810,1.);
#685=VECTOR('',#3813,1.);
#686=VECTOR('',#3814,1.);
#687=VECTOR('',#3817,1.);
#688=VECTOR('',#3822,1.);
#689=VECTOR('',#3823,1.);
#690=VECTOR('',#3824,1.);
#691=VECTOR('',#3827,1.);
#692=VECTOR('',#3828,1.);
#693=VECTOR('',#3831,1.);
#694=VECTOR('',#3832,1.);
#695=VECTOR('',#3835,1.);
#696=VECTOR('',#3840,1.);
#697=VECTOR('',#3841,1.);
#698=VECTOR('',#3842,1.);
#699=VECTOR('',#3845,1.);
#700=VECTOR('',#3846,1.);
#701=VECTOR('',#3849,1.);
#702=VECTOR('',#3850,1.);
#703=VECTOR('',#3853,1.);
#704=VECTOR('',#3856,1.);
#705=VECTOR('',#3857,1.);
#706=VECTOR('',#3860,1.);
#707=VECTOR('',#3861,1.);
#708=VECTOR('',#3864,1.);
#709=VECTOR('',#3865,1.);
#710=VECTOR('',#3868,1.);
#711=VECTOR('',#3869,1.);
#712=VECTOR('',#3870,1.);
#713=VECTOR('',#3871,1.);
#714=VECTOR('',#3874,1.);
#715=VECTOR('',#3879,1.);
#716=VECTOR('',#3882,1.);
#717=VECTOR('',#3883,1.);
#718=VECTOR('',#3886,1.);
#719=VECTOR('',#3887,1.);
#720=VECTOR('',#3890,1.);
#721=VECTOR('',#3891,1.);
#722=VECTOR('',#3894,1.);
#723=VECTOR('',#3895,1.);
#724=VECTOR('',#3898,1.);
#725=VECTOR('',#3903,1.);
#726=VECTOR('',#3906,1.);
#727=VECTOR('',#3907,1.);
#728=VECTOR('',#3908,1.);
#729=VECTOR('',#3909,1.);
#730=VECTOR('',#3912,1.);
#731=VECTOR('',#3917,1.);
#732=VECTOR('',#3924,1.);
#733=VECTOR('',#3925,1.);
#734=VECTOR('',#3926,1.);
#735=VECTOR('',#3929,1.);
#736=VECTOR('',#3930,1.);
#737=VECTOR('',#3933,1.);
#738=VECTOR('',#3934,1.);
#739=VECTOR('',#3937,1.);
#740=VECTOR('',#3942,1.);
#741=VECTOR('',#3943,1.);
#742=VECTOR('',#3944,1.);
#743=VECTOR('',#3947,1.);
#744=VECTOR('',#3948,1.);
#745=VECTOR('',#3951,1.);
#746=VECTOR('',#3952,1.);
#747=VECTOR('',#3955,1.);
#748=VECTOR('',#3956,1.);
#749=VECTOR('',#3959,1.);
#750=VECTOR('',#3960,1.);
#751=VECTOR('',#3963,1.);
#752=ORIENTED_EDGE('',*,*,#1568,.F.);
#753=ORIENTED_EDGE('',*,*,#1569,.F.);
#754=ORIENTED_EDGE('',*,*,#1570,.T.);
#755=ORIENTED_EDGE('',*,*,#1571,.T.);
#756=ORIENTED_EDGE('',*,*,#1572,.F.);
#757=ORIENTED_EDGE('',*,*,#1573,.T.);
#758=ORIENTED_EDGE('',*,*,#1574,.T.);
#759=ORIENTED_EDGE('',*,*,#1575,.F.);
#760=ORIENTED_EDGE('',*,*,#1576,.T.);
#761=ORIENTED_EDGE('',*,*,#1577,.T.);
#762=ORIENTED_EDGE('',*,*,#1578,.T.);
#763=ORIENTED_EDGE('',*,*,#1579,.T.);
#764=ORIENTED_EDGE('',*,*,#1580,.T.);
#765=ORIENTED_EDGE('',*,*,#1581,.T.);
#766=ORIENTED_EDGE('',*,*,#1582,.F.);
#767=ORIENTED_EDGE('',*,*,#1583,.F.);
#768=ORIENTED_EDGE('',*,*,#1584,.F.);
#769=ORIENTED_EDGE('',*,*,#1585,.F.);
#770=ORIENTED_EDGE('',*,*,#1586,.F.);
#771=ORIENTED_EDGE('',*,*,#1587,.F.);
#772=ORIENTED_EDGE('',*,*,#1588,.F.);
#773=ORIENTED_EDGE('',*,*,#1589,.T.);
#774=ORIENTED_EDGE('',*,*,#1590,.T.);
#775=ORIENTED_EDGE('',*,*,#1591,.T.);
#776=ORIENTED_EDGE('',*,*,#1592,.T.);
#777=ORIENTED_EDGE('',*,*,#1593,.T.);
#778=ORIENTED_EDGE('',*,*,#1594,.T.);
#779=ORIENTED_EDGE('',*,*,#1595,.T.);
#780=ORIENTED_EDGE('',*,*,#1596,.T.);
#781=ORIENTED_EDGE('',*,*,#1597,.T.);
#782=ORIENTED_EDGE('',*,*,#1598,.T.);
#783=ORIENTED_EDGE('',*,*,#1599,.T.);
#784=ORIENTED_EDGE('',*,*,#1600,.T.);
#785=ORIENTED_EDGE('',*,*,#1601,.T.);
#786=ORIENTED_EDGE('',*,*,#1602,.T.);
#787=ORIENTED_EDGE('',*,*,#1603,.T.);
#788=ORIENTED_EDGE('',*,*,#1604,.T.);
#789=ORIENTED_EDGE('',*,*,#1605,.T.);
#790=ORIENTED_EDGE('',*,*,#1606,.T.);
#791=ORIENTED_EDGE('',*,*,#1607,.T.);
#792=ORIENTED_EDGE('',*,*,#1608,.T.);
#793=ORIENTED_EDGE('',*,*,#1609,.T.);
#794=ORIENTED_EDGE('',*,*,#1610,.T.);
#795=ORIENTED_EDGE('',*,*,#1611,.T.);
#796=ORIENTED_EDGE('',*,*,#1612,.T.);
#797=ORIENTED_EDGE('',*,*,#1613,.T.);
#798=ORIENTED_EDGE('',*,*,#1614,.T.);
#799=ORIENTED_EDGE('',*,*,#1615,.T.);
#800=ORIENTED_EDGE('',*,*,#1616,.T.);
#801=ORIENTED_EDGE('',*,*,#1617,.T.);
#802=ORIENTED_EDGE('',*,*,#1618,.T.);
#803=ORIENTED_EDGE('',*,*,#1619,.T.);
#804=ORIENTED_EDGE('',*,*,#1620,.T.);
#805=ORIENTED_EDGE('',*,*,#1621,.T.);
#806=ORIENTED_EDGE('',*,*,#1622,.T.);
#807=ORIENTED_EDGE('',*,*,#1623,.T.);
#808=ORIENTED_EDGE('',*,*,#1624,.T.);
#809=ORIENTED_EDGE('',*,*,#1625,.T.);
#810=ORIENTED_EDGE('',*,*,#1626,.T.);
#811=ORIENTED_EDGE('',*,*,#1627,.T.);
#812=ORIENTED_EDGE('',*,*,#1628,.T.);
#813=ORIENTED_EDGE('',*,*,#1629,.T.);
#814=ORIENTED_EDGE('',*,*,#1630,.T.);
#815=ORIENTED_EDGE('',*,*,#1631,.T.);
#816=ORIENTED_EDGE('',*,*,#1632,.T.);
#817=ORIENTED_EDGE('',*,*,#1633,.T.);
#818=ORIENTED_EDGE('',*,*,#1634,.T.);
#819=ORIENTED_EDGE('',*,*,#1635,.T.);
#820=ORIENTED_EDGE('',*,*,#1636,.T.);
#821=ORIENTED_EDGE('',*,*,#1637,.T.);
#822=ORIENTED_EDGE('',*,*,#1638,.T.);
#823=ORIENTED_EDGE('',*,*,#1639,.T.);
#824=ORIENTED_EDGE('',*,*,#1640,.T.);
#825=ORIENTED_EDGE('',*,*,#1641,.T.);
#826=ORIENTED_EDGE('',*,*,#1642,.T.);
#827=ORIENTED_EDGE('',*,*,#1643,.T.);
#828=ORIENTED_EDGE('',*,*,#1644,.T.);
#829=ORIENTED_EDGE('',*,*,#1645,.T.);
#830=ORIENTED_EDGE('',*,*,#1646,.T.);
#831=ORIENTED_EDGE('',*,*,#1647,.T.);
#832=ORIENTED_EDGE('',*,*,#1648,.T.);
#833=ORIENTED_EDGE('',*,*,#1649,.T.);
#834=ORIENTED_EDGE('',*,*,#1650,.T.);
#835=ORIENTED_EDGE('',*,*,#1651,.T.);
#836=ORIENTED_EDGE('',*,*,#1652,.T.);
#837=ORIENTED_EDGE('',*,*,#1653,.T.);
#838=ORIENTED_EDGE('',*,*,#1654,.T.);
#839=ORIENTED_EDGE('',*,*,#1655,.T.);
#840=ORIENTED_EDGE('',*,*,#1656,.T.);
#841=ORIENTED_EDGE('',*,*,#1657,.T.);
#842=ORIENTED_EDGE('',*,*,#1658,.T.);
#843=ORIENTED_EDGE('',*,*,#1659,.T.);
#844=ORIENTED_EDGE('',*,*,#1660,.T.);
#845=ORIENTED_EDGE('',*,*,#1661,.T.);
#846=ORIENTED_EDGE('',*,*,#1662,.T.);
#847=ORIENTED_EDGE('',*,*,#1663,.T.);
#848=ORIENTED_EDGE('',*,*,#1664,.T.);
#849=ORIENTED_EDGE('',*,*,#1665,.T.);
#850=ORIENTED_EDGE('',*,*,#1666,.T.);
#851=ORIENTED_EDGE('',*,*,#1667,.T.);
#852=ORIENTED_EDGE('',*,*,#1668,.T.);
#853=ORIENTED_EDGE('',*,*,#1669,.T.);
#854=ORIENTED_EDGE('',*,*,#1670,.T.);
#855=ORIENTED_EDGE('',*,*,#1671,.T.);
#856=ORIENTED_EDGE('',*,*,#1672,.T.);
#857=ORIENTED_EDGE('',*,*,#1673,.T.);
#858=ORIENTED_EDGE('',*,*,#1674,.T.);
#859=ORIENTED_EDGE('',*,*,#1675,.T.);
#860=ORIENTED_EDGE('',*,*,#1676,.T.);
#861=ORIENTED_EDGE('',*,*,#1677,.T.);
#862=ORIENTED_EDGE('',*,*,#1678,.T.);
#863=ORIENTED_EDGE('',*,*,#1679,.T.);
#864=ORIENTED_EDGE('',*,*,#1680,.T.);
#865=ORIENTED_EDGE('',*,*,#1681,.T.);
#866=ORIENTED_EDGE('',*,*,#1682,.T.);
#867=ORIENTED_EDGE('',*,*,#1683,.T.);
#868=ORIENTED_EDGE('',*,*,#1684,.T.);
#869=ORIENTED_EDGE('',*,*,#1685,.T.);
#870=ORIENTED_EDGE('',*,*,#1686,.T.);
#871=ORIENTED_EDGE('',*,*,#1687,.T.);
#872=ORIENTED_EDGE('',*,*,#1688,.T.);
#873=ORIENTED_EDGE('',*,*,#1689,.T.);
#874=ORIENTED_EDGE('',*,*,#1690,.T.);
#875=ORIENTED_EDGE('',*,*,#1691,.T.);
#876=ORIENTED_EDGE('',*,*,#1692,.T.);
#877=ORIENTED_EDGE('',*,*,#1693,.T.);
#878=ORIENTED_EDGE('',*,*,#1694,.T.);
#879=ORIENTED_EDGE('',*,*,#1695,.T.);
#880=ORIENTED_EDGE('',*,*,#1696,.T.);
#881=ORIENTED_EDGE('',*,*,#1697,.T.);
#882=ORIENTED_EDGE('',*,*,#1698,.T.);
#883=ORIENTED_EDGE('',*,*,#1699,.T.);
#884=ORIENTED_EDGE('',*,*,#1700,.T.);
#885=ORIENTED_EDGE('',*,*,#1701,.T.);
#886=ORIENTED_EDGE('',*,*,#1702,.T.);
#887=ORIENTED_EDGE('',*,*,#1703,.T.);
#888=ORIENTED_EDGE('',*,*,#1704,.T.);
#889=ORIENTED_EDGE('',*,*,#1705,.T.);
#890=ORIENTED_EDGE('',*,*,#1706,.T.);
#891=ORIENTED_EDGE('',*,*,#1707,.T.);
#892=ORIENTED_EDGE('',*,*,#1708,.T.);
#893=ORIENTED_EDGE('',*,*,#1573,.F.);
#894=ORIENTED_EDGE('',*,*,#1709,.F.);
#895=ORIENTED_EDGE('',*,*,#1710,.F.);
#896=ORIENTED_EDGE('',*,*,#1584,.T.);
#897=ORIENTED_EDGE('',*,*,#1711,.F.);
#898=ORIENTED_EDGE('',*,*,#1583,.T.);
#899=ORIENTED_EDGE('',*,*,#1712,.F.);
#900=ORIENTED_EDGE('',*,*,#1582,.T.);
#901=ORIENTED_EDGE('',*,*,#1579,.F.);
#902=ORIENTED_EDGE('',*,*,#1713,.T.);
#903=ORIENTED_EDGE('',*,*,#1714,.T.);
#904=ORIENTED_EDGE('',*,*,#1715,.T.);
#905=ORIENTED_EDGE('',*,*,#1716,.F.);
#906=ORIENTED_EDGE('',*,*,#1585,.T.);
#907=ORIENTED_EDGE('',*,*,#1717,.T.);
#908=ORIENTED_EDGE('',*,*,#1718,.T.);
#909=ORIENTED_EDGE('',*,*,#1719,.T.);
#910=ORIENTED_EDGE('',*,*,#1720,.T.);
#911=ORIENTED_EDGE('',*,*,#1721,.F.);
#912=ORIENTED_EDGE('',*,*,#1722,.T.);
#913=ORIENTED_EDGE('',*,*,#1723,.F.);
#914=ORIENTED_EDGE('',*,*,#1714,.F.);
#915=ORIENTED_EDGE('',*,*,#1724,.T.);
#916=ORIENTED_EDGE('',*,*,#1725,.F.);
#917=ORIENTED_EDGE('',*,*,#1726,.F.);
#918=ORIENTED_EDGE('',*,*,#1727,.T.);
#919=ORIENTED_EDGE('',*,*,#1728,.T.);
#920=ORIENTED_EDGE('',*,*,#1707,.F.);
#921=ORIENTED_EDGE('',*,*,#1712,.T.);
#922=ORIENTED_EDGE('',*,*,#1711,.T.);
#923=ORIENTED_EDGE('',*,*,#1710,.T.);
#924=ORIENTED_EDGE('',*,*,#1716,.T.);
#925=ORIENTED_EDGE('',*,*,#1729,.T.);
#926=ORIENTED_EDGE('',*,*,#1730,.T.);
#927=ORIENTED_EDGE('',*,*,#1731,.T.);
#928=ORIENTED_EDGE('',*,*,#1723,.T.);
#929=ORIENTED_EDGE('',*,*,#1732,.T.);
#930=ORIENTED_EDGE('',*,*,#1580,.F.);
#931=ORIENTED_EDGE('',*,*,#1715,.F.);
#932=ORIENTED_EDGE('',*,*,#1721,.T.);
#933=ORIENTED_EDGE('',*,*,#1733,.T.);
#934=ORIENTED_EDGE('',*,*,#1570,.F.);
#935=ORIENTED_EDGE('',*,*,#1734,.T.);
#936=ORIENTED_EDGE('',*,*,#1729,.F.);
#937=ORIENTED_EDGE('',*,*,#1586,.T.);
#938=ORIENTED_EDGE('',*,*,#1572,.T.);
#939=ORIENTED_EDGE('',*,*,#1735,.T.);
#940=ORIENTED_EDGE('',*,*,#1719,.F.);
#941=ORIENTED_EDGE('',*,*,#1709,.T.);
#942=ORIENTED_EDGE('',*,*,#1730,.F.);
#943=ORIENTED_EDGE('',*,*,#1587,.T.);
#944=ORIENTED_EDGE('',*,*,#1720,.F.);
#945=ORIENTED_EDGE('',*,*,#1735,.F.);
#946=ORIENTED_EDGE('',*,*,#1571,.F.);
#947=ORIENTED_EDGE('',*,*,#1733,.F.);
#948=ORIENTED_EDGE('',*,*,#1722,.F.);
#949=ORIENTED_EDGE('',*,*,#1734,.F.);
#950=ORIENTED_EDGE('',*,*,#1581,.F.);
#951=ORIENTED_EDGE('',*,*,#1732,.F.);
#952=ORIENTED_EDGE('',*,*,#1575,.T.);
#953=ORIENTED_EDGE('',*,*,#1736,.T.);
#954=ORIENTED_EDGE('',*,*,#1727,.F.);
#955=ORIENTED_EDGE('',*,*,#1737,.T.);
#956=ORIENTED_EDGE('',*,*,#1576,.F.);
#957=ORIENTED_EDGE('',*,*,#1737,.F.);
#958=ORIENTED_EDGE('',*,*,#1726,.T.);
#959=ORIENTED_EDGE('',*,*,#1738,.T.);
#960=ORIENTED_EDGE('',*,*,#1725,.T.);
#961=ORIENTED_EDGE('',*,*,#1739,.T.);
#962=ORIENTED_EDGE('',*,*,#1577,.F.);
#963=ORIENTED_EDGE('',*,*,#1738,.F.);
#964=ORIENTED_EDGE('',*,*,#1731,.F.);
#965=ORIENTED_EDGE('',*,*,#1588,.T.);
#966=ORIENTED_EDGE('',*,*,#1728,.F.);
#967=ORIENTED_EDGE('',*,*,#1736,.F.);
#968=ORIENTED_EDGE('',*,*,#1574,.F.);
#969=ORIENTED_EDGE('',*,*,#1708,.F.);
#970=ORIENTED_EDGE('',*,*,#1724,.F.);
#971=ORIENTED_EDGE('',*,*,#1713,.F.);
#972=ORIENTED_EDGE('',*,*,#1578,.F.);
#973=ORIENTED_EDGE('',*,*,#1739,.F.);
#974=ORIENTED_EDGE('',*,*,#1569,.T.);
#975=ORIENTED_EDGE('',*,*,#1718,.F.);
#976=ORIENTED_EDGE('',*,*,#1568,.T.);
#977=ORIENTED_EDGE('',*,*,#1717,.F.);
#978=ORIENTED_EDGE('',*,*,#1590,.F.);
#979=ORIENTED_EDGE('',*,*,#1740,.F.);
#980=ORIENTED_EDGE('',*,*,#1741,.T.);
#981=ORIENTED_EDGE('',*,*,#1742,.T.);
#982=ORIENTED_EDGE('',*,*,#1589,.F.);
#983=ORIENTED_EDGE('',*,*,#1743,.F.);
#984=ORIENTED_EDGE('',*,*,#1744,.T.);
#985=ORIENTED_EDGE('',*,*,#1740,.T.);
#986=ORIENTED_EDGE('',*,*,#1596,.F.);
#987=ORIENTED_EDGE('',*,*,#1745,.F.);
#988=ORIENTED_EDGE('',*,*,#1746,.T.);
#989=ORIENTED_EDGE('',*,*,#1743,.T.);
#990=ORIENTED_EDGE('',*,*,#1595,.F.);
#991=ORIENTED_EDGE('',*,*,#1747,.F.);
#992=ORIENTED_EDGE('',*,*,#1748,.T.);
#993=ORIENTED_EDGE('',*,*,#1745,.T.);
#994=ORIENTED_EDGE('',*,*,#1594,.F.);
#995=ORIENTED_EDGE('',*,*,#1749,.F.);
#996=ORIENTED_EDGE('',*,*,#1750,.T.);
#997=ORIENTED_EDGE('',*,*,#1747,.T.);
#998=ORIENTED_EDGE('',*,*,#1593,.F.);
#999=ORIENTED_EDGE('',*,*,#1751,.F.);
#1000=ORIENTED_EDGE('',*,*,#1752,.T.);
#1001=ORIENTED_EDGE('',*,*,#1749,.T.);
#1002=ORIENTED_EDGE('',*,*,#1592,.F.);
#1003=ORIENTED_EDGE('',*,*,#1753,.F.);
#1004=ORIENTED_EDGE('',*,*,#1754,.T.);
#1005=ORIENTED_EDGE('',*,*,#1751,.T.);
#1006=ORIENTED_EDGE('',*,*,#1591,.F.);
#1007=ORIENTED_EDGE('',*,*,#1742,.F.);
#1008=ORIENTED_EDGE('',*,*,#1755,.T.);
#1009=ORIENTED_EDGE('',*,*,#1753,.T.);
#1010=ORIENTED_EDGE('',*,*,#1741,.F.);
#1011=ORIENTED_EDGE('',*,*,#1744,.F.);
#1012=ORIENTED_EDGE('',*,*,#1746,.F.);
#1013=ORIENTED_EDGE('',*,*,#1748,.F.);
#1014=ORIENTED_EDGE('',*,*,#1750,.F.);
#1015=ORIENTED_EDGE('',*,*,#1752,.F.);
#1016=ORIENTED_EDGE('',*,*,#1754,.F.);
#1017=ORIENTED_EDGE('',*,*,#1755,.F.);
#1018=ORIENTED_EDGE('',*,*,#1598,.F.);
#1019=ORIENTED_EDGE('',*,*,#1756,.F.);
#1020=ORIENTED_EDGE('',*,*,#1757,.T.);
#1021=ORIENTED_EDGE('',*,*,#1758,.T.);
#1022=ORIENTED_EDGE('',*,*,#1597,.F.);
#1023=ORIENTED_EDGE('',*,*,#1759,.F.);
#1024=ORIENTED_EDGE('',*,*,#1760,.T.);
#1025=ORIENTED_EDGE('',*,*,#1756,.T.);
#1026=ORIENTED_EDGE('',*,*,#1600,.F.);
#1027=ORIENTED_EDGE('',*,*,#1761,.F.);
#1028=ORIENTED_EDGE('',*,*,#1762,.T.);
#1029=ORIENTED_EDGE('',*,*,#1759,.T.);
#1030=ORIENTED_EDGE('',*,*,#1599,.F.);
#1031=ORIENTED_EDGE('',*,*,#1758,.F.);
#1032=ORIENTED_EDGE('',*,*,#1763,.T.);
#1033=ORIENTED_EDGE('',*,*,#1761,.T.);
#1034=ORIENTED_EDGE('',*,*,#1757,.F.);
#1035=ORIENTED_EDGE('',*,*,#1760,.F.);
#1036=ORIENTED_EDGE('',*,*,#1762,.F.);
#1037=ORIENTED_EDGE('',*,*,#1763,.F.);
#1038=ORIENTED_EDGE('',*,*,#1602,.F.);
#1039=ORIENTED_EDGE('',*,*,#1764,.F.);
#1040=ORIENTED_EDGE('',*,*,#1765,.T.);
#1041=ORIENTED_EDGE('',*,*,#1766,.T.);
#1042=ORIENTED_EDGE('',*,*,#1601,.F.);
#1043=ORIENTED_EDGE('',*,*,#1767,.F.);
#1044=ORIENTED_EDGE('',*,*,#1768,.T.);
#1045=ORIENTED_EDGE('',*,*,#1764,.T.);
#1046=ORIENTED_EDGE('',*,*,#1604,.F.);
#1047=ORIENTED_EDGE('',*,*,#1769,.F.);
#1048=ORIENTED_EDGE('',*,*,#1770,.T.);
#1049=ORIENTED_EDGE('',*,*,#1767,.T.);
#1050=ORIENTED_EDGE('',*,*,#1603,.F.);
#1051=ORIENTED_EDGE('',*,*,#1766,.F.);
#1052=ORIENTED_EDGE('',*,*,#1771,.T.);
#1053=ORIENTED_EDGE('',*,*,#1769,.T.);
#1054=ORIENTED_EDGE('',*,*,#1765,.F.);
#1055=ORIENTED_EDGE('',*,*,#1768,.F.);
#1056=ORIENTED_EDGE('',*,*,#1770,.F.);
#1057=ORIENTED_EDGE('',*,*,#1771,.F.);
#1058=ORIENTED_EDGE('',*,*,#1606,.F.);
#1059=ORIENTED_EDGE('',*,*,#1772,.F.);
#1060=ORIENTED_EDGE('',*,*,#1773,.T.);
#1061=ORIENTED_EDGE('',*,*,#1774,.T.);
#1062=ORIENTED_EDGE('',*,*,#1605,.F.);
#1063=ORIENTED_EDGE('',*,*,#1775,.F.);
#1064=ORIENTED_EDGE('',*,*,#1776,.T.);
#1065=ORIENTED_EDGE('',*,*,#1772,.T.);
#1066=ORIENTED_EDGE('',*,*,#1608,.F.);
#1067=ORIENTED_EDGE('',*,*,#1777,.F.);
#1068=ORIENTED_EDGE('',*,*,#1778,.T.);
#1069=ORIENTED_EDGE('',*,*,#1775,.T.);
#1070=ORIENTED_EDGE('',*,*,#1607,.F.);
#1071=ORIENTED_EDGE('',*,*,#1774,.F.);
#1072=ORIENTED_EDGE('',*,*,#1779,.T.);
#1073=ORIENTED_EDGE('',*,*,#1777,.T.);
#1074=ORIENTED_EDGE('',*,*,#1773,.F.);
#1075=ORIENTED_EDGE('',*,*,#1776,.F.);
#1076=ORIENTED_EDGE('',*,*,#1778,.F.);
#1077=ORIENTED_EDGE('',*,*,#1779,.F.);
#1078=ORIENTED_EDGE('',*,*,#1610,.F.);
#1079=ORIENTED_EDGE('',*,*,#1780,.F.);
#1080=ORIENTED_EDGE('',*,*,#1781,.T.);
#1081=ORIENTED_EDGE('',*,*,#1782,.T.);
#1082=ORIENTED_EDGE('',*,*,#1609,.F.);
#1083=ORIENTED_EDGE('',*,*,#1783,.F.);
#1084=ORIENTED_EDGE('',*,*,#1784,.T.);
#1085=ORIENTED_EDGE('',*,*,#1780,.T.);
#1086=ORIENTED_EDGE('',*,*,#1612,.F.);
#1087=ORIENTED_EDGE('',*,*,#1785,.F.);
#1088=ORIENTED_EDGE('',*,*,#1786,.T.);
#1089=ORIENTED_EDGE('',*,*,#1783,.T.);
#1090=ORIENTED_EDGE('',*,*,#1611,.F.);
#1091=ORIENTED_EDGE('',*,*,#1782,.F.);
#1092=ORIENTED_EDGE('',*,*,#1787,.T.);
#1093=ORIENTED_EDGE('',*,*,#1785,.T.);
#1094=ORIENTED_EDGE('',*,*,#1781,.F.);
#1095=ORIENTED_EDGE('',*,*,#1784,.F.);
#1096=ORIENTED_EDGE('',*,*,#1786,.F.);
#1097=ORIENTED_EDGE('',*,*,#1787,.F.);
#1098=ORIENTED_EDGE('',*,*,#1614,.F.);
#1099=ORIENTED_EDGE('',*,*,#1788,.F.);
#1100=ORIENTED_EDGE('',*,*,#1789,.T.);
#1101=ORIENTED_EDGE('',*,*,#1790,.T.);
#1102=ORIENTED_EDGE('',*,*,#1613,.F.);
#1103=ORIENTED_EDGE('',*,*,#1791,.F.);
#1104=ORIENTED_EDGE('',*,*,#1792,.T.);
#1105=ORIENTED_EDGE('',*,*,#1788,.T.);
#1106=ORIENTED_EDGE('',*,*,#1618,.F.);
#1107=ORIENTED_EDGE('',*,*,#1793,.F.);
#1108=ORIENTED_EDGE('',*,*,#1794,.T.);
#1109=ORIENTED_EDGE('',*,*,#1791,.T.);
#1110=ORIENTED_EDGE('',*,*,#1617,.F.);
#1111=ORIENTED_EDGE('',*,*,#1795,.F.);
#1112=ORIENTED_EDGE('',*,*,#1796,.T.);
#1113=ORIENTED_EDGE('',*,*,#1793,.T.);
#1114=ORIENTED_EDGE('',*,*,#1616,.F.);
#1115=ORIENTED_EDGE('',*,*,#1797,.F.);
#1116=ORIENTED_EDGE('',*,*,#1798,.T.);
#1117=ORIENTED_EDGE('',*,*,#1795,.T.);
#1118=ORIENTED_EDGE('',*,*,#1615,.F.);
#1119=ORIENTED_EDGE('',*,*,#1790,.F.);
#1120=ORIENTED_EDGE('',*,*,#1799,.T.);
#1121=ORIENTED_EDGE('',*,*,#1797,.T.);
#1122=ORIENTED_EDGE('',*,*,#1789,.F.);
#1123=ORIENTED_EDGE('',*,*,#1792,.F.);
#1124=ORIENTED_EDGE('',*,*,#1794,.F.);
#1125=ORIENTED_EDGE('',*,*,#1796,.F.);
#1126=ORIENTED_EDGE('',*,*,#1798,.F.);
#1127=ORIENTED_EDGE('',*,*,#1799,.F.);
#1128=ORIENTED_EDGE('',*,*,#1620,.F.);
#1129=ORIENTED_EDGE('',*,*,#1800,.F.);
#1130=ORIENTED_EDGE('',*,*,#1801,.T.);
#1131=ORIENTED_EDGE('',*,*,#1802,.T.);
#1132=ORIENTED_EDGE('',*,*,#1619,.F.);
#1133=ORIENTED_EDGE('',*,*,#1803,.F.);
#1134=ORIENTED_EDGE('',*,*,#1804,.T.);
#1135=ORIENTED_EDGE('',*,*,#1800,.T.);
#1136=ORIENTED_EDGE('',*,*,#1622,.F.);
#1137=ORIENTED_EDGE('',*,*,#1805,.F.);
#1138=ORIENTED_EDGE('',*,*,#1806,.T.);
#1139=ORIENTED_EDGE('',*,*,#1803,.T.);
#1140=ORIENTED_EDGE('',*,*,#1621,.F.);
#1141=ORIENTED_EDGE('',*,*,#1802,.F.);
#1142=ORIENTED_EDGE('',*,*,#1807,.T.);
#1143=ORIENTED_EDGE('',*,*,#1805,.T.);
#1144=ORIENTED_EDGE('',*,*,#1801,.F.);
#1145=ORIENTED_EDGE('',*,*,#1804,.F.);
#1146=ORIENTED_EDGE('',*,*,#1806,.F.);
#1147=ORIENTED_EDGE('',*,*,#1807,.F.);
#1148=ORIENTED_EDGE('',*,*,#1624,.F.);
#1149=ORIENTED_EDGE('',*,*,#1808,.F.);
#1150=ORIENTED_EDGE('',*,*,#1809,.T.);
#1151=ORIENTED_EDGE('',*,*,#1810,.T.);
#1152=ORIENTED_EDGE('',*,*,#1623,.F.);
#1153=ORIENTED_EDGE('',*,*,#1811,.F.);
#1154=ORIENTED_EDGE('',*,*,#1812,.T.);
#1155=ORIENTED_EDGE('',*,*,#1808,.T.);
#1156=ORIENTED_EDGE('',*,*,#1626,.F.);
#1157=ORIENTED_EDGE('',*,*,#1813,.F.);
#1158=ORIENTED_EDGE('',*,*,#1814,.T.);
#1159=ORIENTED_EDGE('',*,*,#1811,.T.);
#1160=ORIENTED_EDGE('',*,*,#1625,.F.);
#1161=ORIENTED_EDGE('',*,*,#1810,.F.);
#1162=ORIENTED_EDGE('',*,*,#1815,.T.);
#1163=ORIENTED_EDGE('',*,*,#1813,.T.);
#1164=ORIENTED_EDGE('',*,*,#1809,.F.);
#1165=ORIENTED_EDGE('',*,*,#1812,.F.);
#1166=ORIENTED_EDGE('',*,*,#1814,.F.);
#1167=ORIENTED_EDGE('',*,*,#1815,.F.);
#1168=ORIENTED_EDGE('',*,*,#1628,.F.);
#1169=ORIENTED_EDGE('',*,*,#1816,.F.);
#1170=ORIENTED_EDGE('',*,*,#1817,.T.);
#1171=ORIENTED_EDGE('',*,*,#1818,.T.);
#1172=ORIENTED_EDGE('',*,*,#1627,.F.);
#1173=ORIENTED_EDGE('',*,*,#1819,.F.);
#1174=ORIENTED_EDGE('',*,*,#1820,.T.);
#1175=ORIENTED_EDGE('',*,*,#1816,.T.);
#1176=ORIENTED_EDGE('',*,*,#1630,.F.);
#1177=ORIENTED_EDGE('',*,*,#1821,.F.);
#1178=ORIENTED_EDGE('',*,*,#1822,.T.);
#1179=ORIENTED_EDGE('',*,*,#1819,.T.);
#1180=ORIENTED_EDGE('',*,*,#1629,.F.);
#1181=ORIENTED_EDGE('',*,*,#1818,.F.);
#1182=ORIENTED_EDGE('',*,*,#1823,.T.);
#1183=ORIENTED_EDGE('',*,*,#1821,.T.);
#1184=ORIENTED_EDGE('',*,*,#1817,.F.);
#1185=ORIENTED_EDGE('',*,*,#1820,.F.);
#1186=ORIENTED_EDGE('',*,*,#1822,.F.);
#1187=ORIENTED_EDGE('',*,*,#1823,.F.);
#1188=ORIENTED_EDGE('',*,*,#1632,.F.);
#1189=ORIENTED_EDGE('',*,*,#1824,.F.);
#1190=ORIENTED_EDGE('',*,*,#1825,.T.);
#1191=ORIENTED_EDGE('',*,*,#1826,.T.);
#1192=ORIENTED_EDGE('',*,*,#1631,.F.);
#1193=ORIENTED_EDGE('',*,*,#1827,.F.);
#1194=ORIENTED_EDGE('',*,*,#1828,.T.);
#1195=ORIENTED_EDGE('',*,*,#1824,.T.);
#1196=ORIENTED_EDGE('',*,*,#1634,.F.);
#1197=ORIENTED_EDGE('',*,*,#1829,.F.);
#1198=ORIENTED_EDGE('',*,*,#1830,.T.);
#1199=ORIENTED_EDGE('',*,*,#1827,.T.);
#1200=ORIENTED_EDGE('',*,*,#1633,.F.);
#1201=ORIENTED_EDGE('',*,*,#1826,.F.);
#1202=ORIENTED_EDGE('',*,*,#1831,.T.);
#1203=ORIENTED_EDGE('',*,*,#1829,.T.);
#1204=ORIENTED_EDGE('',*,*,#1825,.F.);
#1205=ORIENTED_EDGE('',*,*,#1828,.F.);
#1206=ORIENTED_EDGE('',*,*,#1830,.F.);
#1207=ORIENTED_EDGE('',*,*,#1831,.F.);
#1208=ORIENTED_EDGE('',*,*,#1636,.F.);
#1209=ORIENTED_EDGE('',*,*,#1832,.F.);
#1210=ORIENTED_EDGE('',*,*,#1833,.T.);
#1211=ORIENTED_EDGE('',*,*,#1834,.T.);
#1212=ORIENTED_EDGE('',*,*,#1635,.F.);
#1213=ORIENTED_EDGE('',*,*,#1835,.F.);
#1214=ORIENTED_EDGE('',*,*,#1836,.T.);
#1215=ORIENTED_EDGE('',*,*,#1832,.T.);
#1216=ORIENTED_EDGE('',*,*,#1638,.F.);
#1217=ORIENTED_EDGE('',*,*,#1837,.F.);
#1218=ORIENTED_EDGE('',*,*,#1838,.T.);
#1219=ORIENTED_EDGE('',*,*,#1835,.T.);
#1220=ORIENTED_EDGE('',*,*,#1637,.F.);
#1221=ORIENTED_EDGE('',*,*,#1834,.F.);
#1222=ORIENTED_EDGE('',*,*,#1839,.T.);
#1223=ORIENTED_EDGE('',*,*,#1837,.T.);
#1224=ORIENTED_EDGE('',*,*,#1833,.F.);
#1225=ORIENTED_EDGE('',*,*,#1836,.F.);
#1226=ORIENTED_EDGE('',*,*,#1838,.F.);
#1227=ORIENTED_EDGE('',*,*,#1839,.F.);
#1228=ORIENTED_EDGE('',*,*,#1640,.F.);
#1229=ORIENTED_EDGE('',*,*,#1840,.F.);
#1230=ORIENTED_EDGE('',*,*,#1841,.T.);
#1231=ORIENTED_EDGE('',*,*,#1842,.T.);
#1232=ORIENTED_EDGE('',*,*,#1639,.F.);
#1233=ORIENTED_EDGE('',*,*,#1843,.F.);
#1234=ORIENTED_EDGE('',*,*,#1844,.T.);
#1235=ORIENTED_EDGE('',*,*,#1840,.T.);
#1236=ORIENTED_EDGE('',*,*,#1642,.F.);
#1237=ORIENTED_EDGE('',*,*,#1845,.F.);
#1238=ORIENTED_EDGE('',*,*,#1846,.T.);
#1239=ORIENTED_EDGE('',*,*,#1843,.T.);
#1240=ORIENTED_EDGE('',*,*,#1641,.F.);
#1241=ORIENTED_EDGE('',*,*,#1842,.F.);
#1242=ORIENTED_EDGE('',*,*,#1847,.T.);
#1243=ORIENTED_EDGE('',*,*,#1845,.T.);
#1244=ORIENTED_EDGE('',*,*,#1841,.F.);
#1245=ORIENTED_EDGE('',*,*,#1844,.F.);
#1246=ORIENTED_EDGE('',*,*,#1846,.F.);
#1247=ORIENTED_EDGE('',*,*,#1847,.F.);
#1248=ORIENTED_EDGE('',*,*,#1644,.F.);
#1249=ORIENTED_EDGE('',*,*,#1848,.F.);
#1250=ORIENTED_EDGE('',*,*,#1849,.T.);
#1251=ORIENTED_EDGE('',*,*,#1850,.T.);
#1252=ORIENTED_EDGE('',*,*,#1643,.F.);
#1253=ORIENTED_EDGE('',*,*,#1851,.F.);
#1254=ORIENTED_EDGE('',*,*,#1852,.T.);
#1255=ORIENTED_EDGE('',*,*,#1848,.T.);
#1256=ORIENTED_EDGE('',*,*,#1646,.F.);
#1257=ORIENTED_EDGE('',*,*,#1853,.F.);
#1258=ORIENTED_EDGE('',*,*,#1854,.T.);
#1259=ORIENTED_EDGE('',*,*,#1851,.T.);
#1260=ORIENTED_EDGE('',*,*,#1645,.F.);
#1261=ORIENTED_EDGE('',*,*,#1850,.F.);
#1262=ORIENTED_EDGE('',*,*,#1855,.T.);
#1263=ORIENTED_EDGE('',*,*,#1853,.T.);
#1264=ORIENTED_EDGE('',*,*,#1849,.F.);
#1265=ORIENTED_EDGE('',*,*,#1852,.F.);
#1266=ORIENTED_EDGE('',*,*,#1854,.F.);
#1267=ORIENTED_EDGE('',*,*,#1855,.F.);
#1268=ORIENTED_EDGE('',*,*,#1648,.F.);
#1269=ORIENTED_EDGE('',*,*,#1856,.F.);
#1270=ORIENTED_EDGE('',*,*,#1857,.T.);
#1271=ORIENTED_EDGE('',*,*,#1858,.T.);
#1272=ORIENTED_EDGE('',*,*,#1647,.F.);
#1273=ORIENTED_EDGE('',*,*,#1859,.F.);
#1274=ORIENTED_EDGE('',*,*,#1860,.T.);
#1275=ORIENTED_EDGE('',*,*,#1856,.T.);
#1276=ORIENTED_EDGE('',*,*,#1654,.F.);
#1277=ORIENTED_EDGE('',*,*,#1861,.F.);
#1278=ORIENTED_EDGE('',*,*,#1862,.T.);
#1279=ORIENTED_EDGE('',*,*,#1859,.T.);
#1280=ORIENTED_EDGE('',*,*,#1653,.F.);
#1281=ORIENTED_EDGE('',*,*,#1863,.F.);
#1282=ORIENTED_EDGE('',*,*,#1864,.T.);
#1283=ORIENTED_EDGE('',*,*,#1861,.T.);
#1284=ORIENTED_EDGE('',*,*,#1652,.F.);
#1285=ORIENTED_EDGE('',*,*,#1865,.F.);
#1286=ORIENTED_EDGE('',*,*,#1866,.T.);
#1287=ORIENTED_EDGE('',*,*,#1863,.T.);
#1288=ORIENTED_EDGE('',*,*,#1651,.F.);
#1289=ORIENTED_EDGE('',*,*,#1867,.F.);
#1290=ORIENTED_EDGE('',*,*,#1868,.T.);
#1291=ORIENTED_EDGE('',*,*,#1865,.T.);
#1292=ORIENTED_EDGE('',*,*,#1650,.F.);
#1293=ORIENTED_EDGE('',*,*,#1869,.F.);
#1294=ORIENTED_EDGE('',*,*,#1870,.T.);
#1295=ORIENTED_EDGE('',*,*,#1867,.T.);
#1296=ORIENTED_EDGE('',*,*,#1649,.F.);
#1297=ORIENTED_EDGE('',*,*,#1858,.F.);
#1298=ORIENTED_EDGE('',*,*,#1871,.T.);
#1299=ORIENTED_EDGE('',*,*,#1869,.T.);
#1300=ORIENTED_EDGE('',*,*,#1857,.F.);
#1301=ORIENTED_EDGE('',*,*,#1860,.F.);
#1302=ORIENTED_EDGE('',*,*,#1862,.F.);
#1303=ORIENTED_EDGE('',*,*,#1864,.F.);
#1304=ORIENTED_EDGE('',*,*,#1866,.F.);
#1305=ORIENTED_EDGE('',*,*,#1868,.F.);
#1306=ORIENTED_EDGE('',*,*,#1870,.F.);
#1307=ORIENTED_EDGE('',*,*,#1871,.F.);
#1308=ORIENTED_EDGE('',*,*,#1656,.F.);
#1309=ORIENTED_EDGE('',*,*,#1872,.F.);
#1310=ORIENTED_EDGE('',*,*,#1873,.T.);
#1311=ORIENTED_EDGE('',*,*,#1874,.T.);
#1312=ORIENTED_EDGE('',*,*,#1655,.F.);
#1313=ORIENTED_EDGE('',*,*,#1875,.F.);
#1314=ORIENTED_EDGE('',*,*,#1876,.T.);
#1315=ORIENTED_EDGE('',*,*,#1872,.T.);
#1316=ORIENTED_EDGE('',*,*,#1658,.F.);
#1317=ORIENTED_EDGE('',*,*,#1877,.F.);
#1318=ORIENTED_EDGE('',*,*,#1878,.T.);
#1319=ORIENTED_EDGE('',*,*,#1875,.T.);
#1320=ORIENTED_EDGE('',*,*,#1657,.F.);
#1321=ORIENTED_EDGE('',*,*,#1874,.F.);
#1322=ORIENTED_EDGE('',*,*,#1879,.T.);
#1323=ORIENTED_EDGE('',*,*,#1877,.T.);
#1324=ORIENTED_EDGE('',*,*,#1873,.F.);
#1325=ORIENTED_EDGE('',*,*,#1876,.F.);
#1326=ORIENTED_EDGE('',*,*,#1878,.F.);
#1327=ORIENTED_EDGE('',*,*,#1879,.F.);
#1328=ORIENTED_EDGE('',*,*,#1660,.F.);
#1329=ORIENTED_EDGE('',*,*,#1880,.F.);
#1330=ORIENTED_EDGE('',*,*,#1881,.T.);
#1331=ORIENTED_EDGE('',*,*,#1882,.T.);
#1332=ORIENTED_EDGE('',*,*,#1659,.F.);
#1333=ORIENTED_EDGE('',*,*,#1883,.F.);
#1334=ORIENTED_EDGE('',*,*,#1884,.T.);
#1335=ORIENTED_EDGE('',*,*,#1880,.T.);
#1336=ORIENTED_EDGE('',*,*,#1662,.F.);
#1337=ORIENTED_EDGE('',*,*,#1885,.F.);
#1338=ORIENTED_EDGE('',*,*,#1886,.T.);
#1339=ORIENTED_EDGE('',*,*,#1883,.T.);
#1340=ORIENTED_EDGE('',*,*,#1661,.F.);
#1341=ORIENTED_EDGE('',*,*,#1882,.F.);
#1342=ORIENTED_EDGE('',*,*,#1887,.T.);
#1343=ORIENTED_EDGE('',*,*,#1885,.T.);
#1344=ORIENTED_EDGE('',*,*,#1881,.F.);
#1345=ORIENTED_EDGE('',*,*,#1884,.F.);
#1346=ORIENTED_EDGE('',*,*,#1886,.F.);
#1347=ORIENTED_EDGE('',*,*,#1887,.F.);
#1348=ORIENTED_EDGE('',*,*,#1664,.F.);
#1349=ORIENTED_EDGE('',*,*,#1888,.F.);
#1350=ORIENTED_EDGE('',*,*,#1889,.T.);
#1351=ORIENTED_EDGE('',*,*,#1890,.T.);
#1352=ORIENTED_EDGE('',*,*,#1663,.F.);
#1353=ORIENTED_EDGE('',*,*,#1891,.F.);
#1354=ORIENTED_EDGE('',*,*,#1892,.T.);
#1355=ORIENTED_EDGE('',*,*,#1888,.T.);
#1356=ORIENTED_EDGE('',*,*,#1666,.F.);
#1357=ORIENTED_EDGE('',*,*,#1893,.F.);
#1358=ORIENTED_EDGE('',*,*,#1894,.T.);
#1359=ORIENTED_EDGE('',*,*,#1891,.T.);
#1360=ORIENTED_EDGE('',*,*,#1665,.F.);
#1361=ORIENTED_EDGE('',*,*,#1890,.F.);
#1362=ORIENTED_EDGE('',*,*,#1895,.T.);
#1363=ORIENTED_EDGE('',*,*,#1893,.T.);
#1364=ORIENTED_EDGE('',*,*,#1889,.F.);
#1365=ORIENTED_EDGE('',*,*,#1892,.F.);
#1366=ORIENTED_EDGE('',*,*,#1894,.F.);
#1367=ORIENTED_EDGE('',*,*,#1895,.F.);
#1368=ORIENTED_EDGE('',*,*,#1668,.F.);
#1369=ORIENTED_EDGE('',*,*,#1896,.F.);
#1370=ORIENTED_EDGE('',*,*,#1897,.T.);
#1371=ORIENTED_EDGE('',*,*,#1898,.T.);
#1372=ORIENTED_EDGE('',*,*,#1667,.F.);
#1373=ORIENTED_EDGE('',*,*,#1899,.F.);
#1374=ORIENTED_EDGE('',*,*,#1900,.T.);
#1375=ORIENTED_EDGE('',*,*,#1896,.T.);
#1376=ORIENTED_EDGE('',*,*,#1670,.F.);
#1377=ORIENTED_EDGE('',*,*,#1901,.F.);
#1378=ORIENTED_EDGE('',*,*,#1902,.T.);
#1379=ORIENTED_EDGE('',*,*,#1899,.T.);
#1380=ORIENTED_EDGE('',*,*,#1669,.F.);
#1381=ORIENTED_EDGE('',*,*,#1898,.F.);
#1382=ORIENTED_EDGE('',*,*,#1903,.T.);
#1383=ORIENTED_EDGE('',*,*,#1901,.T.);
#1384=ORIENTED_EDGE('',*,*,#1897,.F.);
#1385=ORIENTED_EDGE('',*,*,#1900,.F.);
#1386=ORIENTED_EDGE('',*,*,#1902,.F.);
#1387=ORIENTED_EDGE('',*,*,#1903,.F.);
#1388=ORIENTED_EDGE('',*,*,#1672,.F.);
#1389=ORIENTED_EDGE('',*,*,#1904,.F.);
#1390=ORIENTED_EDGE('',*,*,#1905,.T.);
#1391=ORIENTED_EDGE('',*,*,#1906,.T.);
#1392=ORIENTED_EDGE('',*,*,#1671,.F.);
#1393=ORIENTED_EDGE('',*,*,#1907,.F.);
#1394=ORIENTED_EDGE('',*,*,#1908,.T.);
#1395=ORIENTED_EDGE('',*,*,#1904,.T.);
#1396=ORIENTED_EDGE('',*,*,#1674,.F.);
#1397=ORIENTED_EDGE('',*,*,#1909,.F.);
#1398=ORIENTED_EDGE('',*,*,#1910,.T.);
#1399=ORIENTED_EDGE('',*,*,#1907,.T.);
#1400=ORIENTED_EDGE('',*,*,#1673,.F.);
#1401=ORIENTED_EDGE('',*,*,#1906,.F.);
#1402=ORIENTED_EDGE('',*,*,#1911,.T.);
#1403=ORIENTED_EDGE('',*,*,#1909,.T.);
#1404=ORIENTED_EDGE('',*,*,#1905,.F.);
#1405=ORIENTED_EDGE('',*,*,#1908,.F.);
#1406=ORIENTED_EDGE('',*,*,#1910,.F.);
#1407=ORIENTED_EDGE('',*,*,#1911,.F.);
#1408=ORIENTED_EDGE('',*,*,#1676,.F.);
#1409=ORIENTED_EDGE('',*,*,#1912,.F.);
#1410=ORIENTED_EDGE('',*,*,#1913,.T.);
#1411=ORIENTED_EDGE('',*,*,#1914,.T.);
#1412=ORIENTED_EDGE('',*,*,#1675,.F.);
#1413=ORIENTED_EDGE('',*,*,#1915,.F.);
#1414=ORIENTED_EDGE('',*,*,#1916,.T.);
#1415=ORIENTED_EDGE('',*,*,#1912,.T.);
#1416=ORIENTED_EDGE('',*,*,#1696,.F.);
#1417=ORIENTED_EDGE('',*,*,#1917,.F.);
#1418=ORIENTED_EDGE('',*,*,#1918,.T.);
#1419=ORIENTED_EDGE('',*,*,#1915,.T.);
#1420=ORIENTED_EDGE('',*,*,#1695,.F.);
#1421=ORIENTED_EDGE('',*,*,#1919,.F.);
#1422=ORIENTED_EDGE('',*,*,#1920,.T.);
#1423=ORIENTED_EDGE('',*,*,#1917,.T.);
#1424=ORIENTED_EDGE('',*,*,#1694,.F.);
#1425=ORIENTED_EDGE('',*,*,#1921,.F.);
#1426=ORIENTED_EDGE('',*,*,#1922,.T.);
#1427=ORIENTED_EDGE('',*,*,#1919,.T.);
#1428=ORIENTED_EDGE('',*,*,#1693,.F.);
#1429=ORIENTED_EDGE('',*,*,#1923,.F.);
#1430=ORIENTED_EDGE('',*,*,#1924,.T.);
#1431=ORIENTED_EDGE('',*,*,#1921,.T.);
#1432=ORIENTED_EDGE('',*,*,#1692,.F.);
#1433=ORIENTED_EDGE('',*,*,#1925,.F.);
#1434=ORIENTED_EDGE('',*,*,#1926,.T.);
#1435=ORIENTED_EDGE('',*,*,#1923,.T.);
#1436=ORIENTED_EDGE('',*,*,#1691,.F.);
#1437=ORIENTED_EDGE('',*,*,#1927,.F.);
#1438=ORIENTED_EDGE('',*,*,#1928,.T.);
#1439=ORIENTED_EDGE('',*,*,#1925,.T.);
#1440=ORIENTED_EDGE('',*,*,#1690,.F.);
#1441=ORIENTED_EDGE('',*,*,#1929,.F.);
#1442=ORIENTED_EDGE('',*,*,#1930,.T.);
#1443=ORIENTED_EDGE('',*,*,#1927,.T.);
#1444=ORIENTED_EDGE('',*,*,#1689,.F.);
#1445=ORIENTED_EDGE('',*,*,#1931,.F.);
#1446=ORIENTED_EDGE('',*,*,#1932,.T.);
#1447=ORIENTED_EDGE('',*,*,#1929,.T.);
#1448=ORIENTED_EDGE('',*,*,#1688,.F.);
#1449=ORIENTED_EDGE('',*,*,#1933,.F.);
#1450=ORIENTED_EDGE('',*,*,#1934,.T.);
#1451=ORIENTED_EDGE('',*,*,#1931,.T.);
#1452=ORIENTED_EDGE('',*,*,#1687,.F.);
#1453=ORIENTED_EDGE('',*,*,#1935,.F.);
#1454=ORIENTED_EDGE('',*,*,#1936,.T.);
#1455=ORIENTED_EDGE('',*,*,#1933,.T.);
#1456=ORIENTED_EDGE('',*,*,#1686,.F.);
#1457=ORIENTED_EDGE('',*,*,#1937,.F.);
#1458=ORIENTED_EDGE('',*,*,#1938,.T.);
#1459=ORIENTED_EDGE('',*,*,#1935,.T.);
#1460=ORIENTED_EDGE('',*,*,#1685,.F.);
#1461=ORIENTED_EDGE('',*,*,#1939,.F.);
#1462=ORIENTED_EDGE('',*,*,#1940,.T.);
#1463=ORIENTED_EDGE('',*,*,#1937,.T.);
#1464=ORIENTED_EDGE('',*,*,#1684,.F.);
#1465=ORIENTED_EDGE('',*,*,#1941,.F.);
#1466=ORIENTED_EDGE('',*,*,#1942,.T.);
#1467=ORIENTED_EDGE('',*,*,#1939,.T.);
#1468=ORIENTED_EDGE('',*,*,#1683,.F.);
#1469=ORIENTED_EDGE('',*,*,#1943,.F.);
#1470=ORIENTED_EDGE('',*,*,#1944,.T.);
#1471=ORIENTED_EDGE('',*,*,#1941,.T.);
#1472=ORIENTED_EDGE('',*,*,#1682,.F.);
#1473=ORIENTED_EDGE('',*,*,#1945,.F.);
#1474=ORIENTED_EDGE('',*,*,#1946,.T.);
#1475=ORIENTED_EDGE('',*,*,#1943,.T.);
#1476=ORIENTED_EDGE('',*,*,#1681,.F.);
#1477=ORIENTED_EDGE('',*,*,#1947,.F.);
#1478=ORIENTED_EDGE('',*,*,#1948,.T.);
#1479=ORIENTED_EDGE('',*,*,#1945,.T.);
#1480=ORIENTED_EDGE('',*,*,#1680,.F.);
#1481=ORIENTED_EDGE('',*,*,#1949,.F.);
#1482=ORIENTED_EDGE('',*,*,#1950,.T.);
#1483=ORIENTED_EDGE('',*,*,#1947,.T.);
#1484=ORIENTED_EDGE('',*,*,#1679,.F.);
#1485=ORIENTED_EDGE('',*,*,#1951,.F.);
#1486=ORIENTED_EDGE('',*,*,#1952,.T.);
#1487=ORIENTED_EDGE('',*,*,#1949,.T.);
#1488=ORIENTED_EDGE('',*,*,#1678,.F.);
#1489=ORIENTED_EDGE('',*,*,#1953,.F.);
#1490=ORIENTED_EDGE('',*,*,#1954,.T.);
#1491=ORIENTED_EDGE('',*,*,#1951,.T.);
#1492=ORIENTED_EDGE('',*,*,#1677,.F.);
#1493=ORIENTED_EDGE('',*,*,#1914,.F.);
#1494=ORIENTED_EDGE('',*,*,#1955,.T.);
#1495=ORIENTED_EDGE('',*,*,#1953,.T.);
#1496=ORIENTED_EDGE('',*,*,#1913,.F.);
#1497=ORIENTED_EDGE('',*,*,#1916,.F.);
#1498=ORIENTED_EDGE('',*,*,#1918,.F.);
#1499=ORIENTED_EDGE('',*,*,#1920,.F.);
#1500=ORIENTED_EDGE('',*,*,#1922,.F.);
#1501=ORIENTED_EDGE('',*,*,#1924,.F.);
#1502=ORIENTED_EDGE('',*,*,#1926,.F.);
#1503=ORIENTED_EDGE('',*,*,#1928,.F.);
#1504=ORIENTED_EDGE('',*,*,#1930,.F.);
#1505=ORIENTED_EDGE('',*,*,#1932,.F.);
#1506=ORIENTED_EDGE('',*,*,#1934,.F.);
#1507=ORIENTED_EDGE('',*,*,#1936,.F.);
#1508=ORIENTED_EDGE('',*,*,#1938,.F.);
#1509=ORIENTED_EDGE('',*,*,#1940,.F.);
#1510=ORIENTED_EDGE('',*,*,#1942,.F.);
#1511=ORIENTED_EDGE('',*,*,#1944,.F.);
#1512=ORIENTED_EDGE('',*,*,#1946,.F.);
#1513=ORIENTED_EDGE('',*,*,#1948,.F.);
#1514=ORIENTED_EDGE('',*,*,#1950,.F.);
#1515=ORIENTED_EDGE('',*,*,#1952,.F.);
#1516=ORIENTED_EDGE('',*,*,#1954,.F.);
#1517=ORIENTED_EDGE('',*,*,#1955,.F.);
#1518=ORIENTED_EDGE('',*,*,#1698,.F.);
#1519=ORIENTED_EDGE('',*,*,#1956,.F.);
#1520=ORIENTED_EDGE('',*,*,#1957,.T.);
#1521=ORIENTED_EDGE('',*,*,#1958,.T.);
#1522=ORIENTED_EDGE('',*,*,#1697,.F.);
#1523=ORIENTED_EDGE('',*,*,#1959,.F.);
#1524=ORIENTED_EDGE('',*,*,#1960,.T.);
#1525=ORIENTED_EDGE('',*,*,#1956,.T.);
#1526=ORIENTED_EDGE('',*,*,#1700,.F.);
#1527=ORIENTED_EDGE('',*,*,#1961,.F.);
#1528=ORIENTED_EDGE('',*,*,#1962,.T.);
#1529=ORIENTED_EDGE('',*,*,#1959,.T.);
#1530=ORIENTED_EDGE('',*,*,#1699,.F.);
#1531=ORIENTED_EDGE('',*,*,#1958,.F.);
#1532=ORIENTED_EDGE('',*,*,#1963,.T.);
#1533=ORIENTED_EDGE('',*,*,#1961,.T.);
#1534=ORIENTED_EDGE('',*,*,#1957,.F.);
#1535=ORIENTED_EDGE('',*,*,#1960,.F.);
#1536=ORIENTED_EDGE('',*,*,#1962,.F.);
#1537=ORIENTED_EDGE('',*,*,#1963,.F.);
#1538=ORIENTED_EDGE('',*,*,#1702,.F.);
#1539=ORIENTED_EDGE('',*,*,#1964,.F.);
#1540=ORIENTED_EDGE('',*,*,#1965,.T.);
#1541=ORIENTED_EDGE('',*,*,#1966,.T.);
#1542=ORIENTED_EDGE('',*,*,#1701,.F.);
#1543=ORIENTED_EDGE('',*,*,#1967,.F.);
#1544=ORIENTED_EDGE('',*,*,#1968,.T.);
#1545=ORIENTED_EDGE('',*,*,#1964,.T.);
#1546=ORIENTED_EDGE('',*,*,#1706,.F.);
#1547=ORIENTED_EDGE('',*,*,#1969,.F.);
#1548=ORIENTED_EDGE('',*,*,#1970,.T.);
#1549=ORIENTED_EDGE('',*,*,#1967,.T.);
#1550=ORIENTED_EDGE('',*,*,#1705,.F.);
#1551=ORIENTED_EDGE('',*,*,#1971,.F.);
#1552=ORIENTED_EDGE('',*,*,#1972,.T.);
#1553=ORIENTED_EDGE('',*,*,#1969,.T.);
#1554=ORIENTED_EDGE('',*,*,#1704,.F.);
#1555=ORIENTED_EDGE('',*,*,#1973,.F.);
#1556=ORIENTED_EDGE('',*,*,#1974,.T.);
#1557=ORIENTED_EDGE('',*,*,#1971,.T.);
#1558=ORIENTED_EDGE('',*,*,#1703,.F.);
#1559=ORIENTED_EDGE('',*,*,#1966,.F.);
#1560=ORIENTED_EDGE('',*,*,#1975,.T.);
#1561=ORIENTED_EDGE('',*,*,#1973,.T.);
#1562=ORIENTED_EDGE('',*,*,#1965,.F.);
#1563=ORIENTED_EDGE('',*,*,#1968,.F.);
#1564=ORIENTED_EDGE('',*,*,#1970,.F.);
#1565=ORIENTED_EDGE('',*,*,#1972,.F.);
#1566=ORIENTED_EDGE('',*,*,#1974,.F.);
#1567=ORIENTED_EDGE('',*,*,#1975,.F.);
#1568=EDGE_CURVE('',#1976,#1976,#2254,.T.);
#1569=EDGE_CURVE('',#1977,#1977,#2255,.T.);
#1570=EDGE_CURVE('',#1978,#1979,#64,.T.);
#1571=EDGE_CURVE('',#1979,#1980,#2256,.T.);
#1572=EDGE_CURVE('',#1981,#1980,#65,.T.);
#1573=EDGE_CURVE('',#1981,#1982,#2257,.T.);
#1574=EDGE_CURVE('',#1982,#1983,#2258,.F.);
#1575=EDGE_CURVE('',#1984,#1983,#66,.T.);
#1576=EDGE_CURVE('',#1984,#1985,#2259,.T.);
#1577=EDGE_CURVE('',#1985,#1986,#67,.T.);
#1578=EDGE_CURVE('',#1986,#1987,#2260,.F.);
#1579=EDGE_CURVE('',#1987,#1988,#2261,.T.);
#1580=EDGE_CURVE('',#1988,#1989,#68,.T.);
#1581=EDGE_CURVE('',#1989,#1978,#2262,.T.);
#1582=EDGE_CURVE('',#1990,#1990,#2263,.T.);
#1583=EDGE_CURVE('',#1991,#1991,#2264,.T.);
#1584=EDGE_CURVE('',#1992,#1992,#2265,.T.);
#1585=EDGE_CURVE('',#1993,#1993,#2266,.T.);
#1586=EDGE_CURVE('',#1994,#1994,#2267,.T.);
#1587=EDGE_CURVE('',#1995,#1995,#2268,.T.);
#1588=EDGE_CURVE('',#1996,#1996,#2269,.T.);
#1589=EDGE_CURVE('',#1997,#1998,#69,.T.);
#1590=EDGE_CURVE('',#1998,#1999,#70,.T.);
#1591=EDGE_CURVE('',#1999,#2000,#71,.T.);
#1592=EDGE_CURVE('',#2000,#2001,#72,.T.);
#1593=EDGE_CURVE('',#2001,#2002,#73,.T.);
#1594=EDGE_CURVE('',#2002,#2003,#74,.T.);
#1595=EDGE_CURVE('',#2003,#2004,#75,.T.);
#1596=EDGE_CURVE('',#2004,#1997,#76,.T.);
#1597=EDGE_CURVE('',#2005,#2006,#77,.T.);
#1598=EDGE_CURVE('',#2006,#2007,#78,.T.);
#1599=EDGE_CURVE('',#2007,#2008,#79,.T.);
#1600=EDGE_CURVE('',#2008,#2005,#80,.T.);
#1601=EDGE_CURVE('',#2009,#2010,#81,.T.);
#1602=EDGE_CURVE('',#2010,#2011,#82,.T.);
#1603=EDGE_CURVE('',#2011,#2012,#83,.T.);
#1604=EDGE_CURVE('',#2012,#2009,#84,.T.);
#1605=EDGE_CURVE('',#2013,#2014,#85,.T.);
#1606=EDGE_CURVE('',#2014,#2015,#86,.T.);
#1607=EDGE_CURVE('',#2015,#2016,#87,.T.);
#1608=EDGE_CURVE('',#2016,#2013,#88,.T.);
#1609=EDGE_CURVE('',#2017,#2018,#89,.T.);
#1610=EDGE_CURVE('',#2018,#2019,#90,.T.);
#1611=EDGE_CURVE('',#2019,#2020,#91,.T.);
#1612=EDGE_CURVE('',#2020,#2017,#92,.T.);
#1613=EDGE_CURVE('',#2021,#2022,#93,.T.);
#1614=EDGE_CURVE('',#2022,#2023,#94,.T.);
#1615=EDGE_CURVE('',#2023,#2024,#95,.T.);
#1616=EDGE_CURVE('',#2024,#2025,#96,.T.);
#1617=EDGE_CURVE('',#2025,#2026,#97,.T.);
#1618=EDGE_CURVE('',#2026,#2021,#98,.T.);
#1619=EDGE_CURVE('',#2027,#2028,#99,.T.);
#1620=EDGE_CURVE('',#2028,#2029,#100,.T.);
#1621=EDGE_CURVE('',#2029,#2030,#101,.T.);
#1622=EDGE_CURVE('',#2030,#2027,#102,.T.);
#1623=EDGE_CURVE('',#2031,#2032,#103,.T.);
#1624=EDGE_CURVE('',#2032,#2033,#104,.T.);
#1625=EDGE_CURVE('',#2033,#2034,#105,.T.);
#1626=EDGE_CURVE('',#2034,#2031,#106,.T.);
#1627=EDGE_CURVE('',#2035,#2036,#107,.T.);
#1628=EDGE_CURVE('',#2036,#2037,#108,.T.);
#1629=EDGE_CURVE('',#2037,#2038,#109,.T.);
#1630=EDGE_CURVE('',#2038,#2035,#110,.T.);
#1631=EDGE_CURVE('',#2039,#2040,#111,.T.);
#1632=EDGE_CURVE('',#2040,#2041,#112,.T.);
#1633=EDGE_CURVE('',#2041,#2042,#113,.T.);
#1634=EDGE_CURVE('',#2042,#2039,#114,.T.);
#1635=EDGE_CURVE('',#2043,#2044,#115,.T.);
#1636=EDGE_CURVE('',#2044,#2045,#116,.T.);
#1637=EDGE_CURVE('',#2045,#2046,#117,.T.);
#1638=EDGE_CURVE('',#2046,#2043,#118,.T.);
#1639=EDGE_CURVE('',#2047,#2048,#119,.T.);
#1640=EDGE_CURVE('',#2048,#2049,#120,.T.);
#1641=EDGE_CURVE('',#2049,#2050,#121,.T.);
#1642=EDGE_CURVE('',#2050,#2047,#122,.T.);
#1643=EDGE_CURVE('',#2051,#2052,#123,.T.);
#1644=EDGE_CURVE('',#2052,#2053,#124,.T.);
#1645=EDGE_CURVE('',#2053,#2054,#125,.T.);
#1646=EDGE_CURVE('',#2054,#2051,#126,.T.);
#1647=EDGE_CURVE('',#2055,#2056,#127,.T.);
#1648=EDGE_CURVE('',#2056,#2057,#128,.T.);
#1649=EDGE_CURVE('',#2057,#2058,#129,.T.);
#1650=EDGE_CURVE('',#2058,#2059,#130,.T.);
#1651=EDGE_CURVE('',#2059,#2060,#131,.T.);
#1652=EDGE_CURVE('',#2060,#2061,#132,.T.);
#1653=EDGE_CURVE('',#2061,#2062,#133,.T.);
#1654=EDGE_CURVE('',#2062,#2055,#134,.T.);
#1655=EDGE_CURVE('',#2063,#2064,#135,.T.);
#1656=EDGE_CURVE('',#2064,#2065,#136,.T.);
#1657=EDGE_CURVE('',#2065,#2066,#137,.T.);
#1658=EDGE_CURVE('',#2066,#2063,#138,.T.);
#1659=EDGE_CURVE('',#2067,#2068,#139,.T.);
#1660=EDGE_CURVE('',#2068,#2069,#140,.T.);
#1661=EDGE_CURVE('',#2069,#2070,#141,.T.);
#1662=EDGE_CURVE('',#2070,#2067,#142,.T.);
#1663=EDGE_CURVE('',#2071,#2072,#143,.T.);
#1664=EDGE_CURVE('',#2072,#2073,#144,.T.);
#1665=EDGE_CURVE('',#2073,#2074,#145,.T.);
#1666=EDGE_CURVE('',#2074,#2071,#146,.T.);
#1667=EDGE_CURVE('',#2075,#2076,#147,.T.);
#1668=EDGE_CURVE('',#2076,#2077,#148,.T.);
#1669=EDGE_CURVE('',#2077,#2078,#149,.T.);
#1670=EDGE_CURVE('',#2078,#2075,#150,.T.);
#1671=EDGE_CURVE('',#2079,#2080,#151,.T.);
#1672=EDGE_CURVE('',#2080,#2081,#152,.T.);
#1673=EDGE_CURVE('',#2081,#2082,#153,.T.);
#1674=EDGE_CURVE('',#2082,#2079,#154,.T.);
#1675=EDGE_CURVE('',#2083,#2084,#155,.T.);
#1676=EDGE_CURVE('',#2084,#2085,#44,.T.);
#1677=EDGE_CURVE('',#2085,#2086,#45,.T.);
#1678=EDGE_CURVE('',#2086,#2087,#2270,.F.);
#1679=EDGE_CURVE('',#2087,#2088,#2271,.F.);
#1680=EDGE_CURVE('',#2088,#2089,#46,.T.);
#1681=EDGE_CURVE('',#2089,#2090,#47,.T.);
#1682=EDGE_CURVE('',#2090,#2091,#48,.T.);
#1683=EDGE_CURVE('',#2091,#2092,#49,.T.);
#1684=EDGE_CURVE('',#2092,#2093,#2272,.F.);
#1685=EDGE_CURVE('',#2093,#2094,#2273,.F.);
#1686=EDGE_CURVE('',#2094,#2095,#156,.T.);
#1687=EDGE_CURVE('',#2095,#2096,#157,.T.);
#1688=EDGE_CURVE('',#2096,#2097,#158,.T.);
#1689=EDGE_CURVE('',#2097,#2098,#50,.T.);
#1690=EDGE_CURVE('',#2098,#2099,#51,.T.);
#1691=EDGE_CURVE('',#2099,#2100,#2274,.T.);
#1692=EDGE_CURVE('',#2100,#2101,#2275,.T.);
#1693=EDGE_CURVE('',#2101,#2102,#52,.T.);
#1694=EDGE_CURVE('',#2102,#2103,#53,.T.);
#1695=EDGE_CURVE('',#2103,#2104,#159,.T.);
#1696=EDGE_CURVE('',#2104,#2083,#160,.T.);
#1697=EDGE_CURVE('',#2105,#2106,#161,.T.);
#1698=EDGE_CURVE('',#2106,#2107,#162,.T.);
#1699=EDGE_CURVE('',#2107,#2108,#163,.T.);
#1700=EDGE_CURVE('',#2108,#2105,#164,.T.);
#1701=EDGE_CURVE('',#2109,#2110,#165,.T.);
#1702=EDGE_CURVE('',#2110,#2111,#166,.T.);
#1703=EDGE_CURVE('',#2111,#2112,#167,.T.);
#1704=EDGE_CURVE('',#2112,#2113,#168,.T.);
#1705=EDGE_CURVE('',#2113,#2114,#169,.T.);
#1706=EDGE_CURVE('',#2114,#2109,#170,.T.);
#1707=EDGE_CURVE('',#2115,#2116,#2276,.T.);
#1708=EDGE_CURVE('',#2116,#1982,#171,.T.);
#1709=EDGE_CURVE('',#2115,#1981,#172,.T.);
#1710=EDGE_CURVE('',#2117,#2117,#2277,.T.);
#1711=EDGE_CURVE('',#2118,#2118,#2278,.T.);
#1712=EDGE_CURVE('',#2119,#2119,#2279,.T.);
#1713=EDGE_CURVE('',#1987,#2120,#173,.F.);
#1714=EDGE_CURVE('',#2120,#2121,#2280,.T.);
#1715=EDGE_CURVE('',#2121,#1988,#174,.T.);
#1716=EDGE_CURVE('',#2122,#2122,#2281,.T.);
#1717=EDGE_CURVE('',#2123,#2123,#2282,.T.);
#1718=EDGE_CURVE('',#2124,#2124,#2283,.T.);
#1719=EDGE_CURVE('',#2115,#2125,#175,.T.);
#1720=EDGE_CURVE('',#2125,#2126,#2284,.F.);
#1721=EDGE_CURVE('',#2127,#2126,#176,.T.);
#1722=EDGE_CURVE('',#2127,#2128,#2285,.F.);
#1723=EDGE_CURVE('',#2121,#2128,#177,.T.);
#1724=EDGE_CURVE('',#2120,#2129,#2286,.T.);
#1725=EDGE_CURVE('',#2130,#2129,#178,.T.);
#1726=EDGE_CURVE('',#2131,#2130,#2287,.T.);
#1727=EDGE_CURVE('',#2131,#2132,#179,.T.);
#1728=EDGE_CURVE('',#2132,#2116,#2288,.T.);
#1729=EDGE_CURVE('',#2133,#2133,#2289,.T.);
#1730=EDGE_CURVE('',#2134,#2134,#2290,.T.);
#1731=EDGE_CURVE('',#2135,#2135,#2291,.T.);
#1732=EDGE_CURVE('',#2128,#1989,#180,.T.);
#1733=EDGE_CURVE('',#2126,#1979,#181,.T.);
#1734=EDGE_CURVE('',#1978,#2127,#182,.F.);
#1735=EDGE_CURVE('',#1980,#2125,#183,.F.);
#1736=EDGE_CURVE('',#1983,#2132,#184,.F.);
#1737=EDGE_CURVE('',#2131,#1984,#185,.T.);
#1738=EDGE_CURVE('',#2130,#1985,#186,.T.);
#1739=EDGE_CURVE('',#2129,#1986,#187,.F.);
#1740=EDGE_CURVE('',#2136,#1998,#188,.T.);
#1741=EDGE_CURVE('',#2136,#2137,#189,.T.);
#1742=EDGE_CURVE('',#2137,#1999,#190,.T.);
#1743=EDGE_CURVE('',#2138,#1997,#191,.T.);
#1744=EDGE_CURVE('',#2138,#2136,#192,.T.);
#1745=EDGE_CURVE('',#2139,#2004,#193,.T.);
#1746=EDGE_CURVE('',#2139,#2138,#194,.T.);
#1747=EDGE_CURVE('',#2140,#2003,#195,.T.);
#1748=EDGE_CURVE('',#2140,#2139,#196,.T.);
#1749=EDGE_CURVE('',#2141,#2002,#197,.T.);
#1750=EDGE_CURVE('',#2141,#2140,#198,.T.);
#1751=EDGE_CURVE('',#2142,#2001,#199,.T.);
#1752=EDGE_CURVE('',#2142,#2141,#200,.T.);
#1753=EDGE_CURVE('',#2143,#2000,#201,.T.);
#1754=EDGE_CURVE('',#2143,#2142,#202,.T.);
#1755=EDGE_CURVE('',#2137,#2143,#203,.T.);
#1756=EDGE_CURVE('',#2144,#2006,#204,.T.);
#1757=EDGE_CURVE('',#2144,#2145,#205,.T.);
#1758=EDGE_CURVE('',#2145,#2007,#206,.T.);
#1759=EDGE_CURVE('',#2146,#2005,#207,.T.);
#1760=EDGE_CURVE('',#2146,#2144,#208,.T.);
#1761=EDGE_CURVE('',#2147,#2008,#209,.T.);
#1762=EDGE_CURVE('',#2147,#2146,#210,.T.);
#1763=EDGE_CURVE('',#2145,#2147,#211,.T.);
#1764=EDGE_CURVE('',#2148,#2010,#212,.T.);
#1765=EDGE_CURVE('',#2148,#2149,#213,.T.);
#1766=EDGE_CURVE('',#2149,#2011,#214,.T.);
#1767=EDGE_CURVE('',#2150,#2009,#215,.T.);
#1768=EDGE_CURVE('',#2150,#2148,#216,.T.);
#1769=EDGE_CURVE('',#2151,#2012,#217,.T.);
#1770=EDGE_CURVE('',#2151,#2150,#218,.T.);
#1771=EDGE_CURVE('',#2149,#2151,#219,.T.);
#1772=EDGE_CURVE('',#2152,#2014,#220,.T.);
#1773=EDGE_CURVE('',#2152,#2153,#221,.T.);
#1774=EDGE_CURVE('',#2153,#2015,#222,.T.);
#1775=EDGE_CURVE('',#2154,#2013,#223,.T.);
#1776=EDGE_CURVE('',#2154,#2152,#224,.T.);
#1777=EDGE_CURVE('',#2155,#2016,#225,.T.);
#1778=EDGE_CURVE('',#2155,#2154,#226,.T.);
#1779=EDGE_CURVE('',#2153,#2155,#227,.T.);
#1780=EDGE_CURVE('',#2156,#2018,#228,.T.);
#1781=EDGE_CURVE('',#2156,#2157,#229,.T.);
#1782=EDGE_CURVE('',#2157,#2019,#230,.T.);
#1783=EDGE_CURVE('',#2158,#2017,#231,.T.);
#1784=EDGE_CURVE('',#2158,#2156,#232,.T.);
#1785=EDGE_CURVE('',#2159,#2020,#233,.T.);
#1786=EDGE_CURVE('',#2159,#2158,#234,.T.);
#1787=EDGE_CURVE('',#2157,#2159,#235,.T.);
#1788=EDGE_CURVE('',#2160,#2022,#236,.T.);
#1789=EDGE_CURVE('',#2160,#2161,#237,.T.);
#1790=EDGE_CURVE('',#2161,#2023,#238,.T.);
#1791=EDGE_CURVE('',#2162,#2021,#239,.T.);
#1792=EDGE_CURVE('',#2162,#2160,#240,.T.);
#1793=EDGE_CURVE('',#2163,#2026,#241,.T.);
#1794=EDGE_CURVE('',#2163,#2162,#242,.T.);
#1795=EDGE_CURVE('',#2164,#2025,#243,.T.);
#1796=EDGE_CURVE('',#2164,#2163,#244,.T.);
#1797=EDGE_CURVE('',#2165,#2024,#245,.T.);
#1798=EDGE_CURVE('',#2165,#2164,#246,.T.);
#1799=EDGE_CURVE('',#2161,#2165,#247,.T.);
#1800=EDGE_CURVE('',#2166,#2028,#248,.T.);
#1801=EDGE_CURVE('',#2166,#2167,#249,.T.);
#1802=EDGE_CURVE('',#2167,#2029,#250,.T.);
#1803=EDGE_CURVE('',#2168,#2027,#251,.T.);
#1804=EDGE_CURVE('',#2168,#2166,#252,.T.);
#1805=EDGE_CURVE('',#2169,#2030,#253,.T.);
#1806=EDGE_CURVE('',#2169,#2168,#254,.T.);
#1807=EDGE_CURVE('',#2167,#2169,#255,.T.);
#1808=EDGE_CURVE('',#2170,#2032,#256,.T.);
#1809=EDGE_CURVE('',#2170,#2171,#257,.T.);
#1810=EDGE_CURVE('',#2171,#2033,#258,.T.);
#1811=EDGE_CURVE('',#2172,#2031,#259,.T.);
#1812=EDGE_CURVE('',#2172,#2170,#260,.T.);
#1813=EDGE_CURVE('',#2173,#2034,#261,.T.);
#1814=EDGE_CURVE('',#2173,#2172,#262,.T.);
#1815=EDGE_CURVE('',#2171,#2173,#263,.T.);
#1816=EDGE_CURVE('',#2174,#2036,#264,.T.);
#1817=EDGE_CURVE('',#2174,#2175,#265,.T.);
#1818=EDGE_CURVE('',#2175,#2037,#266,.T.);
#1819=EDGE_CURVE('',#2176,#2035,#267,.T.);
#1820=EDGE_CURVE('',#2176,#2174,#268,.T.);
#1821=EDGE_CURVE('',#2177,#2038,#269,.T.);
#1822=EDGE_CURVE('',#2177,#2176,#270,.T.);
#1823=EDGE_CURVE('',#2175,#2177,#271,.T.);
#1824=EDGE_CURVE('',#2178,#2040,#272,.T.);
#1825=EDGE_CURVE('',#2178,#2179,#273,.T.);
#1826=EDGE_CURVE('',#2179,#2041,#274,.T.);
#1827=EDGE_CURVE('',#2180,#2039,#275,.T.);
#1828=EDGE_CURVE('',#2180,#2178,#276,.T.);
#1829=EDGE_CURVE('',#2181,#2042,#277,.T.);
#1830=EDGE_CURVE('',#2181,#2180,#278,.T.);
#1831=EDGE_CURVE('',#2179,#2181,#279,.T.);
#1832=EDGE_CURVE('',#2182,#2044,#280,.T.);
#1833=EDGE_CURVE('',#2182,#2183,#281,.T.);
#1834=EDGE_CURVE('',#2183,#2045,#282,.T.);
#1835=EDGE_CURVE('',#2184,#2043,#283,.T.);
#1836=EDGE_CURVE('',#2184,#2182,#284,.T.);
#1837=EDGE_CURVE('',#2185,#2046,#285,.T.);
#1838=EDGE_CURVE('',#2185,#2184,#286,.T.);
#1839=EDGE_CURVE('',#2183,#2185,#287,.T.);
#1840=EDGE_CURVE('',#2186,#2048,#288,.T.);
#1841=EDGE_CURVE('',#2186,#2187,#289,.T.);
#1842=EDGE_CURVE('',#2187,#2049,#290,.T.);
#1843=EDGE_CURVE('',#2188,#2047,#291,.T.);
#1844=EDGE_CURVE('',#2188,#2186,#292,.T.);
#1845=EDGE_CURVE('',#2189,#2050,#293,.T.);
#1846=EDGE_CURVE('',#2189,#2188,#294,.T.);
#1847=EDGE_CURVE('',#2187,#2189,#295,.T.);
#1848=EDGE_CURVE('',#2190,#2052,#296,.T.);
#1849=EDGE_CURVE('',#2190,#2191,#297,.T.);
#1850=EDGE_CURVE('',#2191,#2053,#298,.T.);
#1851=EDGE_CURVE('',#2192,#2051,#299,.T.);
#1852=EDGE_CURVE('',#2192,#2190,#300,.T.);
#1853=EDGE_CURVE('',#2193,#2054,#301,.T.);
#1854=EDGE_CURVE('',#2193,#2192,#302,.T.);
#1855=EDGE_CURVE('',#2191,#2193,#303,.T.);
#1856=EDGE_CURVE('',#2194,#2056,#304,.T.);
#1857=EDGE_CURVE('',#2194,#2195,#305,.T.);
#1858=EDGE_CURVE('',#2195,#2057,#306,.T.);
#1859=EDGE_CURVE('',#2196,#2055,#307,.T.);
#1860=EDGE_CURVE('',#2196,#2194,#308,.T.);
#1861=EDGE_CURVE('',#2197,#2062,#309,.T.);
#1862=EDGE_CURVE('',#2197,#2196,#310,.T.);
#1863=EDGE_CURVE('',#2198,#2061,#311,.T.);
#1864=EDGE_CURVE('',#2198,#2197,#312,.T.);
#1865=EDGE_CURVE('',#2199,#2060,#313,.T.);
#1866=EDGE_CURVE('',#2199,#2198,#314,.T.);
#1867=EDGE_CURVE('',#2200,#2059,#315,.T.);
#1868=EDGE_CURVE('',#2200,#2199,#316,.T.);
#1869=EDGE_CURVE('',#2201,#2058,#317,.T.);
#1870=EDGE_CURVE('',#2201,#2200,#318,.T.);
#1871=EDGE_CURVE('',#2195,#2201,#319,.T.);
#1872=EDGE_CURVE('',#2202,#2064,#320,.T.);
#1873=EDGE_CURVE('',#2202,#2203,#321,.T.);
#1874=EDGE_CURVE('',#2203,#2065,#322,.T.);
#1875=EDGE_CURVE('',#2204,#2063,#323,.T.);
#1876=EDGE_CURVE('',#2204,#2202,#324,.T.);
#1877=EDGE_CURVE('',#2205,#2066,#325,.T.);
#1878=EDGE_CURVE('',#2205,#2204,#326,.T.);
#1879=EDGE_CURVE('',#2203,#2205,#327,.T.);
#1880=EDGE_CURVE('',#2206,#2068,#328,.T.);
#1881=EDGE_CURVE('',#2206,#2207,#329,.T.);
#1882=EDGE_CURVE('',#2207,#2069,#330,.T.);
#1883=EDGE_CURVE('',#2208,#2067,#331,.T.);
#1884=EDGE_CURVE('',#2208,#2206,#332,.T.);
#1885=EDGE_CURVE('',#2209,#2070,#333,.T.);
#1886=EDGE_CURVE('',#2209,#2208,#334,.T.);
#1887=EDGE_CURVE('',#2207,#2209,#335,.T.);
#1888=EDGE_CURVE('',#2210,#2072,#336,.T.);
#1889=EDGE_CURVE('',#2210,#2211,#337,.T.);
#1890=EDGE_CURVE('',#2211,#2073,#338,.T.);
#1891=EDGE_CURVE('',#2212,#2071,#339,.T.);
#1892=EDGE_CURVE('',#2212,#2210,#340,.T.);
#1893=EDGE_CURVE('',#2213,#2074,#341,.T.);
#1894=EDGE_CURVE('',#2213,#2212,#342,.T.);
#1895=EDGE_CURVE('',#2211,#2213,#343,.T.);
#1896=EDGE_CURVE('',#2214,#2076,#344,.T.);
#1897=EDGE_CURVE('',#2214,#2215,#345,.T.);
#1898=EDGE_CURVE('',#2215,#2077,#346,.T.);
#1899=EDGE_CURVE('',#2216,#2075,#347,.T.);
#1900=EDGE_CURVE('',#2216,#2214,#348,.T.);
#1901=EDGE_CURVE('',#2217,#2078,#349,.T.);
#1902=EDGE_CURVE('',#2217,#2216,#350,.T.);
#1903=EDGE_CURVE('',#2215,#2217,#351,.T.);
#1904=EDGE_CURVE('',#2218,#2080,#352,.T.);
#1905=EDGE_CURVE('',#2218,#2219,#353,.T.);
#1906=EDGE_CURVE('',#2219,#2081,#354,.T.);
#1907=EDGE_CURVE('',#2220,#2079,#355,.T.);
#1908=EDGE_CURVE('',#2220,#2218,#356,.T.);
#1909=EDGE_CURVE('',#2221,#2082,#357,.T.);
#1910=EDGE_CURVE('',#2221,#2220,#358,.T.);
#1911=EDGE_CURVE('',#2219,#2221,#359,.T.);
#1912=EDGE_CURVE('',#2222,#2084,#360,.T.);
#1913=EDGE_CURVE('',#2222,#2223,#54,.T.);
#1914=EDGE_CURVE('',#2223,#2085,#361,.T.);
#1915=EDGE_CURVE('',#2224,#2083,#362,.T.);
#1916=EDGE_CURVE('',#2224,#2222,#363,.T.);
#1917=EDGE_CURVE('',#2225,#2104,#364,.T.);
#1918=EDGE_CURVE('',#2225,#2224,#365,.T.);
#1919=EDGE_CURVE('',#2226,#2103,#366,.T.);
#1920=EDGE_CURVE('',#2226,#2225,#367,.T.);
#1921=EDGE_CURVE('',#2227,#2102,#368,.T.);
#1922=EDGE_CURVE('',#2227,#2226,#55,.T.);
#1923=EDGE_CURVE('',#2228,#2101,#369,.T.);
#1924=EDGE_CURVE('',#2228,#2227,#56,.T.);
#1925=EDGE_CURVE('',#2229,#2100,#370,.T.);
#1926=EDGE_CURVE('',#2229,#2228,#2292,.T.);
#1927=EDGE_CURVE('',#2230,#2099,#371,.T.);
#1928=EDGE_CURVE('',#2230,#2229,#2293,.T.);
#1929=EDGE_CURVE('',#2231,#2098,#372,.T.);
#1930=EDGE_CURVE('',#2231,#2230,#57,.T.);
#1931=EDGE_CURVE('',#2232,#2097,#373,.T.);
#1932=EDGE_CURVE('',#2232,#2231,#58,.T.);
#1933=EDGE_CURVE('',#2233,#2096,#374,.T.);
#1934=EDGE_CURVE('',#2233,#2232,#375,.T.);
#1935=EDGE_CURVE('',#2234,#2095,#376,.T.);
#1936=EDGE_CURVE('',#2234,#2233,#377,.T.);
#1937=EDGE_CURVE('',#2235,#2094,#378,.T.);
#1938=EDGE_CURVE('',#2235,#2234,#379,.T.);
#1939=EDGE_CURVE('',#2236,#2093,#380,.T.);
#1940=EDGE_CURVE('',#2236,#2235,#2294,.F.);
#1941=EDGE_CURVE('',#2237,#2092,#381,.T.);
#1942=EDGE_CURVE('',#2237,#2236,#2295,.F.);
#1943=EDGE_CURVE('',#2238,#2091,#382,.T.);
#1944=EDGE_CURVE('',#2238,#2237,#59,.T.);
#1945=EDGE_CURVE('',#2239,#2090,#383,.T.);
#1946=EDGE_CURVE('',#2239,#2238,#60,.T.);
#1947=EDGE_CURVE('',#2240,#2089,#384,.T.);
#1948=EDGE_CURVE('',#2240,#2239,#61,.T.);
#1949=EDGE_CURVE('',#2241,#2088,#385,.T.);
#1950=EDGE_CURVE('',#2241,#2240,#62,.T.);
#1951=EDGE_CURVE('',#2242,#2087,#386,.T.);
#1952=EDGE_CURVE('',#2242,#2241,#2296,.F.);
#1953=EDGE_CURVE('',#2243,#2086,#387,.T.);
#1954=EDGE_CURVE('',#2243,#2242,#2297,.F.);
#1955=EDGE_CURVE('',#2223,#2243,#63,.T.);
#1956=EDGE_CURVE('',#2244,#2106,#388,.T.);
#1957=EDGE_CURVE('',#2244,#2245,#389,.T.);
#1958=EDGE_CURVE('',#2245,#2107,#390,.T.);
#1959=EDGE_CURVE('',#2246,#2105,#391,.T.);
#1960=EDGE_CURVE('',#2246,#2244,#392,.T.);
#1961=EDGE_CURVE('',#2247,#2108,#393,.T.);
#1962=EDGE_CURVE('',#2247,#2246,#394,.T.);
#1963=EDGE_CURVE('',#2245,#2247,#395,.T.);
#1964=EDGE_CURVE('',#2248,#2110,#396,.T.);
#1965=EDGE_CURVE('',#2248,#2249,#397,.T.);
#1966=EDGE_CURVE('',#2249,#2111,#398,.T.);
#1967=EDGE_CURVE('',#2250,#2109,#399,.T.);
#1968=EDGE_CURVE('',#2250,#2248,#400,.T.);
#1969=EDGE_CURVE('',#2251,#2114,#401,.T.);
#1970=EDGE_CURVE('',#2251,#2250,#402,.T.);
#1971=EDGE_CURVE('',#2252,#2113,#403,.T.);
#1972=EDGE_CURVE('',#2252,#2251,#404,.T.);
#1973=EDGE_CURVE('',#2253,#2112,#405,.T.);
#1974=EDGE_CURVE('',#2253,#2252,#406,.T.);
#1975=EDGE_CURVE('',#2249,#2253,#407,.T.);
#1976=VERTEX_POINT('',#3969);
#1977=VERTEX_POINT('',#3971);
#1978=VERTEX_POINT('',#3973);
#1979=VERTEX_POINT('',#3974);
#1980=VERTEX_POINT('',#3976);
#1981=VERTEX_POINT('',#3978);
#1982=VERTEX_POINT('',#3980);
#1983=VERTEX_POINT('',#3982);
#1984=VERTEX_POINT('',#3984);
#1985=VERTEX_POINT('',#3986);
#1986=VERTEX_POINT('',#3988);
#1987=VERTEX_POINT('',#3990);
#1988=VERTEX_POINT('',#3992);
#1989=VERTEX_POINT('',#3994);
#1990=VERTEX_POINT('',#3997);
#1991=VERTEX_POINT('',#3999);
#1992=VERTEX_POINT('',#4001);
#1993=VERTEX_POINT('',#4003);
#1994=VERTEX_POINT('',#4005);
#1995=VERTEX_POINT('',#4007);
#1996=VERTEX_POINT('',#4009);
#1997=VERTEX_POINT('',#4011);
#1998=VERTEX_POINT('',#4012);
#1999=VERTEX_POINT('',#4014);
#2000=VERTEX_POINT('',#4016);
#2001=VERTEX_POINT('',#4018);
#2002=VERTEX_POINT('',#4020);
#2003=VERTEX_POINT('',#4022);
#2004=VERTEX_POINT('',#4024);
#2005=VERTEX_POINT('',#4027);
#2006=VERTEX_POINT('',#4028);
#2007=VERTEX_POINT('',#4030);
#2008=VERTEX_POINT('',#4032);
#2009=VERTEX_POINT('',#4035);
#2010=VERTEX_POINT('',#4036);
#2011=VERTEX_POINT('',#4038);
#2012=VERTEX_POINT('',#4040);
#2013=VERTEX_POINT('',#4043);
#2014=VERTEX_POINT('',#4044);
#2015=VERTEX_POINT('',#4046);
#2016=VERTEX_POINT('',#4048);
#2017=VERTEX_POINT('',#4051);
#2018=VERTEX_POINT('',#4052);
#2019=VERTEX_POINT('',#4054);
#2020=VERTEX_POINT('',#4056);
#2021=VERTEX_POINT('',#4059);
#2022=VERTEX_POINT('',#4060);
#2023=VERTEX_POINT('',#4062);
#2024=VERTEX_POINT('',#4064);
#2025=VERTEX_POINT('',#4066);
#2026=VERTEX_POINT('',#4068);
#2027=VERTEX_POINT('',#4071);
#2028=VERTEX_POINT('',#4072);
#2029=VERTEX_POINT('',#4074);
#2030=VERTEX_POINT('',#4076);
#2031=VERTEX_POINT('',#4079);
#2032=VERTEX_POINT('',#4080);
#2033=VERTEX_POINT('',#4082);
#2034=VERTEX_POINT('',#4084);
#2035=VERTEX_POINT('',#4087);
#2036=VERTEX_POINT('',#4088);
#2037=VERTEX_POINT('',#4090);
#2038=VERTEX_POINT('',#4092);
#2039=VERTEX_POINT('',#4095);
#2040=VERTEX_POINT('',#4096);
#2041=VERTEX_POINT('',#4098);
#2042=VERTEX_POINT('',#4100);
#2043=VERTEX_POINT('',#4103);
#2044=VERTEX_POINT('',#4104);
#2045=VERTEX_POINT('',#4106);
#2046=VERTEX_POINT('',#4108);
#2047=VERTEX_POINT('',#4111);
#2048=VERTEX_POINT('',#4112);
#2049=VERTEX_POINT('',#4114);
#2050=VERTEX_POINT('',#4116);
#2051=VERTEX_POINT('',#4119);
#2052=VERTEX_POINT('',#4120);
#2053=VERTEX_POINT('',#4122);
#2054=VERTEX_POINT('',#4124);
#2055=VERTEX_POINT('',#4127);
#2056=VERTEX_POINT('',#4128);
#2057=VERTEX_POINT('',#4130);
#2058=VERTEX_POINT('',#4132);
#2059=VERTEX_POINT('',#4134);
#2060=VERTEX_POINT('',#4136);
#2061=VERTEX_POINT('',#4138);
#2062=VERTEX_POINT('',#4140);
#2063=VERTEX_POINT('',#4143);
#2064=VERTEX_POINT('',#4144);
#2065=VERTEX_POINT('',#4146);
#2066=VERTEX_POINT('',#4148);
#2067=VERTEX_POINT('',#4151);
#2068=VERTEX_POINT('',#4152);
#2069=VERTEX_POINT('',#4154);
#2070=VERTEX_POINT('',#4156);
#2071=VERTEX_POINT('',#4159);
#2072=VERTEX_POINT('',#4160);
#2073=VERTEX_POINT('',#4162);
#2074=VERTEX_POINT('',#4164);
#2075=VERTEX_POINT('',#4167);
#2076=VERTEX_POINT('',#4168);
#2077=VERTEX_POINT('',#4170);
#2078=VERTEX_POINT('',#4172);
#2079=VERTEX_POINT('',#4175);
#2080=VERTEX_POINT('',#4176);
#2081=VERTEX_POINT('',#4178);
#2082=VERTEX_POINT('',#4180);
#2083=VERTEX_POINT('',#4183);
#2084=VERTEX_POINT('',#4184);
#2085=VERTEX_POINT('',#4188);
#2086=VERTEX_POINT('',#4192);
#2087=VERTEX_POINT('',#4194);
#2088=VERTEX_POINT('',#4196);
#2089=VERTEX_POINT('',#4200);
#2090=VERTEX_POINT('',#4204);
#2091=VERTEX_POINT('',#4208);
#2092=VERTEX_POINT('',#4212);
#2093=VERTEX_POINT('',#4214);
#2094=VERTEX_POINT('',#4216);
#2095=VERTEX_POINT('',#4218);
#2096=VERTEX_POINT('',#4220);
#2097=VERTEX_POINT('',#4222);
#2098=VERTEX_POINT('',#4226);
#2099=VERTEX_POINT('',#4230);
#2100=VERTEX_POINT('',#4232);
#2101=VERTEX_POINT('',#4234);
#2102=VERTEX_POINT('',#4238);
#2103=VERTEX_POINT('',#4242);
#2104=VERTEX_POINT('',#4244);
#2105=VERTEX_POINT('',#4247);
#2106=VERTEX_POINT('',#4248);
#2107=VERTEX_POINT('',#4250);
#2108=VERTEX_POINT('',#4252);
#2109=VERTEX_POINT('',#4255);
#2110=VERTEX_POINT('',#4256);
#2111=VERTEX_POINT('',#4258);
#2112=VERTEX_POINT('',#4260);
#2113=VERTEX_POINT('',#4262);
#2114=VERTEX_POINT('',#4264);
#2115=VERTEX_POINT('',#4268);
#2116=VERTEX_POINT('',#4269);
#2117=VERTEX_POINT('',#4274);
#2118=VERTEX_POINT('',#4277);
#2119=VERTEX_POINT('',#4280);
#2120=VERTEX_POINT('',#4283);
#2121=VERTEX_POINT('',#4285);
#2122=VERTEX_POINT('',#4289);
#2123=VERTEX_POINT('',#4292);
#2124=VERTEX_POINT('',#4294);
#2125=VERTEX_POINT('',#4296);
#2126=VERTEX_POINT('',#4298);
#2127=VERTEX_POINT('',#4300);
#2128=VERTEX_POINT('',#4302);
#2129=VERTEX_POINT('',#4305);
#2130=VERTEX_POINT('',#4307);
#2131=VERTEX_POINT('',#4309);
#2132=VERTEX_POINT('',#4311);
#2133=VERTEX_POINT('',#4314);
#2134=VERTEX_POINT('',#4316);
#2135=VERTEX_POINT('',#4318);
#2136=VERTEX_POINT('',#4344);
#2137=VERTEX_POINT('',#4346);
#2138=VERTEX_POINT('',#4350);
#2139=VERTEX_POINT('',#4354);
#2140=VERTEX_POINT('',#4358);
#2141=VERTEX_POINT('',#4362);
#2142=VERTEX_POINT('',#4366);
#2143=VERTEX_POINT('',#4370);
#2144=VERTEX_POINT('',#4377);
#2145=VERTEX_POINT('',#4379);
#2146=VERTEX_POINT('',#4383);
#2147=VERTEX_POINT('',#4387);
#2148=VERTEX_POINT('',#4394);
#2149=VERTEX_POINT('',#4396);
#2150=VERTEX_POINT('',#4400);
#2151=VERTEX_POINT('',#4404);
#2152=VERTEX_POINT('',#4411);
#2153=VERTEX_POINT('',#4413);
#2154=VERTEX_POINT('',#4417);
#2155=VERTEX_POINT('',#4421);
#2156=VERTEX_POINT('',#4428);
#2157=VERTEX_POINT('',#4430);
#2158=VERTEX_POINT('',#4434);
#2159=VERTEX_POINT('',#4438);
#2160=VERTEX_POINT('',#4445);
#2161=VERTEX_POINT('',#4447);
#2162=VERTEX_POINT('',#4451);
#2163=VERTEX_POINT('',#4455);
#2164=VERTEX_POINT('',#4459);
#2165=VERTEX_POINT('',#4463);
#2166=VERTEX_POINT('',#4470);
#2167=VERTEX_POINT('',#4472);
#2168=VERTEX_POINT('',#4476);
#2169=VERTEX_POINT('',#4480);
#2170=VERTEX_POINT('',#4487);
#2171=VERTEX_POINT('',#4489);
#2172=VERTEX_POINT('',#4493);
#2173=VERTEX_POINT('',#4497);
#2174=VERTEX_POINT('',#4504);
#2175=VERTEX_POINT('',#4506);
#2176=VERTEX_POINT('',#4510);
#2177=VERTEX_POINT('',#4514);
#2178=VERTEX_POINT('',#4521);
#2179=VERTEX_POINT('',#4523);
#2180=VERTEX_POINT('',#4527);
#2181=VERTEX_POINT('',#4531);
#2182=VERTEX_POINT('',#4538);
#2183=VERTEX_POINT('',#4540);
#2184=VERTEX_POINT('',#4544);
#2185=VERTEX_POINT('',#4548);
#2186=VERTEX_POINT('',#4555);
#2187=VERTEX_POINT('',#4557);
#2188=VERTEX_POINT('',#4561);
#2189=VERTEX_POINT('',#4565);
#2190=VERTEX_POINT('',#4572);
#2191=VERTEX_POINT('',#4574);
#2192=VERTEX_POINT('',#4578);
#2193=VERTEX_POINT('',#4582);
#2194=VERTEX_POINT('',#4589);
#2195=VERTEX_POINT('',#4591);
#2196=VERTEX_POINT('',#4595);
#2197=VERTEX_POINT('',#4599);
#2198=VERTEX_POINT('',#4603);
#2199=VERTEX_POINT('',#4607);
#2200=VERTEX_POINT('',#4611);
#2201=VERTEX_POINT('',#4615);
#2202=VERTEX_POINT('',#4622);
#2203=VERTEX_POINT('',#4624);
#2204=VERTEX_POINT('',#4628);
#2205=VERTEX_POINT('',#4632);
#2206=VERTEX_POINT('',#4639);
#2207=VERTEX_POINT('',#4641);
#2208=VERTEX_POINT('',#4645);
#2209=VERTEX_POINT('',#4649);
#2210=VERTEX_POINT('',#4656);
#2211=VERTEX_POINT('',#4658);
#2212=VERTEX_POINT('',#4662);
#2213=VERTEX_POINT('',#4666);
#2214=VERTEX_POINT('',#4673);
#2215=VERTEX_POINT('',#4675);
#2216=VERTEX_POINT('',#4679);
#2217=VERTEX_POINT('',#4683);
#2218=VERTEX_POINT('',#4690);
#2219=VERTEX_POINT('',#4692);
#2220=VERTEX_POINT('',#4696);
#2221=VERTEX_POINT('',#4700);
#2222=VERTEX_POINT('',#4714);
#2223=VERTEX_POINT('',#4718);
#2224=VERTEX_POINT('',#4722);
#2225=VERTEX_POINT('',#4726);
#2226=VERTEX_POINT('',#4730);
#2227=VERTEX_POINT('',#4741);
#2228=VERTEX_POINT('',#4754);
#2229=VERTEX_POINT('',#4760);
#2230=VERTEX_POINT('',#4764);
#2231=VERTEX_POINT('',#4775);
#2232=VERTEX_POINT('',#4788);
#2233=VERTEX_POINT('',#4794);
#2234=VERTEX_POINT('',#4798);
#2235=VERTEX_POINT('',#4802);
#2236=VERTEX_POINT('',#4806);
#2237=VERTEX_POINT('',#4810);
#2238=VERTEX_POINT('',#4821);
#2239=VERTEX_POINT('',#4834);
#2240=VERTEX_POINT('',#4847);
#2241=VERTEX_POINT('',#4860);
#2242=VERTEX_POINT('',#4866);
#2243=VERTEX_POINT('',#4870);
#2244=VERTEX_POINT('',#4886);
#2245=VERTEX_POINT('',#4888);
#2246=VERTEX_POINT('',#4892);
#2247=VERTEX_POINT('',#4896);
#2248=VERTEX_POINT('',#4903);
#2249=VERTEX_POINT('',#4905);
#2250=VERTEX_POINT('',#4909);
#2251=VERTEX_POINT('',#4913);
#2252=VERTEX_POINT('',#4917);
#2253=VERTEX_POINT('',#4921);
#2254=CIRCLE('',#3030,0.00225);
#2255=CIRCLE('',#3031,0.00225);
#2256=CIRCLE('',#3032,0.004);
#2257=CIRCLE('',#3033,0.03950806);
#2258=CIRCLE('',#3034,0.006);
#2259=CIRCLE('',#3035,0.005);
#2260=CIRCLE('',#3036,0.006);
#2261=CIRCLE('',#3037,0.03950806);
#2262=CIRCLE('',#3038,0.004);
#2263=CIRCLE('',#3039,0.002);
#2264=CIRCLE('',#3040,0.002);
#2265=CIRCLE('',#3041,0.0315);
#2266=CIRCLE('',#3042,0.002);
#2267=CIRCLE('',#3043,0.00715);
#2268=CIRCLE('',#3044,0.00715);
#2269=CIRCLE('',#3045,0.00225);
#2270=CIRCLE('',#3046,0.00327237212065052);
#2271=CIRCLE('',#3047,0.00373461323261165);
#2272=CIRCLE('',#3048,0.00305489725662526);
#2273=CIRCLE('',#3049,0.00424228121285151);
#2274=CIRCLE('',#3050,0.00388031570443326);
#2275=CIRCLE('',#3051,0.00195610777857027);
#2276=CIRCLE('',#3053,0.03950806);
#2277=CIRCLE('',#3055,0.0315);
#2278=CIRCLE('',#3057,0.002);
#2279=CIRCLE('',#3059,0.002);
#2280=CIRCLE('',#3061,0.03950806);
#2281=CIRCLE('',#3063,0.002);
#2282=CIRCLE('',#3065,0.00225);
#2283=CIRCLE('',#3066,0.00225);
#2284=CIRCLE('',#3067,0.004);
#2285=CIRCLE('',#3068,0.004);
#2286=CIRCLE('',#3069,0.006);
#2287=CIRCLE('',#3070,0.005);
#2288=CIRCLE('',#3071,0.006);
#2289=CIRCLE('',#3072,0.00715);
#2290=CIRCLE('',#3073,0.00715);
#2291=CIRCLE('',#3074,0.00225);
#2292=CIRCLE('',#3199,0.00195610777857027);
#2293=CIRCLE('',#3201,0.00388031570443326);
#2294=CIRCLE('',#3206,0.00424228121285151);
#2295=CIRCLE('',#3208,0.00305489725662526);
#2296=CIRCLE('',#3210,0.00373461323261165);
#2297=CIRCLE('',#3212,0.00327237212065052);
#2298=EDGE_LOOP('',(#752));
#2299=EDGE_LOOP('',(#753));
#2300=EDGE_LOOP('',(#754,#755,#756,#757,#758,#759,#760,#761,#762,#763,#764,
#765));
#2301=EDGE_LOOP('',(#766));
#2302=EDGE_LOOP('',(#767));
#2303=EDGE_LOOP('',(#768));
#2304=EDGE_LOOP('',(#769));
#2305=EDGE_LOOP('',(#770));
#2306=EDGE_LOOP('',(#771));
#2307=EDGE_LOOP('',(#772));
#2308=EDGE_LOOP('',(#773,#774,#775,#776,#777,#778,#779,#780));
#2309=EDGE_LOOP('',(#781,#782,#783,#784));
#2310=EDGE_LOOP('',(#785,#786,#787,#788));
#2311=EDGE_LOOP('',(#789,#790,#791,#792));
#2312=EDGE_LOOP('',(#793,#794,#795,#796));
#2313=EDGE_LOOP('',(#797,#798,#799,#800,#801,#802));
#2314=EDGE_LOOP('',(#803,#804,#805,#806));
#2315=EDGE_LOOP('',(#807,#808,#809,#810));
#2316=EDGE_LOOP('',(#811,#812,#813,#814));
#2317=EDGE_LOOP('',(#815,#816,#817,#818));
#2318=EDGE_LOOP('',(#819,#820,#821,#822));
#2319=EDGE_LOOP('',(#823,#824,#825,#826));
#2320=EDGE_LOOP('',(#827,#828,#829,#830));
#2321=EDGE_LOOP('',(#831,#832,#833,#834,#835,#836,#837,#838));
#2322=EDGE_LOOP('',(#839,#840,#841,#842));
#2323=EDGE_LOOP('',(#843,#844,#845,#846));
#2324=EDGE_LOOP('',(#847,#848,#849,#850));
#2325=EDGE_LOOP('',(#851,#852,#853,#854));
#2326=EDGE_LOOP('',(#855,#856,#857,#858));
#2327=EDGE_LOOP('',(#859,#860,#861,#862,#863,#864,#865,#866,#867,#868,#869,
#870,#871,#872,#873,#874,#875,#876,#877,#878,#879,#880));
#2328=EDGE_LOOP('',(#881,#882,#883,#884));
#2329=EDGE_LOOP('',(#885,#886,#887,#888,#889,#890));
#2330=EDGE_LOOP('',(#891,#892,#893,#894));
#2331=EDGE_LOOP('',(#895));
#2332=EDGE_LOOP('',(#896));
#2333=EDGE_LOOP('',(#897));
#2334=EDGE_LOOP('',(#898));
#2335=EDGE_LOOP('',(#899));
#2336=EDGE_LOOP('',(#900));
#2337=EDGE_LOOP('',(#901,#902,#903,#904));
#2338=EDGE_LOOP('',(#905));
#2339=EDGE_LOOP('',(#906));
#2340=EDGE_LOOP('',(#907));
#2341=EDGE_LOOP('',(#908));
#2342=EDGE_LOOP('',(#909,#910,#911,#912,#913,#914,#915,#916,#917,#918,#919,
#920));
#2343=EDGE_LOOP('',(#921));
#2344=EDGE_LOOP('',(#922));
#2345=EDGE_LOOP('',(#923));
#2346=EDGE_LOOP('',(#924));
#2347=EDGE_LOOP('',(#925));
#2348=EDGE_LOOP('',(#926));
#2349=EDGE_LOOP('',(#927));
#2350=EDGE_LOOP('',(#928,#929,#930,#931));
#2351=EDGE_LOOP('',(#932,#933,#934,#935));
#2352=EDGE_LOOP('',(#936));
#2353=EDGE_LOOP('',(#937));
#2354=EDGE_LOOP('',(#938,#939,#940,#941));
#2355=EDGE_LOOP('',(#942));
#2356=EDGE_LOOP('',(#943));
#2357=EDGE_LOOP('',(#944,#945,#946,#947));
#2358=EDGE_LOOP('',(#948,#949,#950,#951));
#2359=EDGE_LOOP('',(#952,#953,#954,#955));
#2360=EDGE_LOOP('',(#956,#957,#958,#959));
#2361=EDGE_LOOP('',(#960,#961,#962,#963));
#2362=EDGE_LOOP('',(#964));
#2363=EDGE_LOOP('',(#965));
#2364=EDGE_LOOP('',(#966,#967,#968,#969));
#2365=EDGE_LOOP('',(#970,#971,#972,#973));
#2366=EDGE_LOOP('',(#974));
#2367=EDGE_LOOP('',(#975));
#2368=EDGE_LOOP('',(#976));
#2369=EDGE_LOOP('',(#977));
#2370=EDGE_LOOP('',(#978,#979,#980,#981));
#2371=EDGE_LOOP('',(#982,#983,#984,#985));
#2372=EDGE_LOOP('',(#986,#987,#988,#989));
#2373=EDGE_LOOP('',(#990,#991,#992,#993));
#2374=EDGE_LOOP('',(#994,#995,#996,#997));
#2375=EDGE_LOOP('',(#998,#999,#1000,#1001));
#2376=EDGE_LOOP('',(#1002,#1003,#1004,#1005));
#2377=EDGE_LOOP('',(#1006,#1007,#1008,#1009));
#2378=EDGE_LOOP('',(#1010,#1011,#1012,#1013,#1014,#1015,#1016,#1017));
#2379=EDGE_LOOP('',(#1018,#1019,#1020,#1021));
#2380=EDGE_LOOP('',(#1022,#1023,#1024,#1025));
#2381=EDGE_LOOP('',(#1026,#1027,#1028,#1029));
#2382=EDGE_LOOP('',(#1030,#1031,#1032,#1033));
#2383=EDGE_LOOP('',(#1034,#1035,#1036,#1037));
#2384=EDGE_LOOP('',(#1038,#1039,#1040,#1041));
#2385=EDGE_LOOP('',(#1042,#1043,#1044,#1045));
#2386=EDGE_LOOP('',(#1046,#1047,#1048,#1049));
#2387=EDGE_LOOP('',(#1050,#1051,#1052,#1053));
#2388=EDGE_LOOP('',(#1054,#1055,#1056,#1057));
#2389=EDGE_LOOP('',(#1058,#1059,#1060,#1061));
#2390=EDGE_LOOP('',(#1062,#1063,#1064,#1065));
#2391=EDGE_LOOP('',(#1066,#1067,#1068,#1069));
#2392=EDGE_LOOP('',(#1070,#1071,#1072,#1073));
#2393=EDGE_LOOP('',(#1074,#1075,#1076,#1077));
#2394=EDGE_LOOP('',(#1078,#1079,#1080,#1081));
#2395=EDGE_LOOP('',(#1082,#1083,#1084,#1085));
#2396=EDGE_LOOP('',(#1086,#1087,#1088,#1089));
#2397=EDGE_LOOP('',(#1090,#1091,#1092,#1093));
#2398=EDGE_LOOP('',(#1094,#1095,#1096,#1097));
#2399=EDGE_LOOP('',(#1098,#1099,#1100,#1101));
#2400=EDGE_LOOP('',(#1102,#1103,#1104,#1105));
#2401=EDGE_LOOP('',(#1106,#1107,#1108,#1109));
#2402=EDGE_LOOP('',(#1110,#1111,#1112,#1113));
#2403=EDGE_LOOP('',(#1114,#1115,#1116,#1117));
#2404=EDGE_LOOP('',(#1118,#1119,#1120,#1121));
#2405=EDGE_LOOP('',(#1122,#1123,#1124,#1125,#1126,#1127));
#2406=EDGE_LOOP('',(#1128,#1129,#1130,#1131));
#2407=EDGE_LOOP('',(#1132,#1133,#1134,#1135));
#2408=EDGE_LOOP('',(#1136,#1137,#1138,#1139));
#2409=EDGE_LOOP('',(#1140,#1141,#1142,#1143));
#2410=EDGE_LOOP('',(#1144,#1145,#1146,#1147));
#2411=EDGE_LOOP('',(#1148,#1149,#1150,#1151));
#2412=EDGE_LOOP('',(#1152,#1153,#1154,#1155));
#2413=EDGE_LOOP('',(#1156,#1157,#1158,#1159));
#2414=EDGE_LOOP('',(#1160,#1161,#1162,#1163));
#2415=EDGE_LOOP('',(#1164,#1165,#1166,#1167));
#2416=EDGE_LOOP('',(#1168,#1169,#1170,#1171));
#2417=EDGE_LOOP('',(#1172,#1173,#1174,#1175));
#2418=EDGE_LOOP('',(#1176,#1177,#1178,#1179));
#2419=EDGE_LOOP('',(#1180,#1181,#1182,#1183));
#2420=EDGE_LOOP('',(#1184,#1185,#1186,#1187));
#2421=EDGE_LOOP('',(#1188,#1189,#1190,#1191));
#2422=EDGE_LOOP('',(#1192,#1193,#1194,#1195));
#2423=EDGE_LOOP('',(#1196,#1197,#1198,#1199));
#2424=EDGE_LOOP('',(#1200,#1201,#1202,#1203));
#2425=EDGE_LOOP('',(#1204,#1205,#1206,#1207));
#2426=EDGE_LOOP('',(#1208,#1209,#1210,#1211));
#2427=EDGE_LOOP('',(#1212,#1213,#1214,#1215));
#2428=EDGE_LOOP('',(#1216,#1217,#1218,#1219));
#2429=EDGE_LOOP('',(#1220,#1221,#1222,#1223));
#2430=EDGE_LOOP('',(#1224,#1225,#1226,#1227));
#2431=EDGE_LOOP('',(#1228,#1229,#1230,#1231));
#2432=EDGE_LOOP('',(#1232,#1233,#1234,#1235));
#2433=EDGE_LOOP('',(#1236,#1237,#1238,#1239));
#2434=EDGE_LOOP('',(#1240,#1241,#1242,#1243));
#2435=EDGE_LOOP('',(#1244,#1245,#1246,#1247));
#2436=EDGE_LOOP('',(#1248,#1249,#1250,#1251));
#2437=EDGE_LOOP('',(#1252,#1253,#1254,#1255));
#2438=EDGE_LOOP('',(#1256,#1257,#1258,#1259));
#2439=EDGE_LOOP('',(#1260,#1261,#1262,#1263));
#2440=EDGE_LOOP('',(#1264,#1265,#1266,#1267));
#2441=EDGE_LOOP('',(#1268,#1269,#1270,#1271));
#2442=EDGE_LOOP('',(#1272,#1273,#1274,#1275));
#2443=EDGE_LOOP('',(#1276,#1277,#1278,#1279));
#2444=EDGE_LOOP('',(#1280,#1281,#1282,#1283));
#2445=EDGE_LOOP('',(#1284,#1285,#1286,#1287));
#2446=EDGE_LOOP('',(#1288,#1289,#1290,#1291));
#2447=EDGE_LOOP('',(#1292,#1293,#1294,#1295));
#2448=EDGE_LOOP('',(#1296,#1297,#1298,#1299));
#2449=EDGE_LOOP('',(#1300,#1301,#1302,#1303,#1304,#1305,#1306,#1307));
#2450=EDGE_LOOP('',(#1308,#1309,#1310,#1311));
#2451=EDGE_LOOP('',(#1312,#1313,#1314,#1315));
#2452=EDGE_LOOP('',(#1316,#1317,#1318,#1319));
#2453=EDGE_LOOP('',(#1320,#1321,#1322,#1323));
#2454=EDGE_LOOP('',(#1324,#1325,#1326,#1327));
#2455=EDGE_LOOP('',(#1328,#1329,#1330,#1331));
#2456=EDGE_LOOP('',(#1332,#1333,#1334,#1335));
#2457=EDGE_LOOP('',(#1336,#1337,#1338,#1339));
#2458=EDGE_LOOP('',(#1340,#1341,#1342,#1343));
#2459=EDGE_LOOP('',(#1344,#1345,#1346,#1347));
#2460=EDGE_LOOP('',(#1348,#1349,#1350,#1351));
#2461=EDGE_LOOP('',(#1352,#1353,#1354,#1355));
#2462=EDGE_LOOP('',(#1356,#1357,#1358,#1359));
#2463=EDGE_LOOP('',(#1360,#1361,#1362,#1363));
#2464=EDGE_LOOP('',(#1364,#1365,#1366,#1367));
#2465=EDGE_LOOP('',(#1368,#1369,#1370,#1371));
#2466=EDGE_LOOP('',(#1372,#1373,#1374,#1375));
#2467=EDGE_LOOP('',(#1376,#1377,#1378,#1379));
#2468=EDGE_LOOP('',(#1380,#1381,#1382,#1383));
#2469=EDGE_LOOP('',(#1384,#1385,#1386,#1387));
#2470=EDGE_LOOP('',(#1388,#1389,#1390,#1391));
#2471=EDGE_LOOP('',(#1392,#1393,#1394,#1395));
#2472=EDGE_LOOP('',(#1396,#1397,#1398,#1399));
#2473=EDGE_LOOP('',(#1400,#1401,#1402,#1403));
#2474=EDGE_LOOP('',(#1404,#1405,#1406,#1407));
#2475=EDGE_LOOP('',(#1408,#1409,#1410,#1411));
#2476=EDGE_LOOP('',(#1412,#1413,#1414,#1415));
#2477=EDGE_LOOP('',(#1416,#1417,#1418,#1419));
#2478=EDGE_LOOP('',(#1420,#1421,#1422,#1423));
#2479=EDGE_LOOP('',(#1424,#1425,#1426,#1427));
#2480=EDGE_LOOP('',(#1428,#1429,#1430,#1431));
#2481=EDGE_LOOP('',(#1432,#1433,#1434,#1435));
#2482=EDGE_LOOP('',(#1436,#1437,#1438,#1439));
#2483=EDGE_LOOP('',(#1440,#1441,#1442,#1443));
#2484=EDGE_LOOP('',(#1444,#1445,#1446,#1447));
#2485=EDGE_LOOP('',(#1448,#1449,#1450,#1451));
#2486=EDGE_LOOP('',(#1452,#1453,#1454,#1455));
#2487=EDGE_LOOP('',(#1456,#1457,#1458,#1459));
#2488=EDGE_LOOP('',(#1460,#1461,#1462,#1463));
#2489=EDGE_LOOP('',(#1464,#1465,#1466,#1467));
#2490=EDGE_LOOP('',(#1468,#1469,#1470,#1471));
#2491=EDGE_LOOP('',(#1472,#1473,#1474,#1475));
#2492=EDGE_LOOP('',(#1476,#1477,#1478,#1479));
#2493=EDGE_LOOP('',(#1480,#1481,#1482,#1483));
#2494=EDGE_LOOP('',(#1484,#1485,#1486,#1487));
#2495=EDGE_LOOP('',(#1488,#1489,#1490,#1491));
#2496=EDGE_LOOP('',(#1492,#1493,#1494,#1495));
#2497=EDGE_LOOP('',(#1496,#1497,#1498,#1499,#1500,#1501,#1502,#1503,#1504,
#1505,#1506,#1507,#1508,#1509,#1510,#1511,#1512,#1513,#1514,#1515,#1516,
#1517));
#2498=EDGE_LOOP('',(#1518,#1519,#1520,#1521));
#2499=EDGE_LOOP('',(#1522,#1523,#1524,#1525));
#2500=EDGE_LOOP('',(#1526,#1527,#1528,#1529));
#2501=EDGE_LOOP('',(#1530,#1531,#1532,#1533));
#2502=EDGE_LOOP('',(#1534,#1535,#1536,#1537));
#2503=EDGE_LOOP('',(#1538,#1539,#1540,#1541));
#2504=EDGE_LOOP('',(#1542,#1543,#1544,#1545));
#2505=EDGE_LOOP('',(#1546,#1547,#1548,#1549));
#2506=EDGE_LOOP('',(#1550,#1551,#1552,#1553));
#2507=EDGE_LOOP('',(#1554,#1555,#1556,#1557));
#2508=EDGE_LOOP('',(#1558,#1559,#1560,#1561));
#2509=EDGE_LOOP('',(#1562,#1563,#1564,#1565,#1566,#1567));
#2510=FACE_BOUND('',#2298,.T.);
#2511=FACE_BOUND('',#2299,.T.);
#2512=FACE_BOUND('',#2300,.T.);
#2513=FACE_BOUND('',#2301,.T.);
#2514=FACE_BOUND('',#2302,.T.);
#2515=FACE_BOUND('',#2303,.T.);
#2516=FACE_BOUND('',#2304,.T.);
#2517=FACE_BOUND('',#2305,.T.);
#2518=FACE_BOUND('',#2306,.T.);
#2519=FACE_BOUND('',#2307,.T.);
#2520=FACE_BOUND('',#2308,.T.);
#2521=FACE_BOUND('',#2309,.T.);
#2522=FACE_BOUND('',#2310,.T.);
#2523=FACE_BOUND('',#2311,.T.);
#2524=FACE_BOUND('',#2312,.T.);
#2525=FACE_BOUND('',#2313,.T.);
#2526=FACE_BOUND('',#2314,.T.);
#2527=FACE_BOUND('',#2315,.T.);
#2528=FACE_BOUND('',#2316,.T.);
#2529=FACE_BOUND('',#2317,.T.);
#2530=FACE_BOUND('',#2318,.T.);
#2531=FACE_BOUND('',#2319,.T.);
#2532=FACE_BOUND('',#2320,.T.);
#2533=FACE_BOUND('',#2321,.T.);
#2534=FACE_BOUND('',#2322,.T.);
#2535=FACE_BOUND('',#2323,.T.);
#2536=FACE_BOUND('',#2324,.T.);
#2537=FACE_BOUND('',#2325,.T.);
#2538=FACE_BOUND('',#2326,.T.);
#2539=FACE_BOUND('',#2327,.T.);
#2540=FACE_BOUND('',#2328,.T.);
#2541=FACE_BOUND('',#2329,.T.);
#2542=FACE_BOUND('',#2330,.T.);
#2543=FACE_BOUND('',#2331,.T.);
#2544=FACE_BOUND('',#2332,.T.);
#2545=FACE_BOUND('',#2333,.T.);
#2546=FACE_BOUND('',#2334,.T.);
#2547=FACE_BOUND('',#2335,.T.);
#2548=FACE_BOUND('',#2336,.T.);
#2549=FACE_BOUND('',#2337,.T.);
#2550=FACE_BOUND('',#2338,.T.);
#2551=FACE_BOUND('',#2339,.T.);
#2552=FACE_BOUND('',#2340,.T.);
#2553=FACE_BOUND('',#2341,.T.);
#2554=FACE_BOUND('',#2342,.T.);
#2555=FACE_BOUND('',#2343,.T.);
#2556=FACE_BOUND('',#2344,.T.);
#2557=FACE_BOUND('',#2345,.T.);
#2558=FACE_BOUND('',#2346,.T.);
#2559=FACE_BOUND('',#2347,.T.);
#2560=FACE_BOUND('',#2348,.T.);
#2561=FACE_BOUND('',#2349,.T.);
#2562=FACE_BOUND('',#2350,.T.);
#2563=FACE_BOUND('',#2351,.T.);
#2564=FACE_BOUND('',#2352,.T.);
#2565=FACE_BOUND('',#2353,.T.);
#2566=FACE_BOUND('',#2354,.T.);
#2567=FACE_BOUND('',#2355,.T.);
#2568=FACE_BOUND('',#2356,.T.);
#2569=FACE_BOUND('',#2357,.T.);
#2570=FACE_BOUND('',#2358,.T.);
#2571=FACE_BOUND('',#2359,.T.);
#2572=FACE_BOUND('',#2360,.T.);
#2573=FACE_BOUND('',#2361,.T.);
#2574=FACE_BOUND('',#2362,.T.);
#2575=FACE_BOUND('',#2363,.T.);
#2576=FACE_BOUND('',#2364,.T.);
#2577=FACE_BOUND('',#2365,.T.);
#2578=FACE_BOUND('',#2366,.T.);
#2579=FACE_BOUND('',#2367,.T.);
#2580=FACE_BOUND('',#2368,.T.);
#2581=FACE_BOUND('',#2369,.T.);
#2582=FACE_BOUND('',#2370,.T.);
#2583=FACE_BOUND('',#2371,.T.);
#2584=FACE_BOUND('',#2372,.T.);
#2585=FACE_BOUND('',#2373,.T.);
#2586=FACE_BOUND('',#2374,.T.);
#2587=FACE_BOUND('',#2375,.T.);
#2588=FACE_BOUND('',#2376,.T.);
#2589=FACE_BOUND('',#2377,.T.);
#2590=FACE_BOUND('',#2378,.T.);
#2591=FACE_BOUND('',#2379,.T.);
#2592=FACE_BOUND('',#2380,.T.);
#2593=FACE_BOUND('',#2381,.T.);
#2594=FACE_BOUND('',#2382,.T.);
#2595=FACE_BOUND('',#2383,.T.);
#2596=FACE_BOUND('',#2384,.T.);
#2597=FACE_BOUND('',#2385,.T.);
#2598=FACE_BOUND('',#2386,.T.);
#2599=FACE_BOUND('',#2387,.T.);
#2600=FACE_BOUND('',#2388,.T.);
#2601=FACE_BOUND('',#2389,.T.);
#2602=FACE_BOUND('',#2390,.T.);
#2603=FACE_BOUND('',#2391,.T.);
#2604=FACE_BOUND('',#2392,.T.);
#2605=FACE_BOUND('',#2393,.T.);
#2606=FACE_BOUND('',#2394,.T.);
#2607=FACE_BOUND('',#2395,.T.);
#2608=FACE_BOUND('',#2396,.T.);
#2609=FACE_BOUND('',#2397,.T.);
#2610=FACE_BOUND('',#2398,.T.);
#2611=FACE_BOUND('',#2399,.T.);
#2612=FACE_BOUND('',#2400,.T.);
#2613=FACE_BOUND('',#2401,.T.);
#2614=FACE_BOUND('',#2402,.T.);
#2615=FACE_BOUND('',#2403,.T.);
#2616=FACE_BOUND('',#2404,.T.);
#2617=FACE_BOUND('',#2405,.T.);
#2618=FACE_BOUND('',#2406,.T.);
#2619=FACE_BOUND('',#2407,.T.);
#2620=FACE_BOUND('',#2408,.T.);
#2621=FACE_BOUND('',#2409,.T.);
#2622=FACE_BOUND('',#2410,.T.);
#2623=FACE_BOUND('',#2411,.T.);
#2624=FACE_BOUND('',#2412,.T.);
#2625=FACE_BOUND('',#2413,.T.);
#2626=FACE_BOUND('',#2414,.T.);
#2627=FACE_BOUND('',#2415,.T.);
#2628=FACE_BOUND('',#2416,.T.);
#2629=FACE_BOUND('',#2417,.T.);
#2630=FACE_BOUND('',#2418,.T.);
#2631=FACE_BOUND('',#2419,.T.);
#2632=FACE_BOUND('',#2420,.T.);
#2633=FACE_BOUND('',#2421,.T.);
#2634=FACE_BOUND('',#2422,.T.);
#2635=FACE_BOUND('',#2423,.T.);
#2636=FACE_BOUND('',#2424,.T.);
#2637=FACE_BOUND('',#2425,.T.);
#2638=FACE_BOUND('',#2426,.T.);
#2639=FACE_BOUND('',#2427,.T.);
#2640=FACE_BOUND('',#2428,.T.);
#2641=FACE_BOUND('',#2429,.T.);
#2642=FACE_BOUND('',#2430,.T.);
#2643=FACE_BOUND('',#2431,.T.);
#2644=FACE_BOUND('',#2432,.T.);
#2645=FACE_BOUND('',#2433,.T.);
#2646=FACE_BOUND('',#2434,.T.);
#2647=FACE_BOUND('',#2435,.T.);
#2648=FACE_BOUND('',#2436,.T.);
#2649=FACE_BOUND('',#2437,.T.);
#2650=FACE_BOUND('',#2438,.T.);
#2651=FACE_BOUND('',#2439,.T.);
#2652=FACE_BOUND('',#2440,.T.);
#2653=FACE_BOUND('',#2441,.T.);
#2654=FACE_BOUND('',#2442,.T.);
#2655=FACE_BOUND('',#2443,.T.);
#2656=FACE_BOUND('',#2444,.T.);
#2657=FACE_BOUND('',#2445,.T.);
#2658=FACE_BOUND('',#2446,.T.);
#2659=FACE_BOUND('',#2447,.T.);
#2660=FACE_BOUND('',#2448,.T.);
#2661=FACE_BOUND('',#2449,.T.);
#2662=FACE_BOUND('',#2450,.T.);
#2663=FACE_BOUND('',#2451,.T.);
#2664=FACE_BOUND('',#2452,.T.);
#2665=FACE_BOUND('',#2453,.T.);
#2666=FACE_BOUND('',#2454,.T.);
#2667=FACE_BOUND('',#2455,.T.);
#2668=FACE_BOUND('',#2456,.T.);
#2669=FACE_BOUND('',#2457,.T.);
#2670=FACE_BOUND('',#2458,.T.);
#2671=FACE_BOUND('',#2459,.T.);
#2672=FACE_BOUND('',#2460,.T.);
#2673=FACE_BOUND('',#2461,.T.);
#2674=FACE_BOUND('',#2462,.T.);
#2675=FACE_BOUND('',#2463,.T.);
#2676=FACE_BOUND('',#2464,.T.);
#2677=FACE_BOUND('',#2465,.T.);
#2678=FACE_BOUND('',#2466,.T.);
#2679=FACE_BOUND('',#2467,.T.);
#2680=FACE_BOUND('',#2468,.T.);
#2681=FACE_BOUND('',#2469,.T.);
#2682=FACE_BOUND('',#2470,.T.);
#2683=FACE_BOUND('',#2471,.T.);
#2684=FACE_BOUND('',#2472,.T.);
#2685=FACE_BOUND('',#2473,.T.);
#2686=FACE_BOUND('',#2474,.T.);
#2687=FACE_BOUND('',#2475,.T.);
#2688=FACE_BOUND('',#2476,.T.);
#2689=FACE_BOUND('',#2477,.T.);
#2690=FACE_BOUND('',#2478,.T.);
#2691=FACE_BOUND('',#2479,.T.);
#2692=FACE_BOUND('',#2480,.T.);
#2693=FACE_BOUND('',#2481,.T.);
#2694=FACE_BOUND('',#2482,.T.);
#2695=FACE_BOUND('',#2483,.T.);
#2696=FACE_BOUND('',#2484,.T.);
#2697=FACE_BOUND('',#2485,.T.);
#2698=FACE_BOUND('',#2486,.T.);
#2699=FACE_BOUND('',#2487,.T.);
#2700=FACE_BOUND('',#2488,.T.);
#2701=FACE_BOUND('',#2489,.T.);
#2702=FACE_BOUND('',#2490,.T.);
#2703=FACE_BOUND('',#2491,.T.);
#2704=FACE_BOUND('',#2492,.T.);
#2705=FACE_BOUND('',#2493,.T.);
#2706=FACE_BOUND('',#2494,.T.);
#2707=FACE_BOUND('',#2495,.T.);
#2708=FACE_BOUND('',#2496,.T.);
#2709=FACE_BOUND('',#2497,.T.);
#2710=FACE_BOUND('',#2498,.T.);
#2711=FACE_BOUND('',#2499,.T.);
#2712=FACE_BOUND('',#2500,.T.);
#2713=FACE_BOUND('',#2501,.T.);
#2714=FACE_BOUND('',#2502,.T.);
#2715=FACE_BOUND('',#2503,.T.);
#2716=FACE_BOUND('',#2504,.T.);
#2717=FACE_BOUND('',#2505,.T.);
#2718=FACE_BOUND('',#2506,.T.);
#2719=FACE_BOUND('',#2507,.T.);
#2720=FACE_BOUND('',#2508,.T.);
#2721=FACE_BOUND('',#2509,.T.);
#2722=PLANE('',#3029);
#2723=PLANE('',#3064);
#2724=PLANE('',#3075);
#2725=PLANE('',#3076);
#2726=PLANE('',#3078);
#2727=PLANE('',#3082);
#2728=PLANE('',#3084);
#2729=PLANE('',#3090);
#2730=PLANE('',#3091);
#2731=PLANE('',#3092);
#2732=PLANE('',#3093);
#2733=PLANE('',#3094);
#2734=PLANE('',#3095);
#2735=PLANE('',#3096);
#2736=PLANE('',#3097);
#2737=PLANE('',#3098);
#2738=PLANE('',#3099);
#2739=PLANE('',#3100);
#2740=PLANE('',#3101);
#2741=PLANE('',#3102);
#2742=PLANE('',#3103);
#2743=PLANE('',#3104);
#2744=PLANE('',#3105);
#2745=PLANE('',#3106);
#2746=PLANE('',#3107);
#2747=PLANE('',#3108);
#2748=PLANE('',#3109);
#2749=PLANE('',#3110);
#2750=PLANE('',#3111);
#2751=PLANE('',#3112);
#2752=PLANE('',#3113);
#2753=PLANE('',#3114);
#2754=PLANE('',#3115);
#2755=PLANE('',#3116);
#2756=PLANE('',#3117);
#2757=PLANE('',#3118);
#2758=PLANE('',#3119);
#2759=PLANE('',#3120);
#2760=PLANE('',#3121);
#2761=PLANE('',#3122);
#2762=PLANE('',#3123);
#2763=PLANE('',#3124);
#2764=PLANE('',#3125);
#2765=PLANE('',#3126);
#2766=PLANE('',#3127);
#2767=PLANE('',#3128);
#2768=PLANE('',#3129);
#2769=PLANE('',#3130);
#2770=PLANE('',#3131);
#2771=PLANE('',#3132);
#2772=PLANE('',#3133);
#2773=PLANE('',#3134);
#2774=PLANE('',#3135);
#2775=PLANE('',#3136);
#2776=PLANE('',#3137);
#2777=PLANE('',#3138);
#2778=PLANE('',#3139);
#2779=PLANE('',#3140);
#2780=PLANE('',#3141);
#2781=PLANE('',#3142);
#2782=PLANE('',#3143);
#2783=PLANE('',#3144);
#2784=PLANE('',#3145);
#2785=PLANE('',#3146);
#2786=PLANE('',#3147);
#2787=PLANE('',#3148);
#2788=PLANE('',#3149);
#2789=PLANE('',#3150);
#2790=PLANE('',#3151);
#2791=PLANE('',#3152);
#2792=PLANE('',#3153);
#2793=PLANE('',#3154);
#2794=PLANE('',#3155);
#2795=PLANE('',#3156);
#2796=PLANE('',#3157);
#2797=PLANE('',#3158);
#2798=PLANE('',#3159);
#2799=PLANE('',#3160);
#2800=PLANE('',#3161);
#2801=PLANE('',#3162);
#2802=PLANE('',#3163);
#2803=PLANE('',#3164);
#2804=PLANE('',#3165);
#2805=PLANE('',#3166);
#2806=PLANE('',#3167);
#2807=PLANE('',#3168);
#2808=PLANE('',#3169);
#2809=PLANE('',#3170);
#2810=PLANE('',#3171);
#2811=PLANE('',#3172);
#2812=PLANE('',#3173);
#2813=PLANE('',#3174);
#2814=PLANE('',#3175);
#2815=PLANE('',#3176);
#2816=PLANE('',#3177);
#2817=PLANE('',#3178);
#2818=PLANE('',#3179);
#2819=PLANE('',#3180);
#2820=PLANE('',#3181);
#2821=PLANE('',#3182);
#2822=PLANE('',#3183);
#2823=PLANE('',#3184);
#2824=PLANE('',#3185);
#2825=PLANE('',#3186);
#2826=PLANE('',#3187);
#2827=PLANE('',#3188);
#2828=PLANE('',#3189);
#2829=PLANE('',#3190);
#2830=PLANE('',#3191);
#2831=PLANE('',#3192);
#2832=PLANE('',#3193);
#2833=PLANE('',#3194);
#2834=PLANE('',#3195);
#2835=PLANE('',#3196);
#2836=PLANE('',#3197);
#2837=PLANE('',#3202);
#2838=PLANE('',#3203);
#2839=PLANE('',#3204);
#2840=PLANE('',#3213);
#2841=PLANE('',#3214);
#2842=PLANE('',#3215);
#2843=PLANE('',#3216);
#2844=PLANE('',#3217);
#2845=PLANE('',#3218);
#2846=PLANE('',#3219);
#2847=PLANE('',#3220);
#2848=PLANE('',#3221);
#2849=PLANE('',#3222);
#2850=PLANE('',#3223);
#2851=PLANE('',#3224);
#2852=PLANE('',#3225);
#2853=ADVANCED_FACE('',(#2510,#2511,#2512,#2513,#2514,#2515,#2516,#2517,
#2518,#2519,#2520,#2521,#2522,#2523,#2524,#2525,#2526,#2527,#2528,#2529,
#2530,#2531,#2532,#2533,#2534,#2535,#2536,#2537,#2538,#2539,#2540,#2541),
#2722,.T.);
#2854=ADVANCED_FACE('',(#2542),#22,.T.);
#2855=ADVANCED_FACE('',(#2543,#2544),#23,.F.);
#2856=ADVANCED_FACE('',(#2545,#2546),#24,.F.);
#2857=ADVANCED_FACE('',(#2547,#2548),#25,.F.);
#2858=ADVANCED_FACE('',(#2549),#26,.T.);
#2859=ADVANCED_FACE('',(#2550,#2551),#27,.F.);
#2860=ADVANCED_FACE('',(#2552,#2553,#2554,#2555,#2556,#2557,#2558,#2559,
#2560,#2561),#2723,.F.);
#2861=ADVANCED_FACE('',(#2562),#2724,.T.);
#2862=ADVANCED_FACE('',(#2563),#2725,.T.);
#2863=ADVANCED_FACE('',(#2564,#2565),#28,.F.);
#2864=ADVANCED_FACE('',(#2566),#2726,.F.);
#2865=ADVANCED_FACE('',(#2567,#2568),#29,.F.);
#2866=ADVANCED_FACE('',(#2569),#30,.T.);
#2867=ADVANCED_FACE('',(#2570),#31,.T.);
#2868=ADVANCED_FACE('',(#2571),#2727,.F.);
#2869=ADVANCED_FACE('',(#2572),#32,.T.);
#2870=ADVANCED_FACE('',(#2573),#2728,.T.);
#2871=ADVANCED_FACE('',(#2574,#2575),#33,.F.);
#2872=ADVANCED_FACE('',(#2576),#34,.F.);
#2873=ADVANCED_FACE('',(#2577),#35,.F.);
#2874=ADVANCED_FACE('',(#2578,#2579),#36,.F.);
#2875=ADVANCED_FACE('',(#2580,#2581),#37,.F.);
#2876=ADVANCED_FACE('',(#2582),#2729,.T.);
#2877=ADVANCED_FACE('',(#2583),#2730,.T.);
#2878=ADVANCED_FACE('',(#2584),#2731,.T.);
#2879=ADVANCED_FACE('',(#2585),#2732,.T.);
#2880=ADVANCED_FACE('',(#2586),#2733,.T.);
#2881=ADVANCED_FACE('',(#2587),#2734,.T.);
#2882=ADVANCED_FACE('',(#2588),#2735,.T.);
#2883=ADVANCED_FACE('',(#2589),#2736,.T.);
#2884=ADVANCED_FACE('',(#2590),#2737,.T.);
#2885=ADVANCED_FACE('',(#2591),#2738,.T.);
#2886=ADVANCED_FACE('',(#2592),#2739,.T.);
#2887=ADVANCED_FACE('',(#2593),#2740,.T.);
#2888=ADVANCED_FACE('',(#2594),#2741,.T.);
#2889=ADVANCED_FACE('',(#2595),#2742,.T.);
#2890=ADVANCED_FACE('',(#2596),#2743,.T.);
#2891=ADVANCED_FACE('',(#2597),#2744,.T.);
#2892=ADVANCED_FACE('',(#2598),#2745,.T.);
#2893=ADVANCED_FACE('',(#2599),#2746,.T.);
#2894=ADVANCED_FACE('',(#2600),#2747,.T.);
#2895=ADVANCED_FACE('',(#2601),#2748,.T.);
#2896=ADVANCED_FACE('',(#2602),#2749,.T.);
#2897=ADVANCED_FACE('',(#2603),#2750,.T.);
#2898=ADVANCED_FACE('',(#2604),#2751,.T.);
#2899=ADVANCED_FACE('',(#2605),#2752,.T.);
#2900=ADVANCED_FACE('',(#2606),#2753,.T.);
#2901=ADVANCED_FACE('',(#2607),#2754,.T.);
#2902=ADVANCED_FACE('',(#2608),#2755,.T.);
#2903=ADVANCED_FACE('',(#2609),#2756,.T.);
#2904=ADVANCED_FACE('',(#2610),#2757,.T.);
#2905=ADVANCED_FACE('',(#2611),#2758,.T.);
#2906=ADVANCED_FACE('',(#2612),#2759,.T.);
#2907=ADVANCED_FACE('',(#2613),#2760,.T.);
#2908=ADVANCED_FACE('',(#2614),#2761,.T.);
#2909=ADVANCED_FACE('',(#2615),#2762,.T.);
#2910=ADVANCED_FACE('',(#2616),#2763,.T.);
#2911=ADVANCED_FACE('',(#2617),#2764,.T.);
#2912=ADVANCED_FACE('',(#2618),#2765,.T.);
#2913=ADVANCED_FACE('',(#2619),#2766,.T.);
#2914=ADVANCED_FACE('',(#2620),#2767,.T.);
#2915=ADVANCED_FACE('',(#2621),#2768,.T.);
#2916=ADVANCED_FACE('',(#2622),#2769,.T.);
#2917=ADVANCED_FACE('',(#2623),#2770,.T.);
#2918=ADVANCED_FACE('',(#2624),#2771,.T.);
#2919=ADVANCED_FACE('',(#2625),#2772,.T.);
#2920=ADVANCED_FACE('',(#2626),#2773,.T.);
#2921=ADVANCED_FACE('',(#2627),#2774,.T.);
#2922=ADVANCED_FACE('',(#2628),#2775,.T.);
#2923=ADVANCED_FACE('',(#2629),#2776,.T.);
#2924=ADVANCED_FACE('',(#2630),#2777,.T.);
#2925=ADVANCED_FACE('',(#2631),#2778,.T.);
#2926=ADVANCED_FACE('',(#2632),#2779,.T.);
#2927=ADVANCED_FACE('',(#2633),#2780,.T.);
#2928=ADVANCED_FACE('',(#2634),#2781,.T.);
#2929=ADVANCED_FACE('',(#2635),#2782,.T.);
#2930=ADVANCED_FACE('',(#2636),#2783,.T.);
#2931=ADVANCED_FACE('',(#2637),#2784,.T.);
#2932=ADVANCED_FACE('',(#2638),#2785,.T.);
#2933=ADVANCED_FACE('',(#2639),#2786,.T.);
#2934=ADVANCED_FACE('',(#2640),#2787,.T.);
#2935=ADVANCED_FACE('',(#2641),#2788,.T.);
#2936=ADVANCED_FACE('',(#2642),#2789,.T.);
#2937=ADVANCED_FACE('',(#2643),#2790,.T.);
#2938=ADVANCED_FACE('',(#2644),#2791,.T.);
#2939=ADVANCED_FACE('',(#2645),#2792,.T.);
#2940=ADVANCED_FACE('',(#2646),#2793,.T.);
#2941=ADVANCED_FACE('',(#2647),#2794,.T.);
#2942=ADVANCED_FACE('',(#2648),#2795,.T.);
#2943=ADVANCED_FACE('',(#2649),#2796,.T.);
#2944=ADVANCED_FACE('',(#2650),#2797,.T.);
#2945=ADVANCED_FACE('',(#2651),#2798,.T.);
#2946=ADVANCED_FACE('',(#2652),#2799,.T.);
#2947=ADVANCED_FACE('',(#2653),#2800,.T.);
#2948=ADVANCED_FACE('',(#2654),#2801,.T.);
#2949=ADVANCED_FACE('',(#2655),#2802,.T.);
#2950=ADVANCED_FACE('',(#2656),#2803,.T.);
#2951=ADVANCED_FACE('',(#2657),#2804,.T.);
#2952=ADVANCED_FACE('',(#2658),#2805,.T.);
#2953=ADVANCED_FACE('',(#2659),#2806,.T.);
#2954=ADVANCED_FACE('',(#2660),#2807,.T.);
#2955=ADVANCED_FACE('',(#2661),#2808,.T.);
#2956=ADVANCED_FACE('',(#2662),#2809,.T.);
#2957=ADVANCED_FACE('',(#2663),#2810,.T.);
#2958=ADVANCED_FACE('',(#2664),#2811,.T.);
#2959=ADVANCED_FACE('',(#2665),#2812,.T.);
#2960=ADVANCED_FACE('',(#2666),#2813,.T.);
#2961=ADVANCED_FACE('',(#2667),#2814,.T.);
#2962=ADVANCED_FACE('',(#2668),#2815,.T.);
#2963=ADVANCED_FACE('',(#2669),#2816,.T.);
#2964=ADVANCED_FACE('',(#2670),#2817,.T.);
#2965=ADVANCED_FACE('',(#2671),#2818,.T.);
#2966=ADVANCED_FACE('',(#2672),#2819,.T.);
#2967=ADVANCED_FACE('',(#2673),#2820,.T.);
#2968=ADVANCED_FACE('',(#2674),#2821,.T.);
#2969=ADVANCED_FACE('',(#2675),#2822,.T.);
#2970=ADVANCED_FACE('',(#2676),#2823,.T.);
#2971=ADVANCED_FACE('',(#2677),#2824,.T.);
#2972=ADVANCED_FACE('',(#2678),#2825,.T.);
#2973=ADVANCED_FACE('',(#2679),#2826,.T.);
#2974=ADVANCED_FACE('',(#2680),#2827,.T.);
#2975=ADVANCED_FACE('',(#2681),#2828,.T.);
#2976=ADVANCED_FACE('',(#2682),#2829,.T.);
#2977=ADVANCED_FACE('',(#2683),#2830,.T.);
#2978=ADVANCED_FACE('',(#2684),#2831,.T.);
#2979=ADVANCED_FACE('',(#2685),#2832,.T.);
#2980=ADVANCED_FACE('',(#2686),#2833,.T.);
#2981=ADVANCED_FACE('',(#2687),#12,.T.);
#2982=ADVANCED_FACE('',(#2688),#2834,.T.);
#2983=ADVANCED_FACE('',(#2689),#2835,.T.);
#2984=ADVANCED_FACE('',(#2690),#2836,.T.);
#2985=ADVANCED_FACE('',(#2691),#13,.T.);
#2986=ADVANCED_FACE('',(#2692),#14,.T.);
#2987=ADVANCED_FACE('',(#2693),#38,.T.);
#2988=ADVANCED_FACE('',(#2694),#39,.T.);
#2989=ADVANCED_FACE('',(#2695),#15,.T.);
#2990=ADVANCED_FACE('',(#2696),#16,.T.);
#2991=ADVANCED_FACE('',(#2697),#2837,.T.);
#2992=ADVANCED_FACE('',(#2698),#2838,.T.);
#2993=ADVANCED_FACE('',(#2699),#2839,.T.);
#2994=ADVANCED_FACE('',(#2700),#40,.F.);
#2995=ADVANCED_FACE('',(#2701),#41,.F.);
#2996=ADVANCED_FACE('',(#2702),#17,.T.);
#2997=ADVANCED_FACE('',(#2703),#18,.T.);
#2998=ADVANCED_FACE('',(#2704),#19,.T.);
#2999=ADVANCED_FACE('',(#2705),#20,.T.);
#3000=ADVANCED_FACE('',(#2706),#42,.F.);
#3001=ADVANCED_FACE('',(#2707),#43,.F.);
#3002=ADVANCED_FACE('',(#2708),#21,.T.);
#3003=ADVANCED_FACE('',(#2709),#2840,.T.);
#3004=ADVANCED_FACE('',(#2710),#2841,.T.);
#3005=ADVANCED_FACE('',(#2711),#2842,.T.);
#3006=ADVANCED_FACE('',(#2712),#2843,.T.);
#3007=ADVANCED_FACE('',(#2713),#2844,.T.);
#3008=ADVANCED_FACE('',(#2714),#2845,.T.);
#3009=ADVANCED_FACE('',(#2715),#2846,.T.);
#3010=ADVANCED_FACE('',(#2716),#2847,.T.);
#3011=ADVANCED_FACE('',(#2717),#2848,.T.);
#3012=ADVANCED_FACE('',(#2718),#2849,.T.);
#3013=ADVANCED_FACE('',(#2719),#2850,.T.);
#3014=ADVANCED_FACE('',(#2720),#2851,.T.);
#3015=ADVANCED_FACE('',(#2721),#2852,.T.);
#3016=CLOSED_SHELL('',(#2853,#2854,#2855,#2856,#2857,#2858,#2859,#2860,
#2861,#2862,#2863,#2864,#2865,#2866,#2867,#2868,#2869,#2870,#2871,#2872,
#2873,#2874,#2875,#2876,#2877,#2878,#2879,#2880,#2881,#2882,#2883,#2884,
#2885,#2886,#2887,#2888,#2889,#2890,#2891,#2892,#2893,#2894,#2895,#2896,
#2897,#2898,#2899,#2900,#2901,#2902,#2903,#2904,#2905,#2906,#2907,#2908,
#2909,#2910,#2911,#2912,#2913,#2914,#2915,#2916,#2917,#2918,#2919,#2920,
#2921,#2922,#2923,#2924,#2925,#2926,#2927,#2928,#2929,#2930,#2931,#2932,
#2933,#2934,#2935,#2936,#2937,#2938,#2939,#2940,#2941,#2942,#2943,#2944,
#2945,#2946,#2947,#2948,#2949,#2950,#2951,#2952,#2953,#2954,#2955,#2956,
#2957,#2958,#2959,#2960,#2961,#2962,#2963,#2964,#2965,#2966,#2967,#2968,
#2969,#2970,#2971,#2972,#2973,#2974,#2975,#2976,#2977,#2978,#2979,#2980,
#2981,#2982,#2983,#2984,#2985,#2986,#2987,#2988,#2989,#2990,#2991,#2992,
#2993,#2994,#2995,#2996,#2997,#2998,#2999,#3000,#3001,#3002,#3003,#3004,
#3005,#3006,#3007,#3008,#3009,#3010,#3011,#3012,#3013,#3014,#3015));
#3017=STYLED_ITEM('',(#3018),#3025);
#3018=PRESENTATION_STYLE_ASSIGNMENT((#3019));
#3019=SURFACE_STYLE_USAGE(.BOTH.,#3020);
#3020=SURFACE_SIDE_STYLE('',(#3021));
#3021=SURFACE_STYLE_FILL_AREA(#3022);
#3022=FILL_AREA_STYLE('',(#3023));
#3023=FILL_AREA_STYLE_COLOUR('',#3024);
#3024=COLOUR_RGB('',0.917647058823529,0.917647058823529,0.917647058823529);
#3025=MANIFOLD_SOLID_BREP('Base Top',#3016);
#3026=SHAPE_DEFINITION_REPRESENTATION(#4932,#3027);
#3027=SHAPE_REPRESENTATION('Base Top',(#3028),#4927);
#3028=AXIS2_PLACEMENT_3D('',#3966,#3226,#3227);
#3029=AXIS2_PLACEMENT_3D('',#3967,#3228,#3229);
#3030=AXIS2_PLACEMENT_3D('',#3968,#3230,#3231);
#3031=AXIS2_PLACEMENT_3D('',#3970,#3232,#3233);
#3032=AXIS2_PLACEMENT_3D('',#3975,#3235,#3236);
#3033=AXIS2_PLACEMENT_3D('',#3979,#3238,#3239);
#3034=AXIS2_PLACEMENT_3D('',#3981,#3240,#3241);
#3035=AXIS2_PLACEMENT_3D('',#3985,#3243,#3244);
#3036=AXIS2_PLACEMENT_3D('',#3989,#3246,#3247);
#3037=AXIS2_PLACEMENT_3D('',#3991,#3248,#3249);
#3038=AXIS2_PLACEMENT_3D('',#3995,#3251,#3252);
#3039=AXIS2_PLACEMENT_3D('',#3996,#3253,#3254);
#3040=AXIS2_PLACEMENT_3D('',#3998,#3255,#3256);
#3041=AXIS2_PLACEMENT_3D('',#4000,#3257,#3258);
#3042=AXIS2_PLACEMENT_3D('',#4002,#3259,#3260);
#3043=AXIS2_PLACEMENT_3D('',#4004,#3261,#3262);
#3044=AXIS2_PLACEMENT_3D('',#4006,#3263,#3264);
#3045=AXIS2_PLACEMENT_3D('',#4008,#3265,#3266);
#3046=AXIS2_PLACEMENT_3D('',#4193,#3354,#3355);
#3047=AXIS2_PLACEMENT_3D('',#4195,#3356,#3357);
#3048=AXIS2_PLACEMENT_3D('',#4213,#3358,#3359);
#3049=AXIS2_PLACEMENT_3D('',#4215,#3360,#3361);
#3050=AXIS2_PLACEMENT_3D('',#4231,#3365,#3366);
#3051=AXIS2_PLACEMENT_3D('',#4233,#3367,#3368);
#3052=AXIS2_PLACEMENT_3D('',#4266,#3381,#3382);
#3053=AXIS2_PLACEMENT_3D('',#4267,#3383,#3384);
#3054=AXIS2_PLACEMENT_3D('',#4272,#3387,#3388);
#3055=AXIS2_PLACEMENT_3D('',#4273,#3389,#3390);
#3056=AXIS2_PLACEMENT_3D('',#4275,#3391,#3392);
#3057=AXIS2_PLACEMENT_3D('',#4276,#3393,#3394);
#3058=AXIS2_PLACEMENT_3D('',#4278,#3395,#3396);
#3059=AXIS2_PLACEMENT_3D('',#4279,#3397,#3398);
#3060=AXIS2_PLACEMENT_3D('',#4281,#3399,#3400);
#3061=AXIS2_PLACEMENT_3D('',#4284,#3402,#3403);
#3062=AXIS2_PLACEMENT_3D('',#4287,#3405,#3406);
#3063=AXIS2_PLACEMENT_3D('',#4288,#3407,#3408);
#3064=AXIS2_PLACEMENT_3D('',#4290,#3409,#3410);
#3065=AXIS2_PLACEMENT_3D('',#4291,#3411,#3412);
#3066=AXIS2_PLACEMENT_3D('',#4293,#3413,#3414);
#3067=AXIS2_PLACEMENT_3D('',#4297,#3416,#3417);
#3068=AXIS2_PLACEMENT_3D('',#4301,#3419,#3420);
#3069=AXIS2_PLACEMENT_3D('',#4304,#3422,#3423);
#3070=AXIS2_PLACEMENT_3D('',#4308,#3425,#3426);
#3071=AXIS2_PLACEMENT_3D('',#4312,#3428,#3429);
#3072=AXIS2_PLACEMENT_3D('',#4313,#3430,#3431);
#3073=AXIS2_PLACEMENT_3D('',#4315,#3432,#3433);
#3074=AXIS2_PLACEMENT_3D('',#4317,#3434,#3435);
#3075=AXIS2_PLACEMENT_3D('',#4319,#3436,#3437);
#3076=AXIS2_PLACEMENT_3D('',#4321,#3439,#3440);
#3077=AXIS2_PLACEMENT_3D('',#4324,#3443,#3444);
#3078=AXIS2_PLACEMENT_3D('',#4325,#3445,#3446);
#3079=AXIS2_PLACEMENT_3D('',#4327,#3448,#3449);
#3080=AXIS2_PLACEMENT_3D('',#4328,#3450,#3451);
#3081=AXIS2_PLACEMENT_3D('',#4329,#3452,#3453);
#3082=AXIS2_PLACEMENT_3D('',#4330,#3454,#3455);
#3083=AXIS2_PLACEMENT_3D('',#4333,#3458,#3459);
#3084=AXIS2_PLACEMENT_3D('',#4335,#3461,#3462);
#3085=AXIS2_PLACEMENT_3D('',#4337,#3464,#3465);
#3086=AXIS2_PLACEMENT_3D('',#4338,#3466,#3467);
#3087=AXIS2_PLACEMENT_3D('',#4339,#3468,#3469);
#3088=AXIS2_PLACEMENT_3D('',#4340,#3470,#3471);
#3089=AXIS2_PLACEMENT_3D('',#4341,#3472,#3473);
#3090=AXIS2_PLACEMENT_3D('',#4342,#3474,#3475);
#3091=AXIS2_PLACEMENT_3D('',#4348,#3479,#3480);
#3092=AXIS2_PLACEMENT_3D('',#4352,#3483,#3484);
#3093=AXIS2_PLACEMENT_3D('',#4356,#3487,#3488);
#3094=AXIS2_PLACEMENT_3D('',#4360,#3491,#3492);
#3095=AXIS2_PLACEMENT_3D('',#4364,#3495,#3496);
#3096=AXIS2_PLACEMENT_3D('',#4368,#3499,#3500);
#3097=AXIS2_PLACEMENT_3D('',#4372,#3503,#3504);
#3098=AXIS2_PLACEMENT_3D('',#4374,#3506,#3507);
#3099=AXIS2_PLACEMENT_3D('',#4375,#3508,#3509);
#3100=AXIS2_PLACEMENT_3D('',#4381,#3513,#3514);
#3101=AXIS2_PLACEMENT_3D('',#4385,#3517,#3518);
#3102=AXIS2_PLACEMENT_3D('',#4389,#3521,#3522);
#3103=AXIS2_PLACEMENT_3D('',#4391,#3524,#3525);
#3104=AXIS2_PLACEMENT_3D('',#4392,#3526,#3527);
#3105=AXIS2_PLACEMENT_3D('',#4398,#3531,#3532);
#3106=AXIS2_PLACEMENT_3D('',#4402,#3535,#3536);
#3107=AXIS2_PLACEMENT_3D('',#4406,#3539,#3540);
#3108=AXIS2_PLACEMENT_3D('',#4408,#3542,#3543);
#3109=AXIS2_PLACEMENT_3D('',#4409,#3544,#3545);
#3110=AXIS2_PLACEMENT_3D('',#4415,#3549,#3550);
#3111=AXIS2_PLACEMENT_3D('',#4419,#3553,#3554);
#3112=AXIS2_PLACEMENT_3D('',#4423,#3557,#3558);
#3113=AXIS2_PLACEMENT_3D('',#4425,#3560,#3561);
#3114=AXIS2_PLACEMENT_3D('',#4426,#3562,#3563);
#3115=AXIS2_PLACEMENT_3D('',#4432,#3567,#3568);
#3116=AXIS2_PLACEMENT_3D('',#4436,#3571,#3572);
#3117=AXIS2_PLACEMENT_3D('',#4440,#3575,#3576);
#3118=AXIS2_PLACEMENT_3D('',#4442,#3578,#3579);
#3119=AXIS2_PLACEMENT_3D('',#4443,#3580,#3581);
#3120=AXIS2_PLACEMENT_3D('',#4449,#3585,#3586);
#3121=AXIS2_PLACEMENT_3D('',#4453,#3589,#3590);
#3122=AXIS2_PLACEMENT_3D('',#4457,#3593,#3594);
#3123=AXIS2_PLACEMENT_3D('',#4461,#3597,#3598);
#3124=AXIS2_PLACEMENT_3D('',#4465,#3601,#3602);
#3125=AXIS2_PLACEMENT_3D('',#4467,#3604,#3605);
#3126=AXIS2_PLACEMENT_3D('',#4468,#3606,#3607);
#3127=AXIS2_PLACEMENT_3D('',#4474,#3611,#3612);
#3128=AXIS2_PLACEMENT_3D('',#4478,#3615,#3616);
#3129=AXIS2_PLACEMENT_3D('',#4482,#3619,#3620);
#3130=AXIS2_PLACEMENT_3D('',#4484,#3622,#3623);
#3131=AXIS2_PLACEMENT_3D('',#4485,#3624,#3625);
#3132=AXIS2_PLACEMENT_3D('',#4491,#3629,#3630);
#3133=AXIS2_PLACEMENT_3D('',#4495,#3633,#3634);
#3134=AXIS2_PLACEMENT_3D('',#4499,#3637,#3638);
#3135=AXIS2_PLACEMENT_3D('',#4501,#3640,#3641);
#3136=AXIS2_PLACEMENT_3D('',#4502,#3642,#3643);
#3137=AXIS2_PLACEMENT_3D('',#4508,#3647,#3648);
#3138=AXIS2_PLACEMENT_3D('',#4512,#3651,#3652);
#3139=AXIS2_PLACEMENT_3D('',#4516,#3655,#3656);
#3140=AXIS2_PLACEMENT_3D('',#4518,#3658,#3659);
#3141=AXIS2_PLACEMENT_3D('',#4519,#3660,#3661);
#3142=AXIS2_PLACEMENT_3D('',#4525,#3665,#3666);
#3143=AXIS2_PLACEMENT_3D('',#4529,#3669,#3670);
#3144=AXIS2_PLACEMENT_3D('',#4533,#3673,#3674);
#3145=AXIS2_PLACEMENT_3D('',#4535,#3676,#3677);
#3146=AXIS2_PLACEMENT_3D('',#4536,#3678,#3679);
#3147=AXIS2_PLACEMENT_3D('',#4542,#3683,#3684);
#3148=AXIS2_PLACEMENT_3D('',#4546,#3687,#3688);
#3149=AXIS2_PLACEMENT_3D('',#4550,#3691,#3692);
#3150=AXIS2_PLACEMENT_3D('',#4552,#3694,#3695);
#3151=AXIS2_PLACEMENT_3D('',#4553,#3696,#3697);
#3152=AXIS2_PLACEMENT_3D('',#4559,#3701,#3702);
#3153=AXIS2_PLACEMENT_3D('',#4563,#3705,#3706);
#3154=AXIS2_PLACEMENT_3D('',#4567,#3709,#3710);
#3155=AXIS2_PLACEMENT_3D('',#4569,#3712,#3713);
#3156=AXIS2_PLACEMENT_3D('',#4570,#3714,#3715);
#3157=AXIS2_PLACEMENT_3D('',#4576,#3719,#3720);
#3158=AXIS2_PLACEMENT_3D('',#4580,#3723,#3724);
#3159=AXIS2_PLACEMENT_3D('',#4584,#3727,#3728);
#3160=AXIS2_PLACEMENT_3D('',#4586,#3730,#3731);
#3161=AXIS2_PLACEMENT_3D('',#4587,#3732,#3733);
#3162=AXIS2_PLACEMENT_3D('',#4593,#3737,#3738);
#3163=AXIS2_PLACEMENT_3D('',#4597,#3741,#3742);
#3164=AXIS2_PLACEMENT_3D('',#4601,#3745,#3746);
#3165=AXIS2_PLACEMENT_3D('',#4605,#3749,#3750);
#3166=AXIS2_PLACEMENT_3D('',#4609,#3753,#3754);
#3167=AXIS2_PLACEMENT_3D('',#4613,#3757,#3758);
#3168=AXIS2_PLACEMENT_3D('',#4617,#3761,#3762);
#3169=AXIS2_PLACEMENT_3D('',#4619,#3764,#3765);
#3170=AXIS2_PLACEMENT_3D('',#4620,#3766,#3767);
#3171=AXIS2_PLACEMENT_3D('',#4626,#3771,#3772);
#3172=AXIS2_PLACEMENT_3D('',#4630,#3775,#3776);
#3173=AXIS2_PLACEMENT_3D('',#4634,#3779,#3780);
#3174=AXIS2_PLACEMENT_3D('',#4636,#3782,#3783);
#3175=AXIS2_PLACEMENT_3D('',#4637,#3784,#3785);
#3176=AXIS2_PLACEMENT_3D('',#4643,#3789,#3790);
#3177=AXIS2_PLACEMENT_3D('',#4647,#3793,#3794);
#3178=AXIS2_PLACEMENT_3D('',#4651,#3797,#3798);
#3179=AXIS2_PLACEMENT_3D('',#4653,#3800,#3801);
#3180=AXIS2_PLACEMENT_3D('',#4654,#3802,#3803);
#3181=AXIS2_PLACEMENT_3D('',#4660,#3807,#3808);
#3182=AXIS2_PLACEMENT_3D('',#4664,#3811,#3812);
#3183=AXIS2_PLACEMENT_3D('',#4668,#3815,#3816);
#3184=AXIS2_PLACEMENT_3D('',#4670,#3818,#3819);
#3185=AXIS2_PLACEMENT_3D('',#4671,#3820,#3821);
#3186=AXIS2_PLACEMENT_3D('',#4677,#3825,#3826);
#3187=AXIS2_PLACEMENT_3D('',#4681,#3829,#3830);
#3188=AXIS2_PLACEMENT_3D('',#4685,#3833,#3834);
#3189=AXIS2_PLACEMENT_3D('',#4687,#3836,#3837);
#3190=AXIS2_PLACEMENT_3D('',#4688,#3838,#3839);
#3191=AXIS2_PLACEMENT_3D('',#4694,#3843,#3844);
#3192=AXIS2_PLACEMENT_3D('',#4698,#3847,#3848);
#3193=AXIS2_PLACEMENT_3D('',#4702,#3851,#3852);
#3194=AXIS2_PLACEMENT_3D('',#4704,#3854,#3855);
#3195=AXIS2_PLACEMENT_3D('',#4720,#3858,#3859);
#3196=AXIS2_PLACEMENT_3D('',#4724,#3862,#3863);
#3197=AXIS2_PLACEMENT_3D('',#4728,#3866,#3867);
#3198=AXIS2_PLACEMENT_3D('',#4758,#3872,#3873);
#3199=AXIS2_PLACEMENT_3D('',#4761,#3875,#3876);
#3200=AXIS2_PLACEMENT_3D('',#4762,#3877,#3878);
#3201=AXIS2_PLACEMENT_3D('',#4765,#3880,#3881);
#3202=AXIS2_PLACEMENT_3D('',#4792,#3884,#3885);
#3203=AXIS2_PLACEMENT_3D('',#4796,#3888,#3889);
#3204=AXIS2_PLACEMENT_3D('',#4800,#3892,#3893);
#3205=AXIS2_PLACEMENT_3D('',#4804,#3896,#3897);
#3206=AXIS2_PLACEMENT_3D('',#4807,#3899,#3900);
#3207=AXIS2_PLACEMENT_3D('',#4808,#3901,#3902);
#3208=AXIS2_PLACEMENT_3D('',#4811,#3904,#3905);
#3209=AXIS2_PLACEMENT_3D('',#4864,#3910,#3911);
#3210=AXIS2_PLACEMENT_3D('',#4867,#3913,#3914);
#3211=AXIS2_PLACEMENT_3D('',#4868,#3915,#3916);
#3212=AXIS2_PLACEMENT_3D('',#4871,#3918,#3919);
#3213=AXIS2_PLACEMENT_3D('',#4883,#3920,#3921);
#3214=AXIS2_PLACEMENT_3D('',#4884,#3922,#3923);
#3215=AXIS2_PLACEMENT_3D('',#4890,#3927,#3928);
#3216=AXIS2_PLACEMENT_3D('',#4894,#3931,#3932);
#3217=AXIS2_PLACEMENT_3D('',#4898,#3935,#3936);
#3218=AXIS2_PLACEMENT_3D('',#4900,#3938,#3939);
#3219=AXIS2_PLACEMENT_3D('',#4901,#3940,#3941);
#3220=AXIS2_PLACEMENT_3D('',#4907,#3945,#3946);
#3221=AXIS2_PLACEMENT_3D('',#4911,#3949,#3950);
#3222=AXIS2_PLACEMENT_3D('',#4915,#3953,#3954);
#3223=AXIS2_PLACEMENT_3D('',#4919,#3957,#3958);
#3224=AXIS2_PLACEMENT_3D('',#4923,#3961,#3962);
#3225=AXIS2_PLACEMENT_3D('',#4925,#3964,#3965);
#3226=DIRECTION('',(0.,0.,1.));
#3227=DIRECTION('',(1.,0.,0.));
#3228=DIRECTION('',(0.,0.,1.));
#3229=DIRECTION('',(1.,0.,0.));
#3230=DIRECTION('',(0.,0.,1.));
#3231=DIRECTION('',(1.,0.,0.));
#3232=DIRECTION('',(0.,0.,1.));
#3233=DIRECTION('',(1.,0.,0.));
#3234=DIRECTION('',(-1.,0.,0.));
#3235=DIRECTION('',(0.,0.,1.));
#3236=DIRECTION('',(1.,0.,0.));
#3237=DIRECTION('',(0.,1.,0.));
#3238=DIRECTION('',(0.,0.,1.));
#3239=DIRECTION('',(1.,0.,0.));
#3240=DIRECTION('',(0.,0.,1.));
#3241=DIRECTION('',(1.,0.,0.));
#3242=DIRECTION('',(-3.26218822256815E-16,1.,0.));
#3243=DIRECTION('',(0.,0.,1.));
#3244=DIRECTION('',(1.,0.,0.));
#3245=DIRECTION('',(0.,1.,0.));
#3246=DIRECTION('',(0.,0.,1.));
#3247=DIRECTION('',(1.,0.,0.));
#3248=DIRECTION('',(0.,0.,1.));
#3249=DIRECTION('',(1.,0.,0.));
#3250=DIRECTION('',(0.,1.,0.));
#3251=DIRECTION('',(0.,0.,1.));
#3252=DIRECTION('',(1.,0.,0.));
#3253=DIRECTION('',(0.,0.,1.));
#3254=DIRECTION('',(1.,0.,0.));
#3255=DIRECTION('',(0.,0.,1.));
#3256=DIRECTION('',(1.,0.,0.));
#3257=DIRECTION('',(0.,0.,1.));
#3258=DIRECTION('',(1.,0.,0.));
#3259=DIRECTION('',(0.,0.,1.));
#3260=DIRECTION('',(1.,0.,0.));
#3261=DIRECTION('',(0.,0.,1.));
#3262=DIRECTION('',(1.,0.,0.));
#3263=DIRECTION('',(0.,0.,1.));
#3264=DIRECTION('',(1.,0.,0.));
#3265=DIRECTION('',(0.,0.,1.));
#3266=DIRECTION('',(1.,0.,0.));
#3267=DIRECTION('',(-1.,0.,0.));
#3268=DIRECTION('',(0.,1.,0.));
#3269=DIRECTION('',(0.91696234076621,0.398973765574322,0.));
#3270=DIRECTION('',(1.,0.,0.));
#3271=DIRECTION('',(0.,-1.,0.));
#3272=DIRECTION('',(-0.926997718891684,-0.375066966246848,0.));
#3273=DIRECTION('',(1.,0.,0.));
#3274=DIRECTION('',(-3.50602496817793E-16,-1.,0.));
#3275=DIRECTION('',(4.68767006551363E-16,1.,0.));
#3276=DIRECTION('',(0.932579394592743,0.36096491904482,0.));
#3277=DIRECTION('',(0.924373933534977,-0.38148765510967,0.));
#3278=DIRECTION('',(-0.907103691516794,-0.420907225925862,0.));
#3279=DIRECTION('',(1.,0.,0.));
#3280=DIRECTION('',(-6.41510084105462E-16,-1.,0.));
#3281=DIRECTION('',(-1.,0.,0.));
#3282=DIRECTION('',(6.41510084105464E-16,1.,0.));
#3283=DIRECTION('',(5.02837791488681E-16,1.,0.));
#3284=DIRECTION('',(1.,0.,0.));
#3285=DIRECTION('',(-4.31003821276012E-16,-1.,0.));
#3286=DIRECTION('',(-1.,0.,0.));
#3287=DIRECTION('',(-1.,0.,0.));
#3288=DIRECTION('',(5.26593907622001E-16,1.,0.));
#3289=DIRECTION('',(1.,0.,0.));
#3290=DIRECTION('',(0.,-1.,0.));
#3291=DIRECTION('',(-0.923432726629025,0.383760341086054,0.));
#3292=DIRECTION('',(4.68767006551363E-16,1.,0.));
#3293=DIRECTION('',(0.893968443896062,-0.448129915669611,0.));
#3294=DIRECTION('',(1.,0.,0.));
#3295=DIRECTION('',(0.,-1.,0.));
#3296=DIRECTION('',(-1.,0.,0.));
#3297=DIRECTION('',(1.,0.,0.));
#3298=DIRECTION('',(-6.41510084105462E-16,-1.,0.));
#3299=DIRECTION('',(-1.,0.,0.));
#3300=DIRECTION('',(6.41510084105464E-16,1.,0.));
#3301=DIRECTION('',(0.,1.,0.));
#3302=DIRECTION('',(1.,0.,0.));
#3303=DIRECTION('',(-5.74671761701351E-16,-1.,0.));
#3304=DIRECTION('',(-1.,0.,0.));
#3305=DIRECTION('',(-1.,0.,0.));
#3306=DIRECTION('',(0.,1.,0.));
#3307=DIRECTION('',(1.,0.,0.));
#3308=DIRECTION('',(-3.51062605081336E-16,-1.,0.));
#3309=DIRECTION('',(1.,0.,0.));
#3310=DIRECTION('',(-6.41510084105462E-16,-1.,0.));
#3311=DIRECTION('',(-1.,0.,0.));
#3312=DIRECTION('',(6.41510084105464E-16,1.,0.));
#3313=DIRECTION('',(0.,1.,0.));
#3314=DIRECTION('',(1.,0.,0.));
#3315=DIRECTION('',(-5.74671761701349E-16,-1.,0.));
#3316=DIRECTION('',(-1.,0.,0.));
#3317=DIRECTION('',(-1.,0.,0.));
#3318=DIRECTION('',(0.,1.,0.));
#3319=DIRECTION('',(1.,0.,0.));
#3320=DIRECTION('',(-3.51062605081336E-16,-1.,0.));
#3321=DIRECTION('',(1.,0.,0.));
#3322=DIRECTION('',(-3.51062605081336E-16,-1.,0.));
#3323=DIRECTION('',(-1.,0.,0.));
#3324=DIRECTION('',(0.,1.,0.));
#3325=DIRECTION('',(-0.917508737712473,0.397715622299735,0.));
#3326=DIRECTION('',(0.,1.,0.));
#3327=DIRECTION('',(1.,0.,0.));
#3328=DIRECTION('',(-3.51062605081336E-16,-1.,0.));
#3329=DIRECTION('',(-1.,0.,0.));
#3330=DIRECTION('',(0.927750969801036,-0.373199863388557,0.));
#3331=DIRECTION('',(0.,-1.,0.));
#3332=DIRECTION('',(-1.,0.,0.));
#3333=DIRECTION('',(1.,0.,0.));
#3334=DIRECTION('',(-6.41510084105462E-16,-1.,0.));
#3335=DIRECTION('',(-1.,0.,0.));
#3336=DIRECTION('',(6.41510084105462E-16,1.,0.));
#3337=DIRECTION('',(5.02837791488681E-16,1.,0.));
#3338=DIRECTION('',(1.,0.,0.));
#3339=DIRECTION('',(-4.31003821276012E-16,-1.,0.));
#3340=DIRECTION('',(-1.,0.,0.));
#3341=DIRECTION('',(-1.,0.,0.));
#3342=DIRECTION('',(5.26593907622004E-16,1.,0.));
#3343=DIRECTION('',(1.,0.,0.));
#3344=DIRECTION('',(0.,-1.,0.));
#3345=DIRECTION('',(1.,0.,0.));
#3346=DIRECTION('',(0.,-1.,0.));
#3347=DIRECTION('',(-1.,0.,0.));
#3348=DIRECTION('',(5.26593907622004E-16,1.,0.));
#3349=DIRECTION('',(-1.,0.,0.));
#3350=DIRECTION('',(5.35019410143954E-16,1.,0.));
#3351=DIRECTION('',(1.,0.,0.));
#3352=DIRECTION('',(0.,-1.,0.));
#3353=DIRECTION('',(3.50143593026149E-16,1.,0.));
#3354=DIRECTION('',(0.,0.,1.));
#3355=DIRECTION('',(1.,0.,0.));
#3356=DIRECTION('',(0.,0.,1.));
#3357=DIRECTION('',(1.,0.,0.));
#3358=DIRECTION('',(0.,0.,1.));
#3359=DIRECTION('',(1.,0.,0.));
#3360=DIRECTION('',(0.,0.,1.));
#3361=DIRECTION('',(1.,0.,0.));
#3362=DIRECTION('',(0.,-1.,0.));
#3363=DIRECTION('',(-1.,0.,0.));
#3364=DIRECTION('',(0.,1.,0.));
#3365=DIRECTION('',(0.,0.,1.));
#3366=DIRECTION('',(1.,0.,0.));
#3367=DIRECTION('',(0.,0.,1.));
#3368=DIRECTION('',(1.,0.,0.));
#3369=DIRECTION('',(0.,-1.,0.));
#3370=DIRECTION('',(-1.,0.,0.));
#3371=DIRECTION('',(0.,1.,0.));
#3372=DIRECTION('',(0.932579394592742,0.360964919044821,0.));
#3373=DIRECTION('',(0.924373933534974,-0.381487655109676,0.));
#3374=DIRECTION('',(-0.907103691516794,-0.420907225925862,0.));
#3375=DIRECTION('',(-0.923432726629026,0.383760341086053,0.));
#3376=DIRECTION('',(0.,1.,0.));
#3377=DIRECTION('',(0.893968443896062,-0.448129915669611,0.));
#3378=DIRECTION('',(1.,0.,0.));
#3379=DIRECTION('',(-3.51062605081336E-16,-1.,0.));
#3380=DIRECTION('',(-1.,0.,0.));
#3381=DIRECTION('',(0.,0.,1.));
#3382=DIRECTION('',(1.,0.,0.));
#3383=DIRECTION('',(0.,0.,1.));
#3384=DIRECTION('',(1.,0.,0.));
#3385=DIRECTION('',(0.,0.,1.));
#3386=DIRECTION('',(0.,0.,1.));
#3387=DIRECTION('',(0.,0.,1.));
#3388=DIRECTION('',(1.,0.,0.));
#3389=DIRECTION('',(0.,0.,1.));
#3390=DIRECTION('',(1.,0.,0.));
#3391=DIRECTION('',(0.,0.,1.));
#3392=DIRECTION('',(1.,0.,0.));
#3393=DIRECTION('',(0.,0.,1.));
#3394=DIRECTION('',(1.,0.,0.));
#3395=DIRECTION('',(0.,0.,1.));
#3396=DIRECTION('',(1.,0.,0.));
#3397=DIRECTION('',(0.,0.,1.));
#3398=DIRECTION('',(1.,0.,0.));
#3399=DIRECTION('',(0.,0.,1.));
#3400=DIRECTION('',(1.,0.,0.));
#3401=DIRECTION('',(0.,0.,1.));
#3402=DIRECTION('',(0.,0.,1.));
#3403=DIRECTION('',(1.,0.,0.));
#3404=DIRECTION('',(0.,0.,1.));
#3405=DIRECTION('',(0.,0.,1.));
#3406=DIRECTION('',(1.,0.,0.));
#3407=DIRECTION('',(0.,0.,1.));
#3408=DIRECTION('',(1.,0.,0.));
#3409=DIRECTION('',(0.,0.,1.));
#3410=DIRECTION('',(1.,0.,0.));
#3411=DIRECTION('',(0.,0.,1.));
#3412=DIRECTION('',(1.,0.,0.));
#3413=DIRECTION('',(0.,0.,1.));
#3414=DIRECTION('',(1.,0.,0.));
#3415=DIRECTION('',(0.,1.,0.));
#3416=DIRECTION('',(0.,0.,1.));
#3417=DIRECTION('',(1.,0.,0.));
#3418=DIRECTION('',(-1.,0.,0.));
#3419=DIRECTION('',(0.,0.,1.));
#3420=DIRECTION('',(1.,0.,0.));
#3421=DIRECTION('',(0.,1.,0.));
#3422=DIRECTION('',(0.,0.,1.));
#3423=DIRECTION('',(1.,0.,0.));
#3424=DIRECTION('',(0.,1.,0.));
#3425=DIRECTION('',(0.,0.,1.));
#3426=DIRECTION('',(1.,0.,0.));
#3427=DIRECTION('',(-3.26218822256815E-16,1.,0.));
#3428=DIRECTION('',(0.,0.,1.));
#3429=DIRECTION('',(1.,0.,0.));
#3430=DIRECTION('',(0.,0.,1.));
#3431=DIRECTION('',(1.,0.,0.));
#3432=DIRECTION('',(0.,0.,1.));
#3433=DIRECTION('',(1.,0.,0.));
#3434=DIRECTION('',(0.,0.,1.));
#3435=DIRECTION('',(1.,0.,0.));
#3436=DIRECTION('',(1.,0.,0.));
#3437=DIRECTION('',(0.,0.,-1.));
#3438=DIRECTION('',(0.,0.,1.));
#3439=DIRECTION('',(0.,1.,0.));
#3440=DIRECTION('',(0.,0.,1.));
#3441=DIRECTION('',(0.,0.,1.));
#3442=DIRECTION('',(0.,0.,1.));
#3443=DIRECTION('',(0.,0.,1.));
#3444=DIRECTION('',(1.,0.,0.));
#3445=DIRECTION('',(1.,0.,0.));
#3446=DIRECTION('',(0.,0.,-1.));
#3447=DIRECTION('',(0.,0.,1.));
#3448=DIRECTION('',(0.,0.,1.));
#3449=DIRECTION('',(1.,0.,0.));
#3450=DIRECTION('',(0.,0.,-1.));
#3451=DIRECTION('',(-1.,0.,0.));
#3452=DIRECTION('',(0.,0.,1.));
#3453=DIRECTION('',(1.,0.,0.));
#3454=DIRECTION('',(1.,3.26218822256815E-16,0.));
#3455=DIRECTION('',(-3.26218822256815E-16,1.,0.));
#3456=DIRECTION('',(0.,0.,1.));
#3457=DIRECTION('',(0.,0.,1.));
#3458=DIRECTION('',(0.,0.,1.));
#3459=DIRECTION('',(1.,0.,0.));
#3460=DIRECTION('',(0.,0.,1.));
#3461=DIRECTION('',(1.,0.,0.));
#3462=DIRECTION('',(0.,0.,-1.));
#3463=DIRECTION('',(0.,0.,-1.));
#3464=DIRECTION('',(0.,0.,1.));
#3465=DIRECTION('',(1.,0.,0.));
#3466=DIRECTION('',(0.,0.,1.));
#3467=DIRECTION('',(1.,0.,0.));
#3468=DIRECTION('',(0.,0.,1.));
#3469=DIRECTION('',(1.,0.,0.));
#3470=DIRECTION('',(0.,0.,1.));
#3471=DIRECTION('',(1.,0.,0.));
#3472=DIRECTION('',(0.,0.,1.));
#3473=DIRECTION('',(1.,0.,0.));
#3474=DIRECTION('',(1.,0.,0.));
#3475=DIRECTION('',(0.,0.,-1.));
#3476=DIRECTION('',(0.,0.,1.));
#3477=DIRECTION('',(0.,1.,0.));
#3478=DIRECTION('',(0.,0.,1.));
#3479=DIRECTION('',(0.,1.,0.));
#3480=DIRECTION('',(0.,0.,1.));
#3481=DIRECTION('',(0.,0.,1.));
#3482=DIRECTION('',(-1.,0.,0.));
#3483=DIRECTION('',(-1.,3.50602496817793E-16,0.));
#3484=DIRECTION('',(-3.50602496817793E-16,-1.,0.));
#3485=DIRECTION('',(0.,0.,1.));
#3486=DIRECTION('',(-3.50602496817793E-16,-1.,0.));
#3487=DIRECTION('',(0.,-1.,0.));
#3488=DIRECTION('',(0.,0.,-1.));
#3489=DIRECTION('',(0.,0.,1.));
#3490=DIRECTION('',(1.,0.,0.));
#3491=DIRECTION('',(-0.375066966246848,0.926997718891684,0.));
#3492=DIRECTION('',(-0.926997718891684,-0.375066966246848,0.));
#3493=DIRECTION('',(0.,0.,1.));
#3494=DIRECTION('',(-0.926997718891684,-0.375066966246848,0.));
#3495=DIRECTION('',(-1.,0.,0.));
#3496=DIRECTION('',(0.,0.,1.));
#3497=DIRECTION('',(0.,0.,1.));
#3498=DIRECTION('',(0.,-1.,0.));
#3499=DIRECTION('',(0.,-1.,0.));
#3500=DIRECTION('',(0.,0.,-1.));
#3501=DIRECTION('',(0.,0.,1.));
#3502=DIRECTION('',(1.,0.,0.));
#3503=DIRECTION('',(0.398973765574322,-0.91696234076621,0.));
#3504=DIRECTION('',(0.91696234076621,0.398973765574322,0.));
#3505=DIRECTION('',(0.91696234076621,0.398973765574322,0.));
#3506=DIRECTION('',(0.,0.,1.));
#3507=DIRECTION('',(1.,0.,0.));
#3508=DIRECTION('',(0.36096491904482,-0.932579394592743,0.));
#3509=DIRECTION('',(0.932579394592743,0.36096491904482,0.));
#3510=DIRECTION('',(0.,0.,1.));
#3511=DIRECTION('',(0.932579394592743,0.36096491904482,0.));
#3512=DIRECTION('',(0.,0.,1.));
#3513=DIRECTION('',(1.,-4.68767006551363E-16,0.));
#3514=DIRECTION('',(4.68767006551363E-16,1.,0.));
#3515=DIRECTION('',(0.,0.,1.));
#3516=DIRECTION('',(4.68767006551363E-16,1.,0.));
#3517=DIRECTION('',(-0.420907225925862,0.907103691516794,0.));
#3518=DIRECTION('',(-0.907103691516794,-0.420907225925862,0.));
#3519=DIRECTION('',(0.,0.,1.));
#3520=DIRECTION('',(-0.907103691516794,-0.420907225925862,0.));
#3521=DIRECTION('',(-0.38148765510967,-0.924373933534977,0.));
#3522=DIRECTION('',(0.924373933534977,-0.38148765510967,0.));
#3523=DIRECTION('',(0.924373933534977,-0.38148765510967,0.));
#3524=DIRECTION('',(0.,0.,1.));
#3525=DIRECTION('',(1.,0.,0.));
#3526=DIRECTION('',(-1.,6.41510084105462E-16,0.));
#3527=DIRECTION('',(-6.41510084105462E-16,-1.,0.));
#3528=DIRECTION('',(0.,0.,1.));
#3529=DIRECTION('',(-6.41510084105462E-16,-1.,0.));
#3530=DIRECTION('',(0.,0.,1.));
#3531=DIRECTION('',(0.,-1.,0.));
#3532=DIRECTION('',(0.,0.,-1.));
#3533=DIRECTION('',(0.,0.,1.));
#3534=DIRECTION('',(1.,0.,0.));
#3535=DIRECTION('',(1.,-6.41510084105464E-16,0.));
#3536=DIRECTION('',(6.41510084105464E-16,1.,0.));
#3537=DIRECTION('',(0.,0.,1.));
#3538=DIRECTION('',(6.41510084105464E-16,1.,0.));
#3539=DIRECTION('',(0.,1.,0.));
#3540=DIRECTION('',(0.,0.,1.));
#3541=DIRECTION('',(-1.,0.,0.));
#3542=DIRECTION('',(0.,0.,1.));
#3543=DIRECTION('',(1.,0.,0.));
#3544=DIRECTION('',(0.,-1.,0.));
#3545=DIRECTION('',(0.,0.,-1.));
#3546=DIRECTION('',(0.,0.,1.));
#3547=DIRECTION('',(1.,0.,0.));
#3548=DIRECTION('',(0.,0.,1.));
#3549=DIRECTION('',(1.,-5.02837791488681E-16,0.));
#3550=DIRECTION('',(5.02837791488681E-16,1.,0.));
#3551=DIRECTION('',(0.,0.,1.));
#3552=DIRECTION('',(5.02837791488681E-16,1.,0.));
#3553=DIRECTION('',(0.,1.,0.));
#3554=DIRECTION('',(0.,0.,1.));
#3555=DIRECTION('',(0.,0.,1.));
#3556=DIRECTION('',(-1.,0.,0.));
#3557=DIRECTION('',(-1.,4.31003821276012E-16,0.));
#3558=DIRECTION('',(-4.31003821276012E-16,-1.,0.));
#3559=DIRECTION('',(-4.31003821276012E-16,-1.,0.));
#3560=DIRECTION('',(0.,0.,1.));
#3561=DIRECTION('',(1.,0.,0.));
#3562=DIRECTION('',(1.,-5.26593907622001E-16,0.));
#3563=DIRECTION('',(5.26593907622001E-16,1.,0.));
#3564=DIRECTION('',(0.,0.,1.));
#3565=DIRECTION('',(5.26593907622001E-16,1.,0.));
#3566=DIRECTION('',(0.,0.,1.));
#3567=DIRECTION('',(0.,1.,0.));
#3568=DIRECTION('',(0.,0.,1.));
#3569=DIRECTION('',(0.,0.,1.));
#3570=DIRECTION('',(-1.,0.,0.));
#3571=DIRECTION('',(-1.,0.,0.));
#3572=DIRECTION('',(0.,0.,1.));
#3573=DIRECTION('',(0.,0.,1.));
#3574=DIRECTION('',(0.,-1.,0.));
#3575=DIRECTION('',(0.,-1.,0.));
#3576=DIRECTION('',(0.,0.,-1.));
#3577=DIRECTION('',(1.,0.,0.));
#3578=DIRECTION('',(0.,0.,1.));
#3579=DIRECTION('',(1.,0.,0.));
#3580=DIRECTION('',(1.,-4.68767006551363E-16,0.));
#3581=DIRECTION('',(4.68767006551363E-16,1.,0.));
#3582=DIRECTION('',(0.,0.,1.));
#3583=DIRECTION('',(4.68767006551363E-16,1.,0.));
#3584=DIRECTION('',(0.,0.,1.));
#3585=DIRECTION('',(0.383760341086054,0.923432726629025,0.));
#3586=DIRECTION('',(-0.923432726629025,0.383760341086054,0.));
#3587=DIRECTION('',(0.,0.,1.));
#3588=DIRECTION('',(-0.923432726629025,0.383760341086054,0.));
#3589=DIRECTION('',(0.,1.,0.));
#3590=DIRECTION('',(0.,0.,1.));
#3591=DIRECTION('',(0.,0.,1.));
#3592=DIRECTION('',(-1.,0.,0.));
#3593=DIRECTION('',(-1.,0.,0.));
#3594=DIRECTION('',(0.,0.,1.));
#3595=DIRECTION('',(0.,0.,1.));
#3596=DIRECTION('',(0.,-1.,0.));
#3597=DIRECTION('',(0.,-1.,0.));
#3598=DIRECTION('',(0.,0.,-1.));
#3599=DIRECTION('',(0.,0.,1.));
#3600=DIRECTION('',(1.,0.,0.));
#3601=DIRECTION('',(-0.448129915669611,-0.893968443896062,0.));
#3602=DIRECTION('',(0.893968443896062,-0.448129915669611,0.));
#3603=DIRECTION('',(0.893968443896062,-0.448129915669611,0.));
#3604=DIRECTION('',(0.,0.,1.));
#3605=DIRECTION('',(1.,0.,0.));
#3606=DIRECTION('',(-1.,6.41510084105462E-16,0.));
#3607=DIRECTION('',(-6.41510084105462E-16,-1.,0.));
#3608=DIRECTION('',(0.,0.,1.));
#3609=DIRECTION('',(-6.41510084105462E-16,-1.,0.));
#3610=DIRECTION('',(0.,0.,1.));
#3611=DIRECTION('',(0.,-1.,0.));
#3612=DIRECTION('',(0.,0.,-1.));
#3613=DIRECTION('',(0.,0.,1.));
#3614=DIRECTION('',(1.,0.,0.));
#3615=DIRECTION('',(1.,-6.41510084105464E-16,0.));
#3616=DIRECTION('',(6.41510084105464E-16,1.,0.));
#3617=DIRECTION('',(0.,0.,1.));
#3618=DIRECTION('',(6.41510084105464E-16,1.,0.));
#3619=DIRECTION('',(0.,1.,0.));
#3620=DIRECTION('',(0.,0.,1.));
#3621=DIRECTION('',(-1.,0.,0.));
#3622=DIRECTION('',(0.,0.,1.));
#3623=DIRECTION('',(1.,0.,0.));
#3624=DIRECTION('',(0.,-1.,0.));
#3625=DIRECTION('',(0.,0.,-1.));
#3626=DIRECTION('',(0.,0.,1.));
#3627=DIRECTION('',(1.,0.,0.));
#3628=DIRECTION('',(0.,0.,1.));
#3629=DIRECTION('',(1.,0.,0.));
#3630=DIRECTION('',(0.,0.,-1.));
#3631=DIRECTION('',(0.,0.,1.));
#3632=DIRECTION('',(0.,1.,0.));
#3633=DIRECTION('',(0.,1.,0.));
#3634=DIRECTION('',(0.,0.,1.));
#3635=DIRECTION('',(0.,0.,1.));
#3636=DIRECTION('',(-1.,0.,0.));
#3637=DIRECTION('',(-1.,5.74671761701351E-16,0.));
#3638=DIRECTION('',(-5.74671761701351E-16,-1.,0.));
#3639=DIRECTION('',(-5.74671761701351E-16,-1.,0.));
#3640=DIRECTION('',(0.,0.,1.));
#3641=DIRECTION('',(1.,0.,0.));
#3642=DIRECTION('',(1.,0.,0.));
#3643=DIRECTION('',(0.,0.,-1.));
#3644=DIRECTION('',(0.,0.,1.));
#3645=DIRECTION('',(0.,1.,0.));
#3646=DIRECTION('',(0.,0.,1.));
#3647=DIRECTION('',(0.,1.,0.));
#3648=DIRECTION('',(0.,0.,1.));
#3649=DIRECTION('',(0.,0.,1.));
#3650=DIRECTION('',(-1.,0.,0.));
#3651=DIRECTION('',(-1.,3.51062605081336E-16,0.));
#3652=DIRECTION('',(-3.51062605081336E-16,-1.,0.));
#3653=DIRECTION('',(0.,0.,1.));
#3654=DIRECTION('',(-3.51062605081336E-16,-1.,0.));
#3655=DIRECTION('',(0.,-1.,0.));
#3656=DIRECTION('',(0.,0.,-1.));
#3657=DIRECTION('',(1.,0.,0.));
#3658=DIRECTION('',(0.,0.,1.));
#3659=DIRECTION('',(1.,0.,0.));
#3660=DIRECTION('',(-1.,6.41510084105462E-16,0.));
#3661=DIRECTION('',(-6.41510084105462E-16,-1.,0.));
#3662=DIRECTION('',(0.,0.,1.));
#3663=DIRECTION('',(-6.41510084105462E-16,-1.,0.));
#3664=DIRECTION('',(0.,0.,1.));
#3665=DIRECTION('',(0.,-1.,0.));
#3666=DIRECTION('',(0.,0.,-1.));
#3667=DIRECTION('',(0.,0.,1.));
#3668=DIRECTION('',(1.,0.,0.));
#3669=DIRECTION('',(1.,-6.41510084105464E-16,0.));
#3670=DIRECTION('',(6.41510084105464E-16,1.,0.));
#3671=DIRECTION('',(0.,0.,1.));
#3672=DIRECTION('',(6.41510084105464E-16,1.,0.));
#3673=DIRECTION('',(0.,1.,0.));
#3674=DIRECTION('',(0.,0.,1.));
#3675=DIRECTION('',(-1.,0.,0.));
#3676=DIRECTION('',(0.,0.,1.));
#3677=DIRECTION('',(1.,0.,0.));
#3678=DIRECTION('',(0.,-1.,0.));
#3679=DIRECTION('',(0.,0.,-1.));
#3680=DIRECTION('',(0.,0.,1.));
#3681=DIRECTION('',(1.,0.,0.));
#3682=DIRECTION('',(0.,0.,1.));
#3683=DIRECTION('',(1.,0.,0.));
#3684=DIRECTION('',(0.,0.,-1.));
#3685=DIRECTION('',(0.,0.,1.));
#3686=DIRECTION('',(0.,1.,0.));
#3687=DIRECTION('',(0.,1.,0.));
#3688=DIRECTION('',(0.,0.,1.));
#3689=DIRECTION('',(0.,0.,1.));
#3690=DIRECTION('',(-1.,0.,0.));
#3691=DIRECTION('',(-1.,5.74671761701349E-16,0.));
#3692=DIRECTION('',(-5.74671761701349E-16,-1.,0.));
#3693=DIRECTION('',(-5.74671761701349E-16,-1.,0.));
#3694=DIRECTION('',(0.,0.,1.));
#3695=DIRECTION('',(1.,0.,0.));
#3696=DIRECTION('',(1.,0.,0.));
#3697=DIRECTION('',(0.,0.,-1.));
#3698=DIRECTION('',(0.,0.,1.));
#3699=DIRECTION('',(0.,1.,0.));
#3700=DIRECTION('',(0.,0.,1.));
#3701=DIRECTION('',(0.,1.,0.));
#3702=DIRECTION('',(0.,0.,1.));
#3703=DIRECTION('',(0.,0.,1.));
#3704=DIRECTION('',(-1.,0.,0.));
#3705=DIRECTION('',(-1.,3.51062605081336E-16,0.));
#3706=DIRECTION('',(-3.51062605081336E-16,-1.,0.));
#3707=DIRECTION('',(0.,0.,1.));
#3708=DIRECTION('',(-3.51062605081336E-16,-1.,0.));
#3709=DIRECTION('',(0.,-1.,0.));
#3710=DIRECTION('',(0.,0.,-1.));
#3711=DIRECTION('',(1.,0.,0.));
#3712=DIRECTION('',(0.,0.,1.));
#3713=DIRECTION('',(1.,0.,0.));
#3714=DIRECTION('',(-1.,3.51062605081336E-16,0.));
#3715=DIRECTION('',(-3.51062605081336E-16,-1.,0.));
#3716=DIRECTION('',(0.,0.,1.));
#3717=DIRECTION('',(-3.51062605081336E-16,-1.,0.));
#3718=DIRECTION('',(0.,0.,1.));
#3719=DIRECTION('',(0.,-1.,0.));
#3720=DIRECTION('',(0.,0.,-1.));
#3721=DIRECTION('',(0.,0.,1.));
#3722=DIRECTION('',(1.,0.,0.));
#3723=DIRECTION('',(1.,0.,0.));
#3724=DIRECTION('',(0.,0.,-1.));
#3725=DIRECTION('',(0.,0.,1.));
#3726=DIRECTION('',(0.,1.,0.));
#3727=DIRECTION('',(0.,1.,0.));
#3728=DIRECTION('',(0.,0.,1.));
#3729=DIRECTION('',(-1.,0.,0.));
#3730=DIRECTION('',(0.,0.,1.));
#3731=DIRECTION('',(1.,0.,0.));
#3732=DIRECTION('',(1.,0.,0.));
#3733=DIRECTION('',(0.,0.,-1.));
#3734=DIRECTION('',(0.,0.,1.));
#3735=DIRECTION('',(0.,1.,0.));
#3736=DIRECTION('',(0.,0.,1.));
#3737=DIRECTION('',(0.397715622299735,0.917508737712473,0.));
#3738=DIRECTION('',(-0.917508737712473,0.397715622299735,0.));
#3739=DIRECTION('',(0.,0.,1.));
#3740=DIRECTION('',(-0.917508737712473,0.397715622299735,0.));
#3741=DIRECTION('',(0.,1.,0.));
#3742=DIRECTION('',(0.,0.,1.));
#3743=DIRECTION('',(0.,0.,1.));
#3744=DIRECTION('',(-1.,0.,0.));
#3745=DIRECTION('',(-1.,0.,0.));
#3746=DIRECTION('',(0.,0.,1.));
#3747=DIRECTION('',(0.,0.,1.));
#3748=DIRECTION('',(0.,-1.,0.));
#3749=DIRECTION('',(-0.373199863388557,-0.927750969801036,0.));
#3750=DIRECTION('',(0.927750969801036,-0.373199863388557,0.));
#3751=DIRECTION('',(0.,0.,1.));
#3752=DIRECTION('',(0.927750969801036,-0.373199863388557,0.));
#3753=DIRECTION('',(0.,1.,0.));
#3754=DIRECTION('',(0.,0.,1.));
#3755=DIRECTION('',(0.,0.,1.));
#3756=DIRECTION('',(-1.,0.,0.));
#3757=DIRECTION('',(-1.,3.51062605081336E-16,0.));
#3758=DIRECTION('',(-3.51062605081336E-16,-1.,0.));
#3759=DIRECTION('',(0.,0.,1.));
#3760=DIRECTION('',(-3.51062605081336E-16,-1.,0.));
#3761=DIRECTION('',(0.,-1.,0.));
#3762=DIRECTION('',(0.,0.,-1.));
#3763=DIRECTION('',(1.,0.,0.));
#3764=DIRECTION('',(0.,0.,1.));
#3765=DIRECTION('',(1.,0.,0.));
#3766=DIRECTION('',(-1.,6.41510084105462E-16,0.));
#3767=DIRECTION('',(-6.41510084105462E-16,-1.,0.));
#3768=DIRECTION('',(0.,0.,1.));
#3769=DIRECTION('',(-6.41510084105462E-16,-1.,0.));
#3770=DIRECTION('',(0.,0.,1.));
#3771=DIRECTION('',(0.,-1.,0.));
#3772=DIRECTION('',(0.,0.,-1.));
#3773=DIRECTION('',(0.,0.,1.));
#3774=DIRECTION('',(1.,0.,0.));
#3775=DIRECTION('',(1.,-6.41510084105462E-16,0.));
#3776=DIRECTION('',(6.41510084105462E-16,1.,0.));
#3777=DIRECTION('',(0.,0.,1.));
#3778=DIRECTION('',(6.41510084105462E-16,1.,0.));
#3779=DIRECTION('',(0.,1.,0.));
#3780=DIRECTION('',(0.,0.,1.));
#3781=DIRECTION('',(-1.,0.,0.));
#3782=DIRECTION('',(0.,0.,1.));
#3783=DIRECTION('',(1.,0.,0.));
#3784=DIRECTION('',(0.,-1.,0.));
#3785=DIRECTION('',(0.,0.,-1.));
#3786=DIRECTION('',(0.,0.,1.));
#3787=DIRECTION('',(1.,0.,0.));
#3788=DIRECTION('',(0.,0.,1.));
#3789=DIRECTION('',(1.,-5.02837791488681E-16,0.));
#3790=DIRECTION('',(5.02837791488681E-16,1.,0.));
#3791=DIRECTION('',(0.,0.,1.));
#3792=DIRECTION('',(5.02837791488681E-16,1.,0.));
#3793=DIRECTION('',(0.,1.,0.));
#3794=DIRECTION('',(0.,0.,1.));
#3795=DIRECTION('',(0.,0.,1.));
#3796=DIRECTION('',(-1.,0.,0.));
#3797=DIRECTION('',(-1.,4.31003821276012E-16,0.));
#3798=DIRECTION('',(-4.31003821276012E-16,-1.,0.));
#3799=DIRECTION('',(-4.31003821276012E-16,-1.,0.));
#3800=DIRECTION('',(0.,0.,1.));
#3801=DIRECTION('',(1.,0.,0.));
#3802=DIRECTION('',(1.,-5.26593907622004E-16,0.));
#3803=DIRECTION('',(5.26593907622004E-16,1.,0.));
#3804=DIRECTION('',(0.,0.,1.));
#3805=DIRECTION('',(5.26593907622004E-16,1.,0.));
#3806=DIRECTION('',(0.,0.,1.));
#3807=DIRECTION('',(0.,1.,0.));
#3808=DIRECTION('',(0.,0.,1.));
#3809=DIRECTION('',(0.,0.,1.));
#3810=DIRECTION('',(-1.,0.,0.));
#3811=DIRECTION('',(-1.,0.,0.));
#3812=DIRECTION('',(0.,0.,1.));
#3813=DIRECTION('',(0.,0.,1.));
#3814=DIRECTION('',(0.,-1.,0.));
#3815=DIRECTION('',(0.,-1.,0.));
#3816=DIRECTION('',(0.,0.,-1.));
#3817=DIRECTION('',(1.,0.,0.));
#3818=DIRECTION('',(0.,0.,1.));
#3819=DIRECTION('',(1.,0.,0.));
#3820=DIRECTION('',(-1.,0.,0.));
#3821=DIRECTION('',(0.,0.,1.));
#3822=DIRECTION('',(0.,0.,1.));
#3823=DIRECTION('',(0.,-1.,0.));
#3824=DIRECTION('',(0.,0.,1.));
#3825=DIRECTION('',(0.,-1.,0.));
#3826=DIRECTION('',(0.,0.,-1.));
#3827=DIRECTION('',(0.,0.,1.));
#3828=DIRECTION('',(1.,0.,0.));
#3829=DIRECTION('',(1.,-5.26593907622004E-16,0.));
#3830=DIRECTION('',(5.26593907622004E-16,1.,0.));
#3831=DIRECTION('',(0.,0.,1.));
#3832=DIRECTION('',(5.26593907622004E-16,1.,0.));
#3833=DIRECTION('',(0.,1.,0.));
#3834=DIRECTION('',(0.,0.,1.));
#3835=DIRECTION('',(-1.,0.,0.));
#3836=DIRECTION('',(0.,0.,1.));
#3837=DIRECTION('',(1.,0.,0.));
#3838=DIRECTION('',(1.,-5.35019410143954E-16,0.));
#3839=DIRECTION('',(5.35019410143954E-16,1.,0.));
#3840=DIRECTION('',(0.,0.,1.));
#3841=DIRECTION('',(5.35019410143954E-16,1.,0.));
#3842=DIRECTION('',(0.,0.,1.));
#3843=DIRECTION('',(0.,1.,0.));
#3844=DIRECTION('',(0.,0.,1.));
#3845=DIRECTION('',(0.,0.,1.));
#3846=DIRECTION('',(-1.,0.,0.));
#3847=DIRECTION('',(-1.,0.,0.));
#3848=DIRECTION('',(0.,0.,1.));
#3849=DIRECTION('',(0.,0.,1.));
#3850=DIRECTION('',(0.,-1.,0.));
#3851=DIRECTION('',(0.,-1.,0.));
#3852=DIRECTION('',(0.,0.,-1.));
#3853=DIRECTION('',(1.,0.,0.));
#3854=DIRECTION('',(0.,0.,1.));
#3855=DIRECTION('',(1.,0.,0.));
#3856=DIRECTION('',(0.,0.,1.));
#3857=DIRECTION('',(0.,0.,1.));
#3858=DIRECTION('',(1.,-3.50143593026149E-16,0.));
#3859=DIRECTION('',(3.50143593026149E-16,1.,0.));
#3860=DIRECTION('',(0.,0.,1.));
#3861=DIRECTION('',(3.50143593026149E-16,1.,0.));
#3862=DIRECTION('',(0.,1.,0.));
#3863=DIRECTION('',(0.,0.,1.));
#3864=DIRECTION('',(0.,0.,1.));
#3865=DIRECTION('',(-1.,0.,0.));
#3866=DIRECTION('',(-1.,0.,0.));
#3867=DIRECTION('',(0.,0.,1.));
#3868=DIRECTION('',(0.,0.,1.));
#3869=DIRECTION('',(0.,-1.,0.));
#3870=DIRECTION('',(0.,0.,1.));
#3871=DIRECTION('',(0.,0.,1.));
#3872=DIRECTION('',(0.,0.,1.));
#3873=DIRECTION('',(-0.460966157974553,0.887417715172612,0.));
#3874=DIRECTION('',(0.,0.,1.));
#3875=DIRECTION('',(0.,0.,1.));
#3876=DIRECTION('',(1.,0.,0.));
#3877=DIRECTION('',(0.,0.,1.));
#3878=DIRECTION('',(-0.119438812960916,0.992841563371763,0.));
#3879=DIRECTION('',(0.,0.,1.));
#3880=DIRECTION('',(0.,0.,1.));
#3881=DIRECTION('',(1.,0.,0.));
#3882=DIRECTION('',(0.,0.,1.));
#3883=DIRECTION('',(0.,0.,1.));
#3884=DIRECTION('',(1.,0.,0.));
#3885=DIRECTION('',(0.,0.,-1.));
#3886=DIRECTION('',(0.,0.,1.));
#3887=DIRECTION('',(0.,1.,0.));
#3888=DIRECTION('',(0.,1.,0.));
#3889=DIRECTION('',(0.,0.,1.));
#3890=DIRECTION('',(0.,0.,1.));
#3891=DIRECTION('',(-1.,0.,0.));
#3892=DIRECTION('',(-1.,0.,0.));
#3893=DIRECTION('',(0.,0.,1.));
#3894=DIRECTION('',(0.,0.,1.));
#3895=DIRECTION('',(0.,-1.,0.));
#3896=DIRECTION('',(0.,0.,1.));
#3897=DIRECTION('',(0.997132987844717,0.0756690461937233,0.));
#3898=DIRECTION('',(0.,0.,1.));
#3899=DIRECTION('',(0.,0.,1.));
#3900=DIRECTION('',(1.,0.,0.));
#3901=DIRECTION('',(0.,0.,1.));
#3902=DIRECTION('',(0.971184697186224,0.238328101472114,0.));
#3903=DIRECTION('',(0.,0.,1.));
#3904=DIRECTION('',(0.,0.,1.));
#3905=DIRECTION('',(1.,0.,0.));
#3906=DIRECTION('',(0.,0.,1.));
#3907=DIRECTION('',(0.,0.,1.));
#3908=DIRECTION('',(0.,0.,1.));
#3909=DIRECTION('',(0.,0.,1.));
#3910=DIRECTION('',(0.,0.,1.));
#3911=DIRECTION('',(-0.176175566510485,0.984358760698918,0.));
#3912=DIRECTION('',(0.,0.,1.));
#3913=DIRECTION('',(0.,0.,1.));
#3914=DIRECTION('',(1.,0.,0.));
#3915=DIRECTION('',(0.,0.,1.));
#3916=DIRECTION('',(-0.528581695987126,0.848882436305154,0.));
#3917=DIRECTION('',(0.,0.,1.));
#3918=DIRECTION('',(0.,0.,1.));
#3919=DIRECTION('',(1.,0.,0.));
#3920=DIRECTION('',(0.,0.,1.));
#3921=DIRECTION('',(1.,0.,0.));
#3922=DIRECTION('',(0.360964919044821,-0.932579394592742,0.));
#3923=DIRECTION('',(0.932579394592742,0.360964919044821,0.));
#3924=DIRECTION('',(0.,0.,1.));
#3925=DIRECTION('',(0.932579394592742,0.360964919044821,0.));
#3926=DIRECTION('',(0.,0.,1.));
#3927=DIRECTION('',(1.,0.,0.));
#3928=DIRECTION('',(0.,0.,-1.));
#3929=DIRECTION('',(0.,0.,1.));
#3930=DIRECTION('',(0.,1.,0.));
#3931=DIRECTION('',(-0.420907225925862,0.907103691516794,0.));
#3932=DIRECTION('',(-0.907103691516794,-0.420907225925862,0.));
#3933=DIRECTION('',(0.,0.,1.));
#3934=DIRECTION('',(-0.907103691516794,-0.420907225925862,0.));
#3935=DIRECTION('',(-0.381487655109676,-0.924373933534974,0.));
#3936=DIRECTION('',(0.924373933534974,-0.381487655109676,0.));
#3937=DIRECTION('',(0.924373933534974,-0.381487655109676,0.));
#3938=DIRECTION('',(0.,0.,1.));
#3939=DIRECTION('',(1.,0.,0.));
#3940=DIRECTION('',(1.,0.,0.));
#3941=DIRECTION('',(0.,0.,-1.));
#3942=DIRECTION('',(0.,0.,1.));
#3943=DIRECTION('',(0.,1.,0.));
#3944=DIRECTION('',(0.,0.,1.));
#3945=DIRECTION('',(0.383760341086053,0.923432726629026,0.));
#3946=DIRECTION('',(-0.923432726629026,0.383760341086053,0.));
#3947=DIRECTION('',(0.,0.,1.));
#3948=DIRECTION('',(-0.923432726629026,0.383760341086053,0.));
#3949=DIRECTION('',(0.,1.,0.));
#3950=DIRECTION('',(0.,0.,1.));
#3951=DIRECTION('',(0.,0.,1.));
#3952=DIRECTION('',(-1.,0.,0.));
#3953=DIRECTION('',(-1.,3.51062605081336E-16,0.));
#3954=DIRECTION('',(-3.51062605081336E-16,-1.,0.));
#3955=DIRECTION('',(0.,0.,1.));
#3956=DIRECTION('',(-3.51062605081336E-16,-1.,0.));
#3957=DIRECTION('',(0.,-1.,0.));
#3958=DIRECTION('',(0.,0.,-1.));
#3959=DIRECTION('',(0.,0.,1.));
#3960=DIRECTION('',(1.,0.,0.));
#3961=DIRECTION('',(-0.448129915669611,-0.893968443896062,0.));
#3962=DIRECTION('',(0.893968443896062,-0.448129915669611,0.));
#3963=DIRECTION('',(0.893968443896062,-0.448129915669611,0.));
#3964=DIRECTION('',(0.,0.,1.));
#3965=DIRECTION('',(1.,0.,0.));
#3966=CARTESIAN_POINT('',(0.,0.,0.));
#3967=CARTESIAN_POINT('',(1.38777878078145E-17,-1.03650000000191E-5,0.0305));
#3968=CARTESIAN_POINT('',(-0.03550806,0.0631123334239686,0.0305));
#3969=CARTESIAN_POINT('',(-0.03325806,0.0631123334239686,0.0305));
#3970=CARTESIAN_POINT('',(0.03550806,0.0631123334239686,0.0305));
#3971=CARTESIAN_POINT('',(0.03775806,0.0631123334239686,0.0305));
#3972=CARTESIAN_POINT('',(-0.0304606155383717,0.0671123334239687,0.0305));
#3973=CARTESIAN_POINT('',(0.03550806,0.0671123334239687,0.0305));
#3974=CARTESIAN_POINT('',(-0.03550806,0.0671123334239687,0.0305));
#3975=CARTESIAN_POINT('',(-0.03550806,0.0631123334239686,0.0305));
#3976=CARTESIAN_POINT('',(-0.03950806,0.0631123334239686,0.0305));
#3977=CARTESIAN_POINT('',(-0.03950806,0.024503539750356,0.0305));
#3978=CARTESIAN_POINT('',(-0.03950806,-1.03650000000127E-5,0.0305));
#3979=CARTESIAN_POINT('',(1.38777878078145E-17,-1.03650000000175E-5,0.0305));
#3980=CARTESIAN_POINT('',(-0.00954970745841506,-0.0383468996950177,0.0305));
#3981=CARTESIAN_POINT('',(-0.011,-0.0441689827881917,0.0305));
#3982=CARTESIAN_POINT('',(-0.005,-0.0441689827881917,0.0305));
#3983=CARTESIAN_POINT('',(-0.005,-0.0458595908714604,0.0305));
#3984=CARTESIAN_POINT('',(-0.005,-0.048518425,0.0305));
#3985=CARTESIAN_POINT('',(2.77145311554506E-18,-0.048518425,0.0305));
#3986=CARTESIAN_POINT('',(0.005,-0.048518425,0.0305));
#3987=CARTESIAN_POINT('',(0.005,-0.0458595908714604,0.0305));
#3988=CARTESIAN_POINT('',(0.005,-0.0441689827881917,0.0305));
#3989=CARTESIAN_POINT('',(0.011,-0.0441689827881917,0.0305));
#3990=CARTESIAN_POINT('',(0.00954970745841506,-0.0383468996950177,0.0305));
#3991=CARTESIAN_POINT('',(1.38777878078145E-17,-1.03650000000175E-5,0.0305));
#3992=CARTESIAN_POINT('',(0.03950806,-1.03650000000175E-5,0.0305));
#3993=CARTESIAN_POINT('',(0.03950806,0.0335509842119844,0.0305));
#3994=CARTESIAN_POINT('',(0.03950806,0.0631123334239686,0.0305));
#3995=CARTESIAN_POINT('',(0.03550806,0.0631123334239686,0.0305));
#3996=CARTESIAN_POINT('',(0.0175540299874605,0.0303941068448282,0.0305));
#3997=CARTESIAN_POINT('',(0.0195540299874605,0.0303941068448282,0.0305));
#3998=CARTESIAN_POINT('',(-0.03510806,-1.03649999999619E-5,0.0305));
#3999=CARTESIAN_POINT('',(-0.03310806,-1.03649999999619E-5,0.0305));
#4000=CARTESIAN_POINT('',(2.35922392732846E-16,-1.03650000000132E-5,0.0305));
#4001=CARTESIAN_POINT('',(0.0315000000000002,-1.03650000000132E-5,0.0305));
#4002=CARTESIAN_POINT('',(0.01755403,-0.0304148368375883,0.0305));
#4003=CARTESIAN_POINT('',(0.01955403,-0.0304148368375883,0.0305));
#4004=CARTESIAN_POINT('',(-0.0214131710767434,0.0490174445007121,0.0305));
#4005=CARTESIAN_POINT('',(-0.0142631710767434,0.0490174445007121,0.0305));
#4006=CARTESIAN_POINT('',(0.0214131710767435,0.0490174445007121,0.0305));
#4007=CARTESIAN_POINT('',(0.0285631710767435,0.0490174445007121,0.0305));
#4008=CARTESIAN_POINT('',(-6.25252405169504E-18,-0.048518425,0.0305));
#4009=CARTESIAN_POINT('',(0.00224999999999999,-0.048518425,0.0305));
#4010=CARTESIAN_POINT('',(-0.00493096926657254,0.0350907987840817,0.0305));
#4011=CARTESIAN_POINT('',(-0.00119739615742156,0.0350907987840817,0.0305));
#4012=CARTESIAN_POINT('',(-0.00866454237572352,0.0350907987840817,0.0305));
#4013=CARTESIAN_POINT('',(-0.00866454237572352,0.035709278220096,0.0305));
#4014=CARTESIAN_POINT('',(-0.00866454237572352,0.0363277576561104,0.0305));
#4015=CARTESIAN_POINT('',(-0.00636003774061361,0.0373304562961495,0.0305));
#4016=CARTESIAN_POINT('',(-0.0040555331055037,0.0383331549361884,0.0305));
#4017=CARTESIAN_POINT('',(-0.00311768158850681,0.0383331549361884,0.0305));
#4018=CARTESIAN_POINT('',(-0.00217983007150992,0.0383331549361884,0.0305));
#4019=CARTESIAN_POINT('',(-0.00217983007150992,0.0381710371285831,0.0305));
#4020=CARTESIAN_POINT('',(-0.00217983007150992,0.0380089193209778,0.0305));
#4021=CARTESIAN_POINT('',(-0.00425736977597235,0.0371683384885441,0.0305));
#4022=CARTESIAN_POINT('',(-0.00633490948043479,0.0363277576561104,0.0305));
#4023=CARTESIAN_POINT('',(-0.00376615281892817,0.0363277576561104,0.0305));
#4024=CARTESIAN_POINT('',(-0.00119739615742156,0.0363277576561104,0.0305));
#4025=CARTESIAN_POINT('',(-0.00119739615742156,0.035709278220096,0.0305));
#4026=CARTESIAN_POINT('',(0.00080584619873056,0.0583012052989382,0.0305));
#4027=CARTESIAN_POINT('',(0.000805846198730559,0.0576073410823873,0.0305));
#4028=CARTESIAN_POINT('',(0.00080584619873056,0.0589950695154891,0.0305));
#4029=CARTESIAN_POINT('',(0.00225923234391243,0.0595576183078796,0.0305));
#4030=CARTESIAN_POINT('',(0.00371261848909431,0.0601201671002701,0.0305));
#4031=CARTESIAN_POINT('',(0.00437649091123818,0.0598461880054171,0.0305));
#4032=CARTESIAN_POINT('',(0.00504036333338204,0.0595722089105641,0.0305));
#4033=CARTESIAN_POINT('',(0.0029231047660563,0.0585897749964757,0.0305));
#4034=CARTESIAN_POINT('',(0.00449321573271402,0.0563898363472712,0.0305));
#4035=CARTESIAN_POINT('',(0.00407738355620632,0.0563898363472712,0.0305));
#4036=CARTESIAN_POINT('',(0.00490904790922172,0.0563898363472712,0.0305));
#4037=CARTESIAN_POINT('',(0.00490904790922172,0.0550377738318427,0.0305));
#4038=CARTESIAN_POINT('',(0.00490904790922172,0.0536857113164142,0.0305));
#4039=CARTESIAN_POINT('',(0.00449321573271402,0.0536857113164142,0.0305));
#4040=CARTESIAN_POINT('',(0.00407738355620632,0.0536857113164142,0.0305));
#4041=CARTESIAN_POINT('',(0.00407738355620632,0.0550377738318427,0.0305));
#4042=CARTESIAN_POINT('',(0.000805846198730558,0.0551950281052199,0.0305));
#4043=CARTESIAN_POINT('',(0.000805846198730557,0.0536857113164142,0.0305));
#4044=CARTESIAN_POINT('',(0.000805846198730559,0.0567043448940256,0.0305));
#4045=CARTESIAN_POINT('',(0.00126626077232972,0.0567043448940256,0.0305));
#4046=CARTESIAN_POINT('',(0.00172667534592889,0.0567043448940256,0.0305));
#4047=CARTESIAN_POINT('',(0.00172667534592889,0.0551950281052199,0.0305));
#4048=CARTESIAN_POINT('',(0.00172667534592889,0.0536857113164142,0.0305));
#4049=CARTESIAN_POINT('',(0.00126626077232972,0.0536857113164142,0.0305));
#4050=CARTESIAN_POINT('',(0.00453941930788154,0.0520337308569158,0.0305));
#4051=CARTESIAN_POINT('',(0.00827299241703252,0.0520337308569158,0.0305));
#4052=CARTESIAN_POINT('',(0.000805846198730557,0.0520337308569158,0.0305));
#4053=CARTESIAN_POINT('',(0.000805846198730557,0.0526513997038921,0.0305));
#4054=CARTESIAN_POINT('',(0.000805846198730557,0.0532690685508684,0.0305));
#4055=CARTESIAN_POINT('',(0.00453941930788154,0.0532690685508684,0.0305));
#4056=CARTESIAN_POINT('',(0.00827299241703252,0.0532690685508684,0.0305));
#4057=CARTESIAN_POINT('',(0.00827299241703252,0.0526513997038921,0.0305));
#4058=CARTESIAN_POINT('',(0.00329273336739648,0.0607483736047408,0.0305));
#4059=CARTESIAN_POINT('',(0.0057796205360624,0.0597148725812568,0.0305));
#4060=CARTESIAN_POINT('',(0.00080584619873056,0.0617818746282249,0.0305));
#4061=CARTESIAN_POINT('',(0.000805846198730561,0.0624757388447757,0.0305));
#4062=CARTESIAN_POINT('',(0.000805846198730564,0.0631696030613266,0.0305));
#4063=CARTESIAN_POINT('',(0.00301956486158148,0.062059906668268,0.0305));
#4064=CARTESIAN_POINT('',(0.0052332835244324,0.0609502102752095,0.0305));
#4065=CARTESIAN_POINT('',(0.00675313797073246,0.0609502102752095,0.0305));
#4066=CARTESIAN_POINT('',(0.00827299241703253,0.0609502102752095,0.0305));
#4067=CARTESIAN_POINT('',(0.00827299241703253,0.0603325414282331,0.0305));
#4068=CARTESIAN_POINT('',(0.00827299241703253,0.0597148725812568,0.0305));
#4069=CARTESIAN_POINT('',(0.00702630647654746,0.0597148725812568,0.0305));
#4070=CARTESIAN_POINT('',(-0.00497717284174005,0.0573511949463709,0.0305));
#4071=CARTESIAN_POINT('',(-0.00539300501824775,0.0573511949463709,0.0305));
#4072=CARTESIAN_POINT('',(-0.00456134066523236,0.0573511949463709,0.0305));
#4073=CARTESIAN_POINT('',(-0.00456134066523236,0.0559991324309424,0.0305));
#4074=CARTESIAN_POINT('',(-0.00456134066523236,0.0546470699155138,0.0305));
#4075=CARTESIAN_POINT('',(-0.00497717284174006,0.0546470699155138,0.0305));
#4076=CARTESIAN_POINT('',(-0.00539300501824775,0.0546470699155138,0.0305));
#4077=CARTESIAN_POINT('',(-0.00539300501824775,0.0559991324309424,0.0305));
#4078=CARTESIAN_POINT('',(-0.00866454237572351,0.0561563867043196,0.0305));
#4079=CARTESIAN_POINT('',(-0.00866454237572351,0.0546470699155138,0.0305));
#4080=CARTESIAN_POINT('',(-0.00866454237572351,0.0576657034931253,0.0305));
#4081=CARTESIAN_POINT('',(-0.00820412780212435,0.0576657034931253,0.0305));
#4082=CARTESIAN_POINT('',(-0.00774371322852518,0.0576657034931253,0.0305));
#4083=CARTESIAN_POINT('',(-0.00774371322852518,0.0561563867043196,0.0305));
#4084=CARTESIAN_POINT('',(-0.00774371322852518,0.0546470699155138,0.0305));
#4085=CARTESIAN_POINT('',(-0.00820412780212435,0.0546470699155138,0.0305));
#4086=CARTESIAN_POINT('',(-0.00493096926657253,0.0529950894560154,0.0305));
#4087=CARTESIAN_POINT('',(-0.00119739615742155,0.0529950894560154,0.0305));
#4088=CARTESIAN_POINT('',(-0.00866454237572352,0.0529950894560154,0.0305));
#4089=CARTESIAN_POINT('',(-0.00866454237572352,0.0536127583029918,0.0305));
#4090=CARTESIAN_POINT('',(-0.00866454237572351,0.0542304271499681,0.0305));
#4091=CARTESIAN_POINT('',(-0.00493096926657253,0.0542304271499681,0.0305));
#4092=CARTESIAN_POINT('',(-0.00119739615742155,0.0542304271499681,0.0305));
#4093=CARTESIAN_POINT('',(-0.00119739615742155,0.0536127583029918,0.0305));
#4094=CARTESIAN_POINT('',(-0.00497717284174006,0.0513625631334296,0.0305));
#4095=CARTESIAN_POINT('',(-0.00539300501824775,0.0513625631334296,0.0305));
#4096=CARTESIAN_POINT('',(-0.00456134066523236,0.0513625631334296,0.0305));
#4097=CARTESIAN_POINT('',(-0.00456134066523236,0.0500105006180011,0.0305));
#4098=CARTESIAN_POINT('',(-0.00456134066523236,0.0486584381025726,0.0305));
#4099=CARTESIAN_POINT('',(-0.00497717284174006,0.0486584381025726,0.0305));
#4100=CARTESIAN_POINT('',(-0.00539300501824775,0.0486584381025726,0.0305));
#4101=CARTESIAN_POINT('',(-0.00539300501824775,0.0500105006180011,0.0305));
#4102=CARTESIAN_POINT('',(-0.00866454237572352,0.0501677548913783,0.0305));
#4103=CARTESIAN_POINT('',(-0.00866454237572352,0.0486584381025726,0.0305));
#4104=CARTESIAN_POINT('',(-0.00866454237572352,0.051677071680184,0.0305));
#4105=CARTESIAN_POINT('',(-0.00820412780212435,0.051677071680184,0.0305));
#4106=CARTESIAN_POINT('',(-0.00774371322852518,0.051677071680184,0.0305));
#4107=CARTESIAN_POINT('',(-0.00774371322852519,0.0501677548913783,0.0305));
#4108=CARTESIAN_POINT('',(-0.00774371322852519,0.0486584381025726,0.0305));
#4109=CARTESIAN_POINT('',(-0.00820412780212435,0.0486584381025726,0.0305));
#4110=CARTESIAN_POINT('',(-0.00493096926657254,0.0470064576430742,0.0305));
#4111=CARTESIAN_POINT('',(-0.00119739615742155,0.0470064576430742,0.0305));
#4112=CARTESIAN_POINT('',(-0.00866454237572352,0.0470064576430742,0.0305));
#4113=CARTESIAN_POINT('',(-0.00866454237572352,0.0476241264900505,0.0305));
#4114=CARTESIAN_POINT('',(-0.00866454237572352,0.0482417953370268,0.0305));
#4115=CARTESIAN_POINT('',(-0.00493096926657254,0.0482417953370268,0.0305));
#4116=CARTESIAN_POINT('',(-0.00119739615742155,0.0482417953370268,0.0305));
#4117=CARTESIAN_POINT('',(-0.00119739615742155,0.0476241264900505,0.0305));
#4118=CARTESIAN_POINT('',(-0.00493096926657254,0.0451113004721677,0.0305));
#4119=CARTESIAN_POINT('',(-0.00866454237572352,0.0451113004721677,0.0305));
#4120=CARTESIAN_POINT('',(-0.00119739615742155,0.0451113004721677,0.0305));
#4121=CARTESIAN_POINT('',(-0.00119739615742155,0.0444936316251914,0.0305));
#4122=CARTESIAN_POINT('',(-0.00119739615742155,0.0438759627782151,0.0305));
#4123=CARTESIAN_POINT('',(-0.00493096926657254,0.0438759627782151,0.0305));
#4124=CARTESIAN_POINT('',(-0.00866454237572352,0.0438759627782151,0.0305));
#4125=CARTESIAN_POINT('',(-0.00866454237572352,0.0444936316251914,0.0305));
#4126=CARTESIAN_POINT('',(-0.00634950008311926,0.0397516857527352,0.0305));
#4127=CARTESIAN_POINT('',(-0.00403445779051501,0.0387481765236582,0.0305));
#4128=CARTESIAN_POINT('',(-0.00866454237572352,0.0407551949818123,0.0305));
#4129=CARTESIAN_POINT('',(-0.00866454237572352,0.0413728638287886,0.0305));
#4130=CARTESIAN_POINT('',(-0.00866454237572352,0.0419905326757649,0.0305));
#4131=CARTESIAN_POINT('',(-0.00493096926657254,0.0419905326757649,0.0305));
#4132=CARTESIAN_POINT('',(-0.00119739615742156,0.0419905326757649,0.0305));
#4133=CARTESIAN_POINT('',(-0.00119739615742156,0.0413728638287886,0.0305));
#4134=CARTESIAN_POINT('',(-0.00119739615742156,0.0407551949818123,0.0305));
#4135=CARTESIAN_POINT('',(-0.00376615281892817,0.0407551949818123,0.0305));
#4136=CARTESIAN_POINT('',(-0.00633490948043478,0.0407551949818123,0.0305));
#4137=CARTESIAN_POINT('',(-0.00425736977597235,0.0399194776836067,0.0305));
#4138=CARTESIAN_POINT('',(-0.00217983007150992,0.0390837603854012,0.0305));
#4139=CARTESIAN_POINT('',(-0.00217983007150992,0.0389159684545297,0.0305));
#4140=CARTESIAN_POINT('',(-0.00217983007150992,0.0387481765236582,0.0305));
#4141=CARTESIAN_POINT('',(-0.00310714393101246,0.0387481765236582,0.0305));
#4142=CARTESIAN_POINT('',(0.00449321573271401,0.05040120453433,0.0305));
#4143=CARTESIAN_POINT('',(0.00407738355620632,0.05040120453433,0.0305));
#4144=CARTESIAN_POINT('',(0.00490904790922171,0.05040120453433,0.0305));
#4145=CARTESIAN_POINT('',(0.00490904790922171,0.0490491420189014,0.0305));
#4146=CARTESIAN_POINT('',(0.00490904790922171,0.0476970795034729,0.0305));
#4147=CARTESIAN_POINT('',(0.00449321573271401,0.0476970795034729,0.0305));
#4148=CARTESIAN_POINT('',(0.00407738355620632,0.0476970795034729,0.0305));
#4149=CARTESIAN_POINT('',(0.00407738355620632,0.0490491420189014,0.0305));
#4150=CARTESIAN_POINT('',(0.000805846198730555,0.0492063962922786,0.0305));
#4151=CARTESIAN_POINT('',(0.000805846198730555,0.0476970795034729,0.0305));
#4152=CARTESIAN_POINT('',(0.000805846198730556,0.0507157130810843,0.0305));
#4153=CARTESIAN_POINT('',(0.00126626077232972,0.0507157130810843,0.0305));
#4154=CARTESIAN_POINT('',(0.00172667534592888,0.0507157130810843,0.0305));
#4155=CARTESIAN_POINT('',(0.00172667534592888,0.0492063962922786,0.0305));
#4156=CARTESIAN_POINT('',(0.00172667534592888,0.0476970795034729,0.0305));
#4157=CARTESIAN_POINT('',(0.00126626077232972,0.0476970795034729,0.0305));
#4158=CARTESIAN_POINT('',(0.00453941930788154,0.0460450990439745,0.0305));
#4159=CARTESIAN_POINT('',(0.00827299241703252,0.0460450990439745,0.0305));
#4160=CARTESIAN_POINT('',(0.000805846198730554,0.0460450990439745,0.0305));
#4161=CARTESIAN_POINT('',(0.000805846198730554,0.0466627678909508,0.0305));
#4162=CARTESIAN_POINT('',(0.000805846198730554,0.0472804367379272,0.0305));
#4163=CARTESIAN_POINT('',(0.00453941930788154,0.0472804367379272,0.0305));
#4164=CARTESIAN_POINT('',(0.00827299241703252,0.0472804367379272,0.0305));
#4165=CARTESIAN_POINT('',(0.00827299241703252,0.0466627678909508,0.0305));
#4166=CARTESIAN_POINT('',(0.00453941930788154,0.0441499418730681,0.0305));
#4167=CARTESIAN_POINT('',(0.000805846198730554,0.0441499418730681,0.0305));
#4168=CARTESIAN_POINT('',(0.00827299241703252,0.0441499418730681,0.0305));
#4169=CARTESIAN_POINT('',(0.00827299241703252,0.0435322730260917,0.0305));
#4170=CARTESIAN_POINT('',(0.00827299241703252,0.0429146041791154,0.0305));
#4171=CARTESIAN_POINT('',(0.00453941930788153,0.0429146041791154,0.0305));
#4172=CARTESIAN_POINT('',(0.000805846198730552,0.0429146041791154,0.0305));
#4173=CARTESIAN_POINT('',(0.000805846198730553,0.0435322730260917,0.0305));
#4174=CARTESIAN_POINT('',(0.00453941930788153,0.035131328235983,0.0305));
#4175=CARTESIAN_POINT('',(0.00827299241703251,0.035131328235983,0.0305));
#4176=CARTESIAN_POINT('',(0.000805846198730548,0.035131328235983,0.0305));
#4177=CARTESIAN_POINT('',(0.000805846198730549,0.035739270014503,0.0305));
#4178=CARTESIAN_POINT('',(0.000805846198730549,0.036347211793023,0.0305));
#4179=CARTESIAN_POINT('',(0.00453941930788153,0.036347211793023,0.0305));
#4180=CARTESIAN_POINT('',(0.00827299241703251,0.036347211793023,0.0305));
#4181=CARTESIAN_POINT('',(0.00827299241703251,0.035739270014503,0.0305));
#4182=CARTESIAN_POINT('',(0.00080584619873055,0.0370718783930189,0.0305));
#4183=CARTESIAN_POINT('',(0.00080584619873055,0.0367622333804927,0.0305));
#4184=CARTESIAN_POINT('',(0.00080584619873055,0.0373815234055451,0.0305));
#4185=CARTESIAN_POINT('',(0.00080584619873055,0.0373815234055451,0.0305));
#4186=CARTESIAN_POINT('',(0.00080584619873055,0.0383234278677322,0.0305));
#4187=CARTESIAN_POINT('',(0.00110414296472438,0.0390375568102336,0.0305));
#4188=CARTESIAN_POINT('',(0.00110414296472438,0.0390375568102336,0.0305));
#4189=CARTESIAN_POINT('',(0.00110414296472438,0.0390375568102336,0.0305));
#4190=CARTESIAN_POINT('',(0.0014024397307182,0.0397516857527352,0.0305));
#4191=CARTESIAN_POINT('',(0.00189933081102857,0.0402226379838287,0.0305));
#4192=CARTESIAN_POINT('',(0.00189933081102857,0.0402226379838287,0.0305));
#4193=CARTESIAN_POINT('',(0.00416002177236422,0.0378562924986695,0.0305));
#4194=CARTESIAN_POINT('',(0.00302930900275078,0.0409269944176123,0.0305));
#4195=CARTESIAN_POINT('',(0.00432943717683906,0.0374258804587655,0.0305));
#4196=CARTESIAN_POINT('',(0.00433190851526268,0.0411604911872558,0.0305));
#4197=CARTESIAN_POINT('',(0.0043319085141467,0.0411604895008256,0.0305));
#4198=CARTESIAN_POINT('',(0.00525273766134503,0.0411604895008256,0.0305));
#4199=CARTESIAN_POINT('',(0.00590688301503258,0.0409627057755471,0.0305));
#4200=CARTESIAN_POINT('',(0.00590688301503258,0.0409627057755471,0.0305));
#4201=CARTESIAN_POINT('',(0.00590688301503258,0.0409627057755471,0.0305));
#4202=CARTESIAN_POINT('',(0.00656102836872012,0.0407649220502686,0.0305));
#4203=CARTESIAN_POINT('',(0.00700117821636862,0.0404609511610086,0.0305));
#4204=CARTESIAN_POINT('',(0.00700117821636862,0.0404609511610086,0.0305));
#4205=CARTESIAN_POINT('',(0.00700117821636862,0.0404609511610086,0.0305));
#4206=CARTESIAN_POINT('',(0.00744132806401712,0.0401569802717485,0.0305));
#4207=CARTESIAN_POINT('',(0.00769504243291948,0.039776814012914,0.0305));
#4208=CARTESIAN_POINT('',(0.00769504243291948,0.039776814012914,0.0305));
#4209=CARTESIAN_POINT('',(0.00769504243291948,0.039776814012914,0.0305));
#4210=CARTESIAN_POINT('',(0.00794875680182183,0.0393966477540795,0.0305));
#4211=CARTESIAN_POINT('',(0.008075208691754,0.0390424203444618,0.0305));
#4212=CARTESIAN_POINT('',(0.008075208691754,0.0390424203444618,0.0305));
#4213=CARTESIAN_POINT('',(0.00521205641159369,0.0379751115919946,0.0305));
#4214=CARTESIAN_POINT('',(0.00823741537098179,0.0383939617663826,0.0305));
#4215=CARTESIAN_POINT('',(0.00403386479176549,0.0378169892247567,0.0305));
#4216=CARTESIAN_POINT('',(0.00827338562277986,0.0379586759417353,0.0305));
#4217=CARTESIAN_POINT('',(0.00827299241703251,0.0373604480905564,0.0305));
#4218=CARTESIAN_POINT('',(0.00827299241703251,0.0367622333804927,0.0305));
#4219=CARTESIAN_POINT('',(0.00782716844611783,0.0367622333804927,0.0305));
#4220=CARTESIAN_POINT('',(0.00738134447520314,0.0367622333804927,0.0305));
#4221=CARTESIAN_POINT('',(0.00738134447520314,0.0371578008310498,0.0305));
#4222=CARTESIAN_POINT('',(0.00738134447520314,0.0375533682816067,0.0305));
#4223=CARTESIAN_POINT('',(0.00738134447520314,0.0375533682816067,0.0305));
#4224=CARTESIAN_POINT('',(0.00738134447520314,0.0387887059755594,0.0305));
#4225=CARTESIAN_POINT('',(0.00659102016312711,0.0393358535762275,0.0305));
#4226=CARTESIAN_POINT('',(0.00659102016312711,0.0393358535762275,0.0305));
#4227=CARTESIAN_POINT('',(0.00659102016312711,0.0393358535762275,0.0305));
#4228=CARTESIAN_POINT('',(0.00580069585105108,0.0398830011768955,0.0305));
#4229=CARTESIAN_POINT('',(0.00430110613070169,0.0398830011768955,0.0305));
#4230=CARTESIAN_POINT('',(0.00430110613101334,0.0398830031900819,0.0305));
#4231=CARTESIAN_POINT('',(0.00430050544075395,0.0360026895453299,0.0305));
#4232=CARTESIAN_POINT('',(0.0033786266697756,0.0397720682044671,0.0305));
#4233=CARTESIAN_POINT('',(0.00384632457677691,0.037872858284971,0.0305));
#4234=CARTESIAN_POINT('',(0.00255347616471612,0.0393415276994937,0.0305));
#4235=CARTESIAN_POINT('',(0.00255347616471612,0.0393415276994937,0.0305));
#4236=CARTESIAN_POINT('',(0.00218384756337594,0.0390221556185111,0.0305));
#4237=CARTESIAN_POINT('',(0.00195526145465241,0.0384750080178431,0.0305));
#4238=CARTESIAN_POINT('',(0.00195526145465241,0.0384750080178431,0.0305));
#4239=CARTESIAN_POINT('',(0.00195526145465241,0.0384750080178431,0.0305));
#4240=CARTESIAN_POINT('',(0.00172667534592888,0.0379278604171751,0.0305));
#4241=CARTESIAN_POINT('',(0.00172667534592888,0.0370572877903344,0.0305));
#4242=CARTESIAN_POINT('',(0.00172667534592888,0.0370572877903344,0.0305));
#4243=CARTESIAN_POINT('',(0.00172667534592888,0.0369097605854136,0.0305));
#4244=CARTESIAN_POINT('',(0.00172667534592888,0.0367622333804927,0.0305));
#4245=CARTESIAN_POINT('',(0.00126626077232971,0.0367622333804927,0.0305));
#4246=CARTESIAN_POINT('',(-0.00866454237572351,0.0592625638980379,0.0305));
#4247=CARTESIAN_POINT('',(-0.00866454237572351,0.058568699681487,0.0305));
#4248=CARTESIAN_POINT('',(-0.00866454237572351,0.0599564281145887,0.0305));
#4249=CARTESIAN_POINT('',(-0.00721115623054164,0.0605189769069792,0.0305));
#4250=CARTESIAN_POINT('',(-0.00575777008535977,0.0610815256993698,0.0305));
#4251=CARTESIAN_POINT('',(-0.0050938976632159,0.0608075466045168,0.0305));
#4252=CARTESIAN_POINT('',(-0.00443002524107203,0.0605335675096637,0.0305));
#4253=CARTESIAN_POINT('',(-0.00654728380839777,0.0595511335955754,0.0305));
#4254=CARTESIAN_POINT('',(-0.00617765520705759,0.0617097322038405,0.0305));
#4255=CARTESIAN_POINT('',(-0.00369076803839167,0.0606762311803564,0.0305));
#4256=CARTESIAN_POINT('',(-0.00866454237572351,0.0627432332273245,0.0305));
#4257=CARTESIAN_POINT('',(-0.00866454237572351,0.0634370974438754,0.0305));
#4258=CARTESIAN_POINT('',(-0.00866454237572351,0.0641309616604262,0.0305));
#4259=CARTESIAN_POINT('',(-0.00645082371287259,0.0630212652673677,0.0305));
#4260=CARTESIAN_POINT('',(-0.00423710505002168,0.0619115688743091,0.0305));
#4261=CARTESIAN_POINT('',(-0.00271725060372161,0.0619115688743091,0.0305));
#4262=CARTESIAN_POINT('',(-0.00119739615742155,0.0619115688743091,0.0305));
#4263=CARTESIAN_POINT('',(-0.00119739615742155,0.0612939000273328,0.0305));
#4264=CARTESIAN_POINT('',(-0.00119739615742155,0.0606762311803564,0.0305));
#4265=CARTESIAN_POINT('',(-0.00244408209790661,0.0606762311803564,0.0305));
#4266=CARTESIAN_POINT('',(1.38777878078145E-17,-1.03650000000175E-5,0.0265));
#4267=CARTESIAN_POINT('',(1.38777878078145E-17,-1.03650000000175E-5,0.0265));
#4268=CARTESIAN_POINT('',(-0.03950806,-1.03650000000127E-5,0.0265));
#4269=CARTESIAN_POINT('',(-0.00954970745841506,-0.0383468996950177,0.0265));
#4270=CARTESIAN_POINT('',(-0.00954970745841507,-0.0383468996950177,0.0265));
#4271=CARTESIAN_POINT('',(-0.03950806,-1.03650000000127E-5,0.0265));
#4272=CARTESIAN_POINT('',(2.35922392732846E-16,-1.03650000000132E-5,0.0265));
#4273=CARTESIAN_POINT('',(2.35922392732846E-16,-1.03650000000132E-5,0.0265));
#4274=CARTESIAN_POINT('',(0.0315000000000002,-1.03650000000132E-5,0.0265));
#4275=CARTESIAN_POINT('',(-0.03510806,-1.03649999999619E-5,0.0265));
#4276=CARTESIAN_POINT('',(-0.03510806,-1.03649999999619E-5,0.0265));
#4277=CARTESIAN_POINT('',(-0.03310806,-1.03649999999619E-5,0.0265));
#4278=CARTESIAN_POINT('',(0.0175540299874605,0.0303941068448282,0.0265));
#4279=CARTESIAN_POINT('',(0.0175540299874605,0.0303941068448282,0.0265));
#4280=CARTESIAN_POINT('',(0.0195540299874605,0.0303941068448282,0.0265));
#4281=CARTESIAN_POINT('',(1.38777878078145E-17,-1.03650000000175E-5,0.0265));
#4282=CARTESIAN_POINT('',(0.00954970745841506,-0.0383468996950177,0.0265));
#4283=CARTESIAN_POINT('',(0.00954970745841506,-0.0383468996950177,0.0265));
#4284=CARTESIAN_POINT('',(1.38777878078145E-17,-1.03650000000175E-5,0.0265));
#4285=CARTESIAN_POINT('',(0.03950806,-1.03650000000175E-5,0.0265));
#4286=CARTESIAN_POINT('',(0.03950806,-1.03650000000175E-5,0.0265));
#4287=CARTESIAN_POINT('',(0.01755403,-0.0304148368375883,0.0265));
#4288=CARTESIAN_POINT('',(0.01755403,-0.0304148368375883,0.0265));
#4289=CARTESIAN_POINT('',(0.01955403,-0.0304148368375883,0.0265));
#4290=CARTESIAN_POINT('',(1.38777878078145E-17,-1.03650000000191E-5,0.0265));
#4291=CARTESIAN_POINT('',(-0.03550806,0.0631123334239686,0.0265));
#4292=CARTESIAN_POINT('',(-0.03325806,0.0631123334239686,0.0265));
#4293=CARTESIAN_POINT('',(0.03550806,0.0631123334239686,0.0265));
#4294=CARTESIAN_POINT('',(0.03775806,0.0631123334239686,0.0265));
#4295=CARTESIAN_POINT('',(-0.03950806,0.024503539750356,0.0265));
#4296=CARTESIAN_POINT('',(-0.03950806,0.0631123334239686,0.0265));
#4297=CARTESIAN_POINT('',(-0.03550806,0.0631123334239686,0.0265));
#4298=CARTESIAN_POINT('',(-0.03550806,0.0671123334239687,0.0265));
#4299=CARTESIAN_POINT('',(-0.0304606155383717,0.0671123334239687,0.0265));
#4300=CARTESIAN_POINT('',(0.03550806,0.0671123334239687,0.0265));
#4301=CARTESIAN_POINT('',(0.03550806,0.0631123334239686,0.0265));
#4302=CARTESIAN_POINT('',(0.03950806,0.0631123334239686,0.0265));
#4303=CARTESIAN_POINT('',(0.03950806,0.0335509842119844,0.0265));
#4304=CARTESIAN_POINT('',(0.011,-0.0441689827881917,0.0265));
#4305=CARTESIAN_POINT('',(0.005,-0.0441689827881917,0.0265));
#4306=CARTESIAN_POINT('',(0.005,-0.0458595908714604,0.0265));
#4307=CARTESIAN_POINT('',(0.005,-0.048518425,0.0265));
#4308=CARTESIAN_POINT('',(2.77145311554506E-18,-0.048518425,0.0265));
#4309=CARTESIAN_POINT('',(-0.005,-0.048518425,0.0265));
#4310=CARTESIAN_POINT('',(-0.005,-0.0458595908714604,0.0265));
#4311=CARTESIAN_POINT('',(-0.005,-0.0441689827881917,0.0265));
#4312=CARTESIAN_POINT('',(-0.011,-0.0441689827881917,0.0265));
#4313=CARTESIAN_POINT('',(-0.0214131710767434,0.0490174445007121,0.0265));
#4314=CARTESIAN_POINT('',(-0.0142631710767434,0.0490174445007121,0.0265));
#4315=CARTESIAN_POINT('',(0.0214131710767435,0.0490174445007121,0.0265));
#4316=CARTESIAN_POINT('',(0.0285631710767435,0.0490174445007121,0.0265));
#4317=CARTESIAN_POINT('',(-6.25252405169504E-18,-0.048518425,0.0265));
#4318=CARTESIAN_POINT('',(0.00224999999999999,-0.048518425,0.0265));
#4319=CARTESIAN_POINT('',(0.03950806,0.0335509842119844,0.0265));
#4320=CARTESIAN_POINT('',(0.03950806,0.0631123334239686,0.0265));
#4321=CARTESIAN_POINT('',(-0.0304606155383717,0.0671123334239687,0.0265));
#4322=CARTESIAN_POINT('',(-0.03550806,0.0671123334239687,0.0305));
#4323=CARTESIAN_POINT('',(0.03550806,0.0671123334239687,0.0265));
#4324=CARTESIAN_POINT('',(-0.0214131710767434,0.0490174445007121,0.0265));
#4325=CARTESIAN_POINT('',(-0.03950806,0.024503539750356,0.0265));
#4326=CARTESIAN_POINT('',(-0.03950806,0.0631123334239686,0.0265));
#4327=CARTESIAN_POINT('',(0.0214131710767435,0.0490174445007121,0.0265));
#4328=CARTESIAN_POINT('',(-0.03550806,0.0631123334239686,0.0265));
#4329=CARTESIAN_POINT('',(0.03550806,0.0631123334239686,0.0265));
#4330=CARTESIAN_POINT('',(-0.005,-0.0458595908714604,0.0265));
#4331=CARTESIAN_POINT('',(-0.005,-0.0441689827881917,0.0265));
#4332=CARTESIAN_POINT('',(-0.005,-0.048518425,0.0265));
#4333=CARTESIAN_POINT('',(2.77145311554506E-18,-0.048518425,0.0265));
#4334=CARTESIAN_POINT('',(0.005,-0.048518425,0.0265));
#4335=CARTESIAN_POINT('',(0.005,-0.0458595908714604,0.0265));
#4336=CARTESIAN_POINT('',(0.005,-0.0441689827881917,0.0305));
#4337=CARTESIAN_POINT('',(-6.25252405169504E-18,-0.048518425,0.0265));
#4338=CARTESIAN_POINT('',(-0.011,-0.0441689827881917,0.0265));
#4339=CARTESIAN_POINT('',(0.011,-0.0441689827881917,0.0265));
#4340=CARTESIAN_POINT('',(0.03550806,0.0631123334239686,0.0055));
#4341=CARTESIAN_POINT('',(-0.03550806,0.0631123334239686,0.0055));
#4342=CARTESIAN_POINT('',(-0.00866454237572352,0.035709278220096,0.0285));
#4343=CARTESIAN_POINT('',(-0.00866454237572352,0.0350907987840817,0.0285));
#4344=CARTESIAN_POINT('',(-0.00866454237572352,0.0350907987840817,0.0285));
#4345=CARTESIAN_POINT('',(-0.00866454237572352,0.035709278220096,0.0285));
#4346=CARTESIAN_POINT('',(-0.00866454237572352,0.0363277576561104,0.0285));
#4347=CARTESIAN_POINT('',(-0.00866454237572352,0.0363277576561104,0.0285));
#4348=CARTESIAN_POINT('',(-0.00493096926657254,0.0350907987840817,0.0285));
#4349=CARTESIAN_POINT('',(-0.00119739615742156,0.0350907987840817,0.0285));
#4350=CARTESIAN_POINT('',(-0.00119739615742156,0.0350907987840817,0.0285));
#4351=CARTESIAN_POINT('',(-0.00493096926657254,0.0350907987840817,0.0285));
#4352=CARTESIAN_POINT('',(-0.00119739615742156,0.035709278220096,0.0285));
#4353=CARTESIAN_POINT('',(-0.00119739615742156,0.0363277576561104,0.0285));
#4354=CARTESIAN_POINT('',(-0.00119739615742156,0.0363277576561104,0.0285));
#4355=CARTESIAN_POINT('',(-0.00119739615742156,0.035709278220096,0.0285));
#4356=CARTESIAN_POINT('',(-0.00376615281892817,0.0363277576561104,0.0285));
#4357=CARTESIAN_POINT('',(-0.00633490948043479,0.0363277576561104,0.0285));
#4358=CARTESIAN_POINT('',(-0.00633490948043479,0.0363277576561104,0.0285));
#4359=CARTESIAN_POINT('',(-0.00376615281892817,0.0363277576561104,0.0285));
#4360=CARTESIAN_POINT('',(-0.00425736977597235,0.0371683384885441,0.0285));
#4361=CARTESIAN_POINT('',(-0.00217983007150992,0.0380089193209778,0.0285));
#4362=CARTESIAN_POINT('',(-0.00217983007150992,0.0380089193209778,0.0285));
#4363=CARTESIAN_POINT('',(-0.00425736977597235,0.0371683384885441,0.0285));
#4364=CARTESIAN_POINT('',(-0.00217983007150992,0.0381710371285831,0.0285));
#4365=CARTESIAN_POINT('',(-0.00217983007150992,0.0383331549361884,0.0285));
#4366=CARTESIAN_POINT('',(-0.00217983007150992,0.0383331549361884,0.0285));
#4367=CARTESIAN_POINT('',(-0.00217983007150992,0.0381710371285831,0.0285));
#4368=CARTESIAN_POINT('',(-0.00311768158850681,0.0383331549361884,0.0285));
#4369=CARTESIAN_POINT('',(-0.0040555331055037,0.0383331549361884,0.0285));
#4370=CARTESIAN_POINT('',(-0.0040555331055037,0.0383331549361884,0.0285));
#4371=CARTESIAN_POINT('',(-0.00311768158850681,0.0383331549361884,0.0285));
#4372=CARTESIAN_POINT('',(-0.00636003774061361,0.0373304562961495,0.0285));
#4373=CARTESIAN_POINT('',(-0.00636003774061361,0.0373304562961495,0.0285));
#4374=CARTESIAN_POINT('',(1.38777878078145E-17,0.00679695421198432,0.0285));
#4375=CARTESIAN_POINT('',(0.00225923234391243,0.0595576183078796,0.0285));
#4376=CARTESIAN_POINT('',(0.00080584619873056,0.0589950695154891,0.0285));
#4377=CARTESIAN_POINT('',(0.00080584619873056,0.0589950695154891,0.0285));
#4378=CARTESIAN_POINT('',(0.00225923234391243,0.0595576183078796,0.0285));
#4379=CARTESIAN_POINT('',(0.00371261848909431,0.0601201671002701,0.0285));
#4380=CARTESIAN_POINT('',(0.00371261848909431,0.0601201671002701,0.0285));
#4381=CARTESIAN_POINT('',(0.00080584619873056,0.0583012052989382,0.0285));
#4382=CARTESIAN_POINT('',(0.000805846198730559,0.0576073410823873,0.0285));
#4383=CARTESIAN_POINT('',(0.000805846198730559,0.0576073410823873,0.0285));
#4384=CARTESIAN_POINT('',(0.00080584619873056,0.0583012052989382,0.0285));
#4385=CARTESIAN_POINT('',(0.0029231047660563,0.0585897749964757,0.0285));
#4386=CARTESIAN_POINT('',(0.00504036333338204,0.0595722089105641,0.0285));
#4387=CARTESIAN_POINT('',(0.00504036333338204,0.0595722089105641,0.0285));
#4388=CARTESIAN_POINT('',(0.0029231047660563,0.0585897749964757,0.0285));
#4389=CARTESIAN_POINT('',(0.00437649091123818,0.0598461880054171,0.0285));
#4390=CARTESIAN_POINT('',(0.00437649091123818,0.0598461880054171,0.0285));
#4391=CARTESIAN_POINT('',(1.38777878078145E-17,0.00679695421198432,0.0285));
#4392=CARTESIAN_POINT('',(0.00490904790922172,0.0550377738318427,0.0285));
#4393=CARTESIAN_POINT('',(0.00490904790922172,0.0563898363472712,0.0285));
#4394=CARTESIAN_POINT('',(0.00490904790922172,0.0563898363472712,0.0285));
#4395=CARTESIAN_POINT('',(0.00490904790922172,0.0550377738318427,0.0285));
#4396=CARTESIAN_POINT('',(0.00490904790922172,0.0536857113164142,0.0285));
#4397=CARTESIAN_POINT('',(0.00490904790922172,0.0536857113164142,0.0285));
#4398=CARTESIAN_POINT('',(0.00449321573271402,0.0563898363472712,0.0285));
#4399=CARTESIAN_POINT('',(0.00407738355620632,0.0563898363472712,0.0285));
#4400=CARTESIAN_POINT('',(0.00407738355620632,0.0563898363472712,0.0285));
#4401=CARTESIAN_POINT('',(0.00449321573271402,0.0563898363472712,0.0285));
#4402=CARTESIAN_POINT('',(0.00407738355620632,0.0550377738318427,0.0285));
#4403=CARTESIAN_POINT('',(0.00407738355620632,0.0536857113164142,0.0285));
#4404=CARTESIAN_POINT('',(0.00407738355620632,0.0536857113164142,0.0285));
#4405=CARTESIAN_POINT('',(0.00407738355620632,0.0550377738318427,0.0285));
#4406=CARTESIAN_POINT('',(0.00449321573271402,0.0536857113164142,0.0285));
#4407=CARTESIAN_POINT('',(0.00449321573271402,0.0536857113164142,0.0285));
#4408=CARTESIAN_POINT('',(1.38777878078145E-17,0.00679695421198432,0.0285));
#4409=CARTESIAN_POINT('',(0.00126626077232972,0.0567043448940256,0.0285));
#4410=CARTESIAN_POINT('',(0.000805846198730559,0.0567043448940256,0.0285));
#4411=CARTESIAN_POINT('',(0.000805846198730559,0.0567043448940256,0.0285));
#4412=CARTESIAN_POINT('',(0.00126626077232972,0.0567043448940256,0.0285));
#4413=CARTESIAN_POINT('',(0.00172667534592889,0.0567043448940256,0.0285));
#4414=CARTESIAN_POINT('',(0.00172667534592889,0.0567043448940256,0.0285));
#4415=CARTESIAN_POINT('',(0.000805846198730558,0.0551950281052199,0.0285));
#4416=CARTESIAN_POINT('',(0.000805846198730557,0.0536857113164142,0.0285));
#4417=CARTESIAN_POINT('',(0.000805846198730557,0.0536857113164142,0.0285));
#4418=CARTESIAN_POINT('',(0.000805846198730558,0.0551950281052199,0.0285));
#4419=CARTESIAN_POINT('',(0.00126626077232972,0.0536857113164142,0.0285));
#4420=CARTESIAN_POINT('',(0.00172667534592889,0.0536857113164142,0.0285));
#4421=CARTESIAN_POINT('',(0.00172667534592889,0.0536857113164142,0.0285));
#4422=CARTESIAN_POINT('',(0.00126626077232972,0.0536857113164142,0.0285));
#4423=CARTESIAN_POINT('',(0.00172667534592889,0.0551950281052199,0.0285));
#4424=CARTESIAN_POINT('',(0.00172667534592889,0.0551950281052199,0.0285));
#4425=CARTESIAN_POINT('',(1.38777878078145E-17,0.00679695421198432,0.0285));
#4426=CARTESIAN_POINT('',(0.000805846198730557,0.0526513997038921,0.0285));
#4427=CARTESIAN_POINT('',(0.000805846198730557,0.0520337308569158,0.0285));
#4428=CARTESIAN_POINT('',(0.000805846198730557,0.0520337308569158,0.0285));
#4429=CARTESIAN_POINT('',(0.000805846198730557,0.0526513997038921,0.0285));
#4430=CARTESIAN_POINT('',(0.000805846198730557,0.0532690685508684,0.0285));
#4431=CARTESIAN_POINT('',(0.000805846198730557,0.0532690685508684,0.0285));
#4432=CARTESIAN_POINT('',(0.00453941930788154,0.0520337308569158,0.0285));
#4433=CARTESIAN_POINT('',(0.00827299241703252,0.0520337308569158,0.0285));
#4434=CARTESIAN_POINT('',(0.00827299241703252,0.0520337308569158,0.0285));
#4435=CARTESIAN_POINT('',(0.00453941930788154,0.0520337308569158,0.0285));
#4436=CARTESIAN_POINT('',(0.00827299241703252,0.0526513997038921,0.0285));
#4437=CARTESIAN_POINT('',(0.00827299241703252,0.0532690685508684,0.0285));
#4438=CARTESIAN_POINT('',(0.00827299241703252,0.0532690685508684,0.0285));
#4439=CARTESIAN_POINT('',(0.00827299241703252,0.0526513997038921,0.0285));
#4440=CARTESIAN_POINT('',(0.00453941930788154,0.0532690685508684,0.0285));
#4441=CARTESIAN_POINT('',(0.00453941930788154,0.0532690685508684,0.0285));
#4442=CARTESIAN_POINT('',(1.38777878078145E-17,0.00679695421198432,0.0285));
#4443=CARTESIAN_POINT('',(0.000805846198730561,0.0624757388447757,0.0285));
#4444=CARTESIAN_POINT('',(0.00080584619873056,0.0617818746282249,0.0285));
#4445=CARTESIAN_POINT('',(0.00080584619873056,0.0617818746282249,0.0285));
#4446=CARTESIAN_POINT('',(0.000805846198730561,0.0624757388447757,0.0285));
#4447=CARTESIAN_POINT('',(0.000805846198730564,0.0631696030613266,0.0285));
#4448=CARTESIAN_POINT('',(0.000805846198730564,0.0631696030613266,0.0285));
#4449=CARTESIAN_POINT('',(0.00329273336739648,0.0607483736047408,0.0285));
#4450=CARTESIAN_POINT('',(0.0057796205360624,0.0597148725812568,0.0285));
#4451=CARTESIAN_POINT('',(0.0057796205360624,0.0597148725812568,0.0285));
#4452=CARTESIAN_POINT('',(0.00329273336739648,0.0607483736047408,0.0285));
#4453=CARTESIAN_POINT('',(0.00702630647654746,0.0597148725812568,0.0285));
#4454=CARTESIAN_POINT('',(0.00827299241703253,0.0597148725812568,0.0285));
#4455=CARTESIAN_POINT('',(0.00827299241703253,0.0597148725812568,0.0285));
#4456=CARTESIAN_POINT('',(0.00702630647654746,0.0597148725812568,0.0285));
#4457=CARTESIAN_POINT('',(0.00827299241703253,0.0603325414282331,0.0285));
#4458=CARTESIAN_POINT('',(0.00827299241703253,0.0609502102752095,0.0285));
#4459=CARTESIAN_POINT('',(0.00827299241703253,0.0609502102752095,0.0285));
#4460=CARTESIAN_POINT('',(0.00827299241703253,0.0603325414282331,0.0285));
#4461=CARTESIAN_POINT('',(0.00675313797073246,0.0609502102752095,0.0285));
#4462=CARTESIAN_POINT('',(0.0052332835244324,0.0609502102752095,0.0285));
#4463=CARTESIAN_POINT('',(0.0052332835244324,0.0609502102752095,0.0285));
#4464=CARTESIAN_POINT('',(0.00675313797073246,0.0609502102752095,0.0285));
#4465=CARTESIAN_POINT('',(0.00301956486158148,0.062059906668268,0.0285));
#4466=CARTESIAN_POINT('',(0.00301956486158148,0.062059906668268,0.0285));
#4467=CARTESIAN_POINT('',(1.38777878078145E-17,0.00679695421198432,0.0285));
#4468=CARTESIAN_POINT('',(-0.00456134066523236,0.0559991324309424,0.0285));
#4469=CARTESIAN_POINT('',(-0.00456134066523236,0.0573511949463709,0.0285));
#4470=CARTESIAN_POINT('',(-0.00456134066523236,0.0573511949463709,0.0285));
#4471=CARTESIAN_POINT('',(-0.00456134066523236,0.0559991324309424,0.0285));
#4472=CARTESIAN_POINT('',(-0.00456134066523236,0.0546470699155138,0.0285));
#4473=CARTESIAN_POINT('',(-0.00456134066523236,0.0546470699155138,0.0285));
#4474=CARTESIAN_POINT('',(-0.00497717284174005,0.0573511949463709,0.0285));
#4475=CARTESIAN_POINT('',(-0.00539300501824775,0.0573511949463709,0.0285));
#4476=CARTESIAN_POINT('',(-0.00539300501824775,0.0573511949463709,0.0285));
#4477=CARTESIAN_POINT('',(-0.00497717284174005,0.0573511949463709,0.0285));
#4478=CARTESIAN_POINT('',(-0.00539300501824775,0.0559991324309424,0.0285));
#4479=CARTESIAN_POINT('',(-0.00539300501824775,0.0546470699155138,0.0285));
#4480=CARTESIAN_POINT('',(-0.00539300501824775,0.0546470699155138,0.0285));
#4481=CARTESIAN_POINT('',(-0.00539300501824775,0.0559991324309424,0.0285));
#4482=CARTESIAN_POINT('',(-0.00497717284174006,0.0546470699155138,0.0285));
#4483=CARTESIAN_POINT('',(-0.00497717284174006,0.0546470699155138,0.0285));
#4484=CARTESIAN_POINT('',(1.38777878078145E-17,0.00679695421198432,0.0285));
#4485=CARTESIAN_POINT('',(-0.00820412780212435,0.0576657034931253,0.0285));
#4486=CARTESIAN_POINT('',(-0.00866454237572351,0.0576657034931253,0.0285));
#4487=CARTESIAN_POINT('',(-0.00866454237572351,0.0576657034931253,0.0285));
#4488=CARTESIAN_POINT('',(-0.00820412780212435,0.0576657034931253,0.0285));
#4489=CARTESIAN_POINT('',(-0.00774371322852518,0.0576657034931253,0.0285));
#4490=CARTESIAN_POINT('',(-0.00774371322852518,0.0576657034931253,0.0285));
#4491=CARTESIAN_POINT('',(-0.00866454237572351,0.0561563867043196,0.0285));
#4492=CARTESIAN_POINT('',(-0.00866454237572351,0.0546470699155138,0.0285));
#4493=CARTESIAN_POINT('',(-0.00866454237572351,0.0546470699155138,0.0285));
#4494=CARTESIAN_POINT('',(-0.00866454237572351,0.0561563867043196,0.0285));
#4495=CARTESIAN_POINT('',(-0.00820412780212435,0.0546470699155138,0.0285));
#4496=CARTESIAN_POINT('',(-0.00774371322852518,0.0546470699155138,0.0285));
#4497=CARTESIAN_POINT('',(-0.00774371322852518,0.0546470699155138,0.0285));
#4498=CARTESIAN_POINT('',(-0.00820412780212435,0.0546470699155138,0.0285));
#4499=CARTESIAN_POINT('',(-0.00774371322852518,0.0561563867043196,0.0285));
#4500=CARTESIAN_POINT('',(-0.00774371322852518,0.0561563867043196,0.0285));
#4501=CARTESIAN_POINT('',(1.38777878078145E-17,0.00679695421198432,0.0285));
#4502=CARTESIAN_POINT('',(-0.00866454237572352,0.0536127583029918,0.0285));
#4503=CARTESIAN_POINT('',(-0.00866454237572352,0.0529950894560154,0.0285));
#4504=CARTESIAN_POINT('',(-0.00866454237572352,0.0529950894560154,0.0285));
#4505=CARTESIAN_POINT('',(-0.00866454237572352,0.0536127583029918,0.0285));
#4506=CARTESIAN_POINT('',(-0.00866454237572351,0.0542304271499681,0.0285));
#4507=CARTESIAN_POINT('',(-0.00866454237572351,0.0542304271499681,0.0285));
#4508=CARTESIAN_POINT('',(-0.00493096926657253,0.0529950894560154,0.0285));
#4509=CARTESIAN_POINT('',(-0.00119739615742155,0.0529950894560154,0.0285));
#4510=CARTESIAN_POINT('',(-0.00119739615742155,0.0529950894560154,0.0285));
#4511=CARTESIAN_POINT('',(-0.00493096926657253,0.0529950894560154,0.0285));
#4512=CARTESIAN_POINT('',(-0.00119739615742155,0.0536127583029918,0.0285));
#4513=CARTESIAN_POINT('',(-0.00119739615742155,0.0542304271499681,0.0285));
#4514=CARTESIAN_POINT('',(-0.00119739615742155,0.0542304271499681,0.0285));
#4515=CARTESIAN_POINT('',(-0.00119739615742155,0.0536127583029918,0.0285));
#4516=CARTESIAN_POINT('',(-0.00493096926657253,0.0542304271499681,0.0285));
#4517=CARTESIAN_POINT('',(-0.00493096926657253,0.0542304271499681,0.0285));
#4518=CARTESIAN_POINT('',(1.38777878078145E-17,0.00679695421198432,0.0285));
#4519=CARTESIAN_POINT('',(-0.00456134066523236,0.0500105006180011,0.0285));
#4520=CARTESIAN_POINT('',(-0.00456134066523236,0.0513625631334296,0.0285));
#4521=CARTESIAN_POINT('',(-0.00456134066523236,0.0513625631334296,0.0285));
#4522=CARTESIAN_POINT('',(-0.00456134066523236,0.0500105006180011,0.0285));
#4523=CARTESIAN_POINT('',(-0.00456134066523236,0.0486584381025726,0.0285));
#4524=CARTESIAN_POINT('',(-0.00456134066523236,0.0486584381025726,0.0285));
#4525=CARTESIAN_POINT('',(-0.00497717284174006,0.0513625631334296,0.0285));
#4526=CARTESIAN_POINT('',(-0.00539300501824775,0.0513625631334296,0.0285));
#4527=CARTESIAN_POINT('',(-0.00539300501824775,0.0513625631334296,0.0285));
#4528=CARTESIAN_POINT('',(-0.00497717284174006,0.0513625631334296,0.0285));
#4529=CARTESIAN_POINT('',(-0.00539300501824775,0.0500105006180011,0.0285));
#4530=CARTESIAN_POINT('',(-0.00539300501824775,0.0486584381025726,0.0285));
#4531=CARTESIAN_POINT('',(-0.00539300501824775,0.0486584381025726,0.0285));
#4532=CARTESIAN_POINT('',(-0.00539300501824775,0.0500105006180011,0.0285));
#4533=CARTESIAN_POINT('',(-0.00497717284174006,0.0486584381025726,0.0285));
#4534=CARTESIAN_POINT('',(-0.00497717284174006,0.0486584381025726,0.0285));
#4535=CARTESIAN_POINT('',(1.38777878078145E-17,0.00679695421198432,0.0285));
#4536=CARTESIAN_POINT('',(-0.00820412780212435,0.051677071680184,0.0285));
#4537=CARTESIAN_POINT('',(-0.00866454237572352,0.051677071680184,0.0285));
#4538=CARTESIAN_POINT('',(-0.00866454237572352,0.051677071680184,0.0285));
#4539=CARTESIAN_POINT('',(-0.00820412780212435,0.051677071680184,0.0285));
#4540=CARTESIAN_POINT('',(-0.00774371322852518,0.051677071680184,0.0285));
#4541=CARTESIAN_POINT('',(-0.00774371322852518,0.051677071680184,0.0285));
#4542=CARTESIAN_POINT('',(-0.00866454237572352,0.0501677548913783,0.0285));
#4543=CARTESIAN_POINT('',(-0.00866454237572352,0.0486584381025726,0.0285));
#4544=CARTESIAN_POINT('',(-0.00866454237572352,0.0486584381025726,0.0285));
#4545=CARTESIAN_POINT('',(-0.00866454237572352,0.0501677548913783,0.0285));
#4546=CARTESIAN_POINT('',(-0.00820412780212435,0.0486584381025726,0.0285));
#4547=CARTESIAN_POINT('',(-0.00774371322852519,0.0486584381025726,0.0285));
#4548=CARTESIAN_POINT('',(-0.00774371322852519,0.0486584381025726,0.0285));
#4549=CARTESIAN_POINT('',(-0.00820412780212435,0.0486584381025726,0.0285));
#4550=CARTESIAN_POINT('',(-0.00774371322852519,0.0501677548913783,0.0285));
#4551=CARTESIAN_POINT('',(-0.00774371322852519,0.0501677548913783,0.0285));
#4552=CARTESIAN_POINT('',(1.38777878078145E-17,0.00679695421198432,0.0285));
#4553=CARTESIAN_POINT('',(-0.00866454237572352,0.0476241264900505,0.0285));
#4554=CARTESIAN_POINT('',(-0.00866454237572352,0.0470064576430742,0.0285));
#4555=CARTESIAN_POINT('',(-0.00866454237572352,0.0470064576430742,0.0285));
#4556=CARTESIAN_POINT('',(-0.00866454237572352,0.0476241264900505,0.0285));
#4557=CARTESIAN_POINT('',(-0.00866454237572352,0.0482417953370268,0.0285));
#4558=CARTESIAN_POINT('',(-0.00866454237572352,0.0482417953370268,0.0285));
#4559=CARTESIAN_POINT('',(-0.00493096926657254,0.0470064576430742,0.0285));
#4560=CARTESIAN_POINT('',(-0.00119739615742155,0.0470064576430742,0.0285));
#4561=CARTESIAN_POINT('',(-0.00119739615742155,0.0470064576430742,0.0285));
#4562=CARTESIAN_POINT('',(-0.00493096926657254,0.0470064576430742,0.0285));
#4563=CARTESIAN_POINT('',(-0.00119739615742155,0.0476241264900505,0.0285));
#4564=CARTESIAN_POINT('',(-0.00119739615742155,0.0482417953370268,0.0285));
#4565=CARTESIAN_POINT('',(-0.00119739615742155,0.0482417953370268,0.0285));
#4566=CARTESIAN_POINT('',(-0.00119739615742155,0.0476241264900505,0.0285));
#4567=CARTESIAN_POINT('',(-0.00493096926657254,0.0482417953370268,0.0285));
#4568=CARTESIAN_POINT('',(-0.00493096926657254,0.0482417953370268,0.0285));
#4569=CARTESIAN_POINT('',(1.38777878078145E-17,0.00679695421198432,0.0285));
#4570=CARTESIAN_POINT('',(-0.00119739615742155,0.0444936316251914,0.0285));
#4571=CARTESIAN_POINT('',(-0.00119739615742155,0.0451113004721677,0.0285));
#4572=CARTESIAN_POINT('',(-0.00119739615742155,0.0451113004721677,0.0285));
#4573=CARTESIAN_POINT('',(-0.00119739615742155,0.0444936316251914,0.0285));
#4574=CARTESIAN_POINT('',(-0.00119739615742155,0.0438759627782151,0.0285));
#4575=CARTESIAN_POINT('',(-0.00119739615742155,0.0438759627782151,0.0285));
#4576=CARTESIAN_POINT('',(-0.00493096926657254,0.0451113004721677,0.0285));
#4577=CARTESIAN_POINT('',(-0.00866454237572352,0.0451113004721677,0.0285));
#4578=CARTESIAN_POINT('',(-0.00866454237572352,0.0451113004721677,0.0285));
#4579=CARTESIAN_POINT('',(-0.00493096926657254,0.0451113004721677,0.0285));
#4580=CARTESIAN_POINT('',(-0.00866454237572352,0.0444936316251914,0.0285));
#4581=CARTESIAN_POINT('',(-0.00866454237572352,0.0438759627782151,0.0285));
#4582=CARTESIAN_POINT('',(-0.00866454237572352,0.0438759627782151,0.0285));
#4583=CARTESIAN_POINT('',(-0.00866454237572352,0.0444936316251914,0.0285));
#4584=CARTESIAN_POINT('',(-0.00493096926657254,0.0438759627782151,0.0285));
#4585=CARTESIAN_POINT('',(-0.00493096926657254,0.0438759627782151,0.0285));
#4586=CARTESIAN_POINT('',(1.38777878078145E-17,0.00679695421198432,0.0285));
#4587=CARTESIAN_POINT('',(-0.00866454237572352,0.0413728638287886,0.0285));
#4588=CARTESIAN_POINT('',(-0.00866454237572352,0.0407551949818123,0.0285));
#4589=CARTESIAN_POINT('',(-0.00866454237572352,0.0407551949818123,0.0285));
#4590=CARTESIAN_POINT('',(-0.00866454237572352,0.0413728638287886,0.0285));
#4591=CARTESIAN_POINT('',(-0.00866454237572352,0.0419905326757649,0.0285));
#4592=CARTESIAN_POINT('',(-0.00866454237572352,0.0419905326757649,0.0285));
#4593=CARTESIAN_POINT('',(-0.00634950008311926,0.0397516857527352,0.0285));
#4594=CARTESIAN_POINT('',(-0.00403445779051501,0.0387481765236582,0.0285));
#4595=CARTESIAN_POINT('',(-0.00403445779051501,0.0387481765236582,0.0285));
#4596=CARTESIAN_POINT('',(-0.00634950008311926,0.0397516857527352,0.0285));
#4597=CARTESIAN_POINT('',(-0.00310714393101246,0.0387481765236582,0.0285));
#4598=CARTESIAN_POINT('',(-0.00217983007150992,0.0387481765236582,0.0285));
#4599=CARTESIAN_POINT('',(-0.00217983007150992,0.0387481765236582,0.0285));
#4600=CARTESIAN_POINT('',(-0.00310714393101246,0.0387481765236582,0.0285));
#4601=CARTESIAN_POINT('',(-0.00217983007150992,0.0389159684545297,0.0285));
#4602=CARTESIAN_POINT('',(-0.00217983007150992,0.0390837603854012,0.0285));
#4603=CARTESIAN_POINT('',(-0.00217983007150992,0.0390837603854012,0.0285));
#4604=CARTESIAN_POINT('',(-0.00217983007150992,0.0389159684545297,0.0285));
#4605=CARTESIAN_POINT('',(-0.00425736977597235,0.0399194776836067,0.0285));
#4606=CARTESIAN_POINT('',(-0.00633490948043478,0.0407551949818123,0.0285));
#4607=CARTESIAN_POINT('',(-0.00633490948043478,0.0407551949818123,0.0285));
#4608=CARTESIAN_POINT('',(-0.00425736977597235,0.0399194776836067,0.0285));
#4609=CARTESIAN_POINT('',(-0.00376615281892817,0.0407551949818123,0.0285));
#4610=CARTESIAN_POINT('',(-0.00119739615742156,0.0407551949818123,0.0285));
#4611=CARTESIAN_POINT('',(-0.00119739615742156,0.0407551949818123,0.0285));
#4612=CARTESIAN_POINT('',(-0.00376615281892817,0.0407551949818123,0.0285));
#4613=CARTESIAN_POINT('',(-0.00119739615742156,0.0413728638287886,0.0285));
#4614=CARTESIAN_POINT('',(-0.00119739615742156,0.0419905326757649,0.0285));
#4615=CARTESIAN_POINT('',(-0.00119739615742156,0.0419905326757649,0.0285));
#4616=CARTESIAN_POINT('',(-0.00119739615742156,0.0413728638287886,0.0285));
#4617=CARTESIAN_POINT('',(-0.00493096926657254,0.0419905326757649,0.0285));
#4618=CARTESIAN_POINT('',(-0.00493096926657254,0.0419905326757649,0.0285));
#4619=CARTESIAN_POINT('',(1.38777878078145E-17,0.00679695421198432,0.0285));
#4620=CARTESIAN_POINT('',(0.00490904790922171,0.0490491420189014,0.0285));
#4621=CARTESIAN_POINT('',(0.00490904790922171,0.05040120453433,0.0285));
#4622=CARTESIAN_POINT('',(0.00490904790922171,0.05040120453433,0.0285));
#4623=CARTESIAN_POINT('',(0.00490904790922171,0.0490491420189014,0.0285));
#4624=CARTESIAN_POINT('',(0.00490904790922171,0.0476970795034729,0.0285));
#4625=CARTESIAN_POINT('',(0.00490904790922171,0.0476970795034729,0.0285));
#4626=CARTESIAN_POINT('',(0.00449321573271401,0.05040120453433,0.0285));
#4627=CARTESIAN_POINT('',(0.00407738355620632,0.05040120453433,0.0285));
#4628=CARTESIAN_POINT('',(0.00407738355620632,0.05040120453433,0.0285));
#4629=CARTESIAN_POINT('',(0.00449321573271401,0.05040120453433,0.0285));
#4630=CARTESIAN_POINT('',(0.00407738355620632,0.0490491420189014,0.0285));
#4631=CARTESIAN_POINT('',(0.00407738355620632,0.0476970795034729,0.0285));
#4632=CARTESIAN_POINT('',(0.00407738355620632,0.0476970795034729,0.0285));
#4633=CARTESIAN_POINT('',(0.00407738355620632,0.0490491420189014,0.0285));
#4634=CARTESIAN_POINT('',(0.00449321573271401,0.0476970795034729,0.0285));
#4635=CARTESIAN_POINT('',(0.00449321573271401,0.0476970795034729,0.0285));
#4636=CARTESIAN_POINT('',(1.38777878078145E-17,0.00679695421198432,0.0285));
#4637=CARTESIAN_POINT('',(0.00126626077232972,0.0507157130810843,0.0285));
#4638=CARTESIAN_POINT('',(0.000805846198730556,0.0507157130810843,0.0285));
#4639=CARTESIAN_POINT('',(0.000805846198730556,0.0507157130810843,0.0285));
#4640=CARTESIAN_POINT('',(0.00126626077232972,0.0507157130810843,0.0285));
#4641=CARTESIAN_POINT('',(0.00172667534592888,0.0507157130810843,0.0285));
#4642=CARTESIAN_POINT('',(0.00172667534592888,0.0507157130810843,0.0285));
#4643=CARTESIAN_POINT('',(0.000805846198730555,0.0492063962922786,0.0285));
#4644=CARTESIAN_POINT('',(0.000805846198730555,0.0476970795034729,0.0285));
#4645=CARTESIAN_POINT('',(0.000805846198730555,0.0476970795034729,0.0285));
#4646=CARTESIAN_POINT('',(0.000805846198730555,0.0492063962922786,0.0285));
#4647=CARTESIAN_POINT('',(0.00126626077232972,0.0476970795034729,0.0285));
#4648=CARTESIAN_POINT('',(0.00172667534592888,0.0476970795034729,0.0285));
#4649=CARTESIAN_POINT('',(0.00172667534592888,0.0476970795034729,0.0285));
#4650=CARTESIAN_POINT('',(0.00126626077232972,0.0476970795034729,0.0285));
#4651=CARTESIAN_POINT('',(0.00172667534592888,0.0492063962922786,0.0285));
#4652=CARTESIAN_POINT('',(0.00172667534592888,0.0492063962922786,0.0285));
#4653=CARTESIAN_POINT('',(1.38777878078145E-17,0.00679695421198432,0.0285));
#4654=CARTESIAN_POINT('',(0.000805846198730554,0.0466627678909508,0.0285));
#4655=CARTESIAN_POINT('',(0.000805846198730554,0.0460450990439745,0.0285));
#4656=CARTESIAN_POINT('',(0.000805846198730554,0.0460450990439745,0.0285));
#4657=CARTESIAN_POINT('',(0.000805846198730554,0.0466627678909508,0.0285));
#4658=CARTESIAN_POINT('',(0.000805846198730554,0.0472804367379272,0.0285));
#4659=CARTESIAN_POINT('',(0.000805846198730554,0.0472804367379272,0.0285));
#4660=CARTESIAN_POINT('',(0.00453941930788154,0.0460450990439745,0.0285));
#4661=CARTESIAN_POINT('',(0.00827299241703252,0.0460450990439745,0.0285));
#4662=CARTESIAN_POINT('',(0.00827299241703252,0.0460450990439745,0.0285));
#4663=CARTESIAN_POINT('',(0.00453941930788154,0.0460450990439745,0.0285));
#4664=CARTESIAN_POINT('',(0.00827299241703252,0.0466627678909508,0.0285));
#4665=CARTESIAN_POINT('',(0.00827299241703252,0.0472804367379272,0.0285));
#4666=CARTESIAN_POINT('',(0.00827299241703252,0.0472804367379272,0.0285));
#4667=CARTESIAN_POINT('',(0.00827299241703252,0.0466627678909508,0.0285));
#4668=CARTESIAN_POINT('',(0.00453941930788154,0.0472804367379272,0.0285));
#4669=CARTESIAN_POINT('',(0.00453941930788154,0.0472804367379272,0.0285));
#4670=CARTESIAN_POINT('',(1.38777878078145E-17,0.00679695421198432,0.0285));
#4671=CARTESIAN_POINT('',(0.00827299241703252,0.0435322730260917,0.0285));
#4672=CARTESIAN_POINT('',(0.00827299241703252,0.0441499418730681,0.0285));
#4673=CARTESIAN_POINT('',(0.00827299241703252,0.0441499418730681,0.0285));
#4674=CARTESIAN_POINT('',(0.00827299241703252,0.0435322730260917,0.0285));
#4675=CARTESIAN_POINT('',(0.00827299241703252,0.0429146041791154,0.0285));
#4676=CARTESIAN_POINT('',(0.00827299241703252,0.0429146041791154,0.0285));
#4677=CARTESIAN_POINT('',(0.00453941930788154,0.0441499418730681,0.0285));
#4678=CARTESIAN_POINT('',(0.000805846198730554,0.0441499418730681,0.0285));
#4679=CARTESIAN_POINT('',(0.000805846198730554,0.0441499418730681,0.0285));
#4680=CARTESIAN_POINT('',(0.00453941930788154,0.0441499418730681,0.0285));
#4681=CARTESIAN_POINT('',(0.000805846198730553,0.0435322730260917,0.0285));
#4682=CARTESIAN_POINT('',(0.000805846198730552,0.0429146041791154,0.0285));
#4683=CARTESIAN_POINT('',(0.000805846198730552,0.0429146041791154,0.0285));
#4684=CARTESIAN_POINT('',(0.000805846198730553,0.0435322730260917,0.0285));
#4685=CARTESIAN_POINT('',(0.00453941930788153,0.0429146041791154,0.0285));
#4686=CARTESIAN_POINT('',(0.00453941930788153,0.0429146041791154,0.0285));
#4687=CARTESIAN_POINT('',(1.38777878078145E-17,0.00679695421198432,0.0285));
#4688=CARTESIAN_POINT('',(0.000805846198730549,0.035739270014503,0.0285));
#4689=CARTESIAN_POINT('',(0.000805846198730548,0.035131328235983,0.0285));
#4690=CARTESIAN_POINT('',(0.000805846198730548,0.035131328235983,0.0285));
#4691=CARTESIAN_POINT('',(0.000805846198730549,0.035739270014503,0.0285));
#4692=CARTESIAN_POINT('',(0.000805846198730549,0.036347211793023,0.0285));
#4693=CARTESIAN_POINT('',(0.000805846198730549,0.036347211793023,0.0285));
#4694=CARTESIAN_POINT('',(0.00453941930788153,0.035131328235983,0.0285));
#4695=CARTESIAN_POINT('',(0.00827299241703251,0.035131328235983,0.0285));
#4696=CARTESIAN_POINT('',(0.00827299241703251,0.035131328235983,0.0285));
#4697=CARTESIAN_POINT('',(0.00453941930788153,0.035131328235983,0.0285));
#4698=CARTESIAN_POINT('',(0.00827299241703251,0.035739270014503,0.0285));
#4699=CARTESIAN_POINT('',(0.00827299241703251,0.036347211793023,0.0285));
#4700=CARTESIAN_POINT('',(0.00827299241703251,0.036347211793023,0.0285));
#4701=CARTESIAN_POINT('',(0.00827299241703251,0.035739270014503,0.0285));
#4702=CARTESIAN_POINT('',(0.00453941930788153,0.036347211793023,0.0285));
#4703=CARTESIAN_POINT('',(0.00453941930788153,0.036347211793023,0.0285));
#4704=CARTESIAN_POINT('',(1.38777878078145E-17,0.00679695421198432,0.0285));
#4705=CARTESIAN_POINT('',(0.00080584619873055,0.0373815234055451,0.0285));
#4706=CARTESIAN_POINT('',(0.00080584619873055,0.0373815234055451,0.0305));
#4707=CARTESIAN_POINT('',(0.00080584619873055,0.0380094597136698,0.0285));
#4708=CARTESIAN_POINT('',(0.00080584619873055,0.0380094597136698,0.0305));
#4709=CARTESIAN_POINT('',(0.000905278454061825,0.038561470848566,0.0285));
#4710=CARTESIAN_POINT('',(0.000905278454061825,0.038561470848566,0.0305));
#4711=CARTESIAN_POINT('',(0.00110414296472438,0.0390375568102336,0.0285));
#4712=CARTESIAN_POINT('',(0.00110414296472438,0.0390375568102336,0.0305));
#4713=CARTESIAN_POINT('',(0.00080584619873055,0.0373815234055451,0.0285));
#4714=CARTESIAN_POINT('',(0.00080584619873055,0.0373815234055451,0.0285));
#4715=CARTESIAN_POINT('',(0.00080584619873055,0.0373815234055451,0.0285));
#4716=CARTESIAN_POINT('',(0.00080584619873055,0.0383234278677322,0.0285));
#4717=CARTESIAN_POINT('',(0.00110414296472438,0.0390375568102336,0.0285));
#4718=CARTESIAN_POINT('',(0.00110414296472438,0.0390375568102336,0.0285));
#4719=CARTESIAN_POINT('',(0.00110414296472438,0.0390375568102336,0.0285));
#4720=CARTESIAN_POINT('',(0.00080584619873055,0.0370718783930189,0.0285));
#4721=CARTESIAN_POINT('',(0.00080584619873055,0.0367622333804927,0.0285));
#4722=CARTESIAN_POINT('',(0.00080584619873055,0.0367622333804927,0.0285));
#4723=CARTESIAN_POINT('',(0.00080584619873055,0.0370718783930189,0.0285));
#4724=CARTESIAN_POINT('',(0.00126626077232971,0.0367622333804927,0.0285));
#4725=CARTESIAN_POINT('',(0.00172667534592888,0.0367622333804927,0.0285));
#4726=CARTESIAN_POINT('',(0.00172667534592888,0.0367622333804927,0.0285));
#4727=CARTESIAN_POINT('',(0.00126626077232971,0.0367622333804927,0.0285));
#4728=CARTESIAN_POINT('',(0.00172667534592888,0.0369097605854136,0.0285));
#4729=CARTESIAN_POINT('',(0.00172667534592888,0.0370572877903344,0.0285));
#4730=CARTESIAN_POINT('',(0.00172667534592888,0.0370572877903344,0.0285));
#4731=CARTESIAN_POINT('',(0.00172667534592888,0.0369097605854136,0.0285));
#4732=CARTESIAN_POINT('',(0.00195526145465241,0.0384750080178431,0.0285));
#4733=CARTESIAN_POINT('',(0.00195526145465241,0.0384750080178431,0.0305));
#4734=CARTESIAN_POINT('',(0.00180287071550339,0.0381102429507311,0.0285));
#4735=CARTESIAN_POINT('',(0.00180287071550339,0.0381102429507311,0.0305));
#4736=CARTESIAN_POINT('',(0.00172667534592888,0.0376376695415616,0.0285));
#4737=CARTESIAN_POINT('',(0.00172667534592888,0.0376376695415616,0.0305));
#4738=CARTESIAN_POINT('',(0.00172667534592888,0.0370572877903344,0.0285));
#4739=CARTESIAN_POINT('',(0.00172667534592888,0.0370572877903344,0.0305));
#4740=CARTESIAN_POINT('',(0.00195526145465241,0.0384750080178431,0.0285));
#4741=CARTESIAN_POINT('',(0.00195526145465241,0.0384750080178431,0.0285));
#4742=CARTESIAN_POINT('',(0.00195526145465241,0.0384750080178431,0.0285));
#4743=CARTESIAN_POINT('',(0.00172667534592888,0.0379278604171751,0.0285));
#4744=CARTESIAN_POINT('',(0.00172667534592888,0.0370572877903344,0.0285));
#4745=CARTESIAN_POINT('',(0.00255347616471612,0.0393415276994937,0.0285));
#4746=CARTESIAN_POINT('',(0.00255347616471612,0.0393415276994937,0.0305));
#4747=CARTESIAN_POINT('',(0.002307057097156,0.0391286129788386,0.0285));
#4748=CARTESIAN_POINT('',(0.002307057097156,0.0391286129788386,0.0305));
#4749=CARTESIAN_POINT('',(0.00210765219380143,0.0388397730849551,0.0285));
#4750=CARTESIAN_POINT('',(0.00210765219380143,0.0388397730849551,0.0305));
#4751=CARTESIAN_POINT('',(0.00195526145465241,0.0384750080178431,0.0285));
#4752=CARTESIAN_POINT('',(0.00195526145465241,0.0384750080178431,0.0305));
#4753=CARTESIAN_POINT('',(0.00255347616471612,0.0393415276994937,0.0285));
#4754=CARTESIAN_POINT('',(0.00255347616471612,0.0393415276994937,0.0285));
#4755=CARTESIAN_POINT('',(0.00255347616471612,0.0393415276994937,0.0285));
#4756=CARTESIAN_POINT('',(0.00218384756337594,0.0390221556185111,0.0285));
#4757=CARTESIAN_POINT('',(0.00195526145465241,0.0384750080178431,0.0285));
#4758=CARTESIAN_POINT('',(0.00384632457677691,0.037872858284971,0.0285000000000001));
#4759=CARTESIAN_POINT('',(0.0033786558054273,0.0397719504786858,0.0285));
#4760=CARTESIAN_POINT('',(0.00337862666977561,0.0397720682044671,0.0285));
#4761=CARTESIAN_POINT('',(0.00384632457677691,0.037872858284971,0.0285));
#4762=CARTESIAN_POINT('',(0.00430050544075395,0.0360026895453299,0.0285000000000002));
#4763=CARTESIAN_POINT('',(0.00430110613070169,0.0398830011768955,0.0285));
#4764=CARTESIAN_POINT('',(0.00430110613101334,0.0398830031900819,0.0285));
#4765=CARTESIAN_POINT('',(0.00430050544075395,0.0360026895453299,0.0285));
#4766=CARTESIAN_POINT('',(0.00659102016312711,0.0393358535762275,0.0285));
#4767=CARTESIAN_POINT('',(0.00659102016312711,0.0393358535762275,0.0305));
#4768=CARTESIAN_POINT('',(0.00606413728840976,0.0397006186433395,0.0285));
#4769=CARTESIAN_POINT('',(0.00606413728840976,0.0397006186433395,0.0305));
#4770=CARTESIAN_POINT('',(0.00530083261093462,0.0398830011768955,0.0285));
#4771=CARTESIAN_POINT('',(0.00530083261093462,0.0398830011768955,0.0305));
#4772=CARTESIAN_POINT('',(0.00430110613070169,0.0398830011768955,0.0285));
#4773=CARTESIAN_POINT('',(0.00430110613070169,0.0398830011768955,0.0305));
#4774=CARTESIAN_POINT('',(0.00659102016312711,0.0393358535762275,0.0285));
#4775=CARTESIAN_POINT('',(0.00659102016312711,0.0393358535762275,0.0285));
#4776=CARTESIAN_POINT('',(0.00659102016312711,0.0393358535762275,0.0285));
#4777=CARTESIAN_POINT('',(0.00580069585105108,0.0398830011768955,0.0285));
#4778=CARTESIAN_POINT('',(0.00430110613070169,0.0398830011768955,0.0285));
#4779=CARTESIAN_POINT('',(0.00738134447520314,0.0375533682816067,0.0285));
#4780=CARTESIAN_POINT('',(0.00738134447520314,0.0375533682816067,0.0305));
#4781=CARTESIAN_POINT('',(0.00738134447520314,0.0383769267442419,0.0285));
#4782=CARTESIAN_POINT('',(0.00738134447520314,0.0383769267442419,0.0305));
#4783=CARTESIAN_POINT('',(0.00711790303784446,0.0389710885091155,0.0285));
#4784=CARTESIAN_POINT('',(0.00711790303784446,0.0389710885091155,0.0305));
#4785=CARTESIAN_POINT('',(0.00659102016312711,0.0393358535762275,0.0285));
#4786=CARTESIAN_POINT('',(0.00659102016312711,0.0393358535762275,0.0305));
#4787=CARTESIAN_POINT('',(0.00738134447520314,0.0375533682816067,0.0285));
#4788=CARTESIAN_POINT('',(0.00738134447520314,0.0375533682816067,0.0285));
#4789=CARTESIAN_POINT('',(0.00738134447520314,0.0375533682816067,0.0285));
#4790=CARTESIAN_POINT('',(0.00738134447520314,0.0387887059755594,0.0285));
#4791=CARTESIAN_POINT('',(0.00659102016312711,0.0393358535762275,0.0285));
#4792=CARTESIAN_POINT('',(0.00738134447520314,0.0371578008310498,0.0285));
#4793=CARTESIAN_POINT('',(0.00738134447520314,0.0367622333804927,0.0285));
#4794=CARTESIAN_POINT('',(0.00738134447520314,0.0367622333804927,0.0285));
#4795=CARTESIAN_POINT('',(0.00738134447520314,0.0371578008310498,0.0285));
#4796=CARTESIAN_POINT('',(0.00782716844611783,0.0367622333804927,0.0285));
#4797=CARTESIAN_POINT('',(0.00827299241703251,0.0367622333804927,0.0285));
#4798=CARTESIAN_POINT('',(0.00827299241703251,0.0367622333804927,0.0285));
#4799=CARTESIAN_POINT('',(0.00782716844611783,0.0367622333804927,0.0285));
#4800=CARTESIAN_POINT('',(0.00827299241703251,0.0373604480905564,0.0285));
#4801=CARTESIAN_POINT('',(0.00827299241703251,0.0379586628006201,0.0285));
#4802=CARTESIAN_POINT('',(0.00827338562277986,0.0379586759417353,0.0285));
#4803=CARTESIAN_POINT('',(0.00827299241703251,0.0373604480905564,0.0285));
#4804=CARTESIAN_POINT('',(0.00403386479176549,0.0378169892247567,0.0285000000000012));
#4805=CARTESIAN_POINT('',(0.00823732649935934,0.0383939491140404,0.0285));
#4806=CARTESIAN_POINT('',(0.00823741537098179,0.0383939617663826,0.0285));
#4807=CARTESIAN_POINT('',(0.00403386479176549,0.0378169892247567,0.0285));
#4808=CARTESIAN_POINT('',(0.00521205641159369,0.0379751115919946,0.0285000000000003));
#4809=CARTESIAN_POINT('',(0.008075208691754,0.0390424203444618,0.0285));
#4810=CARTESIAN_POINT('',(0.008075208691754,0.0390424203444618,0.0285));
#4811=CARTESIAN_POINT('',(0.00521205641159369,0.0379751115919946,0.0285));
#4812=CARTESIAN_POINT('',(0.00769504243291948,0.039776814012914,0.0285));
#4813=CARTESIAN_POINT('',(0.00769504243291948,0.039776814012914,0.0305));
#4814=CARTESIAN_POINT('',(0.00786418534552105,0.0395233698403577,0.0285));
#4815=CARTESIAN_POINT('',(0.00786418534552105,0.0395233698403577,0.0305));
#4816=CARTESIAN_POINT('',(0.00799090743179922,0.0392785719508736,0.0285));
#4817=CARTESIAN_POINT('',(0.00799090743179922,0.0392785719508736,0.0305));
#4818=CARTESIAN_POINT('',(0.008075208691754,0.0390424203444618,0.0285));
#4819=CARTESIAN_POINT('',(0.008075208691754,0.0390424203444618,0.0305));
#4820=CARTESIAN_POINT('',(0.00769504243291948,0.039776814012914,0.0285));
#4821=CARTESIAN_POINT('',(0.00769504243291948,0.039776814012914,0.0285));
#4822=CARTESIAN_POINT('',(0.00769504243291948,0.039776814012914,0.0285));
#4823=CARTESIAN_POINT('',(0.00794875680182183,0.0393966477540795,0.0285));
#4824=CARTESIAN_POINT('',(0.008075208691754,0.0390424203444618,0.0285));
#4825=CARTESIAN_POINT('',(0.00700117821636862,0.0404609511610086,0.0285));
#4826=CARTESIAN_POINT('',(0.00700117821636862,0.0404609511610086,0.0305));
#4827=CARTESIAN_POINT('',(0.00729461144813429,0.0402583039015019,0.0285));
#4828=CARTESIAN_POINT('',(0.00729461144813429,0.0402583039015019,0.0305));
#4829=CARTESIAN_POINT('',(0.00752589952031791,0.0400302581854704,0.0285));
#4830=CARTESIAN_POINT('',(0.00752589952031791,0.0400302581854704,0.0305));
#4831=CARTESIAN_POINT('',(0.00769504243291948,0.039776814012914,0.0285));
#4832=CARTESIAN_POINT('',(0.00769504243291948,0.039776814012914,0.0305));
#4833=CARTESIAN_POINT('',(0.00700117821636862,0.0404609511610086,0.0285));
#4834=CARTESIAN_POINT('',(0.00700117821636862,0.0404609511610086,0.0285));
#4835=CARTESIAN_POINT('',(0.00700117821636862,0.0404609511610086,0.0285));
#4836=CARTESIAN_POINT('',(0.00744132806401712,0.0401569802717485,0.0285));
#4837=CARTESIAN_POINT('',(0.00769504243291948,0.039776814012914,0.0285));
#4838=CARTESIAN_POINT('',(0.00590688301503258,0.0409627057755471,0.0285));
#4839=CARTESIAN_POINT('',(0.00590688301503258,0.0409627057755471,0.0305));
#4840=CARTESIAN_POINT('',(0.00634297991749094,0.0408308499586947,0.0285));
#4841=CARTESIAN_POINT('',(0.00634297991749094,0.0408308499586947,0.0305));
#4842=CARTESIAN_POINT('',(0.00670774498460295,0.0406635984205152,0.0285));
#4843=CARTESIAN_POINT('',(0.00670774498460295,0.0406635984205152,0.0305));
#4844=CARTESIAN_POINT('',(0.00700117821636862,0.0404609511610086,0.0285));
#4845=CARTESIAN_POINT('',(0.00700117821636862,0.0404609511610086,0.0305));
#4846=CARTESIAN_POINT('',(0.00590688301503258,0.0409627057755471,0.0285));
#4847=CARTESIAN_POINT('',(0.00590688301503258,0.0409627057755471,0.0285));
#4848=CARTESIAN_POINT('',(0.00590688301503258,0.0409627057755471,0.0285));
#4849=CARTESIAN_POINT('',(0.00656102836872012,0.0407649220502686,0.0285));
#4850=CARTESIAN_POINT('',(0.00700117821636862,0.0404609511610086,0.0285));
#4851=CARTESIAN_POINT('',(0.0043319085141467,0.0411604895008256,0.0285));
#4852=CARTESIAN_POINT('',(0.0043319085141467,0.0411604895008256,0.0305));
#4853=CARTESIAN_POINT('',(0.00494579461227892,0.0411604895008256,0.0285));
#4854=CARTESIAN_POINT('',(0.00494579461227892,0.0411604895008256,0.0305));
#4855=CARTESIAN_POINT('',(0.00547078611257421,0.0410945615923994,0.0285));
#4856=CARTESIAN_POINT('',(0.00547078611257421,0.0410945615923994,0.0305));
#4857=CARTESIAN_POINT('',(0.00590688301503258,0.0409627057755471,0.0285));
#4858=CARTESIAN_POINT('',(0.00590688301503258,0.0409627057755471,0.0305));
#4859=CARTESIAN_POINT('',(0.0043319085141467,0.0411604895008256,0.0285));
#4860=CARTESIAN_POINT('',(0.00433190851526268,0.0411604911872558,0.0285));
#4861=CARTESIAN_POINT('',(0.0043319085141467,0.0411604895008256,0.0285));
#4862=CARTESIAN_POINT('',(0.00525273766134503,0.0411604895008256,0.0285));
#4863=CARTESIAN_POINT('',(0.00590688301503258,0.0409627057755471,0.0285));
#4864=CARTESIAN_POINT('',(0.00432943717683906,0.0374258804587655,0.0285000000000001));
#4865=CARTESIAN_POINT('',(0.00302929193003779,0.0409270398578739,0.0285));
#4866=CARTESIAN_POINT('',(0.00302930900275078,0.0409269944176123,0.0285));
#4867=CARTESIAN_POINT('',(0.00432943717683906,0.0374258804587655,0.0285));
#4868=CARTESIAN_POINT('',(0.00416002177236422,0.0378562924986695,0.0285000000000001));
#4869=CARTESIAN_POINT('',(0.00189933081102857,0.0402226379838287,0.0285));
#4870=CARTESIAN_POINT('',(0.00189933081102857,0.0402226379838287,0.0285));
#4871=CARTESIAN_POINT('',(0.00416002177236422,0.0378562924986695,0.0285));
#4872=CARTESIAN_POINT('',(0.00110414296472438,0.0390375568102336,0.0285));
#4873=CARTESIAN_POINT('',(0.00110414296472438,0.0390375568102336,0.0305));
#4874=CARTESIAN_POINT('',(0.00130300747538693,0.0395136427719013,0.0285));
#4875=CARTESIAN_POINT('',(0.00130300747538693,0.0395136427719013,0.0305));
#4876=CARTESIAN_POINT('',(0.00156807009082166,0.0399086698297664,0.0285));
#4877=CARTESIAN_POINT('',(0.00156807009082166,0.0399086698297664,0.0305));
#4878=CARTESIAN_POINT('',(0.00189933081102857,0.0402226379838287,0.0285));
#4879=CARTESIAN_POINT('',(0.00189933081102857,0.0402226379838287,0.0305));
#4880=CARTESIAN_POINT('',(0.00110414296472438,0.0390375568102336,0.0285));
#4881=CARTESIAN_POINT('',(0.0014024397307182,0.0397516857527352,0.0285));
#4882=CARTESIAN_POINT('',(0.00189933081102857,0.0402226379838287,0.0285));
#4883=CARTESIAN_POINT('',(1.38777878078145E-17,0.00679695421198432,0.0285));
#4884=CARTESIAN_POINT('',(-0.00721115623054164,0.0605189769069792,0.0285));
#4885=CARTESIAN_POINT('',(-0.00866454237572351,0.0599564281145887,0.0285));
#4886=CARTESIAN_POINT('',(-0.00866454237572351,0.0599564281145887,0.0285));
#4887=CARTESIAN_POINT('',(-0.00721115623054164,0.0605189769069792,0.0285));
#4888=CARTESIAN_POINT('',(-0.00575777008535977,0.0610815256993698,0.0285));
#4889=CARTESIAN_POINT('',(-0.00575777008535977,0.0610815256993698,0.0285));
#4890=CARTESIAN_POINT('',(-0.00866454237572351,0.0592625638980379,0.0285));
#4891=CARTESIAN_POINT('',(-0.00866454237572351,0.058568699681487,0.0285));
#4892=CARTESIAN_POINT('',(-0.00866454237572351,0.058568699681487,0.0285));
#4893=CARTESIAN_POINT('',(-0.00866454237572351,0.0592625638980379,0.0285));
#4894=CARTESIAN_POINT('',(-0.00654728380839777,0.0595511335955754,0.0285));
#4895=CARTESIAN_POINT('',(-0.00443002524107203,0.0605335675096637,0.0285));
#4896=CARTESIAN_POINT('',(-0.00443002524107203,0.0605335675096637,0.0285));
#4897=CARTESIAN_POINT('',(-0.00654728380839777,0.0595511335955754,0.0285));
#4898=CARTESIAN_POINT('',(-0.0050938976632159,0.0608075466045168,0.0285));
#4899=CARTESIAN_POINT('',(-0.0050938976632159,0.0608075466045168,0.0285));
#4900=CARTESIAN_POINT('',(1.38777878078145E-17,0.00679695421198432,0.0285));
#4901=CARTESIAN_POINT('',(-0.00866454237572351,0.0634370974438754,0.0285));
#4902=CARTESIAN_POINT('',(-0.00866454237572351,0.0627432332273245,0.0285));
#4903=CARTESIAN_POINT('',(-0.00866454237572351,0.0627432332273245,0.0285));
#4904=CARTESIAN_POINT('',(-0.00866454237572351,0.0634370974438754,0.0285));
#4905=CARTESIAN_POINT('',(-0.00866454237572351,0.0641309616604262,0.0285));
#4906=CARTESIAN_POINT('',(-0.00866454237572351,0.0641309616604262,0.0285));
#4907=CARTESIAN_POINT('',(-0.00617765520705759,0.0617097322038405,0.0285));
#4908=CARTESIAN_POINT('',(-0.00369076803839167,0.0606762311803564,0.0285));
#4909=CARTESIAN_POINT('',(-0.00369076803839167,0.0606762311803564,0.0285));
#4910=CARTESIAN_POINT('',(-0.00617765520705759,0.0617097322038405,0.0285));
#4911=CARTESIAN_POINT('',(-0.00244408209790661,0.0606762311803564,0.0285));
#4912=CARTESIAN_POINT('',(-0.00119739615742155,0.0606762311803564,0.0285));
#4913=CARTESIAN_POINT('',(-0.00119739615742155,0.0606762311803564,0.0285));
#4914=CARTESIAN_POINT('',(-0.00244408209790661,0.0606762311803564,0.0285));
#4915=CARTESIAN_POINT('',(-0.00119739615742155,0.0612939000273328,0.0285));
#4916=CARTESIAN_POINT('',(-0.00119739615742155,0.0619115688743091,0.0285));
#4917=CARTESIAN_POINT('',(-0.00119739615742155,0.0619115688743091,0.0285));
#4918=CARTESIAN_POINT('',(-0.00119739615742155,0.0612939000273328,0.0285));
#4919=CARTESIAN_POINT('',(-0.00271725060372161,0.0619115688743091,0.0285));
#4920=CARTESIAN_POINT('',(-0.00423710505002168,0.0619115688743091,0.0285));
#4921=CARTESIAN_POINT('',(-0.00423710505002168,0.0619115688743091,0.0285));
#4922=CARTESIAN_POINT('',(-0.00271725060372161,0.0619115688743091,0.0285));
#4923=CARTESIAN_POINT('',(-0.00645082371287259,0.0630212652673677,0.0285));
#4924=CARTESIAN_POINT('',(-0.00645082371287259,0.0630212652673677,0.0285));
#4925=CARTESIAN_POINT('',(1.38777878078145E-17,0.00679695421198432,0.0285));
#4926=MECHANICAL_DESIGN_GEOMETRIC_PRESENTATION_REPRESENTATION('',(#3017),
#4927);
#4927=(
GEOMETRIC_REPRESENTATION_CONTEXT(3)
GLOBAL_UNCERTAINTY_ASSIGNED_CONTEXT((#4928))
GLOBAL_UNIT_ASSIGNED_CONTEXT((#4931,#4930,#4929))
REPRESENTATION_CONTEXT('Base Top','TOP_LEVEL_ASSEMBLY_PART')
);
#4928=UNCERTAINTY_MEASURE_WITH_UNIT(LENGTH_MEASURE(2.E-5),#4931,
'DISTANCE_ACCURACY_VALUE','Maximum Tolerance applied to model');
#4929=(
NAMED_UNIT(*)
SI_UNIT($,.STERADIAN.)
SOLID_ANGLE_UNIT()
);
#4930=(
NAMED_UNIT(*)
PLANE_ANGLE_UNIT()
SI_UNIT($,.RADIAN.)
);
#4931=(
LENGTH_UNIT()
NAMED_UNIT(*)
SI_UNIT($,.METRE.)
);
#4932=PRODUCT_DEFINITION_SHAPE('','',#4933);
#4933=PRODUCT_DEFINITION('','',#4935,#4934);
#4934=PRODUCT_DEFINITION_CONTEXT('',#4941,'design');
#4935=PRODUCT_DEFINITION_FORMATION_WITH_SPECIFIED_SOURCE('','',#4937,
 .NOT_KNOWN.);
#4936=PRODUCT_RELATED_PRODUCT_CATEGORY('','',(#4937));
#4937=PRODUCT('Base Top','Base Top','Base Top',(#4939));
#4938=PRODUCT_CATEGORY('','');
#4939=PRODUCT_CONTEXT('',#4941,'mechanical');
#4940=APPLICATION_PROTOCOL_DEFINITION('international standard',
'ap242_managed_model_based_3d_engineering',2020,#4941);
#4941=APPLICATION_CONTEXT('managed model based 3d engineering');
ENDSEC;
END-ISO-10303-21;
