ISO-10303-21;
HEADER;
/* Generated by software containing ST-Developer
 * from STEP Tools, Inc. (www.steptools.com) 
 */
/* OPTION: using custom renumber hook */

FILE_DESCRIPTION(
/* description */ ('STEP AP242 Edition 2',
'CAx-IF Rec.Pracs.---Representation and Presentation of Product Manufa
cturing Information (PMI)---4.0---2014-10-13',
'CAx-IF Rec.Pracs.---3D Tessellated Geometry---0.4---2014-09-14','2;1',
'CAx-IF Rec.Pracs.---User Defined Attributes---1.5---2016-08-15'),
/* implementation_level */ '2;1');

FILE_NAME(
/* name */ 'Assembly 1 - Base Bottom',
/* time_stamp */ '2026-08-23T18:38:52Z',
/* author */ (''),
/* organization */ (''),
/* preprocessor_version */ 'ST-DEVELOPER v20',
/* originating_system */ 'ONSHAPE BY PTC INC, 1.219',
/* authorisation */ '  ');

FILE_SCHEMA (('AP242_MANAGED_MODEL_BASED_3D_ENGINEERING_MIM_LF { 1 0 10303 442 3 1 4 }'));
ENDSEC;

DATA;
#10=SHAPE_REPRESENTATION_RELATIONSHIP('','',#1905,#11);
#11=ADVANCED_BREP_SHAPE_REPRESENTATION('',(#1903),#3265);
#12=CIRCLE('',#1910,0.005);
#13=CIRCLE('',#1911,0.005);
#14=CIRCLE('',#1913,0.003);
#15=CIRCLE('',#1914,0.003);
#16=CIRCLE('',#1915,0.0315);
#17=CIRCLE('',#1916,0.003);
#18=CIRCLE('',#1917,0.003);
#19=CIRCLE('',#1918,0.003);
#20=CIRCLE('',#1919,0.003);
#21=CIRCLE('',#1920,0.003);
#22=CIRCLE('',#1921,0.003);
#23=CIRCLE('',#1922,0.003);
#24=CIRCLE('',#1923,0.0315);
#25=CIRCLE('',#1924,0.003);
#26=CIRCLE('',#1925,0.0100868289232565);
#27=CIRCLE('',#1926,0.003);
#28=CIRCLE('',#1927,0.003);
#29=CIRCLE('',#1928,0.003);
#30=CIRCLE('',#1929,0.00715);
#31=CIRCLE('',#1930,0.00715);
#32=CIRCLE('',#1931,0.003);
#33=CIRCLE('',#1932,0.0100868289232565);
#34=CIRCLE('',#1933,0.003);
#35=CIRCLE('',#1934,0.003);
#36=CIRCLE('',#1935,0.003);
#37=CIRCLE('',#1936,0.0100868289232565);
#38=CIRCLE('',#1937,0.003);
#39=CIRCLE('',#1938,0.0315);
#40=CIRCLE('',#1939,0.003);
#41=CIRCLE('',#1940,0.003);
#42=CIRCLE('',#1941,0.003);
#43=CIRCLE('',#1942,0.003);
#44=CIRCLE('',#1943,0.003);
#45=CIRCLE('',#1944,0.003);
#46=CIRCLE('',#1945,0.0100868289232565);
#47=CIRCLE('',#1946,0.003);
#48=CIRCLE('',#1947,0.003);
#49=CIRCLE('',#1948,0.003);
#50=CIRCLE('',#1949,0.003);
#51=CIRCLE('',#1950,0.003);
#52=CIRCLE('',#1951,0.003);
#53=CIRCLE('',#1952,0.0315);
#54=CIRCLE('',#1953,0.003);
#55=CIRCLE('',#1954,0.0006);
#56=CIRCLE('',#1955,0.006);
#57=CIRCLE('',#1956,0.03950806);
#58=CIRCLE('',#1957,0.002);
#59=CIRCLE('',#1958,0.004);
#60=CIRCLE('',#1959,0.002);
#61=CIRCLE('',#1960,0.002);
#62=CIRCLE('',#1961,0.004);
#63=CIRCLE('',#1962,0.002);
#64=CIRCLE('',#1963,0.03950806);
#65=CIRCLE('',#1964,0.006);
#66=CIRCLE('',#1965,0.0006);
#67=CIRCLE('',#1967,0.00225);
#68=CIRCLE('',#1968,0.005);
#69=CIRCLE('',#1969,0.0006);
#70=CIRCLE('',#1970,0.0006);
#71=CIRCLE('',#1972,0.004);
#72=CIRCLE('',#1973,0.002);
#73=CIRCLE('',#1974,0.004);
#74=CIRCLE('',#1975,0.002);
#75=CIRCLE('',#1976,0.00225);
#76=CIRCLE('',#1980,0.0315);
#77=CIRCLE('',#1982,0.0315);
#78=CIRCLE('',#1984,0.0315);
#79=CIRCLE('',#1987,0.0100868289232565);
#80=CIRCLE('',#1989,0.0100868289232565);
#81=CIRCLE('',#1992,0.003);
#82=CIRCLE('',#1993,0.003);
#83=CIRCLE('',#1994,0.003);
#84=CIRCLE('',#1995,0.003);
#85=CIRCLE('',#1996,0.003);
#86=CIRCLE('',#1997,0.003);
#87=CIRCLE('',#1998,0.003);
#88=CIRCLE('',#1999,0.003);
#89=CIRCLE('',#2000,0.003);
#90=CIRCLE('',#2001,0.003);
#91=CIRCLE('',#2002,0.003);
#92=CIRCLE('',#2003,0.003);
#93=CIRCLE('',#2004,0.003);
#94=CIRCLE('',#2005,0.003);
#95=CIRCLE('',#2006,0.003);
#96=CIRCLE('',#2007,0.0100868289232565);
#97=CIRCLE('',#2008,0.003);
#98=CIRCLE('',#2009,0.0315);
#99=CIRCLE('',#2010,0.003);
#100=CIRCLE('',#2011,0.003);
#101=CIRCLE('',#2012,0.003);
#102=CIRCLE('',#2013,0.003);
#103=CIRCLE('',#2014,0.003);
#104=CIRCLE('',#2015,0.003);
#105=CIRCLE('',#2016,0.003);
#106=CIRCLE('',#2017,0.003);
#107=CIRCLE('',#2018,0.0100868289232565);
#108=CIRCLE('',#2019,0.003);
#109=CIRCLE('',#2020,0.003);
#110=CIRCLE('',#2021,0.003);
#111=CIRCLE('',#2022,0.003);
#112=CIRCLE('',#2023,0.00225);
#113=CIRCLE('',#2024,0.00715);
#114=CIRCLE('',#2025,0.00715);
#115=CIRCLE('',#2026,0.03950806);
#116=CIRCLE('',#2027,0.006);
#117=CIRCLE('',#2028,0.005);
#118=CIRCLE('',#2029,0.006);
#119=CIRCLE('',#2030,0.03950806);
#120=CIRCLE('',#2031,0.004);
#121=CIRCLE('',#2032,0.004);
#122=CIRCLE('',#2033,0.00225);
#123=CIRCLE('',#2034,0.00225);
#124=CIRCLE('',#2035,0.003);
#125=CIRCLE('',#2036,0.003);
#126=CIRCLE('',#2037,0.003);
#127=CIRCLE('',#2042,0.004);
#128=CIRCLE('',#2043,0.002);
#129=CIRCLE('',#2044,0.004);
#130=CIRCLE('',#2045,0.002);
#131=CIRCLE('',#2046,0.00225);
#132=CYLINDRICAL_SURFACE('',#1909,0.005);
#133=CYLINDRICAL_SURFACE('',#1979,0.0315);
#134=CYLINDRICAL_SURFACE('',#1981,0.0315);
#135=CYLINDRICAL_SURFACE('',#1983,0.0315);
#136=CYLINDRICAL_SURFACE('',#1986,0.0100868289232565);
#137=CYLINDRICAL_SURFACE('',#1988,0.0100868289232565);
#138=CYLINDRICAL_SURFACE('',#2038,0.03950806);
#139=CYLINDRICAL_SURFACE('',#2039,0.0315);
#140=CYLINDRICAL_SURFACE('',#2040,0.03950806);
#141=CYLINDRICAL_SURFACE('',#2049,0.00715);
#142=CYLINDRICAL_SURFACE('',#2051,0.00715);
#143=CYLINDRICAL_SURFACE('',#2052,0.004);
#144=CYLINDRICAL_SURFACE('',#2053,0.004);
#145=CYLINDRICAL_SURFACE('',#2054,0.005);
#146=CYLINDRICAL_SURFACE('',#2055,0.00225);
#147=CYLINDRICAL_SURFACE('',#2056,0.006);
#148=CYLINDRICAL_SURFACE('',#2057,0.006);
#149=CYLINDRICAL_SURFACE('',#2058,0.00225);
#150=CYLINDRICAL_SURFACE('',#2059,0.00225);
#151=CYLINDRICAL_SURFACE('',#2061,0.0100868289232565);
#152=CYLINDRICAL_SURFACE('',#2063,0.0100868289232565);
#153=CYLINDRICAL_SURFACE('',#2065,0.003);
#154=CYLINDRICAL_SURFACE('',#2066,0.003);
#155=CYLINDRICAL_SURFACE('',#2067,0.003);
#156=CYLINDRICAL_SURFACE('',#2068,0.003);
#157=CYLINDRICAL_SURFACE('',#2083,0.003);
#158=CYLINDRICAL_SURFACE('',#2084,0.003);
#159=CYLINDRICAL_SURFACE('',#2085,0.003);
#160=CYLINDRICAL_SURFACE('',#2086,0.003);
#161=CYLINDRICAL_SURFACE('',#2087,0.003);
#162=CYLINDRICAL_SURFACE('',#2088,0.003);
#163=CYLINDRICAL_SURFACE('',#2089,0.003);
#164=CYLINDRICAL_SURFACE('',#2090,0.003);
#165=CYLINDRICAL_SURFACE('',#2091,0.003);
#166=CYLINDRICAL_SURFACE('',#2092,0.003);
#167=CYLINDRICAL_SURFACE('',#2093,0.003);
#168=CYLINDRICAL_SURFACE('',#2094,0.003);
#169=CYLINDRICAL_SURFACE('',#2095,0.003);
#170=CYLINDRICAL_SURFACE('',#2096,0.003);
#171=CYLINDRICAL_SURFACE('',#2097,0.003);
#172=CYLINDRICAL_SURFACE('',#2098,0.003);
#173=CYLINDRICAL_SURFACE('',#2099,0.003);
#174=CYLINDRICAL_SURFACE('',#2100,0.003);
#175=CYLINDRICAL_SURFACE('',#2101,0.003);
#176=CYLINDRICAL_SURFACE('',#2106,0.003);
#177=CYLINDRICAL_SURFACE('',#2107,0.003);
#178=CYLINDRICAL_SURFACE('',#2108,0.003);
#179=CYLINDRICAL_SURFACE('',#2109,0.003);
#180=CYLINDRICAL_SURFACE('',#2110,0.003);
#181=CYLINDRICAL_SURFACE('',#2111,0.003);
#182=CYLINDRICAL_SURFACE('',#2112,0.003);
#183=CYLINDRICAL_SURFACE('',#2113,0.003);
#184=CYLINDRICAL_SURFACE('',#2114,0.004);
#185=CYLINDRICAL_SURFACE('',#2115,0.004);
#186=CYLINDRICAL_SURFACE('',#2116,0.002);
#187=CYLINDRICAL_SURFACE('',#2117,0.002);
#188=CYLINDRICAL_SURFACE('',#2118,0.002);
#189=CYLINDRICAL_SURFACE('',#2119,0.002);
#190=CYLINDRICAL_SURFACE('',#2120,0.0006);
#191=CYLINDRICAL_SURFACE('',#2121,0.0006);
#192=ORIENTED_EDGE('',*,*,#740,.F.);
#193=ORIENTED_EDGE('',*,*,#741,.F.);
#194=ORIENTED_EDGE('',*,*,#742,.T.);
#195=ORIENTED_EDGE('',*,*,#743,.F.);
#196=ORIENTED_EDGE('',*,*,#744,.F.);
#197=ORIENTED_EDGE('',*,*,#745,.F.);
#198=ORIENTED_EDGE('',*,*,#746,.T.);
#199=ORIENTED_EDGE('',*,*,#747,.T.);
#200=ORIENTED_EDGE('',*,*,#748,.T.);
#201=ORIENTED_EDGE('',*,*,#749,.F.);
#202=ORIENTED_EDGE('',*,*,#750,.F.);
#203=ORIENTED_EDGE('',*,*,#751,.T.);
#204=ORIENTED_EDGE('',*,*,#752,.F.);
#205=ORIENTED_EDGE('',*,*,#753,.T.);
#206=ORIENTED_EDGE('',*,*,#754,.T.);
#207=ORIENTED_EDGE('',*,*,#755,.F.);
#208=ORIENTED_EDGE('',*,*,#756,.F.);
#209=ORIENTED_EDGE('',*,*,#757,.T.);
#210=ORIENTED_EDGE('',*,*,#758,.T.);
#211=ORIENTED_EDGE('',*,*,#759,.T.);
#212=ORIENTED_EDGE('',*,*,#760,.T.);
#213=ORIENTED_EDGE('',*,*,#761,.T.);
#214=ORIENTED_EDGE('',*,*,#762,.F.);
#215=ORIENTED_EDGE('',*,*,#763,.T.);
#216=ORIENTED_EDGE('',*,*,#764,.F.);
#217=ORIENTED_EDGE('',*,*,#765,.T.);
#218=ORIENTED_EDGE('',*,*,#766,.F.);
#219=ORIENTED_EDGE('',*,*,#767,.T.);
#220=ORIENTED_EDGE('',*,*,#768,.T.);
#221=ORIENTED_EDGE('',*,*,#769,.T.);
#222=ORIENTED_EDGE('',*,*,#770,.T.);
#223=ORIENTED_EDGE('',*,*,#771,.T.);
#224=ORIENTED_EDGE('',*,*,#772,.T.);
#225=ORIENTED_EDGE('',*,*,#773,.T.);
#226=ORIENTED_EDGE('',*,*,#774,.F.);
#227=ORIENTED_EDGE('',*,*,#775,.F.);
#228=ORIENTED_EDGE('',*,*,#776,.T.);
#229=ORIENTED_EDGE('',*,*,#777,.T.);
#230=ORIENTED_EDGE('',*,*,#778,.T.);
#231=ORIENTED_EDGE('',*,*,#779,.T.);
#232=ORIENTED_EDGE('',*,*,#780,.T.);
#233=ORIENTED_EDGE('',*,*,#781,.T.);
#234=ORIENTED_EDGE('',*,*,#782,.T.);
#235=ORIENTED_EDGE('',*,*,#783,.T.);
#236=ORIENTED_EDGE('',*,*,#784,.T.);
#237=ORIENTED_EDGE('',*,*,#785,.T.);
#238=ORIENTED_EDGE('',*,*,#786,.T.);
#239=ORIENTED_EDGE('',*,*,#787,.T.);
#240=ORIENTED_EDGE('',*,*,#788,.T.);
#241=ORIENTED_EDGE('',*,*,#789,.T.);
#242=ORIENTED_EDGE('',*,*,#790,.T.);
#243=ORIENTED_EDGE('',*,*,#791,.T.);
#244=ORIENTED_EDGE('',*,*,#792,.T.);
#245=ORIENTED_EDGE('',*,*,#793,.T.);
#246=ORIENTED_EDGE('',*,*,#794,.F.);
#247=ORIENTED_EDGE('',*,*,#795,.T.);
#248=ORIENTED_EDGE('',*,*,#796,.T.);
#249=ORIENTED_EDGE('',*,*,#797,.T.);
#250=ORIENTED_EDGE('',*,*,#798,.F.);
#251=ORIENTED_EDGE('',*,*,#799,.T.);
#252=ORIENTED_EDGE('',*,*,#800,.T.);
#253=ORIENTED_EDGE('',*,*,#801,.T.);
#254=ORIENTED_EDGE('',*,*,#802,.F.);
#255=ORIENTED_EDGE('',*,*,#803,.T.);
#256=ORIENTED_EDGE('',*,*,#804,.T.);
#257=ORIENTED_EDGE('',*,*,#805,.T.);
#258=ORIENTED_EDGE('',*,*,#806,.F.);
#259=ORIENTED_EDGE('',*,*,#807,.T.);
#260=ORIENTED_EDGE('',*,*,#808,.T.);
#261=ORIENTED_EDGE('',*,*,#809,.T.);
#262=ORIENTED_EDGE('',*,*,#810,.F.);
#263=ORIENTED_EDGE('',*,*,#811,.T.);
#264=ORIENTED_EDGE('',*,*,#812,.T.);
#265=ORIENTED_EDGE('',*,*,#813,.T.);
#266=ORIENTED_EDGE('',*,*,#814,.F.);
#267=ORIENTED_EDGE('',*,*,#815,.T.);
#268=ORIENTED_EDGE('',*,*,#816,.F.);
#269=ORIENTED_EDGE('',*,*,#817,.T.);
#270=ORIENTED_EDGE('',*,*,#818,.T.);
#271=ORIENTED_EDGE('',*,*,#819,.T.);
#272=ORIENTED_EDGE('',*,*,#820,.T.);
#273=ORIENTED_EDGE('',*,*,#821,.T.);
#274=ORIENTED_EDGE('',*,*,#754,.F.);
#275=ORIENTED_EDGE('',*,*,#822,.T.);
#276=ORIENTED_EDGE('',*,*,#744,.T.);
#277=ORIENTED_EDGE('',*,*,#823,.F.);
#278=ORIENTED_EDGE('',*,*,#824,.F.);
#279=ORIENTED_EDGE('',*,*,#825,.T.);
#280=ORIENTED_EDGE('',*,*,#826,.T.);
#281=ORIENTED_EDGE('',*,*,#827,.F.);
#282=ORIENTED_EDGE('',*,*,#828,.T.);
#283=ORIENTED_EDGE('',*,*,#829,.F.);
#284=ORIENTED_EDGE('',*,*,#830,.T.);
#285=ORIENTED_EDGE('',*,*,#831,.F.);
#286=ORIENTED_EDGE('',*,*,#832,.T.);
#287=ORIENTED_EDGE('',*,*,#833,.F.);
#288=ORIENTED_EDGE('',*,*,#834,.F.);
#289=ORIENTED_EDGE('',*,*,#835,.F.);
#290=ORIENTED_EDGE('',*,*,#748,.F.);
#291=ORIENTED_EDGE('',*,*,#836,.T.);
#292=ORIENTED_EDGE('',*,*,#837,.T.);
#293=ORIENTED_EDGE('',*,*,#838,.F.);
#294=ORIENTED_EDGE('',*,*,#740,.T.);
#295=ORIENTED_EDGE('',*,*,#839,.F.);
#296=ORIENTED_EDGE('',*,*,#752,.T.);
#297=ORIENTED_EDGE('',*,*,#840,.F.);
#298=ORIENTED_EDGE('',*,*,#746,.F.);
#299=ORIENTED_EDGE('',*,*,#841,.F.);
#300=ORIENTED_EDGE('',*,*,#842,.F.);
#301=ORIENTED_EDGE('',*,*,#843,.T.);
#302=ORIENTED_EDGE('',*,*,#844,.T.);
#303=ORIENTED_EDGE('',*,*,#845,.T.);
#304=ORIENTED_EDGE('',*,*,#846,.F.);
#305=ORIENTED_EDGE('',*,*,#847,.T.);
#306=ORIENTED_EDGE('',*,*,#848,.T.);
#307=ORIENTED_EDGE('',*,*,#814,.T.);
#308=ORIENTED_EDGE('',*,*,#849,.T.);
#309=ORIENTED_EDGE('',*,*,#850,.F.);
#310=ORIENTED_EDGE('',*,*,#851,.T.);
#311=ORIENTED_EDGE('',*,*,#766,.T.);
#312=ORIENTED_EDGE('',*,*,#852,.T.);
#313=ORIENTED_EDGE('',*,*,#853,.F.);
#314=ORIENTED_EDGE('',*,*,#854,.T.);
#315=ORIENTED_EDGE('',*,*,#855,.T.);
#316=ORIENTED_EDGE('',*,*,#760,.F.);
#317=ORIENTED_EDGE('',*,*,#856,.T.);
#318=ORIENTED_EDGE('',*,*,#857,.T.);
#319=ORIENTED_EDGE('',*,*,#858,.T.);
#320=ORIENTED_EDGE('',*,*,#796,.F.);
#321=ORIENTED_EDGE('',*,*,#859,.T.);
#322=ORIENTED_EDGE('',*,*,#860,.T.);
#323=ORIENTED_EDGE('',*,*,#820,.F.);
#324=ORIENTED_EDGE('',*,*,#861,.T.);
#325=ORIENTED_EDGE('',*,*,#862,.T.);
#326=ORIENTED_EDGE('',*,*,#859,.F.);
#327=ORIENTED_EDGE('',*,*,#795,.F.);
#328=ORIENTED_EDGE('',*,*,#863,.T.);
#329=ORIENTED_EDGE('',*,*,#864,.F.);
#330=ORIENTED_EDGE('',*,*,#865,.T.);
#331=ORIENTED_EDGE('',*,*,#777,.F.);
#332=ORIENTED_EDGE('',*,*,#866,.T.);
#333=ORIENTED_EDGE('',*,*,#867,.F.);
#334=ORIENTED_EDGE('',*,*,#868,.T.);
#335=ORIENTED_EDGE('',*,*,#792,.F.);
#336=ORIENTED_EDGE('',*,*,#869,.T.);
#337=ORIENTED_EDGE('',*,*,#870,.F.);
#338=ORIENTED_EDGE('',*,*,#871,.T.);
#339=ORIENTED_EDGE('',*,*,#872,.T.);
#340=ORIENTED_EDGE('',*,*,#774,.T.);
#341=ORIENTED_EDGE('',*,*,#873,.T.);
#342=ORIENTED_EDGE('',*,*,#862,.F.);
#343=ORIENTED_EDGE('',*,*,#874,.T.);
#344=ORIENTED_EDGE('',*,*,#875,.F.);
#345=ORIENTED_EDGE('',*,*,#876,.T.);
#346=ORIENTED_EDGE('',*,*,#877,.T.);
#347=ORIENTED_EDGE('',*,*,#878,.T.);
#348=ORIENTED_EDGE('',*,*,#879,.F.);
#349=ORIENTED_EDGE('',*,*,#880,.T.);
#350=ORIENTED_EDGE('',*,*,#881,.T.);
#351=ORIENTED_EDGE('',*,*,#882,.T.);
#352=ORIENTED_EDGE('',*,*,#854,.F.);
#353=ORIENTED_EDGE('',*,*,#883,.T.);
#354=ORIENTED_EDGE('',*,*,#884,.F.);
#355=ORIENTED_EDGE('',*,*,#885,.T.);
#356=ORIENTED_EDGE('',*,*,#886,.T.);
#357=ORIENTED_EDGE('',*,*,#887,.T.);
#358=ORIENTED_EDGE('',*,*,#850,.T.);
#359=ORIENTED_EDGE('',*,*,#888,.T.);
#360=ORIENTED_EDGE('',*,*,#853,.T.);
#361=ORIENTED_EDGE('',*,*,#889,.T.);
#362=ORIENTED_EDGE('',*,*,#890,.T.);
#363=ORIENTED_EDGE('',*,*,#891,.T.);
#364=ORIENTED_EDGE('',*,*,#892,.T.);
#365=ORIENTED_EDGE('',*,*,#893,.T.);
#366=ORIENTED_EDGE('',*,*,#894,.F.);
#367=ORIENTED_EDGE('',*,*,#895,.T.);
#368=ORIENTED_EDGE('',*,*,#896,.F.);
#369=ORIENTED_EDGE('',*,*,#897,.T.);
#370=ORIENTED_EDGE('',*,*,#898,.T.);
#371=ORIENTED_EDGE('',*,*,#899,.T.);
#372=ORIENTED_EDGE('',*,*,#900,.T.);
#373=ORIENTED_EDGE('',*,*,#901,.T.);
#374=ORIENTED_EDGE('',*,*,#902,.F.);
#375=ORIENTED_EDGE('',*,*,#903,.T.);
#376=ORIENTED_EDGE('',*,*,#904,.F.);
#377=ORIENTED_EDGE('',*,*,#905,.T.);
#378=ORIENTED_EDGE('',*,*,#906,.F.);
#379=ORIENTED_EDGE('',*,*,#907,.T.);
#380=ORIENTED_EDGE('',*,*,#871,.F.);
#381=ORIENTED_EDGE('',*,*,#908,.F.);
#382=ORIENTED_EDGE('',*,*,#909,.T.);
#383=ORIENTED_EDGE('',*,*,#910,.T.);
#384=ORIENTED_EDGE('',*,*,#911,.T.);
#385=ORIENTED_EDGE('',*,*,#867,.T.);
#386=ORIENTED_EDGE('',*,*,#912,.T.);
#387=ORIENTED_EDGE('',*,*,#913,.T.);
#388=ORIENTED_EDGE('',*,*,#914,.T.);
#389=ORIENTED_EDGE('',*,*,#915,.F.);
#390=ORIENTED_EDGE('',*,*,#916,.T.);
#391=ORIENTED_EDGE('',*,*,#917,.T.);
#392=ORIENTED_EDGE('',*,*,#918,.T.);
#393=ORIENTED_EDGE('',*,*,#919,.F.);
#394=ORIENTED_EDGE('',*,*,#920,.T.);
#395=ORIENTED_EDGE('',*,*,#870,.T.);
#396=ORIENTED_EDGE('',*,*,#921,.T.);
#397=ORIENTED_EDGE('',*,*,#922,.F.);
#398=ORIENTED_EDGE('',*,*,#923,.T.);
#399=ORIENTED_EDGE('',*,*,#924,.F.);
#400=ORIENTED_EDGE('',*,*,#925,.F.);
#401=ORIENTED_EDGE('',*,*,#926,.F.);
#402=ORIENTED_EDGE('',*,*,#927,.F.);
#403=ORIENTED_EDGE('',*,*,#928,.T.);
#404=ORIENTED_EDGE('',*,*,#929,.F.);
#405=ORIENTED_EDGE('',*,*,#742,.F.);
#406=ORIENTED_EDGE('',*,*,#930,.T.);
#407=ORIENTED_EDGE('',*,*,#750,.T.);
#408=ORIENTED_EDGE('',*,*,#931,.F.);
#409=ORIENTED_EDGE('',*,*,#932,.T.);
#410=ORIENTED_EDGE('',*,*,#933,.T.);
#411=ORIENTED_EDGE('',*,*,#934,.F.);
#412=ORIENTED_EDGE('',*,*,#935,.T.);
#413=ORIENTED_EDGE('',*,*,#936,.F.);
#414=ORIENTED_EDGE('',*,*,#937,.F.);
#415=ORIENTED_EDGE('',*,*,#938,.F.);
#416=ORIENTED_EDGE('',*,*,#939,.F.);
#417=ORIENTED_EDGE('',*,*,#940,.T.);
#418=ORIENTED_EDGE('',*,*,#941,.T.);
#419=ORIENTED_EDGE('',*,*,#942,.T.);
#420=ORIENTED_EDGE('',*,*,#857,.F.);
#421=ORIENTED_EDGE('',*,*,#864,.T.);
#422=ORIENTED_EDGE('',*,*,#943,.T.);
#423=ORIENTED_EDGE('',*,*,#928,.F.);
#424=ORIENTED_EDGE('',*,*,#944,.T.);
#425=ORIENTED_EDGE('',*,*,#824,.T.);
#426=ORIENTED_EDGE('',*,*,#945,.F.);
#427=ORIENTED_EDGE('',*,*,#873,.F.);
#428=ORIENTED_EDGE('',*,*,#773,.F.);
#429=ORIENTED_EDGE('',*,*,#946,.T.);
#430=ORIENTED_EDGE('',*,*,#902,.T.);
#431=ORIENTED_EDGE('',*,*,#947,.F.);
#432=ORIENTED_EDGE('',*,*,#834,.T.);
#433=ORIENTED_EDGE('',*,*,#948,.F.);
#434=ORIENTED_EDGE('',*,*,#932,.F.);
#435=ORIENTED_EDGE('',*,*,#949,.F.);
#436=ORIENTED_EDGE('',*,*,#950,.F.);
#437=ORIENTED_EDGE('',*,*,#951,.T.);
#438=ORIENTED_EDGE('',*,*,#952,.T.);
#439=ORIENTED_EDGE('',*,*,#953,.T.);
#440=ORIENTED_EDGE('',*,*,#954,.F.);
#441=ORIENTED_EDGE('',*,*,#955,.T.);
#442=ORIENTED_EDGE('',*,*,#833,.T.);
#443=ORIENTED_EDGE('',*,*,#956,.T.);
#444=ORIENTED_EDGE('',*,*,#950,.T.);
#445=ORIENTED_EDGE('',*,*,#957,.F.);
#446=ORIENTED_EDGE('',*,*,#933,.F.);
#447=ORIENTED_EDGE('',*,*,#948,.T.);
#448=ORIENTED_EDGE('',*,*,#829,.T.);
#449=ORIENTED_EDGE('',*,*,#958,.T.);
#450=ORIENTED_EDGE('',*,*,#842,.T.);
#451=ORIENTED_EDGE('',*,*,#959,.F.);
#452=ORIENTED_EDGE('',*,*,#935,.F.);
#453=ORIENTED_EDGE('',*,*,#960,.F.);
#454=ORIENTED_EDGE('',*,*,#954,.T.);
#455=ORIENTED_EDGE('',*,*,#961,.T.);
#456=ORIENTED_EDGE('',*,*,#926,.T.);
#457=ORIENTED_EDGE('',*,*,#784,.F.);
#458=ORIENTED_EDGE('',*,*,#962,.F.);
#459=ORIENTED_EDGE('',*,*,#846,.T.);
#460=ORIENTED_EDGE('',*,*,#963,.T.);
#461=ORIENTED_EDGE('',*,*,#825,.F.);
#462=ORIENTED_EDGE('',*,*,#944,.F.);
#463=ORIENTED_EDGE('',*,*,#927,.T.);
#464=ORIENTED_EDGE('',*,*,#925,.T.);
#465=ORIENTED_EDGE('',*,*,#783,.F.);
#466=ORIENTED_EDGE('',*,*,#936,.T.);
#467=ORIENTED_EDGE('',*,*,#959,.T.);
#468=ORIENTED_EDGE('',*,*,#841,.T.);
#469=ORIENTED_EDGE('',*,*,#962,.T.);
#470=ORIENTED_EDGE('',*,*,#934,.T.);
#471=ORIENTED_EDGE('',*,*,#957,.T.);
#472=ORIENTED_EDGE('',*,*,#949,.T.);
#473=ORIENTED_EDGE('',*,*,#960,.T.);
#474=ORIENTED_EDGE('',*,*,#838,.T.);
#475=ORIENTED_EDGE('',*,*,#751,.F.);
#476=ORIENTED_EDGE('',*,*,#930,.F.);
#477=ORIENTED_EDGE('',*,*,#741,.T.);
#478=ORIENTED_EDGE('',*,*,#924,.T.);
#479=ORIENTED_EDGE('',*,*,#837,.F.);
#480=ORIENTED_EDGE('',*,*,#929,.T.);
#481=ORIENTED_EDGE('',*,*,#945,.T.);
#482=ORIENTED_EDGE('',*,*,#823,.T.);
#483=ORIENTED_EDGE('',*,*,#743,.T.);
#484=ORIENTED_EDGE('',*,*,#931,.T.);
#485=ORIENTED_EDGE('',*,*,#749,.T.);
#486=ORIENTED_EDGE('',*,*,#835,.T.);
#487=ORIENTED_EDGE('',*,*,#947,.T.);
#488=ORIENTED_EDGE('',*,*,#955,.F.);
#489=ORIENTED_EDGE('',*,*,#937,.T.);
#490=ORIENTED_EDGE('',*,*,#847,.F.);
#491=ORIENTED_EDGE('',*,*,#938,.T.);
#492=ORIENTED_EDGE('',*,*,#910,.F.);
#493=ORIENTED_EDGE('',*,*,#964,.T.);
#494=ORIENTED_EDGE('',*,*,#779,.F.);
#495=ORIENTED_EDGE('',*,*,#965,.T.);
#496=ORIENTED_EDGE('',*,*,#917,.F.);
#497=ORIENTED_EDGE('',*,*,#966,.T.);
#498=ORIENTED_EDGE('',*,*,#786,.F.);
#499=ORIENTED_EDGE('',*,*,#967,.T.);
#500=ORIENTED_EDGE('',*,*,#968,.T.);
#501=ORIENTED_EDGE('',*,*,#794,.T.);
#502=ORIENTED_EDGE('',*,*,#969,.T.);
#503=ORIENTED_EDGE('',*,*,#919,.T.);
#504=ORIENTED_EDGE('',*,*,#900,.F.);
#505=ORIENTED_EDGE('',*,*,#970,.T.);
#506=ORIENTED_EDGE('',*,*,#808,.F.);
#507=ORIENTED_EDGE('',*,*,#971,.T.);
#508=ORIENTED_EDGE('',*,*,#972,.T.);
#509=ORIENTED_EDGE('',*,*,#806,.T.);
#510=ORIENTED_EDGE('',*,*,#973,.T.);
#511=ORIENTED_EDGE('',*,*,#894,.T.);
#512=ORIENTED_EDGE('',*,*,#971,.F.);
#513=ORIENTED_EDGE('',*,*,#807,.F.);
#514=ORIENTED_EDGE('',*,*,#972,.F.);
#515=ORIENTED_EDGE('',*,*,#901,.F.);
#516=ORIENTED_EDGE('',*,*,#969,.F.);
#517=ORIENTED_EDGE('',*,*,#793,.F.);
#518=ORIENTED_EDGE('',*,*,#868,.F.);
#519=ORIENTED_EDGE('',*,*,#920,.F.);
#520=ORIENTED_EDGE('',*,*,#965,.F.);
#521=ORIENTED_EDGE('',*,*,#778,.F.);
#522=ORIENTED_EDGE('',*,*,#865,.F.);
#523=ORIENTED_EDGE('',*,*,#911,.F.);
#524=ORIENTED_EDGE('',*,*,#967,.F.);
#525=ORIENTED_EDGE('',*,*,#785,.F.);
#526=ORIENTED_EDGE('',*,*,#968,.F.);
#527=ORIENTED_EDGE('',*,*,#918,.F.);
#528=ORIENTED_EDGE('',*,*,#892,.F.);
#529=ORIENTED_EDGE('',*,*,#974,.T.);
#530=ORIENTED_EDGE('',*,*,#762,.T.);
#531=ORIENTED_EDGE('',*,*,#975,.T.);
#532=ORIENTED_EDGE('',*,*,#976,.T.);
#533=ORIENTED_EDGE('',*,*,#758,.F.);
#534=ORIENTED_EDGE('',*,*,#977,.T.);
#535=ORIENTED_EDGE('',*,*,#879,.T.);
#536=ORIENTED_EDGE('',*,*,#877,.F.);
#537=ORIENTED_EDGE('',*,*,#978,.T.);
#538=ORIENTED_EDGE('',*,*,#816,.T.);
#539=ORIENTED_EDGE('',*,*,#979,.T.);
#540=ORIENTED_EDGE('',*,*,#904,.T.);
#541=ORIENTED_EDGE('',*,*,#980,.T.);
#542=ORIENTED_EDGE('',*,*,#771,.F.);
#543=ORIENTED_EDGE('',*,*,#981,.T.);
#544=ORIENTED_EDGE('',*,*,#982,.T.);
#545=ORIENTED_EDGE('',*,*,#769,.F.);
#546=ORIENTED_EDGE('',*,*,#983,.T.);
#547=ORIENTED_EDGE('',*,*,#906,.T.);
#548=ORIENTED_EDGE('',*,*,#896,.T.);
#549=ORIENTED_EDGE('',*,*,#984,.T.);
#550=ORIENTED_EDGE('',*,*,#804,.F.);
#551=ORIENTED_EDGE('',*,*,#985,.T.);
#552=ORIENTED_EDGE('',*,*,#986,.T.);
#553=ORIENTED_EDGE('',*,*,#802,.T.);
#554=ORIENTED_EDGE('',*,*,#987,.T.);
#555=ORIENTED_EDGE('',*,*,#898,.F.);
#556=ORIENTED_EDGE('',*,*,#922,.T.);
#557=ORIENTED_EDGE('',*,*,#988,.T.);
#558=ORIENTED_EDGE('',*,*,#790,.F.);
#559=ORIENTED_EDGE('',*,*,#989,.T.);
#560=ORIENTED_EDGE('',*,*,#915,.T.);
#561=ORIENTED_EDGE('',*,*,#990,.T.);
#562=ORIENTED_EDGE('',*,*,#788,.F.);
#563=ORIENTED_EDGE('',*,*,#991,.T.);
#564=ORIENTED_EDGE('',*,*,#913,.F.);
#565=ORIENTED_EDGE('',*,*,#992,.T.);
#566=ORIENTED_EDGE('',*,*,#775,.T.);
#567=ORIENTED_EDGE('',*,*,#993,.T.);
#568=ORIENTED_EDGE('',*,*,#908,.T.);
#569=ORIENTED_EDGE('',*,*,#994,.T.);
#570=ORIENTED_EDGE('',*,*,#781,.F.);
#571=ORIENTED_EDGE('',*,*,#995,.T.);
#572=ORIENTED_EDGE('',*,*,#939,.T.);
#573=ORIENTED_EDGE('',*,*,#996,.T.);
#574=ORIENTED_EDGE('',*,*,#800,.F.);
#575=ORIENTED_EDGE('',*,*,#997,.T.);
#576=ORIENTED_EDGE('',*,*,#941,.F.);
#577=ORIENTED_EDGE('',*,*,#998,.T.);
#578=ORIENTED_EDGE('',*,*,#798,.T.);
#579=ORIENTED_EDGE('',*,*,#999,.T.);
#580=ORIENTED_EDGE('',*,*,#886,.F.);
#581=ORIENTED_EDGE('',*,*,#1000,.T.);
#582=ORIENTED_EDGE('',*,*,#810,.T.);
#583=ORIENTED_EDGE('',*,*,#1001,.T.);
#584=ORIENTED_EDGE('',*,*,#863,.F.);
#585=ORIENTED_EDGE('',*,*,#801,.F.);
#586=ORIENTED_EDGE('',*,*,#996,.F.);
#587=ORIENTED_EDGE('',*,*,#943,.F.);
#588=ORIENTED_EDGE('',*,*,#997,.F.);
#589=ORIENTED_EDGE('',*,*,#799,.F.);
#590=ORIENTED_EDGE('',*,*,#998,.F.);
#591=ORIENTED_EDGE('',*,*,#940,.F.);
#592=ORIENTED_EDGE('',*,*,#979,.F.);
#593=ORIENTED_EDGE('',*,*,#821,.F.);
#594=ORIENTED_EDGE('',*,*,#860,.F.);
#595=ORIENTED_EDGE('',*,*,#878,.F.);
#596=ORIENTED_EDGE('',*,*,#983,.F.);
#597=ORIENTED_EDGE('',*,*,#768,.F.);
#598=ORIENTED_EDGE('',*,*,#872,.F.);
#599=ORIENTED_EDGE('',*,*,#907,.F.);
#600=ORIENTED_EDGE('',*,*,#946,.F.);
#601=ORIENTED_EDGE('',*,*,#772,.F.);
#602=ORIENTED_EDGE('',*,*,#980,.F.);
#603=ORIENTED_EDGE('',*,*,#903,.F.);
#604=ORIENTED_EDGE('',*,*,#975,.F.);
#605=ORIENTED_EDGE('',*,*,#767,.F.);
#606=ORIENTED_EDGE('',*,*,#851,.F.);
#607=ORIENTED_EDGE('',*,*,#893,.F.);
#608=ORIENTED_EDGE('',*,*,#973,.F.);
#609=ORIENTED_EDGE('',*,*,#805,.F.);
#610=ORIENTED_EDGE('',*,*,#984,.F.);
#611=ORIENTED_EDGE('',*,*,#895,.F.);
#612=ORIENTED_EDGE('',*,*,#987,.F.);
#613=ORIENTED_EDGE('',*,*,#809,.F.);
#614=ORIENTED_EDGE('',*,*,#970,.F.);
#615=ORIENTED_EDGE('',*,*,#899,.F.);
#616=ORIENTED_EDGE('',*,*,#869,.F.);
#617=ORIENTED_EDGE('',*,*,#791,.F.);
#618=ORIENTED_EDGE('',*,*,#988,.F.);
#619=ORIENTED_EDGE('',*,*,#921,.F.);
#620=ORIENTED_EDGE('',*,*,#989,.F.);
#621=ORIENTED_EDGE('',*,*,#789,.F.);
#622=ORIENTED_EDGE('',*,*,#990,.F.);
#623=ORIENTED_EDGE('',*,*,#923,.F.);
#624=ORIENTED_EDGE('',*,*,#866,.F.);
#625=ORIENTED_EDGE('',*,*,#776,.F.);
#626=ORIENTED_EDGE('',*,*,#992,.F.);
#627=ORIENTED_EDGE('',*,*,#912,.F.);
#628=ORIENTED_EDGE('',*,*,#993,.F.);
#629=ORIENTED_EDGE('',*,*,#782,.F.);
#630=ORIENTED_EDGE('',*,*,#994,.F.);
#631=ORIENTED_EDGE('',*,*,#914,.F.);
#632=ORIENTED_EDGE('',*,*,#995,.F.);
#633=ORIENTED_EDGE('',*,*,#780,.F.);
#634=ORIENTED_EDGE('',*,*,#964,.F.);
#635=ORIENTED_EDGE('',*,*,#909,.F.);
#636=ORIENTED_EDGE('',*,*,#999,.F.);
#637=ORIENTED_EDGE('',*,*,#797,.F.);
#638=ORIENTED_EDGE('',*,*,#858,.F.);
#639=ORIENTED_EDGE('',*,*,#942,.F.);
#640=ORIENTED_EDGE('',*,*,#985,.F.);
#641=ORIENTED_EDGE('',*,*,#803,.F.);
#642=ORIENTED_EDGE('',*,*,#986,.F.);
#643=ORIENTED_EDGE('',*,*,#897,.F.);
#644=ORIENTED_EDGE('',*,*,#991,.F.);
#645=ORIENTED_EDGE('',*,*,#787,.F.);
#646=ORIENTED_EDGE('',*,*,#966,.F.);
#647=ORIENTED_EDGE('',*,*,#916,.F.);
#648=ORIENTED_EDGE('',*,*,#1001,.F.);
#649=ORIENTED_EDGE('',*,*,#815,.F.);
#650=ORIENTED_EDGE('',*,*,#848,.F.);
#651=ORIENTED_EDGE('',*,*,#887,.F.);
#652=ORIENTED_EDGE('',*,*,#981,.F.);
#653=ORIENTED_EDGE('',*,*,#770,.F.);
#654=ORIENTED_EDGE('',*,*,#982,.F.);
#655=ORIENTED_EDGE('',*,*,#905,.F.);
#656=ORIENTED_EDGE('',*,*,#856,.F.);
#657=ORIENTED_EDGE('',*,*,#759,.F.);
#658=ORIENTED_EDGE('',*,*,#976,.F.);
#659=ORIENTED_EDGE('',*,*,#883,.F.);
#660=ORIENTED_EDGE('',*,*,#1002,.T.);
#661=ORIENTED_EDGE('',*,*,#764,.T.);
#662=ORIENTED_EDGE('',*,*,#1003,.T.);
#663=ORIENTED_EDGE('',*,*,#890,.F.);
#664=ORIENTED_EDGE('',*,*,#1004,.T.);
#665=ORIENTED_EDGE('',*,*,#812,.F.);
#666=ORIENTED_EDGE('',*,*,#1005,.T.);
#667=ORIENTED_EDGE('',*,*,#884,.T.);
#668=ORIENTED_EDGE('',*,*,#881,.F.);
#669=ORIENTED_EDGE('',*,*,#1006,.T.);
#670=ORIENTED_EDGE('',*,*,#756,.T.);
#671=ORIENTED_EDGE('',*,*,#1007,.T.);
#672=ORIENTED_EDGE('',*,*,#1008,.T.);
#673=ORIENTED_EDGE('',*,*,#818,.F.);
#674=ORIENTED_EDGE('',*,*,#1009,.T.);
#675=ORIENTED_EDGE('',*,*,#875,.T.);
#676=ORIENTED_EDGE('',*,*,#977,.F.);
#677=ORIENTED_EDGE('',*,*,#757,.F.);
#678=ORIENTED_EDGE('',*,*,#1006,.F.);
#679=ORIENTED_EDGE('',*,*,#880,.F.);
#680=ORIENTED_EDGE('',*,*,#1007,.F.);
#681=ORIENTED_EDGE('',*,*,#761,.F.);
#682=ORIENTED_EDGE('',*,*,#855,.F.);
#683=ORIENTED_EDGE('',*,*,#882,.F.);
#684=ORIENTED_EDGE('',*,*,#1005,.F.);
#685=ORIENTED_EDGE('',*,*,#811,.F.);
#686=ORIENTED_EDGE('',*,*,#1000,.F.);
#687=ORIENTED_EDGE('',*,*,#885,.F.);
#688=ORIENTED_EDGE('',*,*,#849,.F.);
#689=ORIENTED_EDGE('',*,*,#813,.F.);
#690=ORIENTED_EDGE('',*,*,#1004,.F.);
#691=ORIENTED_EDGE('',*,*,#888,.F.);
#692=ORIENTED_EDGE('',*,*,#1003,.F.);
#693=ORIENTED_EDGE('',*,*,#763,.F.);
#694=ORIENTED_EDGE('',*,*,#974,.F.);
#695=ORIENTED_EDGE('',*,*,#891,.F.);
#696=ORIENTED_EDGE('',*,*,#852,.F.);
#697=ORIENTED_EDGE('',*,*,#765,.F.);
#698=ORIENTED_EDGE('',*,*,#1002,.F.);
#699=ORIENTED_EDGE('',*,*,#889,.F.);
#700=ORIENTED_EDGE('',*,*,#1009,.F.);
#701=ORIENTED_EDGE('',*,*,#817,.F.);
#702=ORIENTED_EDGE('',*,*,#978,.F.);
#703=ORIENTED_EDGE('',*,*,#876,.F.);
#704=ORIENTED_EDGE('',*,*,#861,.F.);
#705=ORIENTED_EDGE('',*,*,#819,.F.);
#706=ORIENTED_EDGE('',*,*,#1008,.F.);
#707=ORIENTED_EDGE('',*,*,#874,.F.);
#708=ORIENTED_EDGE('',*,*,#827,.T.);
#709=ORIENTED_EDGE('',*,*,#1010,.T.);
#710=ORIENTED_EDGE('',*,*,#844,.F.);
#711=ORIENTED_EDGE('',*,*,#1011,.T.);
#712=ORIENTED_EDGE('',*,*,#831,.T.);
#713=ORIENTED_EDGE('',*,*,#1012,.T.);
#714=ORIENTED_EDGE('',*,*,#952,.F.);
#715=ORIENTED_EDGE('',*,*,#1013,.T.);
#716=ORIENTED_EDGE('',*,*,#826,.F.);
#717=ORIENTED_EDGE('',*,*,#963,.F.);
#718=ORIENTED_EDGE('',*,*,#845,.F.);
#719=ORIENTED_EDGE('',*,*,#1010,.F.);
#720=ORIENTED_EDGE('',*,*,#828,.F.);
#721=ORIENTED_EDGE('',*,*,#1011,.F.);
#722=ORIENTED_EDGE('',*,*,#843,.F.);
#723=ORIENTED_EDGE('',*,*,#958,.F.);
#724=ORIENTED_EDGE('',*,*,#830,.F.);
#725=ORIENTED_EDGE('',*,*,#961,.F.);
#726=ORIENTED_EDGE('',*,*,#953,.F.);
#727=ORIENTED_EDGE('',*,*,#1012,.F.);
#728=ORIENTED_EDGE('',*,*,#832,.F.);
#729=ORIENTED_EDGE('',*,*,#1013,.F.);
#730=ORIENTED_EDGE('',*,*,#951,.F.);
#731=ORIENTED_EDGE('',*,*,#956,.F.);
#732=ORIENTED_EDGE('',*,*,#836,.F.);
#733=ORIENTED_EDGE('',*,*,#747,.F.);
#734=ORIENTED_EDGE('',*,*,#840,.T.);
#735=ORIENTED_EDGE('',*,*,#755,.T.);
#736=ORIENTED_EDGE('',*,*,#822,.F.);
#737=ORIENTED_EDGE('',*,*,#753,.F.);
#738=ORIENTED_EDGE('',*,*,#839,.T.);
#739=ORIENTED_EDGE('',*,*,#745,.T.);
#740=EDGE_CURVE('',#1014,#1015,#1200,.T.);
#741=EDGE_CURVE('',#1016,#1014,#1201,.T.);
#742=EDGE_CURVE('',#1016,#1017,#1202,.T.);
#743=EDGE_CURVE('',#1018,#1017,#1203,.F.);
#744=EDGE_CURVE('',#1019,#1018,#1204,.T.);
#745=EDGE_CURVE('',#1015,#1019,#1205,.T.);
#746=EDGE_CURVE('',#1020,#1021,#1206,.T.);
#747=EDGE_CURVE('',#1021,#1022,#1207,.T.);
#748=EDGE_CURVE('',#1022,#1023,#1208,.T.);
#749=EDGE_CURVE('',#1024,#1023,#1209,.F.);
#750=EDGE_CURVE('',#1025,#1024,#1210,.T.);
#751=EDGE_CURVE('',#1025,#1020,#1211,.T.);
#752=EDGE_CURVE('',#1026,#1027,#12,.T.);
#753=EDGE_CURVE('',#1026,#1028,#1212,.T.);
#754=EDGE_CURVE('',#1028,#1029,#13,.T.);
#755=EDGE_CURVE('',#1027,#1029,#1213,.T.);
#756=EDGE_CURVE('',#1030,#1031,#1214,.T.);
#757=EDGE_CURVE('',#1030,#1032,#14,.F.);
#758=EDGE_CURVE('',#1032,#1033,#1215,.T.);
#759=EDGE_CURVE('',#1033,#1034,#15,.F.);
#760=EDGE_CURVE('',#1034,#1035,#16,.T.);
#761=EDGE_CURVE('',#1035,#1031,#17,.F.);
#762=EDGE_CURVE('',#1036,#1037,#1216,.T.);
#763=EDGE_CURVE('',#1036,#1038,#18,.F.);
#764=EDGE_CURVE('',#1039,#1038,#1217,.T.);
#765=EDGE_CURVE('',#1039,#1040,#19,.F.);
#766=EDGE_CURVE('',#1041,#1040,#1218,.T.);
#767=EDGE_CURVE('',#1041,#1037,#20,.F.);
#768=EDGE_CURVE('',#1042,#1043,#21,.F.);
#769=EDGE_CURVE('',#1043,#1044,#1219,.T.);
#770=EDGE_CURVE('',#1044,#1045,#22,.F.);
#771=EDGE_CURVE('',#1045,#1046,#1220,.T.);
#772=EDGE_CURVE('',#1046,#1047,#23,.F.);
#773=EDGE_CURVE('',#1047,#1048,#24,.T.);
#774=EDGE_CURVE('',#1042,#1048,#1221,.T.);
#775=EDGE_CURVE('',#1049,#1050,#1222,.T.);
#776=EDGE_CURVE('',#1049,#1051,#25,.F.);
#777=EDGE_CURVE('',#1051,#1052,#26,.T.);
#778=EDGE_CURVE('',#1052,#1053,#27,.F.);
#779=EDGE_CURVE('',#1053,#1054,#1223,.T.);
#780=EDGE_CURVE('',#1054,#1055,#28,.F.);
#781=EDGE_CURVE('',#1055,#1056,#1224,.T.);
#782=EDGE_CURVE('',#1056,#1050,#29,.F.);
#783=EDGE_CURVE('',#1057,#1057,#30,.T.);
#784=EDGE_CURVE('',#1058,#1058,#31,.T.);
#785=EDGE_CURVE('',#1059,#1060,#32,.F.);
#786=EDGE_CURVE('',#1060,#1061,#33,.T.);
#787=EDGE_CURVE('',#1061,#1062,#34,.F.);
#788=EDGE_CURVE('',#1062,#1063,#1225,.T.);
#789=EDGE_CURVE('',#1063,#1064,#35,.F.);
#790=EDGE_CURVE('',#1064,#1065,#1226,.T.);
#791=EDGE_CURVE('',#1065,#1066,#36,.F.);
#792=EDGE_CURVE('',#1066,#1067,#37,.T.);
#793=EDGE_CURVE('',#1067,#1068,#38,.F.);
#794=EDGE_CURVE('',#1059,#1068,#1227,.T.);
#795=EDGE_CURVE('',#1069,#1070,#1228,.T.);
#796=EDGE_CURVE('',#1070,#1071,#39,.T.);
#797=EDGE_CURVE('',#1071,#1072,#40,.F.);
#798=EDGE_CURVE('',#1073,#1072,#1229,.T.);
#799=EDGE_CURVE('',#1073,#1074,#41,.F.);
#800=EDGE_CURVE('',#1074,#1075,#1230,.T.);
#801=EDGE_CURVE('',#1075,#1069,#42,.F.);
#802=EDGE_CURVE('',#1076,#1077,#1231,.T.);
#803=EDGE_CURVE('',#1076,#1078,#43,.F.);
#804=EDGE_CURVE('',#1078,#1079,#1232,.T.);
#805=EDGE_CURVE('',#1079,#1080,#44,.F.);
#806=EDGE_CURVE('',#1081,#1080,#1233,.T.);
#807=EDGE_CURVE('',#1081,#1082,#45,.F.);
#808=EDGE_CURVE('',#1082,#1083,#46,.T.);
#809=EDGE_CURVE('',#1083,#1077,#47,.F.);
#810=EDGE_CURVE('',#1084,#1085,#1234,.T.);
#811=EDGE_CURVE('',#1084,#1086,#48,.F.);
#812=EDGE_CURVE('',#1086,#1087,#1235,.T.);
#813=EDGE_CURVE('',#1087,#1088,#49,.F.);
#814=EDGE_CURVE('',#1089,#1088,#1236,.T.);
#815=EDGE_CURVE('',#1089,#1085,#50,.F.);
#816=EDGE_CURVE('',#1090,#1091,#1237,.T.);
#817=EDGE_CURVE('',#1090,#1092,#51,.F.);
#818=EDGE_CURVE('',#1092,#1093,#1238,.T.);
#819=EDGE_CURVE('',#1093,#1094,#52,.F.);
#820=EDGE_CURVE('',#1094,#1095,#53,.T.);
#821=EDGE_CURVE('',#1095,#1091,#54,.F.);
#822=EDGE_CURVE('',#1028,#1019,#55,.T.);
#823=EDGE_CURVE('',#1096,#1018,#56,.F.);
#824=EDGE_CURVE('',#1097,#1096,#57,.T.);
#825=EDGE_CURVE('',#1097,#1098,#1239,.T.);
#826=EDGE_CURVE('',#1098,#1099,#58,.T.);
#827=EDGE_CURVE('',#1100,#1099,#59,.T.);
#828=EDGE_CURVE('',#1100,#1101,#60,.T.);
#829=EDGE_CURVE('',#1102,#1101,#1240,.T.);
#830=EDGE_CURVE('',#1102,#1103,#61,.T.);
#831=EDGE_CURVE('',#1104,#1103,#62,.T.);
#832=EDGE_CURVE('',#1104,#1105,#63,.T.);
#833=EDGE_CURVE('',#1106,#1105,#1241,.T.);
#834=EDGE_CURVE('',#1107,#1106,#64,.T.);
#835=EDGE_CURVE('',#1023,#1107,#65,.F.);
#836=EDGE_CURVE('',#1022,#1029,#66,.T.);
#837=EDGE_CURVE('',#1108,#1108,#67,.T.);
#838=EDGE_CURVE('',#1014,#1020,#68,.T.);
#839=EDGE_CURVE('',#1026,#1015,#69,.T.);
#840=EDGE_CURVE('',#1021,#1027,#70,.T.);
#841=EDGE_CURVE('',#1109,#1110,#71,.T.);
#842=EDGE_CURVE('',#1111,#1109,#1242,.T.);
#843=EDGE_CURVE('',#1111,#1112,#72,.F.);
#844=EDGE_CURVE('',#1112,#1113,#73,.T.);
#845=EDGE_CURVE('',#1113,#1114,#74,.F.);
#846=EDGE_CURVE('',#1110,#1114,#1243,.T.);
#847=EDGE_CURVE('',#1115,#1115,#75,.T.);
#848=EDGE_CURVE('',#1116,#1089,#1244,.F.);
#849=EDGE_CURVE('',#1088,#1117,#1245,.T.);
#850=EDGE_CURVE('',#1116,#1117,#1246,.T.);
#851=EDGE_CURVE('',#1118,#1041,#1247,.F.);
#852=EDGE_CURVE('',#1040,#1119,#1248,.T.);
#853=EDGE_CURVE('',#1118,#1119,#1249,.T.);
#854=EDGE_CURVE('',#1120,#1121,#76,.T.);
#855=EDGE_CURVE('',#1121,#1035,#1250,.T.);
#856=EDGE_CURVE('',#1034,#1120,#1251,.F.);
#857=EDGE_CURVE('',#1122,#1123,#77,.T.);
#858=EDGE_CURVE('',#1123,#1071,#1252,.T.);
#859=EDGE_CURVE('',#1070,#1122,#1253,.T.);
#860=EDGE_CURVE('',#1124,#1095,#1254,.T.);
#861=EDGE_CURVE('',#1094,#1125,#1255,.F.);
#862=EDGE_CURVE('',#1125,#1124,#78,.T.);
#863=EDGE_CURVE('',#1069,#1126,#1256,.T.);
#864=EDGE_CURVE('',#1122,#1126,#1257,.T.);
#865=EDGE_CURVE('',#1127,#1052,#1258,.F.);
#866=EDGE_CURVE('',#1051,#1128,#1259,.T.);
#867=EDGE_CURVE('',#1127,#1128,#79,.T.);
#868=EDGE_CURVE('',#1129,#1067,#1260,.F.);
#869=EDGE_CURVE('',#1066,#1130,#1261,.T.);
#870=EDGE_CURVE('',#1129,#1130,#80,.T.);
#871=EDGE_CURVE('',#1131,#1132,#1262,.T.);
#872=EDGE_CURVE('',#1132,#1042,#1263,.F.);
#873=EDGE_CURVE('',#1048,#1131,#1264,.T.);
#874=EDGE_CURVE('',#1125,#1133,#81,.T.);
#875=EDGE_CURVE('',#1134,#1133,#1265,.T.);
#876=EDGE_CURVE('',#1134,#1135,#82,.T.);
#877=EDGE_CURVE('',#1135,#1136,#1266,.T.);
#878=EDGE_CURVE('',#1136,#1124,#83,.T.);
#879=EDGE_CURVE('',#1137,#1138,#1267,.T.);
#880=EDGE_CURVE('',#1137,#1139,#84,.T.);
#881=EDGE_CURVE('',#1139,#1140,#1268,.T.);
#882=EDGE_CURVE('',#1140,#1121,#85,.T.);
#883=EDGE_CURVE('',#1120,#1138,#86,.T.);
#884=EDGE_CURVE('',#1141,#1142,#1269,.T.);
#885=EDGE_CURVE('',#1141,#1143,#87,.T.);
#886=EDGE_CURVE('',#1143,#1144,#1270,.T.);
#887=EDGE_CURVE('',#1144,#1116,#88,.T.);
#888=EDGE_CURVE('',#1117,#1142,#89,.T.);
#889=EDGE_CURVE('',#1119,#1145,#90,.T.);
#890=EDGE_CURVE('',#1145,#1146,#1271,.T.);
#891=EDGE_CURVE('',#1146,#1147,#91,.T.);
#892=EDGE_CURVE('',#1147,#1148,#1272,.T.);
#893=EDGE_CURVE('',#1148,#1118,#92,.T.);
#894=EDGE_CURVE('',#1149,#1150,#1273,.T.);
#895=EDGE_CURVE('',#1149,#1151,#93,.T.);
#896=EDGE_CURVE('',#1152,#1151,#1274,.T.);
#897=EDGE_CURVE('',#1152,#1153,#94,.T.);
#898=EDGE_CURVE('',#1153,#1154,#1275,.T.);
#899=EDGE_CURVE('',#1154,#1155,#95,.T.);
#900=EDGE_CURVE('',#1155,#1156,#96,.T.);
#901=EDGE_CURVE('',#1156,#1150,#97,.T.);
#902=EDGE_CURVE('',#1157,#1131,#98,.T.);
#903=EDGE_CURVE('',#1157,#1158,#99,.T.);
#904=EDGE_CURVE('',#1159,#1158,#1276,.T.);
#905=EDGE_CURVE('',#1159,#1160,#100,.T.);
#906=EDGE_CURVE('',#1161,#1160,#1277,.T.);
#907=EDGE_CURVE('',#1161,#1132,#101,.T.);
#908=EDGE_CURVE('',#1162,#1163,#1278,.T.);
#909=EDGE_CURVE('',#1162,#1164,#102,.T.);
#910=EDGE_CURVE('',#1164,#1165,#1279,.T.);
#911=EDGE_CURVE('',#1165,#1127,#103,.T.);
#912=EDGE_CURVE('',#1128,#1166,#104,.T.);
#913=EDGE_CURVE('',#1166,#1167,#1280,.T.);
#914=EDGE_CURVE('',#1167,#1163,#105,.T.);
#915=EDGE_CURVE('',#1168,#1169,#1281,.T.);
#916=EDGE_CURVE('',#1168,#1170,#106,.T.);
#917=EDGE_CURVE('',#1170,#1171,#107,.T.);
#918=EDGE_CURVE('',#1171,#1172,#108,.T.);
#919=EDGE_CURVE('',#1173,#1172,#1282,.T.);
#920=EDGE_CURVE('',#1173,#1129,#109,.T.);
#921=EDGE_CURVE('',#1130,#1174,#110,.T.);
#922=EDGE_CURVE('',#1175,#1174,#1283,.T.);
#923=EDGE_CURVE('',#1175,#1169,#111,.T.);
#924=EDGE_CURVE('',#1176,#1176,#112,.T.);
#925=EDGE_CURVE('',#1177,#1177,#113,.T.);
#926=EDGE_CURVE('',#1178,#1178,#114,.T.);
#927=EDGE_CURVE('',#1179,#1180,#1284,.T.);
#928=EDGE_CURVE('',#1179,#1181,#115,.T.);
#929=EDGE_CURVE('',#1017,#1181,#116,.T.);
#930=EDGE_CURVE('',#1016,#1025,#117,.T.);
#931=EDGE_CURVE('',#1182,#1024,#118,.T.);
#932=EDGE_CURVE('',#1182,#1183,#119,.T.);
#933=EDGE_CURVE('',#1183,#1184,#1285,.T.);
#934=EDGE_CURVE('',#1185,#1184,#120,.F.);
#935=EDGE_CURVE('',#1185,#1186,#1286,.T.);
#936=EDGE_CURVE('',#1180,#1186,#121,.F.);
#937=EDGE_CURVE('',#1187,#1187,#122,.T.);
#938=EDGE_CURVE('',#1188,#1188,#123,.T.);
#939=EDGE_CURVE('',#1189,#1190,#1287,.T.);
#940=EDGE_CURVE('',#1189,#1191,#124,.T.);
#941=EDGE_CURVE('',#1191,#1192,#1288,.T.);
#942=EDGE_CURVE('',#1192,#1123,#125,.T.);
#943=EDGE_CURVE('',#1126,#1190,#126,.T.);
#944=EDGE_CURVE('',#1179,#1097,#1289,.T.);
#945=EDGE_CURVE('',#1181,#1096,#1290,.T.);
#946=EDGE_CURVE('',#1047,#1157,#1291,.F.);
#947=EDGE_CURVE('',#1107,#1182,#1292,.F.);
#948=EDGE_CURVE('',#1183,#1106,#1293,.T.);
#949=EDGE_CURVE('',#1193,#1194,#127,.T.);
#950=EDGE_CURVE('',#1195,#1193,#1294,.T.);
#951=EDGE_CURVE('',#1195,#1196,#128,.F.);
#952=EDGE_CURVE('',#1196,#1197,#129,.T.);
#953=EDGE_CURVE('',#1197,#1198,#130,.F.);
#954=EDGE_CURVE('',#1194,#1198,#1295,.T.);
#955=EDGE_CURVE('',#1199,#1199,#131,.T.);
#956=EDGE_CURVE('',#1105,#1195,#1296,.T.);
#957=EDGE_CURVE('',#1184,#1193,#1297,.T.);
#958=EDGE_CURVE('',#1101,#1111,#1298,.T.);
#959=EDGE_CURVE('',#1186,#1109,#1299,.T.);
#960=EDGE_CURVE('',#1194,#1185,#1300,.F.);
#961=EDGE_CURVE('',#1198,#1102,#1301,.F.);
#962=EDGE_CURVE('',#1110,#1180,#1302,.F.);
#963=EDGE_CURVE('',#1114,#1098,#1303,.T.);
#964=EDGE_CURVE('',#1164,#1054,#1304,.F.);
#965=EDGE_CURVE('',#1053,#1165,#1305,.F.);
#966=EDGE_CURVE('',#1170,#1061,#1306,.F.);
#967=EDGE_CURVE('',#1060,#1171,#1307,.T.);
#968=EDGE_CURVE('',#1172,#1059,#1308,.F.);
#969=EDGE_CURVE('',#1068,#1173,#1309,.T.);
#970=EDGE_CURVE('',#1155,#1083,#1310,.F.);
#971=EDGE_CURVE('',#1082,#1156,#1311,.T.);
#972=EDGE_CURVE('',#1150,#1081,#1312,.F.);
#973=EDGE_CURVE('',#1080,#1149,#1313,.T.);
#974=EDGE_CURVE('',#1147,#1036,#1314,.F.);
#975=EDGE_CURVE('',#1037,#1148,#1315,.T.);
#976=EDGE_CURVE('',#1138,#1033,#1316,.F.);
#977=EDGE_CURVE('',#1032,#1137,#1317,.T.);
#978=EDGE_CURVE('',#1135,#1090,#1318,.F.);
#979=EDGE_CURVE('',#1091,#1136,#1319,.F.);
#980=EDGE_CURVE('',#1158,#1046,#1320,.F.);
#981=EDGE_CURVE('',#1045,#1159,#1321,.T.);
#982=EDGE_CURVE('',#1160,#1044,#1322,.F.);
#983=EDGE_CURVE('',#1043,#1161,#1323,.T.);
#984=EDGE_CURVE('',#1151,#1079,#1324,.F.);
#985=EDGE_CURVE('',#1078,#1152,#1325,.T.);
#986=EDGE_CURVE('',#1153,#1076,#1326,.F.);
#987=EDGE_CURVE('',#1077,#1154,#1327,.F.);
#988=EDGE_CURVE('',#1174,#1065,#1328,.F.);
#989=EDGE_CURVE('',#1064,#1175,#1329,.T.);
#990=EDGE_CURVE('',#1169,#1063,#1330,.F.);
#991=EDGE_CURVE('',#1062,#1168,#1331,.T.);
#992=EDGE_CURVE('',#1166,#1049,#1332,.T.);
#993=EDGE_CURVE('',#1050,#1167,#1333,.T.);
#994=EDGE_CURVE('',#1163,#1056,#1334,.F.);
#995=EDGE_CURVE('',#1055,#1162,#1335,.T.);
#996=EDGE_CURVE('',#1190,#1075,#1336,.F.);
#997=EDGE_CURVE('',#1074,#1189,#1337,.T.);
#998=EDGE_CURVE('',#1191,#1073,#1338,.F.);
#999=EDGE_CURVE('',#1072,#1192,#1339,.F.);
#1000=EDGE_CURVE('',#1143,#1084,#1340,.F.);
#1001=EDGE_CURVE('',#1085,#1144,#1341,.T.);
#1002=EDGE_CURVE('',#1145,#1039,#1342,.F.);
#1003=EDGE_CURVE('',#1038,#1146,#1343,.T.);
#1004=EDGE_CURVE('',#1142,#1087,#1344,.F.);
#1005=EDGE_CURVE('',#1086,#1141,#1345,.T.);
#1006=EDGE_CURVE('',#1139,#1030,#1346,.F.);
#1007=EDGE_CURVE('',#1031,#1140,#1347,.F.);
#1008=EDGE_CURVE('',#1133,#1093,#1348,.F.);
#1009=EDGE_CURVE('',#1092,#1134,#1349,.T.);
#1010=EDGE_CURVE('',#1099,#1113,#1350,.T.);
#1011=EDGE_CURVE('',#1112,#1100,#1351,.F.);
#1012=EDGE_CURVE('',#1103,#1197,#1352,.T.);
#1013=EDGE_CURVE('',#1196,#1104,#1353,.F.);
#1014=VERTEX_POINT('',#2711);
#1015=VERTEX_POINT('',#2712);
#1016=VERTEX_POINT('',#2714);
#1017=VERTEX_POINT('',#2716);
#1018=VERTEX_POINT('',#2718);
#1019=VERTEX_POINT('',#2720);
#1020=VERTEX_POINT('',#2724);
#1021=VERTEX_POINT('',#2725);
#1022=VERTEX_POINT('',#2727);
#1023=VERTEX_POINT('',#2729);
#1024=VERTEX_POINT('',#2731);
#1025=VERTEX_POINT('',#2733);
#1026=VERTEX_POINT('',#2737);
#1027=VERTEX_POINT('',#2738);
#1028=VERTEX_POINT('',#2740);
#1029=VERTEX_POINT('',#2742);
#1030=VERTEX_POINT('',#2746);
#1031=VERTEX_POINT('',#2747);
#1032=VERTEX_POINT('',#2749);
#1033=VERTEX_POINT('',#2751);
#1034=VERTEX_POINT('',#2753);
#1035=VERTEX_POINT('',#2755);
#1036=VERTEX_POINT('',#2758);
#1037=VERTEX_POINT('',#2759);
#1038=VERTEX_POINT('',#2761);
#1039=VERTEX_POINT('',#2763);
#1040=VERTEX_POINT('',#2765);
#1041=VERTEX_POINT('',#2767);
#1042=VERTEX_POINT('',#2770);
#1043=VERTEX_POINT('',#2771);
#1044=VERTEX_POINT('',#2773);
#1045=VERTEX_POINT('',#2775);
#1046=VERTEX_POINT('',#2777);
#1047=VERTEX_POINT('',#2779);
#1048=VERTEX_POINT('',#2781);
#1049=VERTEX_POINT('',#2784);
#1050=VERTEX_POINT('',#2785);
#1051=VERTEX_POINT('',#2787);
#1052=VERTEX_POINT('',#2789);
#1053=VERTEX_POINT('',#2791);
#1054=VERTEX_POINT('',#2793);
#1055=VERTEX_POINT('',#2795);
#1056=VERTEX_POINT('',#2797);
#1057=VERTEX_POINT('',#2800);
#1058=VERTEX_POINT('',#2802);
#1059=VERTEX_POINT('',#2804);
#1060=VERTEX_POINT('',#2805);
#1061=VERTEX_POINT('',#2807);
#1062=VERTEX_POINT('',#2809);
#1063=VERTEX_POINT('',#2811);
#1064=VERTEX_POINT('',#2813);
#1065=VERTEX_POINT('',#2815);
#1066=VERTEX_POINT('',#2817);
#1067=VERTEX_POINT('',#2819);
#1068=VERTEX_POINT('',#2821);
#1069=VERTEX_POINT('',#2824);
#1070=VERTEX_POINT('',#2825);
#1071=VERTEX_POINT('',#2827);
#1072=VERTEX_POINT('',#2829);
#1073=VERTEX_POINT('',#2831);
#1074=VERTEX_POINT('',#2833);
#1075=VERTEX_POINT('',#2835);
#1076=VERTEX_POINT('',#2838);
#1077=VERTEX_POINT('',#2839);
#1078=VERTEX_POINT('',#2841);
#1079=VERTEX_POINT('',#2843);
#1080=VERTEX_POINT('',#2845);
#1081=VERTEX_POINT('',#2847);
#1082=VERTEX_POINT('',#2849);
#1083=VERTEX_POINT('',#2851);
#1084=VERTEX_POINT('',#2854);
#1085=VERTEX_POINT('',#2855);
#1086=VERTEX_POINT('',#2857);
#1087=VERTEX_POINT('',#2859);
#1088=VERTEX_POINT('',#2861);
#1089=VERTEX_POINT('',#2863);
#1090=VERTEX_POINT('',#2866);
#1091=VERTEX_POINT('',#2867);
#1092=VERTEX_POINT('',#2869);
#1093=VERTEX_POINT('',#2871);
#1094=VERTEX_POINT('',#2873);
#1095=VERTEX_POINT('',#2875);
#1096=VERTEX_POINT('',#2879);
#1097=VERTEX_POINT('',#2881);
#1098=VERTEX_POINT('',#2883);
#1099=VERTEX_POINT('',#2885);
#1100=VERTEX_POINT('',#2887);
#1101=VERTEX_POINT('',#2889);
#1102=VERTEX_POINT('',#2891);
#1103=VERTEX_POINT('',#2893);
#1104=VERTEX_POINT('',#2895);
#1105=VERTEX_POINT('',#2897);
#1106=VERTEX_POINT('',#2899);
#1107=VERTEX_POINT('',#2901);
#1108=VERTEX_POINT('',#2906);
#1109=VERTEX_POINT('',#2912);
#1110=VERTEX_POINT('',#2913);
#1111=VERTEX_POINT('',#2915);
#1112=VERTEX_POINT('',#2917);
#1113=VERTEX_POINT('',#2919);
#1114=VERTEX_POINT('',#2921);
#1115=VERTEX_POINT('',#2924);
#1116=VERTEX_POINT('',#2927);
#1117=VERTEX_POINT('',#2929);
#1118=VERTEX_POINT('',#2933);
#1119=VERTEX_POINT('',#2935);
#1120=VERTEX_POINT('',#2939);
#1121=VERTEX_POINT('',#2940);
#1122=VERTEX_POINT('',#2945);
#1123=VERTEX_POINT('',#2946);
#1124=VERTEX_POINT('',#2951);
#1125=VERTEX_POINT('',#2953);
#1126=VERTEX_POINT('',#2957);
#1127=VERTEX_POINT('',#2961);
#1128=VERTEX_POINT('',#2963);
#1129=VERTEX_POINT('',#2967);
#1130=VERTEX_POINT('',#2969);
#1131=VERTEX_POINT('',#2973);
#1132=VERTEX_POINT('',#2974);
#1133=VERTEX_POINT('',#2979);
#1134=VERTEX_POINT('',#2981);
#1135=VERTEX_POINT('',#2983);
#1136=VERTEX_POINT('',#2985);
#1137=VERTEX_POINT('',#2988);
#1138=VERTEX_POINT('',#2989);
#1139=VERTEX_POINT('',#2991);
#1140=VERTEX_POINT('',#2993);
#1141=VERTEX_POINT('',#2997);
#1142=VERTEX_POINT('',#2998);
#1143=VERTEX_POINT('',#3000);
#1144=VERTEX_POINT('',#3002);
#1145=VERTEX_POINT('',#3006);
#1146=VERTEX_POINT('',#3008);
#1147=VERTEX_POINT('',#3010);
#1148=VERTEX_POINT('',#3012);
#1149=VERTEX_POINT('',#3015);
#1150=VERTEX_POINT('',#3016);
#1151=VERTEX_POINT('',#3018);
#1152=VERTEX_POINT('',#3020);
#1153=VERTEX_POINT('',#3022);
#1154=VERTEX_POINT('',#3024);
#1155=VERTEX_POINT('',#3026);
#1156=VERTEX_POINT('',#3028);
#1157=VERTEX_POINT('',#3031);
#1158=VERTEX_POINT('',#3033);
#1159=VERTEX_POINT('',#3035);
#1160=VERTEX_POINT('',#3037);
#1161=VERTEX_POINT('',#3039);
#1162=VERTEX_POINT('',#3042);
#1163=VERTEX_POINT('',#3043);
#1164=VERTEX_POINT('',#3045);
#1165=VERTEX_POINT('',#3047);
#1166=VERTEX_POINT('',#3050);
#1167=VERTEX_POINT('',#3052);
#1168=VERTEX_POINT('',#3055);
#1169=VERTEX_POINT('',#3056);
#1170=VERTEX_POINT('',#3058);
#1171=VERTEX_POINT('',#3060);
#1172=VERTEX_POINT('',#3062);
#1173=VERTEX_POINT('',#3064);
#1174=VERTEX_POINT('',#3067);
#1175=VERTEX_POINT('',#3069);
#1176=VERTEX_POINT('',#3072);
#1177=VERTEX_POINT('',#3074);
#1178=VERTEX_POINT('',#3076);
#1179=VERTEX_POINT('',#3078);
#1180=VERTEX_POINT('',#3079);
#1181=VERTEX_POINT('',#3081);
#1182=VERTEX_POINT('',#3085);
#1183=VERTEX_POINT('',#3087);
#1184=VERTEX_POINT('',#3089);
#1185=VERTEX_POINT('',#3091);
#1186=VERTEX_POINT('',#3093);
#1187=VERTEX_POINT('',#3096);
#1188=VERTEX_POINT('',#3098);
#1189=VERTEX_POINT('',#3100);
#1190=VERTEX_POINT('',#3101);
#1191=VERTEX_POINT('',#3103);
#1192=VERTEX_POINT('',#3105);
#1193=VERTEX_POINT('',#3118);
#1194=VERTEX_POINT('',#3119);
#1195=VERTEX_POINT('',#3121);
#1196=VERTEX_POINT('',#3123);
#1197=VERTEX_POINT('',#3125);
#1198=VERTEX_POINT('',#3127);
#1199=VERTEX_POINT('',#3130);
#1200=LINE('',#2710,#1354);
#1201=LINE('',#2713,#1355);
#1202=LINE('',#2715,#1356);
#1203=LINE('',#2717,#1357);
#1204=LINE('',#2719,#1358);
#1205=LINE('',#2721,#1359);
#1206=LINE('',#2723,#1360);
#1207=LINE('',#2726,#1361);
#1208=LINE('',#2728,#1362);
#1209=LINE('',#2730,#1363);
#1210=LINE('',#2732,#1364);
#1211=LINE('',#2734,#1365);
#1212=LINE('',#2739,#1366);
#1213=LINE('',#2743,#1367);
#1214=LINE('',#2745,#1368);
#1215=LINE('',#2750,#1369);
#1216=LINE('',#2757,#1370);
#1217=LINE('',#2762,#1371);
#1218=LINE('',#2766,#1372);
#1219=LINE('',#2772,#1373);
#1220=LINE('',#2776,#1374);
#1221=LINE('',#2782,#1375);
#1222=LINE('',#2783,#1376);
#1223=LINE('',#2792,#1377);
#1224=LINE('',#2796,#1378);
#1225=LINE('',#2810,#1379);
#1226=LINE('',#2814,#1380);
#1227=LINE('',#2822,#1381);
#1228=LINE('',#2823,#1382);
#1229=LINE('',#2830,#1383);
#1230=LINE('',#2834,#1384);
#1231=LINE('',#2837,#1385);
#1232=LINE('',#2842,#1386);
#1233=LINE('',#2846,#1387);
#1234=LINE('',#2853,#1388);
#1235=LINE('',#2858,#1389);
#1236=LINE('',#2862,#1390);
#1237=LINE('',#2865,#1391);
#1238=LINE('',#2870,#1392);
#1239=LINE('',#2882,#1393);
#1240=LINE('',#2890,#1394);
#1241=LINE('',#2898,#1395);
#1242=LINE('',#2914,#1396);
#1243=LINE('',#2922,#1397);
#1244=LINE('',#2926,#1398);
#1245=LINE('',#2928,#1399);
#1246=LINE('',#2930,#1400);
#1247=LINE('',#2932,#1401);
#1248=LINE('',#2934,#1402);
#1249=LINE('',#2936,#1403);
#1250=LINE('',#2941,#1404);
#1251=LINE('',#2942,#1405);
#1252=LINE('',#2947,#1406);
#1253=LINE('',#2948,#1407);
#1254=LINE('',#2950,#1408);
#1255=LINE('',#2952,#1409);
#1256=LINE('',#2956,#1410);
#1257=LINE('',#2958,#1411);
#1258=LINE('',#2960,#1412);
#1259=LINE('',#2962,#1413);
#1260=LINE('',#2966,#1414);
#1261=LINE('',#2968,#1415);
#1262=LINE('',#2972,#1416);
#1263=LINE('',#2975,#1417);
#1264=LINE('',#2976,#1418);
#1265=LINE('',#2980,#1419);
#1266=LINE('',#2984,#1420);
#1267=LINE('',#2987,#1421);
#1268=LINE('',#2992,#1422);
#1269=LINE('',#2996,#1423);
#1270=LINE('',#3001,#1424);
#1271=LINE('',#3007,#1425);
#1272=LINE('',#3011,#1426);
#1273=LINE('',#3014,#1427);
#1274=LINE('',#3019,#1428);
#1275=LINE('',#3023,#1429);
#1276=LINE('',#3034,#1430);
#1277=LINE('',#3038,#1431);
#1278=LINE('',#3041,#1432);
#1279=LINE('',#3046,#1433);
#1280=LINE('',#3051,#1434);
#1281=LINE('',#3054,#1435);
#1282=LINE('',#3063,#1436);
#1283=LINE('',#3068,#1437);
#1284=LINE('',#3077,#1438);
#1285=LINE('',#3088,#1439);
#1286=LINE('',#3092,#1440);
#1287=LINE('',#3099,#1441);
#1288=LINE('',#3104,#1442);
#1289=LINE('',#3109,#1443);
#1290=LINE('',#3110,#1444);
#1291=LINE('',#3112,#1445);
#1292=LINE('',#3114,#1446);
#1293=LINE('',#3115,#1447);
#1294=LINE('',#3120,#1448);
#1295=LINE('',#3128,#1449);
#1296=LINE('',#3132,#1450);
#1297=LINE('',#3133,#1451);
#1298=LINE('',#3135,#1452);
#1299=LINE('',#3136,#1453);
#1300=LINE('',#3137,#1454);
#1301=LINE('',#3138,#1455);
#1302=LINE('',#3141,#1456);
#1303=LINE('',#3142,#1457);
#1304=LINE('',#3153,#1458);
#1305=LINE('',#3154,#1459);
#1306=LINE('',#3156,#1460);
#1307=LINE('',#3157,#1461);
#1308=LINE('',#3159,#1462);
#1309=LINE('',#3160,#1463);
#1310=LINE('',#3162,#1464);
#1311=LINE('',#3163,#1465);
#1312=LINE('',#3165,#1466);
#1313=LINE('',#3166,#1467);
#1314=LINE('',#3172,#1468);
#1315=LINE('',#3173,#1469);
#1316=LINE('',#3175,#1470);
#1317=LINE('',#3176,#1471);
#1318=LINE('',#3178,#1472);
#1319=LINE('',#3179,#1473);
#1320=LINE('',#3181,#1474);
#1321=LINE('',#3182,#1475);
#1322=LINE('',#3184,#1476);
#1323=LINE('',#3185,#1477);
#1324=LINE('',#3187,#1478);
#1325=LINE('',#3188,#1479);
#1326=LINE('',#3190,#1480);
#1327=LINE('',#3191,#1481);
#1328=LINE('',#3193,#1482);
#1329=LINE('',#3194,#1483);
#1330=LINE('',#3196,#1484);
#1331=LINE('',#3197,#1485);
#1332=LINE('',#3199,#1486);
#1333=LINE('',#3200,#1487);
#1334=LINE('',#3202,#1488);
#1335=LINE('',#3203,#1489);
#1336=LINE('',#3205,#1490);
#1337=LINE('',#3206,#1491);
#1338=LINE('',#3208,#1492);
#1339=LINE('',#3209,#1493);
#1340=LINE('',#3211,#1494);
#1341=LINE('',#3212,#1495);
#1342=LINE('',#3233,#1496);
#1343=LINE('',#3234,#1497);
#1344=LINE('',#3236,#1498);
#1345=LINE('',#3237,#1499);
#1346=LINE('',#3239,#1500);
#1347=LINE('',#3240,#1501);
#1348=LINE('',#3242,#1502);
#1349=LINE('',#3243,#1503);
#1350=LINE('',#3253,#1504);
#1351=LINE('',#3254,#1505);
#1352=LINE('',#3256,#1506);
#1353=LINE('',#3257,#1507);
#1354=VECTOR('',#2126,1.);
#1355=VECTOR('',#2127,1.);
#1356=VECTOR('',#2128,1.);
#1357=VECTOR('',#2129,1.);
#1358=VECTOR('',#2130,1.);
#1359=VECTOR('',#2131,1.);
#1360=VECTOR('',#2134,1.);
#1361=VECTOR('',#2135,1.);
#1362=VECTOR('',#2136,1.);
#1363=VECTOR('',#2137,1.);
#1364=VECTOR('',#2138,1.);
#1365=VECTOR('',#2139,1.);
#1366=VECTOR('',#2144,1.);
#1367=VECTOR('',#2147,1.);
#1368=VECTOR('',#2150,1.);
#1369=VECTOR('',#2153,1.);
#1370=VECTOR('',#2160,1.);
#1371=VECTOR('',#2163,1.);
#1372=VECTOR('',#2166,1.);
#1373=VECTOR('',#2171,1.);
#1374=VECTOR('',#2174,1.);
#1375=VECTOR('',#2179,1.);
#1376=VECTOR('',#2180,1.);
#1377=VECTOR('',#2187,1.);
#1378=VECTOR('',#2190,1.);
#1379=VECTOR('',#2203,1.);
#1380=VECTOR('',#2206,1.);
#1381=VECTOR('',#2213,1.);
#1382=VECTOR('',#2214,1.);
#1383=VECTOR('',#2219,1.);
#1384=VECTOR('',#2222,1.);
#1385=VECTOR('',#2225,1.);
#1386=VECTOR('',#2228,1.);
#1387=VECTOR('',#2231,1.);
#1388=VECTOR('',#2238,1.);
#1389=VECTOR('',#2241,1.);
#1390=VECTOR('',#2244,1.);
#1391=VECTOR('',#2247,1.);
#1392=VECTOR('',#2250,1.);
#1393=VECTOR('',#2263,1.);
#1394=VECTOR('',#2270,1.);
#1395=VECTOR('',#2277,1.);
#1396=VECTOR('',#2298,1.);
#1397=VECTOR('',#2305,1.);
#1398=VECTOR('',#2310,1.);
#1399=VECTOR('',#2311,1.);
#1400=VECTOR('',#2312,1.);
#1401=VECTOR('',#2315,1.);
#1402=VECTOR('',#2316,1.);
#1403=VECTOR('',#2317,1.);
#1404=VECTOR('',#2322,1.);
#1405=VECTOR('',#2323,1.);
#1406=VECTOR('',#2328,1.);
#1407=VECTOR('',#2329,1.);
#1408=VECTOR('',#2332,1.);
#1409=VECTOR('',#2333,1.);
#1410=VECTOR('',#2338,1.);
#1411=VECTOR('',#2339,1.);
#1412=VECTOR('',#2342,1.);
#1413=VECTOR('',#2343,1.);
#1414=VECTOR('',#2348,1.);
#1415=VECTOR('',#2349,1.);
#1416=VECTOR('',#2354,1.);
#1417=VECTOR('',#2355,1.);
#1418=VECTOR('',#2356,1.);
#1419=VECTOR('',#2361,1.);
#1420=VECTOR('',#2364,1.);
#1421=VECTOR('',#2367,1.);
#1422=VECTOR('',#2370,1.);
#1423=VECTOR('',#2375,1.);
#1424=VECTOR('',#2378,1.);
#1425=VECTOR('',#2385,1.);
#1426=VECTOR('',#2388,1.);
#1427=VECTOR('',#2391,1.);
#1428=VECTOR('',#2394,1.);
#1429=VECTOR('',#2397,1.);
#1430=VECTOR('',#2408,1.);
#1431=VECTOR('',#2411,1.);
#1432=VECTOR('',#2414,1.);
#1433=VECTOR('',#2417,1.);
#1434=VECTOR('',#2422,1.);
#1435=VECTOR('',#2425,1.);
#1436=VECTOR('',#2432,1.);
#1437=VECTOR('',#2437,1.);
#1438=VECTOR('',#2446,1.);
#1439=VECTOR('',#2457,1.);
#1440=VECTOR('',#2460,1.);
#1441=VECTOR('',#2467,1.);
#1442=VECTOR('',#2470,1.);
#1443=VECTOR('',#2477,1.);
#1444=VECTOR('',#2478,1.);
#1445=VECTOR('',#2481,1.);
#1446=VECTOR('',#2484,1.);
#1447=VECTOR('',#2485,1.);
#1448=VECTOR('',#2490,1.);
#1449=VECTOR('',#2497,1.);
#1450=VECTOR('',#2502,1.);
#1451=VECTOR('',#2503,1.);
#1452=VECTOR('',#2506,1.);
#1453=VECTOR('',#2507,1.);
#1454=VECTOR('',#2508,1.);
#1455=VECTOR('',#2509,1.);
#1456=VECTOR('',#2514,1.);
#1457=VECTOR('',#2515,1.);
#1458=VECTOR('',#2536,1.);
#1459=VECTOR('',#2537,1.);
#1460=VECTOR('',#2540,1.);
#1461=VECTOR('',#2541,1.);
#1462=VECTOR('',#2544,1.);
#1463=VECTOR('',#2545,1.);
#1464=VECTOR('',#2548,1.);
#1465=VECTOR('',#2549,1.);
#1466=VECTOR('',#2552,1.);
#1467=VECTOR('',#2553,1.);
#1468=VECTOR('',#2564,1.);
#1469=VECTOR('',#2565,1.);
#1470=VECTOR('',#2568,1.);
#1471=VECTOR('',#2569,1.);
#1472=VECTOR('',#2572,1.);
#1473=VECTOR('',#2573,1.);
#1474=VECTOR('',#2576,1.);
#1475=VECTOR('',#2577,1.);
#1476=VECTOR('',#2580,1.);
#1477=VECTOR('',#2581,1.);
#1478=VECTOR('',#2584,1.);
#1479=VECTOR('',#2585,1.);
#1480=VECTOR('',#2588,1.);
#1481=VECTOR('',#2589,1.);
#1482=VECTOR('',#2592,1.);
#1483=VECTOR('',#2593,1.);
#1484=VECTOR('',#2596,1.);
#1485=VECTOR('',#2597,1.);
#1486=VECTOR('',#2600,1.);
#1487=VECTOR('',#2601,1.);
#1488=VECTOR('',#2604,1.);
#1489=VECTOR('',#2605,1.);
#1490=VECTOR('',#2608,1.);
#1491=VECTOR('',#2609,1.);
#1492=VECTOR('',#2612,1.);
#1493=VECTOR('',#2613,1.);
#1494=VECTOR('',#2616,1.);
#1495=VECTOR('',#2617,1.);
#1496=VECTOR('',#2658,1.);
#1497=VECTOR('',#2659,1.);
#1498=VECTOR('',#2662,1.);
#1499=VECTOR('',#2663,1.);
#1500=VECTOR('',#2666,1.);
#1501=VECTOR('',#2667,1.);
#1502=VECTOR('',#2670,1.);
#1503=VECTOR('',#2671,1.);
#1504=VECTOR('',#2690,1.);
#1505=VECTOR('',#2691,1.);
#1506=VECTOR('',#2694,1.);
#1507=VECTOR('',#2695,1.);
#1508=EDGE_LOOP('',(#192,#193,#194,#195,#196,#197));
#1509=EDGE_LOOP('',(#198,#199,#200,#201,#202,#203));
#1510=EDGE_LOOP('',(#204,#205,#206,#207));
#1511=EDGE_LOOP('',(#208,#209,#210,#211,#212,#213));
#1512=EDGE_LOOP('',(#214,#215,#216,#217,#218,#219));
#1513=EDGE_LOOP('',(#220,#221,#222,#223,#224,#225,#226));
#1514=EDGE_LOOP('',(#227,#228,#229,#230,#231,#232,#233,#234));
#1515=EDGE_LOOP('',(#235));
#1516=EDGE_LOOP('',(#236));
#1517=EDGE_LOOP('',(#237,#238,#239,#240,#241,#242,#243,#244,#245,#246));
#1518=EDGE_LOOP('',(#247,#248,#249,#250,#251,#252,#253));
#1519=EDGE_LOOP('',(#254,#255,#256,#257,#258,#259,#260,#261));
#1520=EDGE_LOOP('',(#262,#263,#264,#265,#266,#267));
#1521=EDGE_LOOP('',(#268,#269,#270,#271,#272,#273));
#1522=EDGE_LOOP('',(#274,#275,#276,#277,#278,#279,#280,#281,#282,#283,#284,
#285,#286,#287,#288,#289,#290,#291));
#1523=EDGE_LOOP('',(#292));
#1524=EDGE_LOOP('',(#293,#294,#295,#296,#297,#298));
#1525=EDGE_LOOP('',(#299,#300,#301,#302,#303,#304));
#1526=EDGE_LOOP('',(#305));
#1527=EDGE_LOOP('',(#306,#307,#308,#309));
#1528=EDGE_LOOP('',(#310,#311,#312,#313));
#1529=EDGE_LOOP('',(#314,#315,#316,#317));
#1530=EDGE_LOOP('',(#318,#319,#320,#321));
#1531=EDGE_LOOP('',(#322,#323,#324,#325));
#1532=EDGE_LOOP('',(#326,#327,#328,#329));
#1533=EDGE_LOOP('',(#330,#331,#332,#333));
#1534=EDGE_LOOP('',(#334,#335,#336,#337));
#1535=EDGE_LOOP('',(#338,#339,#340,#341));
#1536=EDGE_LOOP('',(#342,#343,#344,#345,#346,#347));
#1537=EDGE_LOOP('',(#348,#349,#350,#351,#352,#353));
#1538=EDGE_LOOP('',(#354,#355,#356,#357,#358,#359));
#1539=EDGE_LOOP('',(#360,#361,#362,#363,#364,#365));
#1540=EDGE_LOOP('',(#366,#367,#368,#369,#370,#371,#372,#373));
#1541=EDGE_LOOP('',(#374,#375,#376,#377,#378,#379,#380));
#1542=EDGE_LOOP('',(#381,#382,#383,#384,#385,#386,#387,#388));
#1543=EDGE_LOOP('',(#389,#390,#391,#392,#393,#394,#395,#396,#397,#398));
#1544=EDGE_LOOP('',(#399));
#1545=EDGE_LOOP('',(#400));
#1546=EDGE_LOOP('',(#401));
#1547=EDGE_LOOP('',(#402,#403,#404,#405,#406,#407,#408,#409,#410,#411,#412,
#413));
#1548=EDGE_LOOP('',(#414));
#1549=EDGE_LOOP('',(#415));
#1550=EDGE_LOOP('',(#416,#417,#418,#419,#420,#421,#422));
#1551=EDGE_LOOP('',(#423,#424,#425,#426));
#1552=EDGE_LOOP('',(#427,#428,#429,#430));
#1553=EDGE_LOOP('',(#431,#432,#433,#434));
#1554=EDGE_LOOP('',(#435,#436,#437,#438,#439,#440));
#1555=EDGE_LOOP('',(#441));
#1556=EDGE_LOOP('',(#442,#443,#444,#445,#446,#447));
#1557=EDGE_LOOP('',(#448,#449,#450,#451,#452,#453,#454,#455));
#1558=EDGE_LOOP('',(#456));
#1559=EDGE_LOOP('',(#457));
#1560=EDGE_LOOP('',(#458,#459,#460,#461,#462,#463));
#1561=EDGE_LOOP('',(#464));
#1562=EDGE_LOOP('',(#465));
#1563=EDGE_LOOP('',(#466,#467,#468,#469));
#1564=EDGE_LOOP('',(#470,#471,#472,#473));
#1565=EDGE_LOOP('',(#474,#475,#476,#477));
#1566=EDGE_LOOP('',(#478));
#1567=EDGE_LOOP('',(#479));
#1568=EDGE_LOOP('',(#480,#481,#482,#483));
#1569=EDGE_LOOP('',(#484,#485,#486,#487));
#1570=EDGE_LOOP('',(#488));
#1571=EDGE_LOOP('',(#489));
#1572=EDGE_LOOP('',(#490));
#1573=EDGE_LOOP('',(#491));
#1574=EDGE_LOOP('',(#492,#493,#494,#495));
#1575=EDGE_LOOP('',(#496,#497,#498,#499));
#1576=EDGE_LOOP('',(#500,#501,#502,#503));
#1577=EDGE_LOOP('',(#504,#505,#506,#507));
#1578=EDGE_LOOP('',(#508,#509,#510,#511));
#1579=EDGE_LOOP('',(#512,#513,#514,#515));
#1580=EDGE_LOOP('',(#516,#517,#518,#519));
#1581=EDGE_LOOP('',(#520,#521,#522,#523));
#1582=EDGE_LOOP('',(#524,#525,#526,#527));
#1583=EDGE_LOOP('',(#528,#529,#530,#531));
#1584=EDGE_LOOP('',(#532,#533,#534,#535));
#1585=EDGE_LOOP('',(#536,#537,#538,#539));
#1586=EDGE_LOOP('',(#540,#541,#542,#543));
#1587=EDGE_LOOP('',(#544,#545,#546,#547));
#1588=EDGE_LOOP('',(#548,#549,#550,#551));
#1589=EDGE_LOOP('',(#552,#553,#554,#555));
#1590=EDGE_LOOP('',(#556,#557,#558,#559));
#1591=EDGE_LOOP('',(#560,#561,#562,#563));
#1592=EDGE_LOOP('',(#564,#565,#566,#567));
#1593=EDGE_LOOP('',(#568,#569,#570,#571));
#1594=EDGE_LOOP('',(#572,#573,#574,#575));
#1595=EDGE_LOOP('',(#576,#577,#578,#579));
#1596=EDGE_LOOP('',(#580,#581,#582,#583));
#1597=EDGE_LOOP('',(#584,#585,#586,#587));
#1598=EDGE_LOOP('',(#588,#589,#590,#591));
#1599=EDGE_LOOP('',(#592,#593,#594,#595));
#1600=EDGE_LOOP('',(#596,#597,#598,#599));
#1601=EDGE_LOOP('',(#600,#601,#602,#603));
#1602=EDGE_LOOP('',(#604,#605,#606,#607));
#1603=EDGE_LOOP('',(#608,#609,#610,#611));
#1604=EDGE_LOOP('',(#612,#613,#614,#615));
#1605=EDGE_LOOP('',(#616,#617,#618,#619));
#1606=EDGE_LOOP('',(#620,#621,#622,#623));
#1607=EDGE_LOOP('',(#624,#625,#626,#627));
#1608=EDGE_LOOP('',(#628,#629,#630,#631));
#1609=EDGE_LOOP('',(#632,#633,#634,#635));
#1610=EDGE_LOOP('',(#636,#637,#638,#639));
#1611=EDGE_LOOP('',(#640,#641,#642,#643));
#1612=EDGE_LOOP('',(#644,#645,#646,#647));
#1613=EDGE_LOOP('',(#648,#649,#650,#651));
#1614=EDGE_LOOP('',(#652,#653,#654,#655));
#1615=EDGE_LOOP('',(#656,#657,#658,#659));
#1616=EDGE_LOOP('',(#660,#661,#662,#663));
#1617=EDGE_LOOP('',(#664,#665,#666,#667));
#1618=EDGE_LOOP('',(#668,#669,#670,#671));
#1619=EDGE_LOOP('',(#672,#673,#674,#675));
#1620=EDGE_LOOP('',(#676,#677,#678,#679));
#1621=EDGE_LOOP('',(#680,#681,#682,#683));
#1622=EDGE_LOOP('',(#684,#685,#686,#687));
#1623=EDGE_LOOP('',(#688,#689,#690,#691));
#1624=EDGE_LOOP('',(#692,#693,#694,#695));
#1625=EDGE_LOOP('',(#696,#697,#698,#699));
#1626=EDGE_LOOP('',(#700,#701,#702,#703));
#1627=EDGE_LOOP('',(#704,#705,#706,#707));
#1628=EDGE_LOOP('',(#708,#709,#710,#711));
#1629=EDGE_LOOP('',(#712,#713,#714,#715));
#1630=EDGE_LOOP('',(#716,#717,#718,#719));
#1631=EDGE_LOOP('',(#720,#721,#722,#723));
#1632=EDGE_LOOP('',(#724,#725,#726,#727));
#1633=EDGE_LOOP('',(#728,#729,#730,#731));
#1634=EDGE_LOOP('',(#732,#733,#734,#735));
#1635=EDGE_LOOP('',(#736,#737,#738,#739));
#1636=FACE_BOUND('',#1508,.T.);
#1637=FACE_BOUND('',#1509,.T.);
#1638=FACE_BOUND('',#1510,.T.);
#1639=FACE_BOUND('',#1511,.T.);
#1640=FACE_BOUND('',#1512,.T.);
#1641=FACE_BOUND('',#1513,.T.);
#1642=FACE_BOUND('',#1514,.T.);
#1643=FACE_BOUND('',#1515,.T.);
#1644=FACE_BOUND('',#1516,.T.);
#1645=FACE_BOUND('',#1517,.T.);
#1646=FACE_BOUND('',#1518,.T.);
#1647=FACE_BOUND('',#1519,.T.);
#1648=FACE_BOUND('',#1520,.T.);
#1649=FACE_BOUND('',#1521,.T.);
#1650=FACE_BOUND('',#1522,.T.);
#1651=FACE_BOUND('',#1523,.T.);
#1652=FACE_BOUND('',#1524,.T.);
#1653=FACE_BOUND('',#1525,.T.);
#1654=FACE_BOUND('',#1526,.T.);
#1655=FACE_BOUND('',#1527,.T.);
#1656=FACE_BOUND('',#1528,.T.);
#1657=FACE_BOUND('',#1529,.T.);
#1658=FACE_BOUND('',#1530,.T.);
#1659=FACE_BOUND('',#1531,.T.);
#1660=FACE_BOUND('',#1532,.T.);
#1661=FACE_BOUND('',#1533,.T.);
#1662=FACE_BOUND('',#1534,.T.);
#1663=FACE_BOUND('',#1535,.T.);
#1664=FACE_BOUND('',#1536,.T.);
#1665=FACE_BOUND('',#1537,.T.);
#1666=FACE_BOUND('',#1538,.T.);
#1667=FACE_BOUND('',#1539,.T.);
#1668=FACE_BOUND('',#1540,.T.);
#1669=FACE_BOUND('',#1541,.T.);
#1670=FACE_BOUND('',#1542,.T.);
#1671=FACE_BOUND('',#1543,.T.);
#1672=FACE_BOUND('',#1544,.T.);
#1673=FACE_BOUND('',#1545,.T.);
#1674=FACE_BOUND('',#1546,.T.);
#1675=FACE_BOUND('',#1547,.T.);
#1676=FACE_BOUND('',#1548,.T.);
#1677=FACE_BOUND('',#1549,.T.);
#1678=FACE_BOUND('',#1550,.T.);
#1679=FACE_BOUND('',#1551,.T.);
#1680=FACE_BOUND('',#1552,.T.);
#1681=FACE_BOUND('',#1553,.T.);
#1682=FACE_BOUND('',#1554,.T.);
#1683=FACE_BOUND('',#1555,.T.);
#1684=FACE_BOUND('',#1556,.T.);
#1685=FACE_BOUND('',#1557,.T.);
#1686=FACE_BOUND('',#1558,.T.);
#1687=FACE_BOUND('',#1559,.T.);
#1688=FACE_BOUND('',#1560,.T.);
#1689=FACE_BOUND('',#1561,.T.);
#1690=FACE_BOUND('',#1562,.T.);
#1691=FACE_BOUND('',#1563,.T.);
#1692=FACE_BOUND('',#1564,.T.);
#1693=FACE_BOUND('',#1565,.T.);
#1694=FACE_BOUND('',#1566,.T.);
#1695=FACE_BOUND('',#1567,.T.);
#1696=FACE_BOUND('',#1568,.T.);
#1697=FACE_BOUND('',#1569,.T.);
#1698=FACE_BOUND('',#1570,.T.);
#1699=FACE_BOUND('',#1571,.T.);
#1700=FACE_BOUND('',#1572,.T.);
#1701=FACE_BOUND('',#1573,.T.);
#1702=FACE_BOUND('',#1574,.T.);
#1703=FACE_BOUND('',#1575,.T.);
#1704=FACE_BOUND('',#1576,.T.);
#1705=FACE_BOUND('',#1577,.T.);
#1706=FACE_BOUND('',#1578,.T.);
#1707=FACE_BOUND('',#1579,.T.);
#1708=FACE_BOUND('',#1580,.T.);
#1709=FACE_BOUND('',#1581,.T.);
#1710=FACE_BOUND('',#1582,.T.);
#1711=FACE_BOUND('',#1583,.T.);
#1712=FACE_BOUND('',#1584,.T.);
#1713=FACE_BOUND('',#1585,.T.);
#1714=FACE_BOUND('',#1586,.T.);
#1715=FACE_BOUND('',#1587,.T.);
#1716=FACE_BOUND('',#1588,.T.);
#1717=FACE_BOUND('',#1589,.T.);
#1718=FACE_BOUND('',#1590,.T.);
#1719=FACE_BOUND('',#1591,.T.);
#1720=FACE_BOUND('',#1592,.T.);
#1721=FACE_BOUND('',#1593,.T.);
#1722=FACE_BOUND('',#1594,.T.);
#1723=FACE_BOUND('',#1595,.T.);
#1724=FACE_BOUND('',#1596,.T.);
#1725=FACE_BOUND('',#1597,.T.);
#1726=FACE_BOUND('',#1598,.T.);
#1727=FACE_BOUND('',#1599,.T.);
#1728=FACE_BOUND('',#1600,.T.);
#1729=FACE_BOUND('',#1601,.T.);
#1730=FACE_BOUND('',#1602,.T.);
#1731=FACE_BOUND('',#1603,.T.);
#1732=FACE_BOUND('',#1604,.T.);
#1733=FACE_BOUND('',#1605,.T.);
#1734=FACE_BOUND('',#1606,.T.);
#1735=FACE_BOUND('',#1607,.T.);
#1736=FACE_BOUND('',#1608,.T.);
#1737=FACE_BOUND('',#1609,.T.);
#1738=FACE_BOUND('',#1610,.T.);
#1739=FACE_BOUND('',#1611,.T.);
#1740=FACE_BOUND('',#1612,.T.);
#1741=FACE_BOUND('',#1613,.T.);
#1742=FACE_BOUND('',#1614,.T.);
#1743=FACE_BOUND('',#1615,.T.);
#1744=FACE_BOUND('',#1616,.T.);
#1745=FACE_BOUND('',#1617,.T.);
#1746=FACE_BOUND('',#1618,.T.);
#1747=FACE_BOUND('',#1619,.T.);
#1748=FACE_BOUND('',#1620,.T.);
#1749=FACE_BOUND('',#1621,.T.);
#1750=FACE_BOUND('',#1622,.T.);
#1751=FACE_BOUND('',#1623,.T.);
#1752=FACE_BOUND('',#1624,.T.);
#1753=FACE_BOUND('',#1625,.T.);
#1754=FACE_BOUND('',#1626,.T.);
#1755=FACE_BOUND('',#1627,.T.);
#1756=FACE_BOUND('',#1628,.T.);
#1757=FACE_BOUND('',#1629,.T.);
#1758=FACE_BOUND('',#1630,.T.);
#1759=FACE_BOUND('',#1631,.T.);
#1760=FACE_BOUND('',#1632,.T.);
#1761=FACE_BOUND('',#1633,.T.);
#1762=FACE_BOUND('',#1634,.T.);
#1763=FACE_BOUND('',#1635,.T.);
#1764=PLANE('',#1907);
#1765=PLANE('',#1908);
#1766=PLANE('',#1912);
#1767=PLANE('',#1966);
#1768=PLANE('',#1971);
#1769=PLANE('',#1977);
#1770=PLANE('',#1978);
#1771=PLANE('',#1985);
#1772=PLANE('',#1990);
#1773=PLANE('',#1991);
#1774=PLANE('',#2041);
#1775=PLANE('',#2047);
#1776=PLANE('',#2048);
#1777=PLANE('',#2050);
#1778=PLANE('',#2060);
#1779=PLANE('',#2062);
#1780=PLANE('',#2064);
#1781=PLANE('',#2069);
#1782=PLANE('',#2070);
#1783=PLANE('',#2071);
#1784=PLANE('',#2072);
#1785=PLANE('',#2073);
#1786=PLANE('',#2074);
#1787=PLANE('',#2075);
#1788=PLANE('',#2076);
#1789=PLANE('',#2077);
#1790=PLANE('',#2078);
#1791=PLANE('',#2079);
#1792=PLANE('',#2080);
#1793=PLANE('',#2081);
#1794=PLANE('',#2082);
#1795=PLANE('',#2102);
#1796=PLANE('',#2103);
#1797=PLANE('',#2104);
#1798=PLANE('',#2105);
#1799=ADVANCED_FACE('',(#1636),#1764,.F.);
#1800=ADVANCED_FACE('',(#1637),#1765,.T.);
#1801=ADVANCED_FACE('',(#1638),#132,.F.);
#1802=ADVANCED_FACE('',(#1639,#1640,#1641,#1642,#1643,#1644,#1645,#1646,
#1647,#1648,#1649,#1650),#1766,.T.);
#1803=ADVANCED_FACE('',(#1651,#1652),#1767,.T.);
#1804=ADVANCED_FACE('',(#1653,#1654),#1768,.T.);
#1805=ADVANCED_FACE('',(#1655),#1769,.T.);
#1806=ADVANCED_FACE('',(#1656),#1770,.T.);
#1807=ADVANCED_FACE('',(#1657),#133,.F.);
#1808=ADVANCED_FACE('',(#1658),#134,.F.);
#1809=ADVANCED_FACE('',(#1659),#135,.F.);
#1810=ADVANCED_FACE('',(#1660),#1771,.T.);
#1811=ADVANCED_FACE('',(#1661),#136,.T.);
#1812=ADVANCED_FACE('',(#1662),#137,.T.);
#1813=ADVANCED_FACE('',(#1663),#1772,.F.);
#1814=ADVANCED_FACE('',(#1664,#1665,#1666,#1667,#1668,#1669,#1670,#1671,
#1672,#1673,#1674,#1675,#1676,#1677,#1678),#1773,.F.);
#1815=ADVANCED_FACE('',(#1679),#138,.T.);
#1816=ADVANCED_FACE('',(#1680),#139,.F.);
#1817=ADVANCED_FACE('',(#1681),#140,.T.);
#1818=ADVANCED_FACE('',(#1682,#1683),#1774,.T.);
#1819=ADVANCED_FACE('',(#1684),#1775,.T.);
#1820=ADVANCED_FACE('',(#1685),#1776,.T.);
#1821=ADVANCED_FACE('',(#1686,#1687),#141,.F.);
#1822=ADVANCED_FACE('',(#1688),#1777,.F.);
#1823=ADVANCED_FACE('',(#1689,#1690),#142,.F.);
#1824=ADVANCED_FACE('',(#1691),#143,.T.);
#1825=ADVANCED_FACE('',(#1692),#144,.T.);
#1826=ADVANCED_FACE('',(#1693),#145,.T.);
#1827=ADVANCED_FACE('',(#1694,#1695),#146,.F.);
#1828=ADVANCED_FACE('',(#1696),#147,.F.);
#1829=ADVANCED_FACE('',(#1697),#148,.F.);
#1830=ADVANCED_FACE('',(#1698,#1699),#149,.F.);
#1831=ADVANCED_FACE('',(#1700,#1701),#150,.F.);
#1832=ADVANCED_FACE('',(#1702),#1778,.T.);
#1833=ADVANCED_FACE('',(#1703),#151,.T.);
#1834=ADVANCED_FACE('',(#1704),#1779,.F.);
#1835=ADVANCED_FACE('',(#1705),#152,.T.);
#1836=ADVANCED_FACE('',(#1706),#1780,.F.);
#1837=ADVANCED_FACE('',(#1707),#153,.F.);
#1838=ADVANCED_FACE('',(#1708),#154,.F.);
#1839=ADVANCED_FACE('',(#1709),#155,.F.);
#1840=ADVANCED_FACE('',(#1710),#156,.F.);
#1841=ADVANCED_FACE('',(#1711),#1781,.T.);
#1842=ADVANCED_FACE('',(#1712),#1782,.F.);
#1843=ADVANCED_FACE('',(#1713),#1783,.T.);
#1844=ADVANCED_FACE('',(#1714),#1784,.F.);
#1845=ADVANCED_FACE('',(#1715),#1785,.F.);
#1846=ADVANCED_FACE('',(#1716),#1786,.F.);
#1847=ADVANCED_FACE('',(#1717),#1787,.T.);
#1848=ADVANCED_FACE('',(#1718),#1788,.F.);
#1849=ADVANCED_FACE('',(#1719),#1789,.F.);
#1850=ADVANCED_FACE('',(#1720),#1790,.T.);
#1851=ADVANCED_FACE('',(#1721),#1791,.F.);
#1852=ADVANCED_FACE('',(#1722),#1792,.F.);
#1853=ADVANCED_FACE('',(#1723),#1793,.T.);
#1854=ADVANCED_FACE('',(#1724),#1794,.T.);
#1855=ADVANCED_FACE('',(#1725),#157,.F.);
#1856=ADVANCED_FACE('',(#1726),#158,.F.);
#1857=ADVANCED_FACE('',(#1727),#159,.F.);
#1858=ADVANCED_FACE('',(#1728),#160,.F.);
#1859=ADVANCED_FACE('',(#1729),#161,.F.);
#1860=ADVANCED_FACE('',(#1730),#162,.F.);
#1861=ADVANCED_FACE('',(#1731),#163,.F.);
#1862=ADVANCED_FACE('',(#1732),#164,.F.);
#1863=ADVANCED_FACE('',(#1733),#165,.F.);
#1864=ADVANCED_FACE('',(#1734),#166,.F.);
#1865=ADVANCED_FACE('',(#1735),#167,.F.);
#1866=ADVANCED_FACE('',(#1736),#168,.F.);
#1867=ADVANCED_FACE('',(#1737),#169,.F.);
#1868=ADVANCED_FACE('',(#1738),#170,.F.);
#1869=ADVANCED_FACE('',(#1739),#171,.F.);
#1870=ADVANCED_FACE('',(#1740),#172,.F.);
#1871=ADVANCED_FACE('',(#1741),#173,.F.);
#1872=ADVANCED_FACE('',(#1742),#174,.F.);
#1873=ADVANCED_FACE('',(#1743),#175,.F.);
#1874=ADVANCED_FACE('',(#1744),#1795,.T.);
#1875=ADVANCED_FACE('',(#1745),#1796,.F.);
#1876=ADVANCED_FACE('',(#1746),#1797,.T.);
#1877=ADVANCED_FACE('',(#1747),#1798,.F.);
#1878=ADVANCED_FACE('',(#1748),#176,.F.);
#1879=ADVANCED_FACE('',(#1749),#177,.F.);
#1880=ADVANCED_FACE('',(#1750),#178,.F.);
#1881=ADVANCED_FACE('',(#1751),#179,.F.);
#1882=ADVANCED_FACE('',(#1752),#180,.F.);
#1883=ADVANCED_FACE('',(#1753),#181,.F.);
#1884=ADVANCED_FACE('',(#1754),#182,.F.);
#1885=ADVANCED_FACE('',(#1755),#183,.F.);
#1886=ADVANCED_FACE('',(#1756),#184,.F.);
#1887=ADVANCED_FACE('',(#1757),#185,.F.);
#1888=ADVANCED_FACE('',(#1758),#186,.T.);
#1889=ADVANCED_FACE('',(#1759),#187,.T.);
#1890=ADVANCED_FACE('',(#1760),#188,.T.);
#1891=ADVANCED_FACE('',(#1761),#189,.T.);
#1892=ADVANCED_FACE('',(#1762),#190,.T.);
#1893=ADVANCED_FACE('',(#1763),#191,.T.);
#1894=CLOSED_SHELL('',(#1799,#1800,#1801,#1802,#1803,#1804,#1805,#1806,
#1807,#1808,#1809,#1810,#1811,#1812,#1813,#1814,#1815,#1816,#1817,#1818,
#1819,#1820,#1821,#1822,#1823,#1824,#1825,#1826,#1827,#1828,#1829,#1830,
#1831,#1832,#1833,#1834,#1835,#1836,#1837,#1838,#1839,#1840,#1841,#1842,
#1843,#1844,#1845,#1846,#1847,#1848,#1849,#1850,#1851,#1852,#1853,#1854,
#1855,#1856,#1857,#1858,#1859,#1860,#1861,#1862,#1863,#1864,#1865,#1866,
#1867,#1868,#1869,#1870,#1871,#1872,#1873,#1874,#1875,#1876,#1877,#1878,
#1879,#1880,#1881,#1882,#1883,#1884,#1885,#1886,#1887,#1888,#1889,#1890,
#1891,#1892,#1893));
#1895=STYLED_ITEM('',(#1896),#1903);
#1896=PRESENTATION_STYLE_ASSIGNMENT((#1897));
#1897=SURFACE_STYLE_USAGE(.BOTH.,#1898);
#1898=SURFACE_SIDE_STYLE('',(#1899));
#1899=SURFACE_STYLE_FILL_AREA(#1900);
#1900=FILL_AREA_STYLE('',(#1901));
#1901=FILL_AREA_STYLE_COLOUR('',#1902);
#1902=COLOUR_RGB('',0.917647058823529,0.917647058823529,0.917647058823529);
#1903=MANIFOLD_SOLID_BREP('Base Bottom',#1894);
#1904=SHAPE_DEFINITION_REPRESENTATION(#3270,#1905);
#1905=SHAPE_REPRESENTATION('Base Bottom',(#1906),#3265);
#1906=AXIS2_PLACEMENT_3D('',#2708,#2122,#2123);
#1907=AXIS2_PLACEMENT_3D('',#2709,#2124,#2125);
#1908=AXIS2_PLACEMENT_3D('',#2722,#2132,#2133);
#1909=AXIS2_PLACEMENT_3D('',#2735,#2140,#2141);
#1910=AXIS2_PLACEMENT_3D('',#2736,#2142,#2143);
#1911=AXIS2_PLACEMENT_3D('',#2741,#2145,#2146);
#1912=AXIS2_PLACEMENT_3D('',#2744,#2148,#2149);
#1913=AXIS2_PLACEMENT_3D('',#2748,#2151,#2152);
#1914=AXIS2_PLACEMENT_3D('',#2752,#2154,#2155);
#1915=AXIS2_PLACEMENT_3D('',#2754,#2156,#2157);
#1916=AXIS2_PLACEMENT_3D('',#2756,#2158,#2159);
#1917=AXIS2_PLACEMENT_3D('',#2760,#2161,#2162);
#1918=AXIS2_PLACEMENT_3D('',#2764,#2164,#2165);
#1919=AXIS2_PLACEMENT_3D('',#2768,#2167,#2168);
#1920=AXIS2_PLACEMENT_3D('',#2769,#2169,#2170);
#1921=AXIS2_PLACEMENT_3D('',#2774,#2172,#2173);
#1922=AXIS2_PLACEMENT_3D('',#2778,#2175,#2176);
#1923=AXIS2_PLACEMENT_3D('',#2780,#2177,#2178);
#1924=AXIS2_PLACEMENT_3D('',#2786,#2181,#2182);
#1925=AXIS2_PLACEMENT_3D('',#2788,#2183,#2184);
#1926=AXIS2_PLACEMENT_3D('',#2790,#2185,#2186);
#1927=AXIS2_PLACEMENT_3D('',#2794,#2188,#2189);
#1928=AXIS2_PLACEMENT_3D('',#2798,#2191,#2192);
#1929=AXIS2_PLACEMENT_3D('',#2799,#2193,#2194);
#1930=AXIS2_PLACEMENT_3D('',#2801,#2195,#2196);
#1931=AXIS2_PLACEMENT_3D('',#2803,#2197,#2198);
#1932=AXIS2_PLACEMENT_3D('',#2806,#2199,#2200);
#1933=AXIS2_PLACEMENT_3D('',#2808,#2201,#2202);
#1934=AXIS2_PLACEMENT_3D('',#2812,#2204,#2205);
#1935=AXIS2_PLACEMENT_3D('',#2816,#2207,#2208);
#1936=AXIS2_PLACEMENT_3D('',#2818,#2209,#2210);
#1937=AXIS2_PLACEMENT_3D('',#2820,#2211,#2212);
#1938=AXIS2_PLACEMENT_3D('',#2826,#2215,#2216);
#1939=AXIS2_PLACEMENT_3D('',#2828,#2217,#2218);
#1940=AXIS2_PLACEMENT_3D('',#2832,#2220,#2221);
#1941=AXIS2_PLACEMENT_3D('',#2836,#2223,#2224);
#1942=AXIS2_PLACEMENT_3D('',#2840,#2226,#2227);
#1943=AXIS2_PLACEMENT_3D('',#2844,#2229,#2230);
#1944=AXIS2_PLACEMENT_3D('',#2848,#2232,#2233);
#1945=AXIS2_PLACEMENT_3D('',#2850,#2234,#2235);
#1946=AXIS2_PLACEMENT_3D('',#2852,#2236,#2237);
#1947=AXIS2_PLACEMENT_3D('',#2856,#2239,#2240);
#1948=AXIS2_PLACEMENT_3D('',#2860,#2242,#2243);
#1949=AXIS2_PLACEMENT_3D('',#2864,#2245,#2246);
#1950=AXIS2_PLACEMENT_3D('',#2868,#2248,#2249);
#1951=AXIS2_PLACEMENT_3D('',#2872,#2251,#2252);
#1952=AXIS2_PLACEMENT_3D('',#2874,#2253,#2254);
#1953=AXIS2_PLACEMENT_3D('',#2876,#2255,#2256);
#1954=AXIS2_PLACEMENT_3D('',#2877,#2257,#2258);
#1955=AXIS2_PLACEMENT_3D('',#2878,#2259,#2260);
#1956=AXIS2_PLACEMENT_3D('',#2880,#2261,#2262);
#1957=AXIS2_PLACEMENT_3D('',#2884,#2264,#2265);
#1958=AXIS2_PLACEMENT_3D('',#2886,#2266,#2267);
#1959=AXIS2_PLACEMENT_3D('',#2888,#2268,#2269);
#1960=AXIS2_PLACEMENT_3D('',#2892,#2271,#2272);
#1961=AXIS2_PLACEMENT_3D('',#2894,#2273,#2274);
#1962=AXIS2_PLACEMENT_3D('',#2896,#2275,#2276);
#1963=AXIS2_PLACEMENT_3D('',#2900,#2278,#2279);
#1964=AXIS2_PLACEMENT_3D('',#2902,#2280,#2281);
#1965=AXIS2_PLACEMENT_3D('',#2903,#2282,#2283);
#1966=AXIS2_PLACEMENT_3D('',#2904,#2284,#2285);
#1967=AXIS2_PLACEMENT_3D('',#2905,#2286,#2287);
#1968=AXIS2_PLACEMENT_3D('',#2907,#2288,#2289);
#1969=AXIS2_PLACEMENT_3D('',#2908,#2290,#2291);
#1970=AXIS2_PLACEMENT_3D('',#2909,#2292,#2293);
#1971=AXIS2_PLACEMENT_3D('',#2910,#2294,#2295);
#1972=AXIS2_PLACEMENT_3D('',#2911,#2296,#2297);
#1973=AXIS2_PLACEMENT_3D('',#2916,#2299,#2300);
#1974=AXIS2_PLACEMENT_3D('',#2918,#2301,#2302);
#1975=AXIS2_PLACEMENT_3D('',#2920,#2303,#2304);
#1976=AXIS2_PLACEMENT_3D('',#2923,#2306,#2307);
#1977=AXIS2_PLACEMENT_3D('',#2925,#2308,#2309);
#1978=AXIS2_PLACEMENT_3D('',#2931,#2313,#2314);
#1979=AXIS2_PLACEMENT_3D('',#2937,#2318,#2319);
#1980=AXIS2_PLACEMENT_3D('',#2938,#2320,#2321);
#1981=AXIS2_PLACEMENT_3D('',#2943,#2324,#2325);
#1982=AXIS2_PLACEMENT_3D('',#2944,#2326,#2327);
#1983=AXIS2_PLACEMENT_3D('',#2949,#2330,#2331);
#1984=AXIS2_PLACEMENT_3D('',#2954,#2334,#2335);
#1985=AXIS2_PLACEMENT_3D('',#2955,#2336,#2337);
#1986=AXIS2_PLACEMENT_3D('',#2959,#2340,#2341);
#1987=AXIS2_PLACEMENT_3D('',#2964,#2344,#2345);
#1988=AXIS2_PLACEMENT_3D('',#2965,#2346,#2347);
#1989=AXIS2_PLACEMENT_3D('',#2970,#2350,#2351);
#1990=AXIS2_PLACEMENT_3D('',#2971,#2352,#2353);
#1991=AXIS2_PLACEMENT_3D('',#2977,#2357,#2358);
#1992=AXIS2_PLACEMENT_3D('',#2978,#2359,#2360);
#1993=AXIS2_PLACEMENT_3D('',#2982,#2362,#2363);
#1994=AXIS2_PLACEMENT_3D('',#2986,#2365,#2366);
#1995=AXIS2_PLACEMENT_3D('',#2990,#2368,#2369);
#1996=AXIS2_PLACEMENT_3D('',#2994,#2371,#2372);
#1997=AXIS2_PLACEMENT_3D('',#2995,#2373,#2374);
#1998=AXIS2_PLACEMENT_3D('',#2999,#2376,#2377);
#1999=AXIS2_PLACEMENT_3D('',#3003,#2379,#2380);
#2000=AXIS2_PLACEMENT_3D('',#3004,#2381,#2382);
#2001=AXIS2_PLACEMENT_3D('',#3005,#2383,#2384);
#2002=AXIS2_PLACEMENT_3D('',#3009,#2386,#2387);
#2003=AXIS2_PLACEMENT_3D('',#3013,#2389,#2390);
#2004=AXIS2_PLACEMENT_3D('',#3017,#2392,#2393);
#2005=AXIS2_PLACEMENT_3D('',#3021,#2395,#2396);
#2006=AXIS2_PLACEMENT_3D('',#3025,#2398,#2399);
#2007=AXIS2_PLACEMENT_3D('',#3027,#2400,#2401);
#2008=AXIS2_PLACEMENT_3D('',#3029,#2402,#2403);
#2009=AXIS2_PLACEMENT_3D('',#3030,#2404,#2405);
#2010=AXIS2_PLACEMENT_3D('',#3032,#2406,#2407);
#2011=AXIS2_PLACEMENT_3D('',#3036,#2409,#2410);
#2012=AXIS2_PLACEMENT_3D('',#3040,#2412,#2413);
#2013=AXIS2_PLACEMENT_3D('',#3044,#2415,#2416);
#2014=AXIS2_PLACEMENT_3D('',#3048,#2418,#2419);
#2015=AXIS2_PLACEMENT_3D('',#3049,#2420,#2421);
#2016=AXIS2_PLACEMENT_3D('',#3053,#2423,#2424);
#2017=AXIS2_PLACEMENT_3D('',#3057,#2426,#2427);
#2018=AXIS2_PLACEMENT_3D('',#3059,#2428,#2429);
#2019=AXIS2_PLACEMENT_3D('',#3061,#2430,#2431);
#2020=AXIS2_PLACEMENT_3D('',#3065,#2433,#2434);
#2021=AXIS2_PLACEMENT_3D('',#3066,#2435,#2436);
#2022=AXIS2_PLACEMENT_3D('',#3070,#2438,#2439);
#2023=AXIS2_PLACEMENT_3D('',#3071,#2440,#2441);
#2024=AXIS2_PLACEMENT_3D('',#3073,#2442,#2443);
#2025=AXIS2_PLACEMENT_3D('',#3075,#2444,#2445);
#2026=AXIS2_PLACEMENT_3D('',#3080,#2447,#2448);
#2027=AXIS2_PLACEMENT_3D('',#3082,#2449,#2450);
#2028=AXIS2_PLACEMENT_3D('',#3083,#2451,#2452);
#2029=AXIS2_PLACEMENT_3D('',#3084,#2453,#2454);
#2030=AXIS2_PLACEMENT_3D('',#3086,#2455,#2456);
#2031=AXIS2_PLACEMENT_3D('',#3090,#2458,#2459);
#2032=AXIS2_PLACEMENT_3D('',#3094,#2461,#2462);
#2033=AXIS2_PLACEMENT_3D('',#3095,#2463,#2464);
#2034=AXIS2_PLACEMENT_3D('',#3097,#2465,#2466);
#2035=AXIS2_PLACEMENT_3D('',#3102,#2468,#2469);
#2036=AXIS2_PLACEMENT_3D('',#3106,#2471,#2472);
#2037=AXIS2_PLACEMENT_3D('',#3107,#2473,#2474);
#2038=AXIS2_PLACEMENT_3D('',#3108,#2475,#2476);
#2039=AXIS2_PLACEMENT_3D('',#3111,#2479,#2480);
#2040=AXIS2_PLACEMENT_3D('',#3113,#2482,#2483);
#2041=AXIS2_PLACEMENT_3D('',#3116,#2486,#2487);
#2042=AXIS2_PLACEMENT_3D('',#3117,#2488,#2489);
#2043=AXIS2_PLACEMENT_3D('',#3122,#2491,#2492);
#2044=AXIS2_PLACEMENT_3D('',#3124,#2493,#2494);
#2045=AXIS2_PLACEMENT_3D('',#3126,#2495,#2496);
#2046=AXIS2_PLACEMENT_3D('',#3129,#2498,#2499);
#2047=AXIS2_PLACEMENT_3D('',#3131,#2500,#2501);
#2048=AXIS2_PLACEMENT_3D('',#3134,#2504,#2505);
#2049=AXIS2_PLACEMENT_3D('',#3139,#2510,#2511);
#2050=AXIS2_PLACEMENT_3D('',#3140,#2512,#2513);
#2051=AXIS2_PLACEMENT_3D('',#3143,#2516,#2517);
#2052=AXIS2_PLACEMENT_3D('',#3144,#2518,#2519);
#2053=AXIS2_PLACEMENT_3D('',#3145,#2520,#2521);
#2054=AXIS2_PLACEMENT_3D('',#3146,#2522,#2523);
#2055=AXIS2_PLACEMENT_3D('',#3147,#2524,#2525);
#2056=AXIS2_PLACEMENT_3D('',#3148,#2526,#2527);
#2057=AXIS2_PLACEMENT_3D('',#3149,#2528,#2529);
#2058=AXIS2_PLACEMENT_3D('',#3150,#2530,#2531);
#2059=AXIS2_PLACEMENT_3D('',#3151,#2532,#2533);
#2060=AXIS2_PLACEMENT_3D('',#3152,#2534,#2535);
#2061=AXIS2_PLACEMENT_3D('',#3155,#2538,#2539);
#2062=AXIS2_PLACEMENT_3D('',#3158,#2542,#2543);
#2063=AXIS2_PLACEMENT_3D('',#3161,#2546,#2547);
#2064=AXIS2_PLACEMENT_3D('',#3164,#2550,#2551);
#2065=AXIS2_PLACEMENT_3D('',#3167,#2554,#2555);
#2066=AXIS2_PLACEMENT_3D('',#3168,#2556,#2557);
#2067=AXIS2_PLACEMENT_3D('',#3169,#2558,#2559);
#2068=AXIS2_PLACEMENT_3D('',#3170,#2560,#2561);
#2069=AXIS2_PLACEMENT_3D('',#3171,#2562,#2563);
#2070=AXIS2_PLACEMENT_3D('',#3174,#2566,#2567);
#2071=AXIS2_PLACEMENT_3D('',#3177,#2570,#2571);
#2072=AXIS2_PLACEMENT_3D('',#3180,#2574,#2575);
#2073=AXIS2_PLACEMENT_3D('',#3183,#2578,#2579);
#2074=AXIS2_PLACEMENT_3D('',#3186,#2582,#2583);
#2075=AXIS2_PLACEMENT_3D('',#3189,#2586,#2587);
#2076=AXIS2_PLACEMENT_3D('',#3192,#2590,#2591);
#2077=AXIS2_PLACEMENT_3D('',#3195,#2594,#2595);
#2078=AXIS2_PLACEMENT_3D('',#3198,#2598,#2599);
#2079=AXIS2_PLACEMENT_3D('',#3201,#2602,#2603);
#2080=AXIS2_PLACEMENT_3D('',#3204,#2606,#2607);
#2081=AXIS2_PLACEMENT_3D('',#3207,#2610,#2611);
#2082=AXIS2_PLACEMENT_3D('',#3210,#2614,#2615);
#2083=AXIS2_PLACEMENT_3D('',#3213,#2618,#2619);
#2084=AXIS2_PLACEMENT_3D('',#3214,#2620,#2621);
#2085=AXIS2_PLACEMENT_3D('',#3215,#2622,#2623);
#2086=AXIS2_PLACEMENT_3D('',#3216,#2624,#2625);
#2087=AXIS2_PLACEMENT_3D('',#3217,#2626,#2627);
#2088=AXIS2_PLACEMENT_3D('',#3218,#2628,#2629);
#2089=AXIS2_PLACEMENT_3D('',#3219,#2630,#2631);
#2090=AXIS2_PLACEMENT_3D('',#3220,#2632,#2633);
#2091=AXIS2_PLACEMENT_3D('',#3221,#2634,#2635);
#2092=AXIS2_PLACEMENT_3D('',#3222,#2636,#2637);
#2093=AXIS2_PLACEMENT_3D('',#3223,#2638,#2639);
#2094=AXIS2_PLACEMENT_3D('',#3224,#2640,#2641);
#2095=AXIS2_PLACEMENT_3D('',#3225,#2642,#2643);
#2096=AXIS2_PLACEMENT_3D('',#3226,#2644,#2645);
#2097=AXIS2_PLACEMENT_3D('',#3227,#2646,#2647);
#2098=AXIS2_PLACEMENT_3D('',#3228,#2648,#2649);
#2099=AXIS2_PLACEMENT_3D('',#3229,#2650,#2651);
#2100=AXIS2_PLACEMENT_3D('',#3230,#2652,#2653);
#2101=AXIS2_PLACEMENT_3D('',#3231,#2654,#2655);
#2102=AXIS2_PLACEMENT_3D('',#3232,#2656,#2657);
#2103=AXIS2_PLACEMENT_3D('',#3235,#2660,#2661);
#2104=AXIS2_PLACEMENT_3D('',#3238,#2664,#2665);
#2105=AXIS2_PLACEMENT_3D('',#3241,#2668,#2669);
#2106=AXIS2_PLACEMENT_3D('',#3244,#2672,#2673);
#2107=AXIS2_PLACEMENT_3D('',#3245,#2674,#2675);
#2108=AXIS2_PLACEMENT_3D('',#3246,#2676,#2677);
#2109=AXIS2_PLACEMENT_3D('',#3247,#2678,#2679);
#2110=AXIS2_PLACEMENT_3D('',#3248,#2680,#2681);
#2111=AXIS2_PLACEMENT_3D('',#3249,#2682,#2683);
#2112=AXIS2_PLACEMENT_3D('',#3250,#2684,#2685);
#2113=AXIS2_PLACEMENT_3D('',#3251,#2686,#2687);
#2114=AXIS2_PLACEMENT_3D('',#3252,#2688,#2689);
#2115=AXIS2_PLACEMENT_3D('',#3255,#2692,#2693);
#2116=AXIS2_PLACEMENT_3D('',#3258,#2696,#2697);
#2117=AXIS2_PLACEMENT_3D('',#3259,#2698,#2699);
#2118=AXIS2_PLACEMENT_3D('',#3260,#2700,#2701);
#2119=AXIS2_PLACEMENT_3D('',#3261,#2702,#2703);
#2120=AXIS2_PLACEMENT_3D('',#3262,#2704,#2705);
#2121=AXIS2_PLACEMENT_3D('',#3263,#2706,#2707);
#2122=DIRECTION('',(0.,0.,1.));
#2123=DIRECTION('',(1.,0.,0.));
#2124=DIRECTION('',(1.,3.26218822256815E-16,0.));
#2125=DIRECTION('',(-3.26218822256815E-16,1.,0.));
#2126=DIRECTION('',(-3.26218822256815E-16,1.,0.));
#2127=DIRECTION('',(0.,0.,-1.));
#2128=DIRECTION('',(-3.26218822256815E-16,1.,0.));
#2129=DIRECTION('',(0.,0.,-1.));
#2130=DIRECTION('',(-3.26218822256815E-16,1.,0.));
#2131=DIRECTION('',(0.,0.,-1.));
#2132=DIRECTION('',(1.,0.,0.));
#2133=DIRECTION('',(0.,0.,1.));
#2134=DIRECTION('',(0.,1.,0.));
#2135=DIRECTION('',(0.,0.,-1.));
#2136=DIRECTION('',(0.,1.,0.));
#2137=DIRECTION('',(0.,0.,1.));
#2138=DIRECTION('',(0.,1.,0.));
#2139=DIRECTION('',(0.,0.,-1.));
#2140=DIRECTION('',(0.,0.,1.));
#2141=DIRECTION('',(1.,0.,0.));
#2142=DIRECTION('',(0.,0.,-1.));
#2143=DIRECTION('',(-1.,0.,0.));
#2144=DIRECTION('',(0.,0.,-1.));
#2145=DIRECTION('',(0.,0.,-1.));
#2146=DIRECTION('',(-1.,0.,0.));
#2147=DIRECTION('',(0.,0.,-1.));
#2148=DIRECTION('',(0.,0.,-1.));
#2149=DIRECTION('',(1.,0.,0.));
#2150=DIRECTION('',(-0.190180973806604,-0.981749050013277,0.));
#2151=DIRECTION('',(0.,0.,-1.));
#2152=DIRECTION('',(-1.,0.,0.));
#2153=DIRECTION('',(-0.796133150740402,-0.605121480607126,0.));
#2154=DIRECTION('',(0.,0.,-1.));
#2155=DIRECTION('',(-1.,0.,0.));
#2156=DIRECTION('',(0.,0.,1.));
#2157=DIRECTION('',(1.,0.,0.));
#2158=DIRECTION('',(0.,0.,-1.));
#2159=DIRECTION('',(-1.,0.,0.));
#2160=DIRECTION('',(0.834030130577482,-0.551718896983697,0.));
#2161=DIRECTION('',(0.,0.,-1.));
#2162=DIRECTION('',(-1.,0.,0.));
#2163=DIRECTION('',(-0.0135046766238415,0.999908807696625,0.));
#2164=DIRECTION('',(0.,0.,-1.));
#2165=DIRECTION('',(-1.,0.,0.));
#2166=DIRECTION('',(-0.935328430669916,-0.353780619566071,0.));
#2167=DIRECTION('',(0.,0.,-1.));
#2168=DIRECTION('',(-1.,0.,0.));
#2169=DIRECTION('',(0.,0.,-1.));
#2170=DIRECTION('',(-1.,0.,0.));
#2171=DIRECTION('',(-0.935328430669916,-0.353780619566071,0.));
#2172=DIRECTION('',(0.,0.,-1.));
#2173=DIRECTION('',(-1.,0.,0.));
#2174=DIRECTION('',(0.83558657321759,-0.549358788642255,0.));
#2175=DIRECTION('',(0.,0.,-1.));
#2176=DIRECTION('',(-1.,0.,0.));
#2177=DIRECTION('',(0.,0.,1.));
#2178=DIRECTION('',(1.,0.,0.));
#2179=DIRECTION('',(0.,-1.,0.));
#2180=DIRECTION('',(0.7961331507404,-0.605121480607129,0.));
#2181=DIRECTION('',(0.,0.,-1.));
#2182=DIRECTION('',(-1.,0.,0.));
#2183=DIRECTION('',(0.,0.,-1.));
#2184=DIRECTION('',(-1.,0.,0.));
#2185=DIRECTION('',(0.,0.,-1.));
#2186=DIRECTION('',(-1.,0.,0.));
#2187=DIRECTION('',(0.,-1.,0.));
#2188=DIRECTION('',(0.,0.,-1.));
#2189=DIRECTION('',(-1.,0.,0.));
#2190=DIRECTION('',(0.900933359836073,0.433957464660403,0.));
#2191=DIRECTION('',(0.,0.,-1.));
#2192=DIRECTION('',(-1.,0.,0.));
#2193=DIRECTION('',(0.,0.,1.));
#2194=DIRECTION('',(1.,0.,0.));
#2195=DIRECTION('',(0.,0.,1.));
#2196=DIRECTION('',(1.,0.,0.));
#2197=DIRECTION('',(0.,0.,-1.));
#2198=DIRECTION('',(-1.,0.,0.));
#2199=DIRECTION('',(0.,0.,-1.));
#2200=DIRECTION('',(-1.,0.,0.));
#2201=DIRECTION('',(0.,0.,-1.));
#2202=DIRECTION('',(-1.,0.,0.));
#2203=DIRECTION('',(0.7961331507404,-0.605121480607129,0.));
#2204=DIRECTION('',(0.,0.,-1.));
#2205=DIRECTION('',(-1.,0.,0.));
#2206=DIRECTION('',(0.7961331507404,0.605121480607129,0.));
#2207=DIRECTION('',(0.,0.,-1.));
#2208=DIRECTION('',(-1.,0.,0.));
#2209=DIRECTION('',(0.,0.,-1.));
#2210=DIRECTION('',(-1.,0.,0.));
#2211=DIRECTION('',(0.,0.,-1.));
#2212=DIRECTION('',(-1.,0.,0.));
#2213=DIRECTION('',(1.,0.,0.));
#2214=DIRECTION('',(0.,-1.,0.));
#2215=DIRECTION('',(0.,0.,1.));
#2216=DIRECTION('',(1.,0.,0.));
#2217=DIRECTION('',(0.,0.,-1.));
#2218=DIRECTION('',(-1.,0.,0.));
#2219=DIRECTION('',(-0.7961331507404,-0.605121480607129,0.));
#2220=DIRECTION('',(0.,0.,-1.));
#2221=DIRECTION('',(-1.,0.,0.));
#2222=DIRECTION('',(-0.87322121808348,0.487324023919202,0.));
#2223=DIRECTION('',(0.,0.,-1.));
#2224=DIRECTION('',(-1.,0.,0.));
#2225=DIRECTION('',(0.7961331507404,0.605121480607129,0.));
#2226=DIRECTION('',(0.,0.,-1.));
#2227=DIRECTION('',(-1.,0.,0.));
#2228=DIRECTION('',(0.834030130577483,-0.551718896983697,0.));
#2229=DIRECTION('',(0.,0.,-1.));
#2230=DIRECTION('',(-1.,0.,0.));
#2231=DIRECTION('',(0.,-1.,0.));
#2232=DIRECTION('',(0.,0.,-1.));
#2233=DIRECTION('',(-1.,0.,0.));
#2234=DIRECTION('',(0.,0.,-1.));
#2235=DIRECTION('',(-1.,0.,0.));
#2236=DIRECTION('',(0.,0.,-1.));
#2237=DIRECTION('',(-1.,0.,0.));
#2238=DIRECTION('',(-0.873221218083485,0.487324023919194,0.));
#2239=DIRECTION('',(0.,0.,-1.));
#2240=DIRECTION('',(-1.,0.,0.));
#2241=DIRECTION('',(-0.0135046766238415,0.999908807696625,0.));
#2242=DIRECTION('',(0.,0.,-1.));
#2243=DIRECTION('',(-1.,0.,0.));
#2244=DIRECTION('',(0.900933359836073,0.433957464660403,0.));
#2245=DIRECTION('',(0.,0.,-1.));
#2246=DIRECTION('',(-1.,0.,0.));
#2247=DIRECTION('',(0.83558657321759,-0.549358788642255,0.));
#2248=DIRECTION('',(0.,0.,-1.));
#2249=DIRECTION('',(-1.,0.,0.));
#2250=DIRECTION('',(-0.190180973806604,-0.981749050013277,0.));
#2251=DIRECTION('',(0.,0.,-1.));
#2252=DIRECTION('',(-1.,0.,0.));
#2253=DIRECTION('',(0.,0.,1.));
#2254=DIRECTION('',(1.,0.,0.));
#2255=DIRECTION('',(0.,0.,-1.));
#2256=DIRECTION('',(-1.,0.,0.));
#2257=DIRECTION('',(0.,0.,-1.));
#2258=DIRECTION('',(-1.,0.,0.));
#2259=DIRECTION('',(0.,0.,1.));
#2260=DIRECTION('',(1.,0.,0.));
#2261=DIRECTION('',(0.,0.,1.));
#2262=DIRECTION('',(1.,0.,0.));
#2263=DIRECTION('',(0.,1.,0.));
#2264=DIRECTION('',(0.,0.,-1.));
#2265=DIRECTION('',(-1.,0.,0.));
#2266=DIRECTION('',(0.,0.,-1.));
#2267=DIRECTION('',(-1.,0.,0.));
#2268=DIRECTION('',(0.,0.,-1.));
#2269=DIRECTION('',(-1.,0.,0.));
#2270=DIRECTION('',(-1.,0.,0.));
#2271=DIRECTION('',(0.,0.,-1.));
#2272=DIRECTION('',(-1.,0.,0.));
#2273=DIRECTION('',(0.,0.,-1.));
#2274=DIRECTION('',(-1.,0.,0.));
#2275=DIRECTION('',(0.,0.,-1.));
#2276=DIRECTION('',(-1.,0.,0.));
#2277=DIRECTION('',(0.,1.,0.));
#2278=DIRECTION('',(0.,0.,1.));
#2279=DIRECTION('',(1.,0.,0.));
#2280=DIRECTION('',(0.,0.,1.));
#2281=DIRECTION('',(1.,0.,0.));
#2282=DIRECTION('',(0.,0.,-1.));
#2283=DIRECTION('',(-1.,0.,0.));
#2284=DIRECTION('',(0.,0.,-1.));
#2285=DIRECTION('',(1.,0.,0.));
#2286=DIRECTION('',(0.,0.,1.));
#2287=DIRECTION('',(1.,0.,0.));
#2288=DIRECTION('',(0.,0.,1.));
#2289=DIRECTION('',(1.,0.,0.));
#2290=DIRECTION('',(0.,0.,-1.));
#2291=DIRECTION('',(-1.,0.,0.));
#2292=DIRECTION('',(0.,0.,-1.));
#2293=DIRECTION('',(-1.,0.,0.));
#2294=DIRECTION('',(0.,0.,-1.));
#2295=DIRECTION('',(1.,0.,0.));
#2296=DIRECTION('',(0.,0.,1.));
#2297=DIRECTION('',(1.,0.,0.));
#2298=DIRECTION('',(-1.,0.,0.));
#2299=DIRECTION('',(0.,0.,-1.));
#2300=DIRECTION('',(-1.,0.,0.));
#2301=DIRECTION('',(0.,0.,-1.));
#2302=DIRECTION('',(-1.,0.,0.));
#2303=DIRECTION('',(0.,0.,-1.));
#2304=DIRECTION('',(-1.,0.,0.));
#2305=DIRECTION('',(0.,-1.,0.));
#2306=DIRECTION('',(0.,0.,1.));
#2307=DIRECTION('',(1.,0.,0.));
#2308=DIRECTION('',(0.433957464660403,-0.900933359836073,0.));
#2309=DIRECTION('',(0.900933359836073,0.433957464660403,0.));
#2310=DIRECTION('',(0.,0.,1.));
#2311=DIRECTION('',(0.,0.,1.));
#2312=DIRECTION('',(0.900933359836073,0.433957464660403,0.));
#2313=DIRECTION('',(-0.353780619566071,0.935328430669916,0.));
#2314=DIRECTION('',(-0.935328430669916,-0.353780619566071,0.));
#2315=DIRECTION('',(0.,0.,1.));
#2316=DIRECTION('',(0.,0.,1.));
#2317=DIRECTION('',(-0.935328430669916,-0.353780619566071,0.));
#2318=DIRECTION('',(0.,0.,-1.));
#2319=DIRECTION('',(1.,0.,0.));
#2320=DIRECTION('',(0.,0.,1.));
#2321=DIRECTION('',(1.,0.,0.));
#2322=DIRECTION('',(0.,0.,-1.));
#2323=DIRECTION('',(0.,0.,-1.));
#2324=DIRECTION('',(0.,0.,-1.));
#2325=DIRECTION('',(1.,0.,0.));
#2326=DIRECTION('',(0.,0.,1.));
#2327=DIRECTION('',(1.,0.,0.));
#2328=DIRECTION('',(0.,0.,-1.));
#2329=DIRECTION('',(0.,0.,1.));
#2330=DIRECTION('',(0.,0.,-1.));
#2331=DIRECTION('',(1.,0.,0.));
#2332=DIRECTION('',(0.,0.,-1.));
#2333=DIRECTION('',(0.,0.,-1.));
#2334=DIRECTION('',(0.,0.,1.));
#2335=DIRECTION('',(1.,0.,0.));
#2336=DIRECTION('',(1.,0.,0.));
#2337=DIRECTION('',(0.,0.,-1.));
#2338=DIRECTION('',(0.,0.,1.));
#2339=DIRECTION('',(0.,1.,0.));
#2340=DIRECTION('',(0.,0.,1.));
#2341=DIRECTION('',(1.,0.,0.));
#2342=DIRECTION('',(0.,0.,1.));
#2343=DIRECTION('',(0.,0.,1.));
#2344=DIRECTION('',(0.,0.,1.));
#2345=DIRECTION('',(1.,0.,0.));
#2346=DIRECTION('',(0.,0.,1.));
#2347=DIRECTION('',(1.,0.,0.));
#2348=DIRECTION('',(0.,0.,1.));
#2349=DIRECTION('',(0.,0.,1.));
#2350=DIRECTION('',(0.,0.,1.));
#2351=DIRECTION('',(1.,0.,0.));
#2352=DIRECTION('',(1.,0.,0.));
#2353=DIRECTION('',(0.,0.,-1.));
#2354=DIRECTION('',(0.,1.,0.));
#2355=DIRECTION('',(0.,0.,1.));
#2356=DIRECTION('',(0.,0.,1.));
#2357=DIRECTION('',(0.,0.,-1.));
#2358=DIRECTION('',(1.,0.,0.));
#2359=DIRECTION('',(0.,0.,-1.));
#2360=DIRECTION('',(-1.,0.,0.));
#2361=DIRECTION('',(-0.190180973806604,-0.981749050013277,0.));
#2362=DIRECTION('',(0.,0.,-1.));
#2363=DIRECTION('',(-1.,0.,0.));
#2364=DIRECTION('',(0.83558657321759,-0.549358788642255,0.));
#2365=DIRECTION('',(0.,0.,-1.));
#2366=DIRECTION('',(-1.,0.,0.));
#2367=DIRECTION('',(-0.796133150740402,-0.605121480607126,0.));
#2368=DIRECTION('',(0.,0.,-1.));
#2369=DIRECTION('',(-1.,0.,0.));
#2370=DIRECTION('',(-0.190180973806604,-0.981749050013277,0.));
#2371=DIRECTION('',(0.,0.,-1.));
#2372=DIRECTION('',(-1.,0.,0.));
#2373=DIRECTION('',(0.,0.,-1.));
#2374=DIRECTION('',(-1.,0.,0.));
#2375=DIRECTION('',(-0.0135046766238415,0.999908807696625,0.));
#2376=DIRECTION('',(0.,0.,-1.));
#2377=DIRECTION('',(-1.,0.,0.));
#2378=DIRECTION('',(-0.873221218083485,0.487324023919194,0.));
#2379=DIRECTION('',(0.,0.,-1.));
#2380=DIRECTION('',(-1.,0.,0.));
#2381=DIRECTION('',(0.,0.,-1.));
#2382=DIRECTION('',(-1.,0.,0.));
#2383=DIRECTION('',(0.,0.,-1.));
#2384=DIRECTION('',(-1.,0.,0.));
#2385=DIRECTION('',(-0.0135046766238415,0.999908807696625,0.));
#2386=DIRECTION('',(0.,0.,-1.));
#2387=DIRECTION('',(-1.,0.,0.));
#2388=DIRECTION('',(0.834030130577482,-0.551718896983697,0.));
#2389=DIRECTION('',(0.,0.,-1.));
#2390=DIRECTION('',(-1.,0.,0.));
#2391=DIRECTION('',(0.,1.,0.));
#2392=DIRECTION('',(0.,0.,-1.));
#2393=DIRECTION('',(-1.,0.,0.));
#2394=DIRECTION('',(0.834030130577483,-0.551718896983697,0.));
#2395=DIRECTION('',(0.,0.,-1.));
#2396=DIRECTION('',(-1.,0.,0.));
#2397=DIRECTION('',(0.7961331507404,0.605121480607129,0.));
#2398=DIRECTION('',(0.,0.,-1.));
#2399=DIRECTION('',(-1.,0.,0.));
#2400=DIRECTION('',(0.,0.,1.));
#2401=DIRECTION('',(1.,0.,0.));
#2402=DIRECTION('',(0.,0.,-1.));
#2403=DIRECTION('',(-1.,0.,0.));
#2404=DIRECTION('',(0.,0.,1.));
#2405=DIRECTION('',(1.,0.,0.));
#2406=DIRECTION('',(0.,0.,-1.));
#2407=DIRECTION('',(-1.,0.,0.));
#2408=DIRECTION('',(0.83558657321759,-0.549358788642255,0.));
#2409=DIRECTION('',(0.,0.,-1.));
#2410=DIRECTION('',(-1.,0.,0.));
#2411=DIRECTION('',(-0.935328430669916,-0.353780619566071,0.));
#2412=DIRECTION('',(0.,0.,-1.));
#2413=DIRECTION('',(-1.,0.,0.));
#2414=DIRECTION('',(0.900933359836073,0.433957464660403,0.));
#2415=DIRECTION('',(0.,0.,-1.));
#2416=DIRECTION('',(-1.,0.,0.));
#2417=DIRECTION('',(0.,1.,0.));
#2418=DIRECTION('',(0.,0.,-1.));
#2419=DIRECTION('',(-1.,0.,0.));
#2420=DIRECTION('',(0.,0.,-1.));
#2421=DIRECTION('',(-1.,0.,0.));
#2422=DIRECTION('',(0.7961331507404,-0.605121480607129,0.));
#2423=DIRECTION('',(0.,0.,-1.));
#2424=DIRECTION('',(-1.,0.,0.));
#2425=DIRECTION('',(0.7961331507404,-0.605121480607129,0.));
#2426=DIRECTION('',(0.,0.,-1.));
#2427=DIRECTION('',(-1.,0.,0.));
#2428=DIRECTION('',(0.,0.,1.));
#2429=DIRECTION('',(1.,0.,0.));
#2430=DIRECTION('',(0.,0.,-1.));
#2431=DIRECTION('',(-1.,0.,0.));
#2432=DIRECTION('',(-1.,0.,0.));
#2433=DIRECTION('',(0.,0.,-1.));
#2434=DIRECTION('',(-1.,0.,0.));
#2435=DIRECTION('',(0.,0.,-1.));
#2436=DIRECTION('',(-1.,0.,0.));
#2437=DIRECTION('',(0.7961331507404,0.605121480607129,0.));
#2438=DIRECTION('',(0.,0.,-1.));
#2439=DIRECTION('',(-1.,0.,0.));
#2440=DIRECTION('',(0.,0.,1.));
#2441=DIRECTION('',(1.,0.,0.));
#2442=DIRECTION('',(0.,0.,1.));
#2443=DIRECTION('',(1.,0.,0.));
#2444=DIRECTION('',(0.,0.,1.));
#2445=DIRECTION('',(1.,0.,0.));
#2446=DIRECTION('',(0.,1.,0.));
#2447=DIRECTION('',(0.,0.,1.));
#2448=DIRECTION('',(1.,0.,0.));
#2449=DIRECTION('',(0.,0.,1.));
#2450=DIRECTION('',(1.,0.,0.));
#2451=DIRECTION('',(0.,0.,1.));
#2452=DIRECTION('',(1.,0.,0.));
#2453=DIRECTION('',(0.,0.,1.));
#2454=DIRECTION('',(1.,0.,0.));
#2455=DIRECTION('',(0.,0.,1.));
#2456=DIRECTION('',(1.,0.,0.));
#2457=DIRECTION('',(0.,1.,0.));
#2458=DIRECTION('',(0.,0.,1.));
#2459=DIRECTION('',(1.,0.,0.));
#2460=DIRECTION('',(-1.,0.,0.));
#2461=DIRECTION('',(0.,0.,1.));
#2462=DIRECTION('',(1.,0.,0.));
#2463=DIRECTION('',(0.,0.,1.));
#2464=DIRECTION('',(1.,0.,0.));
#2465=DIRECTION('',(0.,0.,1.));
#2466=DIRECTION('',(1.,0.,0.));
#2467=DIRECTION('',(-0.87322121808348,0.487324023919202,0.));
#2468=DIRECTION('',(0.,0.,-1.));
#2469=DIRECTION('',(-1.,0.,0.));
#2470=DIRECTION('',(-0.7961331507404,-0.605121480607129,0.));
#2471=DIRECTION('',(0.,0.,-1.));
#2472=DIRECTION('',(-1.,0.,0.));
#2473=DIRECTION('',(0.,0.,-1.));
#2474=DIRECTION('',(-1.,0.,0.));
#2475=DIRECTION('',(0.,0.,-1.));
#2476=DIRECTION('',(1.,0.,0.));
#2477=DIRECTION('',(0.,0.,-1.));
#2478=DIRECTION('',(0.,0.,-1.));
#2479=DIRECTION('',(0.,0.,-1.));
#2480=DIRECTION('',(1.,0.,0.));
#2481=DIRECTION('',(0.,0.,-1.));
#2482=DIRECTION('',(0.,0.,-1.));
#2483=DIRECTION('',(1.,0.,0.));
#2484=DIRECTION('',(0.,0.,-1.));
#2485=DIRECTION('',(0.,0.,-1.));
#2486=DIRECTION('',(0.,0.,-1.));
#2487=DIRECTION('',(1.,0.,0.));
#2488=DIRECTION('',(0.,0.,1.));
#2489=DIRECTION('',(1.,0.,0.));
#2490=DIRECTION('',(0.,1.,0.));
#2491=DIRECTION('',(0.,0.,-1.));
#2492=DIRECTION('',(-1.,0.,0.));
#2493=DIRECTION('',(0.,0.,-1.));
#2494=DIRECTION('',(-1.,0.,0.));
#2495=DIRECTION('',(0.,0.,-1.));
#2496=DIRECTION('',(-1.,0.,0.));
#2497=DIRECTION('',(-1.,0.,0.));
#2498=DIRECTION('',(0.,0.,1.));
#2499=DIRECTION('',(1.,0.,0.));
#2500=DIRECTION('',(1.,0.,0.));
#2501=DIRECTION('',(0.,0.,1.));
#2502=DIRECTION('',(0.,0.,1.));
#2503=DIRECTION('',(0.,0.,-1.));
#2504=DIRECTION('',(0.,1.,0.));
#2505=DIRECTION('',(0.,0.,-1.));
#2506=DIRECTION('',(0.,0.,1.));
#2507=DIRECTION('',(0.,0.,-1.));
#2508=DIRECTION('',(0.,0.,-1.));
#2509=DIRECTION('',(0.,0.,1.));
#2510=DIRECTION('',(0.,0.,-1.));
#2511=DIRECTION('',(1.,0.,0.));
#2512=DIRECTION('',(1.,0.,0.));
#2513=DIRECTION('',(0.,0.,1.));
#2514=DIRECTION('',(0.,0.,-1.));
#2515=DIRECTION('',(0.,0.,-1.));
#2516=DIRECTION('',(0.,0.,-1.));
#2517=DIRECTION('',(1.,0.,0.));
#2518=DIRECTION('',(0.,0.,1.));
#2519=DIRECTION('',(-1.,0.,0.));
#2520=DIRECTION('',(0.,0.,-1.));
#2521=DIRECTION('',(1.,0.,0.));
#2522=DIRECTION('',(0.,0.,-1.));
#2523=DIRECTION('',(1.,0.,0.));
#2524=DIRECTION('',(0.,0.,-1.));
#2525=DIRECTION('',(1.,0.,0.));
#2526=DIRECTION('',(0.,0.,-1.));
#2527=DIRECTION('',(1.,0.,0.));
#2528=DIRECTION('',(0.,0.,-1.));
#2529=DIRECTION('',(1.,0.,0.));
#2530=DIRECTION('',(0.,0.,-1.));
#2531=DIRECTION('',(1.,0.,0.));
#2532=DIRECTION('',(0.,0.,-1.));
#2533=DIRECTION('',(1.,0.,0.));
#2534=DIRECTION('',(1.,0.,0.));
#2535=DIRECTION('',(0.,0.,-1.));
#2536=DIRECTION('',(0.,0.,1.));
#2537=DIRECTION('',(0.,0.,-1.));
#2538=DIRECTION('',(0.,0.,1.));
#2539=DIRECTION('',(1.,0.,0.));
#2540=DIRECTION('',(0.,0.,1.));
#2541=DIRECTION('',(0.,0.,1.));
#2542=DIRECTION('',(0.,1.,0.));
#2543=DIRECTION('',(0.,0.,1.));
#2544=DIRECTION('',(0.,0.,1.));
#2545=DIRECTION('',(0.,0.,1.));
#2546=DIRECTION('',(0.,0.,1.));
#2547=DIRECTION('',(1.,0.,0.));
#2548=DIRECTION('',(0.,0.,1.));
#2549=DIRECTION('',(0.,0.,1.));
#2550=DIRECTION('',(1.,0.,0.));
#2551=DIRECTION('',(0.,0.,-1.));
#2552=DIRECTION('',(0.,0.,1.));
#2553=DIRECTION('',(0.,0.,1.));
#2554=DIRECTION('',(0.,0.,1.));
#2555=DIRECTION('',(1.,0.,0.));
#2556=DIRECTION('',(0.,0.,1.));
#2557=DIRECTION('',(1.,0.,0.));
#2558=DIRECTION('',(0.,0.,1.));
#2559=DIRECTION('',(1.,0.,0.));
#2560=DIRECTION('',(0.,0.,1.));
#2561=DIRECTION('',(1.,0.,0.));
#2562=DIRECTION('',(-0.551718896983697,-0.834030130577482,0.));
#2563=DIRECTION('',(0.834030130577482,-0.551718896983697,0.));
#2564=DIRECTION('',(0.,0.,1.));
#2565=DIRECTION('',(0.,0.,1.));
#2566=DIRECTION('',(-0.605121480607126,0.796133150740402,0.));
#2567=DIRECTION('',(-0.796133150740402,-0.605121480607126,0.));
#2568=DIRECTION('',(0.,0.,1.));
#2569=DIRECTION('',(0.,0.,1.));
#2570=DIRECTION('',(-0.549358788642255,-0.83558657321759,0.));
#2571=DIRECTION('',(0.83558657321759,-0.549358788642255,0.));
#2572=DIRECTION('',(0.,0.,1.));
#2573=DIRECTION('',(0.,0.,-1.));
#2574=DIRECTION('',(-0.549358788642255,-0.83558657321759,0.));
#2575=DIRECTION('',(0.83558657321759,-0.549358788642255,0.));
#2576=DIRECTION('',(0.,0.,1.));
#2577=DIRECTION('',(0.,0.,1.));
#2578=DIRECTION('',(-0.353780619566071,0.935328430669916,0.));
#2579=DIRECTION('',(-0.935328430669916,-0.353780619566071,0.));
#2580=DIRECTION('',(0.,0.,1.));
#2581=DIRECTION('',(0.,0.,1.));
#2582=DIRECTION('',(-0.551718896983697,-0.834030130577483,0.));
#2583=DIRECTION('',(0.834030130577483,-0.551718896983697,0.));
#2584=DIRECTION('',(0.,0.,1.));
#2585=DIRECTION('',(0.,0.,1.));
#2586=DIRECTION('',(0.605121480607129,-0.7961331507404,0.));
#2587=DIRECTION('',(0.7961331507404,0.605121480607129,0.));
#2588=DIRECTION('',(0.,0.,1.));
#2589=DIRECTION('',(0.,0.,-1.));
#2590=DIRECTION('',(0.605121480607129,-0.7961331507404,0.));
#2591=DIRECTION('',(0.7961331507404,0.605121480607129,0.));
#2592=DIRECTION('',(0.,0.,1.));
#2593=DIRECTION('',(0.,0.,1.));
#2594=DIRECTION('',(-0.605121480607129,-0.7961331507404,0.));
#2595=DIRECTION('',(0.7961331507404,-0.605121480607129,0.));
#2596=DIRECTION('',(0.,0.,1.));
#2597=DIRECTION('',(0.,0.,1.));
#2598=DIRECTION('',(-0.605121480607129,-0.7961331507404,0.));
#2599=DIRECTION('',(0.7961331507404,-0.605121480607129,0.));
#2600=DIRECTION('',(0.,0.,-1.));
#2601=DIRECTION('',(0.,0.,1.));
#2602=DIRECTION('',(0.433957464660403,-0.900933359836073,0.));
#2603=DIRECTION('',(0.900933359836073,0.433957464660403,0.));
#2604=DIRECTION('',(0.,0.,1.));
#2605=DIRECTION('',(0.,0.,1.));
#2606=DIRECTION('',(0.487324023919202,0.87322121808348,0.));
#2607=DIRECTION('',(-0.87322121808348,0.487324023919202,0.));
#2608=DIRECTION('',(0.,0.,1.));
#2609=DIRECTION('',(0.,0.,1.));
#2610=DIRECTION('',(-0.605121480607129,0.7961331507404,0.));
#2611=DIRECTION('',(-0.7961331507404,-0.605121480607129,0.));
#2612=DIRECTION('',(0.,0.,1.));
#2613=DIRECTION('',(0.,0.,-1.));
#2614=DIRECTION('',(0.487324023919194,0.873221218083485,0.));
#2615=DIRECTION('',(-0.873221218083485,0.487324023919194,0.));
#2616=DIRECTION('',(0.,0.,1.));
#2617=DIRECTION('',(0.,0.,1.));
#2618=DIRECTION('',(0.,0.,1.));
#2619=DIRECTION('',(1.,0.,0.));
#2620=DIRECTION('',(0.,0.,1.));
#2621=DIRECTION('',(1.,0.,0.));
#2622=DIRECTION('',(0.,0.,-1.));
#2623=DIRECTION('',(-1.,0.,0.));
#2624=DIRECTION('',(0.,0.,-1.));
#2625=DIRECTION('',(-1.,0.,0.));
#2626=DIRECTION('',(0.,0.,-1.));
#2627=DIRECTION('',(-1.,0.,0.));
#2628=DIRECTION('',(0.,0.,-1.));
#2629=DIRECTION('',(-1.,0.,0.));
#2630=DIRECTION('',(0.,0.,-1.));
#2631=DIRECTION('',(-1.,0.,0.));
#2632=DIRECTION('',(0.,0.,1.));
#2633=DIRECTION('',(1.,0.,0.));
#2634=DIRECTION('',(0.,0.,1.));
#2635=DIRECTION('',(1.,0.,0.));
#2636=DIRECTION('',(0.,0.,-1.));
#2637=DIRECTION('',(-1.,0.,0.));
#2638=DIRECTION('',(0.,0.,1.));
#2639=DIRECTION('',(1.,0.,0.));
#2640=DIRECTION('',(0.,0.,1.));
#2641=DIRECTION('',(1.,0.,0.));
#2642=DIRECTION('',(0.,0.,1.));
#2643=DIRECTION('',(1.,0.,0.));
#2644=DIRECTION('',(0.,0.,-1.));
#2645=DIRECTION('',(-1.,0.,0.));
#2646=DIRECTION('',(0.,0.,1.));
#2647=DIRECTION('',(1.,0.,0.));
#2648=DIRECTION('',(0.,0.,1.));
#2649=DIRECTION('',(1.,0.,0.));
#2650=DIRECTION('',(0.,0.,-1.));
#2651=DIRECTION('',(-1.,0.,0.));
#2652=DIRECTION('',(0.,0.,-1.));
#2653=DIRECTION('',(-1.,0.,0.));
#2654=DIRECTION('',(0.,0.,-1.));
#2655=DIRECTION('',(-1.,0.,0.));
#2656=DIRECTION('',(0.999908807696625,0.0135046766238415,0.));
#2657=DIRECTION('',(-0.0135046766238415,0.999908807696625,0.));
#2658=DIRECTION('',(0.,0.,1.));
#2659=DIRECTION('',(0.,0.,1.));
#2660=DIRECTION('',(0.999908807696625,0.0135046766238415,0.));
#2661=DIRECTION('',(-0.0135046766238415,0.999908807696625,0.));
#2662=DIRECTION('',(0.,0.,1.));
#2663=DIRECTION('',(0.,0.,1.));
#2664=DIRECTION('',(-0.981749050013277,0.190180973806604,0.));
#2665=DIRECTION('',(-0.190180973806603,-0.981749050013277,0.));
#2666=DIRECTION('',(0.,0.,1.));
#2667=DIRECTION('',(0.,0.,-1.));
#2668=DIRECTION('',(-0.981749050013277,0.190180973806604,0.));
#2669=DIRECTION('',(-0.190180973806604,-0.981749050013277,0.));
#2670=DIRECTION('',(0.,0.,1.));
#2671=DIRECTION('',(0.,0.,1.));
#2672=DIRECTION('',(0.,0.,1.));
#2673=DIRECTION('',(1.,0.,0.));
#2674=DIRECTION('',(0.,0.,-1.));
#2675=DIRECTION('',(-1.,0.,0.));
#2676=DIRECTION('',(0.,0.,1.));
#2677=DIRECTION('',(1.,0.,0.));
#2678=DIRECTION('',(0.,0.,1.));
#2679=DIRECTION('',(1.,0.,0.));
#2680=DIRECTION('',(0.,0.,-1.));
#2681=DIRECTION('',(-1.,0.,0.));
#2682=DIRECTION('',(0.,0.,-1.));
#2683=DIRECTION('',(-1.,0.,0.));
#2684=DIRECTION('',(0.,0.,1.));
#2685=DIRECTION('',(1.,0.,0.));
#2686=DIRECTION('',(0.,0.,-1.));
#2687=DIRECTION('',(-1.,0.,0.));
#2688=DIRECTION('',(0.,0.,1.));
#2689=DIRECTION('',(1.,0.,0.));
#2690=DIRECTION('',(0.,0.,1.));
#2691=DIRECTION('',(0.,0.,1.));
#2692=DIRECTION('',(0.,0.,1.));
#2693=DIRECTION('',(1.,0.,0.));
#2694=DIRECTION('',(0.,0.,1.));
#2695=DIRECTION('',(0.,0.,1.));
#2696=DIRECTION('',(0.,0.,1.));
#2697=DIRECTION('',(1.,0.,0.));
#2698=DIRECTION('',(0.,0.,1.));
#2699=DIRECTION('',(1.,0.,0.));
#2700=DIRECTION('',(0.,0.,1.));
#2701=DIRECTION('',(1.,0.,0.));
#2702=DIRECTION('',(0.,0.,1.));
#2703=DIRECTION('',(1.,0.,0.));
#2704=DIRECTION('',(0.,0.,-1.));
#2705=DIRECTION('',(-1.,0.,0.));
#2706=DIRECTION('',(0.,0.,-1.));
#2707=DIRECTION('',(-1.,0.,0.));
#2708=CARTESIAN_POINT('',(0.,0.,0.));
#2709=CARTESIAN_POINT('',(-0.005,-0.0458595908714604,-0.0235));
#2710=CARTESIAN_POINT('',(-0.005,-0.0458595908714604,-0.0275));
#2711=CARTESIAN_POINT('',(-0.005,-0.048518425,-0.0275));
#2712=CARTESIAN_POINT('',(-0.005,-0.0450543233848623,-0.0275));
#2713=CARTESIAN_POINT('',(-0.005,-0.048518425,-0.0235));
#2714=CARTESIAN_POINT('',(-0.005,-0.048518425,-0.0235));
#2715=CARTESIAN_POINT('',(-0.005,-0.0458595908714604,-0.0235));
#2716=CARTESIAN_POINT('',(-0.005,-0.0441689827881917,-0.0235));
#2717=CARTESIAN_POINT('',(-0.005,-0.0441689827881917,-0.0235));
#2718=CARTESIAN_POINT('',(-0.005,-0.0441689827881917,-0.0325));
#2719=CARTESIAN_POINT('',(-0.005,-0.0458595908714604,-0.0325));
#2720=CARTESIAN_POINT('',(-0.005,-0.0450543233848623,-0.0325));
#2721=CARTESIAN_POINT('',(-0.005,-0.0450543233848623,-0.0275));
#2722=CARTESIAN_POINT('',(0.005,-0.0458595908714604,-0.0235));
#2723=CARTESIAN_POINT('',(0.005,-0.0458595908714604,-0.0275));
#2724=CARTESIAN_POINT('',(0.005,-0.048518425,-0.0275));
#2725=CARTESIAN_POINT('',(0.005,-0.0450543233848623,-0.0275));
#2726=CARTESIAN_POINT('',(0.005,-0.0450543233848623,-0.0275));
#2727=CARTESIAN_POINT('',(0.005,-0.0450543233848623,-0.0325));
#2728=CARTESIAN_POINT('',(0.005,-0.0458595908714604,-0.0325));
#2729=CARTESIAN_POINT('',(0.005,-0.0441689827881917,-0.0325));
#2730=CARTESIAN_POINT('',(0.005,-0.0441689827881917,-0.0275));
#2731=CARTESIAN_POINT('',(0.005,-0.0441689827881917,-0.0235));
#2732=CARTESIAN_POINT('',(0.005,-0.0458595908714604,-0.0235));
#2733=CARTESIAN_POINT('',(0.005,-0.048518425,-0.0235));
#2734=CARTESIAN_POINT('',(0.005,-0.048518425,-0.0235));
#2735=CARTESIAN_POINT('',(2.60208521396521E-18,-0.048518425,-0.0325));
#2736=CARTESIAN_POINT('',(2.60208521396521E-18,-0.048518425,-0.0275));
#2737=CARTESIAN_POINT('',(-0.00392857142857143,-0.0454254771293413,-0.0275));
#2738=CARTESIAN_POINT('',(0.00392857142857143,-0.0454254771293413,-0.0275));
#2739=CARTESIAN_POINT('',(-0.00392857142857143,-0.0454254771293413,-0.0275));
#2740=CARTESIAN_POINT('',(-0.00392857142857143,-0.0454254771293413,-0.0325));
#2741=CARTESIAN_POINT('',(2.60208521396521E-18,-0.048518425,-0.0325));
#2742=CARTESIAN_POINT('',(0.00392857142857143,-0.0454254771293413,-0.0325));
#2743=CARTESIAN_POINT('',(0.00392857142857143,-0.0454254771293413,-0.0275));
#2744=CARTESIAN_POINT('',(1.38777878078145E-17,0.00679695421198432,-0.0325));
#2745=CARTESIAN_POINT('',(-0.00464764815547712,-0.016366575090774,-0.0325));
#2746=CARTESIAN_POINT('',(-0.00379938736044267,-0.0119876973669937,-0.0325));
#2747=CARTESIAN_POINT('',(-0.00677929363768918,-0.0273705198347677,-0.0325));
#2748=CARTESIAN_POINT('',(-0.00674463451048251,-0.0114171544455739,-0.0325));
#2749=CARTESIAN_POINT('',(-0.00855999895230389,-0.00902875499335271,-0.0325));
#2750=CARTESIAN_POINT('',(4.18384604107258E-5,-0.00249070719785159,-0.0325));
#2751=CARTESIAN_POINT('',(-0.0211276416308076,-0.0185811150957865,-0.0325));
#2752=CARTESIAN_POINT('',(-0.0193122771889863,-0.0209695145480077,-0.0325));
#2753=CARTESIAN_POINT('',(-0.0213451484720375,-0.0231757408162191,-0.0325));
#2754=CARTESIAN_POINT('',(2.35922392732846E-16,-1.03650000000132E-5,-0.0325));
#2755=CARTESIAN_POINT('',(-0.0107481766601216,-0.0296199360621213,-0.0325));
#2756=CARTESIAN_POINT('',(-0.00972454078772901,-0.0267999769133479,-0.0325));
#2757=CARTESIAN_POINT('',(0.0135685747090268,0.0213680763401333,-0.0325));
#2758=CARTESIAN_POINT('',(0.00655704333897821,0.0260062713067484,-0.0325));
#2759=CARTESIAN_POINT('',(0.0222480302360851,0.0156265336137428,-0.0325));
#2760=CARTESIAN_POINT('',(0.00490188664802712,0.023504180915016,-0.0325));
#2761=CARTESIAN_POINT('',(0.00190216022493725,0.0234636668851444,-0.0325));
#2762=CARTESIAN_POINT('',(0.00199925877683823,0.0162743279646565,-0.0325));
#2763=CARTESIAN_POINT('',(0.00212138555856054,0.0072318571153953,-0.0325));
#2764=CARTESIAN_POINT('',(0.00512111198165042,0.00727237114526682,-0.0325));
#2765=CARTESIAN_POINT('',(0.00618245384034863,0.00446638585325708,-0.0325));
#2766=CARTESIAN_POINT('',(0.013649788554093,0.00729084645437827,-0.0325));
#2767=CARTESIAN_POINT('',(0.0216542154038322,0.0103184579300006,-0.0325));
#2768=CARTESIAN_POINT('',(0.0205928735451341,0.0131244432220103,-0.0325));
#2769=CARTESIAN_POINT('',(0.0285,0.00542381992474621,-0.0325));
#2770=CARTESIAN_POINT('',(0.0315,0.00542381992474621,-0.0325));
#2771=CARTESIAN_POINT('',(0.0274386581413018,0.00822980521675596,-0.0325));
#2772=CARTESIAN_POINT('',(0.0182915938772626,0.00477000012965446,-0.0325));
#2773=CARTESIAN_POINT('',(0.00987772442978451,0.00158752021300652,-0.0325));
#2774=CARTESIAN_POINT('',(0.0109390662884827,-0.00121846507900322,-0.0325));
#2775=CARTESIAN_POINT('',(0.00929098992255596,-0.003725224798656,-0.0325));
#2776=CARTESIAN_POINT('',(0.0158976605745159,-0.00806879936369863,-0.0325));
#2777=CARTESIAN_POINT('',(0.0245435853381851,-0.0137530873921332,-0.0325));
#2778=CARTESIAN_POINT('',(0.0261916617041119,-0.0112463276724804,-0.0325));
#2779=CARTESIAN_POINT('',(0.0289486787255973,-0.0124290605853731,-0.0325));
#2780=CARTESIAN_POINT('',(2.35922392732846E-16,-1.03650000000132E-5,-0.0325));
#2781=CARTESIAN_POINT('',(0.0315,-1.03650000000132E-5,-0.0325));
#2782=CARTESIAN_POINT('',(0.0315,-1.03650000000191E-5,-0.0325));
#2783=CARTESIAN_POINT('',(-0.0132171059368633,0.040275671763169,-0.0325));
#2784=CARTESIAN_POINT('',(-0.0129949713109643,0.0401068326266588,-0.0325));
#2785=CARTESIAN_POINT('',(-0.00771163014760073,0.0360910932690477,-0.0325));
#2786=CARTESIAN_POINT('',(-0.0148103357527856,0.0377184331744376,-0.0325));
#2787=CARTESIAN_POINT('',(-0.0163239572792864,0.0403085972376802,-0.0325));
#2788=CARTESIAN_POINT('',(-0.0214131710767434,0.0490174445007121,-0.0325));
#2789=CARTESIAN_POINT('',(-0.0268754286928908,0.0405375942979146,-0.0325));
#2790=CARTESIAN_POINT('',(-0.0285,0.0380155379805185,-0.0325));
#2791=CARTESIAN_POINT('',(-0.0315,0.0380155379805185,-0.0325));
#2792=CARTESIAN_POINT('',(-0.0315,-1.03650000000191E-5,-0.0325));
#2793=CARTESIAN_POINT('',(-0.0315,0.024563863252865,-0.0325));
#2794=CARTESIAN_POINT('',(-0.0285,0.024563863252865,-0.0325));
#2795=CARTESIAN_POINT('',(-0.0271981276060188,0.0218610631733568,-0.0325));
#2796=CARTESIAN_POINT('',(-0.0180893563825448,0.0262485344809234,-0.0325));
#2797=CARTESIAN_POINT('',(-0.0082251221954409,0.0309998937373183,-0.0325));
#2798=CARTESIAN_POINT('',(-0.00952699458942211,0.0337026938168265,-0.0325));
#2799=CARTESIAN_POINT('',(0.0214131710767435,0.0490174445007121,-0.0325));
#2800=CARTESIAN_POINT('',(0.0285631710767435,0.0490174445007121,-0.0325));
#2801=CARTESIAN_POINT('',(-0.0214131710767434,0.0490174445007121,-0.0325));
#2802=CARTESIAN_POINT('',(-0.0142631710767434,0.0490174445007121,-0.0325));
#2803=CARTESIAN_POINT('',(-0.0104112645565498,0.0561042734239687,-0.0325));
#2804=CARTESIAN_POINT('',(-0.0104112645565498,0.0591042734239687,-0.0325));
#2805=CARTESIAN_POINT('',(-0.0129333208739459,0.0544797021168594,-0.0325));
#2806=CARTESIAN_POINT('',(-0.0214131710767434,0.0490174445007121,-0.0325));
#2807=CARTESIAN_POINT('',(-0.0116599115517344,0.0464448881136011,-0.0325));
#2808=CARTESIAN_POINT('',(-0.00875912094671435,0.0456797646818416,-0.0325));
#2809=CARTESIAN_POINT('',(-0.0105744853885357,0.0432913652296204,-0.0325));
#2810=CARTESIAN_POINT('',(-0.0101014640577646,0.0429318331993704,-0.0325));
#2811=CARTESIAN_POINT('',(-0.00181536444182138,0.0366337700382087,-0.0325));
#2812=CARTESIAN_POINT('',(1.04083408558608E-17,0.0390221694904299,-0.0325));
#2813=CARTESIAN_POINT('',(0.0018153644418214,0.0366337700382087,-0.0325));
#2814=CARTESIAN_POINT('',(0.0101014640577646,0.0429318331993704,-0.0325));
#2815=CARTESIAN_POINT('',(0.0105744853885358,0.0432913652296204,-0.0325));
#2816=CARTESIAN_POINT('',(0.00875912094671438,0.0456797646818416,-0.0325));
#2817=CARTESIAN_POINT('',(0.0116599115517344,0.0464448881136011,-0.0325));
#2818=CARTESIAN_POINT('',(0.0214131710767435,0.0490174445007121,-0.0325));
#2819=CARTESIAN_POINT('',(0.0129333208739459,0.0544797021168594,-0.0325));
#2820=CARTESIAN_POINT('',(0.0104112645565498,0.0561042734239687,-0.0325));
#2821=CARTESIAN_POINT('',(0.0104112645565498,0.0591042734239687,-0.0325));
#2822=CARTESIAN_POINT('',(1.38777878078145E-17,0.0591042734239687,-0.0325));
#2823=CARTESIAN_POINT('',(-0.0315,-1.03650000000191E-5,-0.0325));
#2824=CARTESIAN_POINT('',(-0.0315,0.0101688822487166,-0.0325));
#2825=CARTESIAN_POINT('',(-0.0315,-1.03650000000132E-5,-0.0325));
#2826=CARTESIAN_POINT('',(2.35922392732846E-16,-1.03650000000132E-5,-0.0325));
#2827=CARTESIAN_POINT('',(-0.0280333332576952,-0.0143763744132989,-0.0325));
#2828=CARTESIAN_POINT('',(-0.0253634919950575,-0.0130081830406037,-0.0325));
#2829=CARTESIAN_POINT('',(-0.0235481275532361,-0.0153965824928249,-0.0325));
#2830=CARTESIAN_POINT('',(-0.0149659026945376,-0.00887344172350866,-0.0325));
#2831=CARTESIAN_POINT('',(-0.00729305600702496,-0.00304149722565526,-0.0325));
#2832=CARTESIAN_POINT('',(-0.00910842044884635,-0.00065309777343406,-0.0325));
#2833=CARTESIAN_POINT('',(-0.00764644837708874,0.00196656588081638,-0.0325));
#2834=CARTESIAN_POINT('',(-0.0180590081136884,0.00777756818476376,-0.0325));
#2835=CARTESIAN_POINT('',(-0.0270380279282424,0.012788545902967,-0.0325));
#2836=CARTESIAN_POINT('',(-0.0285,0.0101688822487166,-0.0325));
#2837=CARTESIAN_POINT('',(0.0130387006735843,0.0401400702535935,-0.0325));
#2838=CARTESIAN_POINT('',(0.00681960383120611,0.0354130857211706,-0.0325));
#2839=CARTESIAN_POINT('',(0.0129949713109643,0.0401068326266588,-0.0325));
#2840=CARTESIAN_POINT('',(0.00863496827302749,0.0330246862689494,-0.0325));
#2841=CARTESIAN_POINT('',(0.0069798115820764,0.0305225958772169,-0.0325));
#2842=CARTESIAN_POINT('',(0.0180287125515892,0.0232136423606803,-0.0325));
#2843=CARTESIAN_POINT('',(0.0268448433090489,0.0173816876640294,-0.0325));
#2844=CARTESIAN_POINT('',(0.0285,0.0198837780557619,-0.0325));
#2845=CARTESIAN_POINT('',(0.0315,0.0198837780557619,-0.0325));
#2846=CARTESIAN_POINT('',(0.0315,-1.03650000000191E-5,-0.0325));
#2847=CARTESIAN_POINT('',(0.0315,0.0380155379805185,-0.0325));
#2848=CARTESIAN_POINT('',(0.0285,0.0380155379805185,-0.0325));
#2849=CARTESIAN_POINT('',(0.0268754286928908,0.0405375942979146,-0.0325));
#2850=CARTESIAN_POINT('',(0.0214131710767435,0.0490174445007121,-0.0325));
#2851=CARTESIAN_POINT('',(0.0163239572792864,0.0403085972376802,-0.0325));
#2852=CARTESIAN_POINT('',(0.0148103357527857,0.0377184331744376,-0.0325));
#2853=CARTESIAN_POINT('',(8.12138450661587E-5,0.00223468184680828,-0.0325));
#2854=CARTESIAN_POINT('',(-0.00635764625563032,0.00582805675426977,-0.0325));
#2855=CARTESIAN_POINT('',(-0.0221173385447295,0.0146231667481704,-0.0325));
#2856=CARTESIAN_POINT('',(-0.00489567418387274,0.00844772040852022,-0.0325));
#2857=CARTESIAN_POINT('',(-0.00189594776078287,0.00848823443839174,-0.0325));
#2858=CARTESIAN_POINT('',(-0.00200037645394826,0.0162203092581611,-0.0325));
#2859=CARTESIAN_POINT('',(-0.00211582740410163,0.0247684903905767,-0.0325));
#2860=CARTESIAN_POINT('',(-0.00511555382719151,0.0247279763607052,-0.0325));
#2861=CARTESIAN_POINT('',(-0.00641742622117271,0.0274307764402134,-0.0325));
#2862=CARTESIAN_POINT('',(-0.0136589587137259,0.0239427081536799,-0.0325));
#2863=CARTESIAN_POINT('',(-0.0219572388669532,0.0199456304819291,-0.0325));
#2864=CARTESIAN_POINT('',(-0.0206553664729719,0.0172428304024209,-0.0325));
#2865=CARTESIAN_POINT('',(0.0126529681999456,-0.0107226233942241,-0.0325));
#2866=CARTESIAN_POINT('',(0.00563241902136852,-0.00610694320504262,-0.0325));
#2867=CARTESIAN_POINT('',(0.0223461501836161,-0.0170954336850035,-0.0325));
#2868=CARTESIAN_POINT('',(0.00398434265544175,-0.00861370292469539,-0.0325));
#2869=CARTESIAN_POINT('',(0.00103909550540192,-0.00804316000327558,-0.0325));
#2870=CARTESIAN_POINT('',(-0.00072065195542401,-0.0171272989860004,-0.0325));
#2871=CARTESIAN_POINT('',(-0.00281515839443686,-0.0279395251808174,-0.0325));
#2872=CARTESIAN_POINT('',(0.000130088755602976,-0.0285100681022372,-0.0325));
#2873=CARTESIAN_POINT('',(0.000143782308824317,-0.031510036849841,-0.0325));
#2874=CARTESIAN_POINT('',(2.35922392732846E-16,-1.03650000000132E-5,-0.0325));
#2875=CARTESIAN_POINT('',(0.0228768184300776,-0.0216644911314622,-0.0325));
#2876=CARTESIAN_POINT('',(0.0206980738176893,-0.0196021934046562,-0.0325));
#2877=CARTESIAN_POINT('',(-0.0044,-0.0450543233848623,-0.0325));
#2878=CARTESIAN_POINT('',(-0.011,-0.0441689827881917,-0.0325));
#2879=CARTESIAN_POINT('',(-0.00954970745841506,-0.0383468996950177,-0.0325));
#2880=CARTESIAN_POINT('',(1.38777878078145E-17,-1.03650000000175E-5,-0.0325));
#2881=CARTESIAN_POINT('',(-0.03950806,-1.03650000000127E-5,-0.0325));
#2882=CARTESIAN_POINT('',(-0.03950806,0.024503539750356,-0.0325));
#2883=CARTESIAN_POINT('',(-0.03950806,0.0574554791744763,-0.0325));
#2884=CARTESIAN_POINT('',(-0.03750806,0.0574554791744763,-0.0325));
#2885=CARTESIAN_POINT('',(-0.0368413933333333,0.0593410972576404,-0.0325));
#2886=CARTESIAN_POINT('',(-0.03550806,0.0631123334239686,-0.0325));
#2887=CARTESIAN_POINT('',(-0.0317368238336717,0.064445666757302,-0.0325));
#2888=CARTESIAN_POINT('',(-0.0298512057505076,0.0651123334239687,-0.0325));
#2889=CARTESIAN_POINT('',(-0.0298512057505076,0.0671123334239687,-0.0325));
#2890=CARTESIAN_POINT('',(-0.0304606155383717,0.0671123334239687,-0.0325));
#2891=CARTESIAN_POINT('',(0.0298512057505076,0.0671123334239687,-0.0325));
#2892=CARTESIAN_POINT('',(0.0298512057505076,0.0651123334239687,-0.0325));
#2893=CARTESIAN_POINT('',(0.0317368238336718,0.064445666757302,-0.0325));
#2894=CARTESIAN_POINT('',(0.03550806,0.0631123334239686,-0.0325));
#2895=CARTESIAN_POINT('',(0.0368413933333333,0.0593410972576404,-0.0325));
#2896=CARTESIAN_POINT('',(0.03750806,0.0574554791744763,-0.0325));
#2897=CARTESIAN_POINT('',(0.03950806,0.0574554791744763,-0.0325));
#2898=CARTESIAN_POINT('',(0.03950806,0.0335509842119844,-0.0325));
#2899=CARTESIAN_POINT('',(0.03950806,-1.03650000000175E-5,-0.0325));
#2900=CARTESIAN_POINT('',(1.38777878078145E-17,-1.03650000000175E-5,-0.0325));
#2901=CARTESIAN_POINT('',(0.00954970745841506,-0.0383468996950177,-0.0325));
#2902=CARTESIAN_POINT('',(0.011,-0.0441689827881917,-0.0325));
#2903=CARTESIAN_POINT('',(0.0044,-0.0450543233848623,-0.0325));
#2904=CARTESIAN_POINT('',(1.38777878078145E-17,-1.03650000000191E-5,-0.0275));
#2905=CARTESIAN_POINT('',(-6.25252405169504E-18,-0.048518425,-0.0275));
#2906=CARTESIAN_POINT('',(0.00224999999999999,-0.048518425,-0.0275));
#2907=CARTESIAN_POINT('',(2.77145311554506E-18,-0.048518425,-0.0275));
#2908=CARTESIAN_POINT('',(-0.0044,-0.0450543233848623,-0.0275));
#2909=CARTESIAN_POINT('',(0.0044,-0.0450543233848623,-0.0275));
#2910=CARTESIAN_POINT('',(1.38777878078145E-17,-1.03650000000191E-5,-0.0275));
#2911=CARTESIAN_POINT('',(-0.03550806,0.0631123334239686,-0.0275));
#2912=CARTESIAN_POINT('',(-0.03550806,0.0671123334239687,-0.0275));
#2913=CARTESIAN_POINT('',(-0.03950806,0.0631123334239686,-0.0275));
#2914=CARTESIAN_POINT('',(-0.0304606155383717,0.0671123334239687,-0.0275));
#2915=CARTESIAN_POINT('',(-0.0298512057505076,0.0671123334239687,-0.0275));
#2916=CARTESIAN_POINT('',(-0.0298512057505076,0.0651123334239687,-0.0275));
#2917=CARTESIAN_POINT('',(-0.0317368238336717,0.064445666757302,-0.0275));
#2918=CARTESIAN_POINT('',(-0.03550806,0.0631123334239686,-0.0275));
#2919=CARTESIAN_POINT('',(-0.0368413933333333,0.0593410972576404,-0.0275));
#2920=CARTESIAN_POINT('',(-0.03750806,0.0574554791744763,-0.0275));
#2921=CARTESIAN_POINT('',(-0.03950806,0.0574554791744763,-0.0275));
#2922=CARTESIAN_POINT('',(-0.03950806,-1.03650000000191E-5,-0.0275));
#2923=CARTESIAN_POINT('',(-0.03550806,0.0631123334239686,-0.0275));
#2924=CARTESIAN_POINT('',(-0.03325806,0.0631123334239686,-0.0275));
#2925=CARTESIAN_POINT('',(-0.0136589587137259,0.0239427081536799,-0.0275));
#2926=CARTESIAN_POINT('',(-0.0219572388669532,0.0199456304819291,-0.0275));
#2927=CARTESIAN_POINT('',(-0.0219572388669532,0.0199456304819291,-0.0235));
#2928=CARTESIAN_POINT('',(-0.00641742622117271,0.0274307764402134,-0.0275));
#2929=CARTESIAN_POINT('',(-0.00641742622117271,0.0274307764402134,-0.0235));
#2930=CARTESIAN_POINT('',(-0.0136589587137259,0.0239427081536799,-0.0235));
#2931=CARTESIAN_POINT('',(0.013649788554093,0.00729084645437827,-0.0275));
#2932=CARTESIAN_POINT('',(0.0216542154038322,0.0103184579300006,-0.0275));
#2933=CARTESIAN_POINT('',(0.0216542154038322,0.0103184579300006,-0.0235));
#2934=CARTESIAN_POINT('',(0.00618245384034863,0.00446638585325708,-0.0235));
#2935=CARTESIAN_POINT('',(0.00618245384034863,0.00446638585325708,-0.0235));
#2936=CARTESIAN_POINT('',(0.013649788554093,0.00729084645437827,-0.0235));
#2937=CARTESIAN_POINT('',(2.35922392732846E-16,-1.03650000000132E-5,-0.0235));
#2938=CARTESIAN_POINT('',(2.35922392732846E-16,-1.03650000000132E-5,-0.0235));
#2939=CARTESIAN_POINT('',(-0.0213451484720375,-0.0231757408162191,-0.0235));
#2940=CARTESIAN_POINT('',(-0.0107481766601216,-0.0296199360621213,-0.0235));
#2941=CARTESIAN_POINT('',(-0.0107481766601216,-0.0296199360621213,-0.0235));
#2942=CARTESIAN_POINT('',(-0.0213451484720375,-0.0231757408162191,-0.0235));
#2943=CARTESIAN_POINT('',(2.35922392732846E-16,-1.03650000000132E-5,-0.0235));
#2944=CARTESIAN_POINT('',(2.35922392732846E-16,-1.03650000000132E-5,-0.0235));
#2945=CARTESIAN_POINT('',(-0.0315,-1.03650000000239E-5,-0.0235));
#2946=CARTESIAN_POINT('',(-0.0280333332576952,-0.0143763744132989,-0.0235));
#2947=CARTESIAN_POINT('',(-0.0280333332576952,-0.0143763744132989,-0.0235));
#2948=CARTESIAN_POINT('',(-0.0315,-1.03650000000239E-5,-0.0485));
#2949=CARTESIAN_POINT('',(2.35922392732846E-16,-1.03650000000132E-5,-0.0235));
#2950=CARTESIAN_POINT('',(0.0228768184300776,-0.0216644911314622,-0.0235));
#2951=CARTESIAN_POINT('',(0.0228768184300776,-0.0216644911314622,-0.0235));
#2952=CARTESIAN_POINT('',(0.000143782308824317,-0.031510036849841,-0.0235));
#2953=CARTESIAN_POINT('',(0.000143782308824317,-0.031510036849841,-0.0235));
#2954=CARTESIAN_POINT('',(2.35922392732846E-16,-1.03650000000132E-5,-0.0235));
#2955=CARTESIAN_POINT('',(-0.0315,0.024503539750356,-0.0485));
#2956=CARTESIAN_POINT('',(-0.0315,0.0101688822487166,-0.0485));
#2957=CARTESIAN_POINT('',(-0.0315,0.0101688822487166,-0.0235));
#2958=CARTESIAN_POINT('',(-0.0315,0.024503539750356,-0.0235));
#2959=CARTESIAN_POINT('',(-0.0214131710767434,0.0490174445007121,-0.0485));
#2960=CARTESIAN_POINT('',(-0.0268754286928908,0.0405375942979146,-0.0485));
#2961=CARTESIAN_POINT('',(-0.0268754286928908,0.0405375942979146,-0.0235));
#2962=CARTESIAN_POINT('',(-0.0163239572792864,0.0403085972376802,-0.0485));
#2963=CARTESIAN_POINT('',(-0.0163239572792864,0.0403085972376802,-0.0235));
#2964=CARTESIAN_POINT('',(-0.0214131710767434,0.0490174445007121,-0.0235));
#2965=CARTESIAN_POINT('',(0.0214131710767435,0.0490174445007121,-0.0485));
#2966=CARTESIAN_POINT('',(0.0129333208739459,0.0544797021168594,-0.0485));
#2967=CARTESIAN_POINT('',(0.0129333208739459,0.0544797021168594,-0.0235));
#2968=CARTESIAN_POINT('',(0.0116599115517344,0.0464448881136011,-0.0485));
#2969=CARTESIAN_POINT('',(0.0116599115517344,0.0464448881136011,-0.0235));
#2970=CARTESIAN_POINT('',(0.0214131710767435,0.0490174445007121,-0.0235));
#2971=CARTESIAN_POINT('',(0.0315,0.024503539750356,-0.0485));
#2972=CARTESIAN_POINT('',(0.0315,0.024503539750356,-0.0235));
#2973=CARTESIAN_POINT('',(0.0315,-1.03650000000132E-5,-0.0235));
#2974=CARTESIAN_POINT('',(0.0315,0.00542381992474621,-0.0235));
#2975=CARTESIAN_POINT('',(0.0315,0.00542381992474621,-0.0275));
#2976=CARTESIAN_POINT('',(0.0315,-1.03650000000132E-5,-0.0485));
#2977=CARTESIAN_POINT('',(1.38777878078145E-17,-1.03650000000191E-5,-0.0235));
#2978=CARTESIAN_POINT('',(0.000130088755602976,-0.0285100681022372,-0.0235));
#2979=CARTESIAN_POINT('',(-0.00281515839443686,-0.0279395251808174,-0.0235));
#2980=CARTESIAN_POINT('',(-0.00072065195542401,-0.0171272989860004,-0.0235));
#2981=CARTESIAN_POINT('',(0.00103909550540192,-0.00804316000327558,-0.0235));
#2982=CARTESIAN_POINT('',(0.00398434265544175,-0.00861370292469539,-0.0235));
#2983=CARTESIAN_POINT('',(0.00563241902136852,-0.00610694320504262,-0.0235));
#2984=CARTESIAN_POINT('',(0.0126529681999456,-0.0107226233942241,-0.0235));
#2985=CARTESIAN_POINT('',(0.0223461501836161,-0.0170954336850035,-0.0235));
#2986=CARTESIAN_POINT('',(0.0206980738176893,-0.0196021934046562,-0.0235));
#2987=CARTESIAN_POINT('',(4.18384604107258E-5,-0.00249070719785159,-0.0235));
#2988=CARTESIAN_POINT('',(-0.00855999895230389,-0.00902875499335271,-0.0235));
#2989=CARTESIAN_POINT('',(-0.0211276416308076,-0.0185811150957865,-0.0235));
#2990=CARTESIAN_POINT('',(-0.00674463451048251,-0.0114171544455739,-0.0235));
#2991=CARTESIAN_POINT('',(-0.00379938736044267,-0.0119876973669937,-0.0235));
#2992=CARTESIAN_POINT('',(-0.00464764815547712,-0.016366575090774,-0.0235));
#2993=CARTESIAN_POINT('',(-0.00677929363768918,-0.0273705198347677,-0.0235));
#2994=CARTESIAN_POINT('',(-0.00972454078772901,-0.0267999769133479,-0.0235));
#2995=CARTESIAN_POINT('',(-0.0193122771889863,-0.0209695145480077,-0.0235));
#2996=CARTESIAN_POINT('',(-0.00200037645394826,0.0162203092581611,-0.0235));
#2997=CARTESIAN_POINT('',(-0.00189594776078287,0.00848823443839174,-0.0235));
#2998=CARTESIAN_POINT('',(-0.00211582740410163,0.0247684903905767,-0.0235));
#2999=CARTESIAN_POINT('',(-0.00489567418387274,0.00844772040852022,-0.0235));
#3000=CARTESIAN_POINT('',(-0.00635764625563032,0.00582805675426977,-0.0235));
#3001=CARTESIAN_POINT('',(8.12138450661587E-5,0.00223468184680828,-0.0235));
#3002=CARTESIAN_POINT('',(-0.0221173385447295,0.0146231667481704,-0.0235));
#3003=CARTESIAN_POINT('',(-0.0206553664729719,0.0172428304024209,-0.0235));
#3004=CARTESIAN_POINT('',(-0.00511555382719151,0.0247279763607052,-0.0235));
#3005=CARTESIAN_POINT('',(0.00512111198165042,0.00727237114526682,-0.0235));
#3006=CARTESIAN_POINT('',(0.00212138555856054,0.0072318571153953,-0.0235));
#3007=CARTESIAN_POINT('',(0.00199925877683823,0.0162743279646565,-0.0235));
#3008=CARTESIAN_POINT('',(0.00190216022493725,0.0234636668851444,-0.0235));
#3009=CARTESIAN_POINT('',(0.00490188664802712,0.023504180915016,-0.0235));
#3010=CARTESIAN_POINT('',(0.00655704333897821,0.0260062713067484,-0.0235));
#3011=CARTESIAN_POINT('',(0.0135685747090268,0.0213680763401333,-0.0235));
#3012=CARTESIAN_POINT('',(0.0222480302360851,0.0156265336137428,-0.0235));
#3013=CARTESIAN_POINT('',(0.0205928735451341,0.0131244432220103,-0.0235));
#3014=CARTESIAN_POINT('',(0.0315,0.024503539750356,-0.0235));
#3015=CARTESIAN_POINT('',(0.0315,0.0198837780557619,-0.0235));
#3016=CARTESIAN_POINT('',(0.0315,0.0380155379805185,-0.0235));
#3017=CARTESIAN_POINT('',(0.0285,0.0198837780557619,-0.0235));
#3018=CARTESIAN_POINT('',(0.0268448433090489,0.0173816876640294,-0.0235));
#3019=CARTESIAN_POINT('',(0.0180287125515892,0.0232136423606803,-0.0235));
#3020=CARTESIAN_POINT('',(0.0069798115820764,0.0305225958772169,-0.0235));
#3021=CARTESIAN_POINT('',(0.00863496827302749,0.0330246862689494,-0.0235));
#3022=CARTESIAN_POINT('',(0.00681960383120611,0.0354130857211706,-0.0235));
#3023=CARTESIAN_POINT('',(0.0130387006735843,0.0401400702535935,-0.0235));
#3024=CARTESIAN_POINT('',(0.0129949713109643,0.0401068326266588,-0.0235));
#3025=CARTESIAN_POINT('',(0.0148103357527857,0.0377184331744376,-0.0235));
#3026=CARTESIAN_POINT('',(0.0163239572792864,0.0403085972376802,-0.0235));
#3027=CARTESIAN_POINT('',(0.0214131710767435,0.0490174445007121,-0.0235));
#3028=CARTESIAN_POINT('',(0.0268754286928908,0.0405375942979146,-0.0235));
#3029=CARTESIAN_POINT('',(0.0285,0.0380155379805185,-0.0235));
#3030=CARTESIAN_POINT('',(2.35922392732846E-16,-1.03650000000132E-5,-0.0235));
#3031=CARTESIAN_POINT('',(0.0289486787255973,-0.0124290605853731,-0.0235));
#3032=CARTESIAN_POINT('',(0.0261916617041119,-0.0112463276724804,-0.0235));
#3033=CARTESIAN_POINT('',(0.0245435853381851,-0.0137530873921332,-0.0235));
#3034=CARTESIAN_POINT('',(0.0158976605745159,-0.00806879936369863,-0.0235));
#3035=CARTESIAN_POINT('',(0.00929098992255596,-0.003725224798656,-0.0235));
#3036=CARTESIAN_POINT('',(0.0109390662884827,-0.00121846507900322,-0.0235));
#3037=CARTESIAN_POINT('',(0.00987772442978451,0.00158752021300652,-0.0235));
#3038=CARTESIAN_POINT('',(0.0182915938772626,0.00477000012965446,-0.0235));
#3039=CARTESIAN_POINT('',(0.0274386581413018,0.00822980521675596,-0.0235));
#3040=CARTESIAN_POINT('',(0.0285,0.00542381992474621,-0.0235));
#3041=CARTESIAN_POINT('',(-0.0180893563825448,0.0262485344809234,-0.0235));
#3042=CARTESIAN_POINT('',(-0.0271981276060188,0.0218610631733568,-0.0235));
#3043=CARTESIAN_POINT('',(-0.0082251221954409,0.0309998937373183,-0.0235));
#3044=CARTESIAN_POINT('',(-0.0285,0.024563863252865,-0.0235));
#3045=CARTESIAN_POINT('',(-0.0315,0.024563863252865,-0.0235));
#3046=CARTESIAN_POINT('',(-0.0315,0.024503539750356,-0.0235));
#3047=CARTESIAN_POINT('',(-0.0315,0.0380155379805185,-0.0235));
#3048=CARTESIAN_POINT('',(-0.0285,0.0380155379805185,-0.0235));
#3049=CARTESIAN_POINT('',(-0.0148103357527856,0.0377184331744376,-0.0235));
#3050=CARTESIAN_POINT('',(-0.0129949713109643,0.0401068326266588,-0.0235));
#3051=CARTESIAN_POINT('',(-0.0132171059368633,0.040275671763169,-0.0235));
#3052=CARTESIAN_POINT('',(-0.00771163014760073,0.0360910932690477,-0.0235));
#3053=CARTESIAN_POINT('',(-0.00952699458942211,0.0337026938168265,-0.0235));
#3054=CARTESIAN_POINT('',(-0.0101014640577646,0.0429318331993704,-0.0235));
#3055=CARTESIAN_POINT('',(-0.0105744853885357,0.0432913652296204,-0.0235));
#3056=CARTESIAN_POINT('',(-0.00181536444182138,0.0366337700382087,-0.0235));
#3057=CARTESIAN_POINT('',(-0.00875912094671435,0.0456797646818416,-0.0235));
#3058=CARTESIAN_POINT('',(-0.0116599115517344,0.0464448881136011,-0.0235));
#3059=CARTESIAN_POINT('',(-0.0214131710767434,0.0490174445007121,-0.0235));
#3060=CARTESIAN_POINT('',(-0.0129333208739459,0.0544797021168594,-0.0235));
#3061=CARTESIAN_POINT('',(-0.0104112645565498,0.0561042734239687,-0.0235));
#3062=CARTESIAN_POINT('',(-0.0104112645565498,0.0591042734239687,-0.0235));
#3063=CARTESIAN_POINT('',(1.38777878078145E-17,0.0591042734239687,-0.0235));
#3064=CARTESIAN_POINT('',(0.0104112645565498,0.0591042734239687,-0.0235));
#3065=CARTESIAN_POINT('',(0.0104112645565498,0.0561042734239687,-0.0235));
#3066=CARTESIAN_POINT('',(0.00875912094671438,0.0456797646818416,-0.0235));
#3067=CARTESIAN_POINT('',(0.0105744853885358,0.0432913652296204,-0.0235));
#3068=CARTESIAN_POINT('',(0.0101014640577646,0.0429318331993704,-0.0235));
#3069=CARTESIAN_POINT('',(0.0018153644418214,0.0366337700382087,-0.0235));
#3070=CARTESIAN_POINT('',(1.04083408558608E-17,0.0390221694904299,-0.0235));
#3071=CARTESIAN_POINT('',(-6.25252405169504E-18,-0.048518425,-0.0235));
#3072=CARTESIAN_POINT('',(0.00224999999999999,-0.048518425,-0.0235));
#3073=CARTESIAN_POINT('',(0.0214131710767435,0.0490174445007121,-0.0235));
#3074=CARTESIAN_POINT('',(0.0285631710767435,0.0490174445007121,-0.0235));
#3075=CARTESIAN_POINT('',(-0.0214131710767434,0.0490174445007121,-0.0235));
#3076=CARTESIAN_POINT('',(-0.0142631710767434,0.0490174445007121,-0.0235));
#3077=CARTESIAN_POINT('',(-0.03950806,0.024503539750356,-0.0235));
#3078=CARTESIAN_POINT('',(-0.03950806,-1.03650000000127E-5,-0.0235));
#3079=CARTESIAN_POINT('',(-0.03950806,0.0631123334239686,-0.0235));
#3080=CARTESIAN_POINT('',(1.38777878078145E-17,-1.03650000000175E-5,-0.0235));
#3081=CARTESIAN_POINT('',(-0.00954970745841506,-0.0383468996950177,-0.0235));
#3082=CARTESIAN_POINT('',(-0.011,-0.0441689827881917,-0.0235));
#3083=CARTESIAN_POINT('',(2.77145311554506E-18,-0.048518425,-0.0235));
#3084=CARTESIAN_POINT('',(0.011,-0.0441689827881917,-0.0235));
#3085=CARTESIAN_POINT('',(0.00954970745841506,-0.0383468996950177,-0.0235));
#3086=CARTESIAN_POINT('',(1.38777878078145E-17,-1.03650000000175E-5,-0.0235));
#3087=CARTESIAN_POINT('',(0.03950806,-1.03650000000175E-5,-0.0235));
#3088=CARTESIAN_POINT('',(0.03950806,0.0335509842119844,-0.0235));
#3089=CARTESIAN_POINT('',(0.03950806,0.0631123334239686,-0.0235));
#3090=CARTESIAN_POINT('',(0.03550806,0.0631123334239686,-0.0235));
#3091=CARTESIAN_POINT('',(0.03550806,0.0671123334239687,-0.0235));
#3092=CARTESIAN_POINT('',(-0.0304606155383717,0.0671123334239687,-0.0235));
#3093=CARTESIAN_POINT('',(-0.03550806,0.0671123334239687,-0.0235));
#3094=CARTESIAN_POINT('',(-0.03550806,0.0631123334239686,-0.0235));
#3095=CARTESIAN_POINT('',(0.03550806,0.0631123334239686,-0.0235));
#3096=CARTESIAN_POINT('',(0.03775806,0.0631123334239686,-0.0235));
#3097=CARTESIAN_POINT('',(-0.03550806,0.0631123334239686,-0.0235));
#3098=CARTESIAN_POINT('',(-0.03325806,0.0631123334239686,-0.0235));
#3099=CARTESIAN_POINT('',(-0.0180590081136884,0.00777756818476376,-0.0235));
#3100=CARTESIAN_POINT('',(-0.00764644837708874,0.00196656588081638,-0.0235));
#3101=CARTESIAN_POINT('',(-0.0270380279282424,0.012788545902967,-0.0235));
#3102=CARTESIAN_POINT('',(-0.00910842044884635,-0.00065309777343406,-0.0235));
#3103=CARTESIAN_POINT('',(-0.00729305600702496,-0.00304149722565526,-0.0235));
#3104=CARTESIAN_POINT('',(-0.0149659026945376,-0.00887344172350866,-0.0235));
#3105=CARTESIAN_POINT('',(-0.0235481275532361,-0.0153965824928249,-0.0235));
#3106=CARTESIAN_POINT('',(-0.0253634919950575,-0.0130081830406037,-0.0235));
#3107=CARTESIAN_POINT('',(-0.0285,0.0101688822487166,-0.0235));
#3108=CARTESIAN_POINT('',(1.38777878078145E-17,-1.03650000000175E-5,-0.0235));
#3109=CARTESIAN_POINT('',(-0.03950806,-1.03650000000127E-5,-0.0235));
#3110=CARTESIAN_POINT('',(-0.00954970745841507,-0.0383468996950177,-0.0235));
#3111=CARTESIAN_POINT('',(2.35922392732846E-16,-1.03650000000132E-5,-0.0235));
#3112=CARTESIAN_POINT('',(0.0289486787255973,-0.0124290605853731,-0.0235));
#3113=CARTESIAN_POINT('',(1.38777878078145E-17,-1.03650000000175E-5,-0.0235));
#3114=CARTESIAN_POINT('',(0.00954970745841506,-0.0383468996950177,-0.0235));
#3115=CARTESIAN_POINT('',(0.03950806,-1.03650000000175E-5,-0.0235));
#3116=CARTESIAN_POINT('',(1.38777878078145E-17,-1.03650000000191E-5,-0.0275));
#3117=CARTESIAN_POINT('',(0.03550806,0.0631123334239686,-0.0275));
#3118=CARTESIAN_POINT('',(0.03950806,0.0631123334239686,-0.0275));
#3119=CARTESIAN_POINT('',(0.03550806,0.0671123334239687,-0.0275));
#3120=CARTESIAN_POINT('',(0.03950806,0.0335509842119844,-0.0275));
#3121=CARTESIAN_POINT('',(0.03950806,0.0574554791744763,-0.0275));
#3122=CARTESIAN_POINT('',(0.03750806,0.0574554791744763,-0.0275));
#3123=CARTESIAN_POINT('',(0.0368413933333333,0.0593410972576404,-0.0275));
#3124=CARTESIAN_POINT('',(0.03550806,0.0631123334239686,-0.0275));
#3125=CARTESIAN_POINT('',(0.0317368238336718,0.064445666757302,-0.0275));
#3126=CARTESIAN_POINT('',(0.0298512057505076,0.0651123334239687,-0.0275));
#3127=CARTESIAN_POINT('',(0.0298512057505076,0.0671123334239687,-0.0275));
#3128=CARTESIAN_POINT('',(-0.0304606155383717,0.0671123334239687,-0.0275));
#3129=CARTESIAN_POINT('',(0.03550806,0.0631123334239686,-0.0275));
#3130=CARTESIAN_POINT('',(0.03775806,0.0631123334239686,-0.0275));
#3131=CARTESIAN_POINT('',(0.03950806,0.0335509842119844,-0.0235));
#3132=CARTESIAN_POINT('',(0.03950806,0.0574554791744763,-0.0235));
#3133=CARTESIAN_POINT('',(0.03950806,0.0631123334239686,-0.0235));
#3134=CARTESIAN_POINT('',(-0.0304606155383717,0.0671123334239687,-0.0235));
#3135=CARTESIAN_POINT('',(-0.0298512057505076,0.0671123334239687,-0.0235));
#3136=CARTESIAN_POINT('',(-0.03550806,0.0671123334239687,-0.0275));
#3137=CARTESIAN_POINT('',(0.03550806,0.0671123334239687,-0.0235));
#3138=CARTESIAN_POINT('',(0.0298512057505076,0.0671123334239687,-0.0235));
#3139=CARTESIAN_POINT('',(-0.0214131710767434,0.0490174445007121,-0.0235));
#3140=CARTESIAN_POINT('',(-0.03950806,0.024503539750356,-0.0235));
#3141=CARTESIAN_POINT('',(-0.03950806,0.0631123334239686,-0.0235));
#3142=CARTESIAN_POINT('',(-0.03950806,0.0574554791744763,-0.0325));
#3143=CARTESIAN_POINT('',(0.0214131710767435,0.0490174445007121,-0.0235));
#3144=CARTESIAN_POINT('',(-0.03550806,0.0631123334239686,-0.0235));
#3145=CARTESIAN_POINT('',(0.03550806,0.0631123334239686,-0.0235));
#3146=CARTESIAN_POINT('',(2.77145311554506E-18,-0.048518425,-0.0235));
#3147=CARTESIAN_POINT('',(-6.25252405169504E-18,-0.048518425,-0.0235));
#3148=CARTESIAN_POINT('',(-0.011,-0.0441689827881917,-0.0235));
#3149=CARTESIAN_POINT('',(0.011,-0.0441689827881917,-0.0235));
#3150=CARTESIAN_POINT('',(0.03550806,0.0631123334239686,-0.0025));
#3151=CARTESIAN_POINT('',(-0.03550806,0.0631123334239686,-0.0025));
#3152=CARTESIAN_POINT('',(-0.0315,0.024503539750356,-0.0485));
#3153=CARTESIAN_POINT('',(-0.0315,0.024563863252865,-0.0485));
#3154=CARTESIAN_POINT('',(-0.0315,0.0380155379805185,-0.0235));
#3155=CARTESIAN_POINT('',(-0.0214131710767434,0.0490174445007121,-0.0485));
#3156=CARTESIAN_POINT('',(-0.0116599115517344,0.0464448881136011,-0.0485));
#3157=CARTESIAN_POINT('',(-0.0129333208739459,0.0544797021168594,-0.0485));
#3158=CARTESIAN_POINT('',(1.38777878078145E-17,0.0591042734239687,-0.0485));
#3159=CARTESIAN_POINT('',(-0.0104112645565498,0.0591042734239687,-0.0485));
#3160=CARTESIAN_POINT('',(0.0104112645565498,0.0591042734239687,-0.0485));
#3161=CARTESIAN_POINT('',(0.0214131710767435,0.0490174445007121,-0.0485));
#3162=CARTESIAN_POINT('',(0.0163239572792864,0.0403085972376802,-0.0485));
#3163=CARTESIAN_POINT('',(0.0268754286928908,0.0405375942979146,-0.0485));
#3164=CARTESIAN_POINT('',(0.0315,0.024503539750356,-0.0485));
#3165=CARTESIAN_POINT('',(0.0315,0.0380155379805185,-0.0485));
#3166=CARTESIAN_POINT('',(0.0315,0.0198837780557619,-0.0235));
#3167=CARTESIAN_POINT('',(0.0285,0.0380155379805185,-0.0485));
#3168=CARTESIAN_POINT('',(0.0104112645565498,0.0561042734239687,-0.0485));
#3169=CARTESIAN_POINT('',(-0.0285,0.0380155379805185,-0.0485));
#3170=CARTESIAN_POINT('',(-0.0104112645565498,0.0561042734239687,-0.0485));
#3171=CARTESIAN_POINT('',(0.0135685747090268,0.0213680763401333,-0.0275));
#3172=CARTESIAN_POINT('',(0.00655704333897821,0.0260062713067484,-0.0275));
#3173=CARTESIAN_POINT('',(0.0222480302360851,0.0156265336137428,-0.0235));
#3174=CARTESIAN_POINT('',(4.18384604107258E-5,-0.00249070719785159,-0.0275));
#3175=CARTESIAN_POINT('',(-0.0211276416308076,-0.0185811150957865,-0.0275));
#3176=CARTESIAN_POINT('',(-0.00855999895230389,-0.00902875499335271,-0.0275));
#3177=CARTESIAN_POINT('',(0.0126529681999456,-0.0107226233942241,-0.0275));
#3178=CARTESIAN_POINT('',(0.00563241902136851,-0.00610694320504262,-0.0275));
#3179=CARTESIAN_POINT('',(0.0223461501836161,-0.0170954336850035,-0.0275));
#3180=CARTESIAN_POINT('',(0.0158976605745159,-0.00806879936369863,-0.0275));
#3181=CARTESIAN_POINT('',(0.0245435853381851,-0.0137530873921332,-0.0275));
#3182=CARTESIAN_POINT('',(0.00929098992255596,-0.003725224798656,-0.0235));
#3183=CARTESIAN_POINT('',(0.0182915938772626,0.00477000012965446,-0.0275));
#3184=CARTESIAN_POINT('',(0.00987772442978451,0.00158752021300652,-0.0275));
#3185=CARTESIAN_POINT('',(0.0274386581413018,0.00822980521675596,-0.0235));
#3186=CARTESIAN_POINT('',(0.0180287125515892,0.0232136423606803,-0.0275));
#3187=CARTESIAN_POINT('',(0.0268448433090489,0.0173816876640294,-0.0275));
#3188=CARTESIAN_POINT('',(0.0069798115820764,0.0305225958772169,-0.0275));
#3189=CARTESIAN_POINT('',(0.0130387006735843,0.0401400702535935,-0.0275));
#3190=CARTESIAN_POINT('',(0.00681960383120611,0.0354130857211706,-0.0275));
#3191=CARTESIAN_POINT('',(0.0129949713109643,0.0401068326266588,-0.0235));
#3192=CARTESIAN_POINT('',(0.0101014640577646,0.0429318331993704,-0.0275));
#3193=CARTESIAN_POINT('',(0.0105744853885358,0.0432913652296204,-0.0275));
#3194=CARTESIAN_POINT('',(0.0018153644418214,0.0366337700382087,-0.0235));
#3195=CARTESIAN_POINT('',(-0.0101014640577646,0.0429318331993704,-0.0275));
#3196=CARTESIAN_POINT('',(-0.00181536444182138,0.0366337700382087,-0.0275));
#3197=CARTESIAN_POINT('',(-0.0105744853885357,0.0432913652296204,-0.0275));
#3198=CARTESIAN_POINT('',(-0.0132171059368633,0.040275671763169,-0.0275));
#3199=CARTESIAN_POINT('',(-0.0129949713109643,0.0401068326266588,-0.0275));
#3200=CARTESIAN_POINT('',(-0.00771163014760073,0.0360910932690477,-0.0275));
#3201=CARTESIAN_POINT('',(-0.0180893563825448,0.0262485344809234,-0.0275));
#3202=CARTESIAN_POINT('',(-0.0082251221954409,0.0309998937373183,-0.0275));
#3203=CARTESIAN_POINT('',(-0.0271981276060188,0.0218610631733568,-0.0275));
#3204=CARTESIAN_POINT('',(-0.0180590081136884,0.00777756818476376,-0.0275));
#3205=CARTESIAN_POINT('',(-0.0270380279282424,0.012788545902967,-0.0275));
#3206=CARTESIAN_POINT('',(-0.00764644837708874,0.00196656588081638,-0.0275));
#3207=CARTESIAN_POINT('',(-0.0149659026945376,-0.00887344172350866,-0.0275));
#3208=CARTESIAN_POINT('',(-0.00729305600702496,-0.00304149722565526,-0.0275));
#3209=CARTESIAN_POINT('',(-0.0235481275532361,-0.0153965824928249,-0.0275));
#3210=CARTESIAN_POINT('',(8.12138450661587E-5,0.00223468184680828,-0.0275));
#3211=CARTESIAN_POINT('',(-0.00635764625563032,0.00582805675426977,-0.0275));
#3212=CARTESIAN_POINT('',(-0.0221173385447295,0.0146231667481704,-0.0235));
#3213=CARTESIAN_POINT('',(-0.0285,0.0101688822487166,-0.0485));
#3214=CARTESIAN_POINT('',(-0.00910842044884635,-0.00065309777343406,-0.0275));
#3215=CARTESIAN_POINT('',(0.0206980738176893,-0.0196021934046562,-0.0235));
#3216=CARTESIAN_POINT('',(0.0285,0.00542381992474621,-0.0275));
#3217=CARTESIAN_POINT('',(0.0261916617041119,-0.0112463276724804,-0.0235));
#3218=CARTESIAN_POINT('',(0.0205928735451341,0.0131244432220103,-0.0275));
#3219=CARTESIAN_POINT('',(0.0285,0.0198837780557619,-0.0485));
#3220=CARTESIAN_POINT('',(0.0148103357527857,0.0377184331744376,-0.0485));
#3221=CARTESIAN_POINT('',(0.00875912094671438,0.0456797646818416,-0.0485));
#3222=CARTESIAN_POINT('',(1.04083408558608E-17,0.0390221694904299,-0.0275));
#3223=CARTESIAN_POINT('',(-0.0148103357527856,0.0377184331744376,-0.0485));
#3224=CARTESIAN_POINT('',(-0.00952699458942211,0.0337026938168265,-0.0275));
#3225=CARTESIAN_POINT('',(-0.0285,0.024563863252865,-0.0275));
#3226=CARTESIAN_POINT('',(-0.0253634919950575,-0.0130081830406037,-0.0235));
#3227=CARTESIAN_POINT('',(0.00863496827302749,0.0330246862689494,-0.0275));
#3228=CARTESIAN_POINT('',(-0.00875912094671435,0.0456797646818416,-0.0485));
#3229=CARTESIAN_POINT('',(-0.0206553664729719,0.0172428304024209,-0.0275));
#3230=CARTESIAN_POINT('',(0.0109390662884827,-0.00121846507900322,-0.0275));
#3231=CARTESIAN_POINT('',(-0.0193122771889863,-0.0209695145480077,-0.0235));
#3232=CARTESIAN_POINT('',(0.00199925877683823,0.0162743279646565,-0.0275));
#3233=CARTESIAN_POINT('',(0.00212138555856054,0.0072318571153953,-0.0275));
#3234=CARTESIAN_POINT('',(0.00190216022493725,0.0234636668851444,-0.0235));
#3235=CARTESIAN_POINT('',(-0.00200037645394826,0.0162203092581611,-0.0275));
#3236=CARTESIAN_POINT('',(-0.00211582740410163,0.0247684903905767,-0.0275));
#3237=CARTESIAN_POINT('',(-0.00189594776078287,0.00848823443839174,-0.0275));
#3238=CARTESIAN_POINT('',(-0.00464764815547712,-0.016366575090774,-0.0275));
#3239=CARTESIAN_POINT('',(-0.00379938736044267,-0.0119876973669937,-0.0275));
#3240=CARTESIAN_POINT('',(-0.00677929363768918,-0.0273705198347677,-0.0275));
#3241=CARTESIAN_POINT('',(-0.00072065195542401,-0.0171272989860004,-0.0275));
#3242=CARTESIAN_POINT('',(-0.00281515839443686,-0.0279395251808174,-0.0275));
#3243=CARTESIAN_POINT('',(0.00103909550540192,-0.00804316000327558,-0.0275));
#3244=CARTESIAN_POINT('',(-0.00674463451048251,-0.0114171544455739,-0.0275));
#3245=CARTESIAN_POINT('',(-0.00972454078772901,-0.0267999769133479,-0.0235));
#3246=CARTESIAN_POINT('',(-0.00489567418387274,0.00844772040852022,-0.0275));
#3247=CARTESIAN_POINT('',(-0.00511555382719151,0.0247279763607052,-0.0275));
#3248=CARTESIAN_POINT('',(0.00490188664802712,0.023504180915016,-0.0275));
#3249=CARTESIAN_POINT('',(0.00512111198165042,0.00727237114526682,-0.0275));
#3250=CARTESIAN_POINT('',(0.00398434265544175,-0.00861370292469539,-0.0275));
#3251=CARTESIAN_POINT('',(0.000130088755602976,-0.0285100681022372,-0.0235));
#3252=CARTESIAN_POINT('',(-0.03550806,0.0631123334239686,-0.0325));
#3253=CARTESIAN_POINT('',(-0.0368413933333333,0.0593410972576404,-0.0325));
#3254=CARTESIAN_POINT('',(-0.0317368238336717,0.064445666757302,-0.0325));
#3255=CARTESIAN_POINT('',(0.03550806,0.0631123334239686,-0.0325));
#3256=CARTESIAN_POINT('',(0.0317368238336718,0.064445666757302,-0.0325));
#3257=CARTESIAN_POINT('',(0.0368413933333333,0.0593410972576404,-0.0325));
#3258=CARTESIAN_POINT('',(-0.03750806,0.0574554791744763,-0.0325));
#3259=CARTESIAN_POINT('',(-0.0298512057505076,0.0651123334239687,-0.0325));
#3260=CARTESIAN_POINT('',(0.0298512057505076,0.0651123334239687,-0.0325));
#3261=CARTESIAN_POINT('',(0.03750806,0.0574554791744763,-0.0325));
#3262=CARTESIAN_POINT('',(0.0044,-0.0450543233848623,-0.0275));
#3263=CARTESIAN_POINT('',(-0.0044,-0.0450543233848623,-0.0275));
#3264=MECHANICAL_DESIGN_GEOMETRIC_PRESENTATION_REPRESENTATION('',(#1895),
#3265);
#3265=(
GEOMETRIC_REPRESENTATION_CONTEXT(3)
GLOBAL_UNCERTAINTY_ASSIGNED_CONTEXT((#3266))
GLOBAL_UNIT_ASSIGNED_CONTEXT((#3269,#3268,#3267))
REPRESENTATION_CONTEXT('Base Bottom','TOP_LEVEL_ASSEMBLY_PART')
);
#3266=UNCERTAINTY_MEASURE_WITH_UNIT(LENGTH_MEASURE(1.E-8),#3269,
'DISTANCE_ACCURACY_VALUE','Maximum Tolerance applied to model');
#3267=(
NAMED_UNIT(*)
SI_UNIT($,.STERADIAN.)
SOLID_ANGLE_UNIT()
);
#3268=(
NAMED_UNIT(*)
PLANE_ANGLE_UNIT()
SI_UNIT($,.RADIAN.)
);
#3269=(
LENGTH_UNIT()
NAMED_UNIT(*)
SI_UNIT($,.METRE.)
);
#3270=PRODUCT_DEFINITION_SHAPE('','',#3271);
#3271=PRODUCT_DEFINITION('','',#3273,#3272);
#3272=PRODUCT_DEFINITION_CONTEXT('',#3279,'design');
#3273=PRODUCT_DEFINITION_FORMATION_WITH_SPECIFIED_SOURCE('','',#3275,
 .NOT_KNOWN.);
#3274=PRODUCT_RELATED_PRODUCT_CATEGORY('','',(#3275));
#3275=PRODUCT('Base Bottom','Base Bottom','Base Bottom',(#3277));
#3276=PRODUCT_CATEGORY('','');
#3277=PRODUCT_CONTEXT('',#3279,'mechanical');
#3278=APPLICATION_PROTOCOL_DEFINITION('international standard',
'ap242_managed_model_based_3d_engineering',2020,#3279);
#3279=APPLICATION_CONTEXT('managed model based 3d engineering');
ENDSEC;
END-ISO-10303-21;
