ISO-10303-21;
HEADER;
/* Generated by software containing ST-Developer
 * from STEP Tools, Inc. (www.steptools.com) 
 */
/* OPTION: using custom renumber hook */

FILE_DESCRIPTION(
/* description */ ('STEP AP242 Edition 2',
'CAx-IF Rec.Pracs.---Representation and Presentation of Product Manufa
cturing Information (PMI)---4.0---2014-10-13',
'CAx-IF Rec.Pracs.---3D Tessellated Geometry---0.4---2014-09-14','2;1',
'CAx-IF Rec.Pracs.---User Defined Attributes---1.5---2016-08-15'),
/* implementation_level */ '2;1');

FILE_NAME(
/* name */ 'Assembly 1 - Top Bevel Gear',
/* time_stamp */ '2026-08-23T18:38:52Z',
/* author */ (''),
/* organization */ (''),
/* preprocessor_version */ 'ST-DEVELOPER v20',
/* originating_system */ 'ONSHAPE BY PTC INC, 1.219',
/* authorisation */ '  ');

FILE_SCHEMA (('AP242_MANAGED_MODEL_BASED_3D_ENGINEERING_MIM_LF { 1 0 10303 442 3 1 4 }'));
ENDSEC;

DATA;
#10=SHAPE_REPRESENTATION_RELATIONSHIP('','',#3603,#11);
#11=ADVANCED_BREP_SHAPE_REPRESENTATION('',(#3601),#10187);
#12=B_SPLINE_SURFACE_WITH_KNOTS('',3,1,((#9228,#9229),(#9230,#9231),(#9232,
#9233),(#9234,#9235),(#9236,#9237),(#9238,#9239)),
 .SURF_OF_LINEAR_EXTRUSION.,.F.,.F.,.F.,(4,1,1,4),(2,2),(0.0826756944000969,
0.310152952398985,0.537630210397872,0.992584726395648),(0.,1.),
 .UNSPECIFIED.);
#13=B_SPLINE_SURFACE_WITH_KNOTS('',3,1,((#9241,#9242),(#9243,#9244),(#9245,
#9246),(#9247,#9248),(#9249,#9250),(#9251,#9252)),
 .SURF_OF_LINEAR_EXTRUSION.,.F.,.F.,.F.,(4,1,1,4),(2,2),(0.0826756943981809,
0.310152952397548,0.537630210396914,0.992584726395648),(0.,1.),
 .UNSPECIFIED.);
#14=B_SPLINE_SURFACE_WITH_KNOTS('',3,1,((#9259,#9260),(#9261,#9262),(#9263,
#9264),(#9265,#9266),(#9267,#9268),(#9269,#9270)),
 .SURF_OF_LINEAR_EXTRUSION.,.F.,.F.,.F.,(4,1,1,4),(2,2),(0.0826756944001551,
0.310152952399028,0.537630210397902,0.992584726395648),(0.,1.),
 .UNSPECIFIED.);
#15=B_SPLINE_SURFACE_WITH_KNOTS('',3,1,((#9272,#9273),(#9274,#9275),(#9276,
#9277),(#9278,#9279),(#9280,#9281),(#9282,#9283)),
 .SURF_OF_LINEAR_EXTRUSION.,.F.,.F.,.F.,(4,1,1,4),(2,2),(0.0826756943983092,
0.310152952397644,0.537630210396979,0.992584726395648),(0.,1.),
 .UNSPECIFIED.);
#16=B_SPLINE_SURFACE_WITH_KNOTS('',3,1,((#9290,#9291),(#9292,#9293),(#9294,
#9295),(#9296,#9297),(#9298,#9299),(#9300,#9301)),
 .SURF_OF_LINEAR_EXTRUSION.,.F.,.F.,.F.,(4,1,1,4),(2,2),(0.0826756943999932,
0.310152952398907,0.537630210397821,0.992584726395648),(0.,1.),
 .UNSPECIFIED.);
#17=B_SPLINE_SURFACE_WITH_KNOTS('',3,1,((#9303,#9304),(#9305,#9306),(#9307,
#9308),(#9309,#9310),(#9311,#9312),(#9313,#9314)),
 .SURF_OF_LINEAR_EXTRUSION.,.F.,.F.,.F.,(4,1,1,4),(2,2),(0.0826756943981359,
0.310152952397514,0.537630210396892,0.992584726395648),(0.,1.),
 .UNSPECIFIED.);
#18=B_SPLINE_SURFACE_WITH_KNOTS('',3,1,((#9321,#9322),(#9323,#9324),(#9325,
#9326),(#9327,#9328),(#9329,#9330),(#9331,#9332)),
 .SURF_OF_LINEAR_EXTRUSION.,.F.,.F.,.F.,(4,1,1,4),(2,2),(0.0826756943998965,
0.310152952398834,0.537630210397772,0.992584726395648),(0.,1.),
 .UNSPECIFIED.);
#19=B_SPLINE_SURFACE_WITH_KNOTS('',3,1,((#9334,#9335),(#9336,#9337),(#9338,
#9339),(#9340,#9341),(#9342,#9343),(#9344,#9345)),
 .SURF_OF_LINEAR_EXTRUSION.,.F.,.F.,.F.,(4,1,1,4),(2,2),(0.0826756943984485,
0.310152952397748,0.537630210397048,0.992584726395648),(0.,1.),
 .UNSPECIFIED.);
#20=B_SPLINE_SURFACE_WITH_KNOTS('',3,1,((#9352,#9353),(#9354,#9355),(#9356,
#9357),(#9358,#9359),(#9360,#9361),(#9362,#9363)),
 .SURF_OF_LINEAR_EXTRUSION.,.F.,.F.,.F.,(4,1,1,4),(2,2),(0.0826756944002951,
0.310152952399133,0.537630210397972,0.992584726395648),(0.,1.),
 .UNSPECIFIED.);
#21=B_SPLINE_SURFACE_WITH_KNOTS('',3,1,((#9365,#9366),(#9367,#9368),(#9369,
#9370),(#9371,#9372),(#9373,#9374),(#9375,#9376)),
 .SURF_OF_LINEAR_EXTRUSION.,.F.,.F.,.F.,(4,1,1,4),(2,2),(0.0826756943982101,
0.31015295239757,0.537630210396929,0.992584726395648),(0.,1.),
 .UNSPECIFIED.);
#22=B_SPLINE_SURFACE_WITH_KNOTS('',3,1,((#9383,#9384),(#9385,#9386),(#9387,
#9388),(#9389,#9390),(#9391,#9392),(#9393,#9394)),
 .SURF_OF_LINEAR_EXTRUSION.,.F.,.F.,.F.,(4,1,1,4),(2,2),(0.0826756944003684,
0.310152952399188,0.537630210398008,0.992584726395648),(0.,1.),
 .UNSPECIFIED.);
#23=B_SPLINE_SURFACE_WITH_KNOTS('',3,1,((#9396,#9397),(#9398,#9399),(#9400,
#9401),(#9402,#9403),(#9404,#9405),(#9406,#9407)),
 .SURF_OF_LINEAR_EXTRUSION.,.F.,.F.,.F.,(4,1,1,4),(2,2),(0.0826756943979824,
0.310152952397399,0.537630210396815,0.992584726395648),(0.,1.),
 .UNSPECIFIED.);
#24=B_SPLINE_SURFACE_WITH_KNOTS('',3,1,((#9414,#9415),(#9416,#9417),(#9418,
#9419),(#9420,#9421),(#9422,#9423),(#9424,#9425)),
 .SURF_OF_LINEAR_EXTRUSION.,.F.,.F.,.F.,(4,1,1,4),(2,2),(0.0826756944000937,
0.310152952398982,0.537630210397871,0.992584726395648),(0.,1.),
 .UNSPECIFIED.);
#25=B_SPLINE_SURFACE_WITH_KNOTS('',3,1,((#9427,#9428),(#9429,#9430),(#9431,
#9432),(#9433,#9434),(#9435,#9436),(#9437,#9438)),
 .SURF_OF_LINEAR_EXTRUSION.,.F.,.F.,.F.,(4,1,1,4),(2,2),(0.0826756943979152,
0.310152952397348,0.537630210396782,0.992584726395648),(0.,1.),
 .UNSPECIFIED.);
#26=B_SPLINE_SURFACE_WITH_KNOTS('',3,1,((#9445,#9446),(#9447,#9448),(#9449,
#9450),(#9451,#9452),(#9453,#9454),(#9455,#9456)),
 .SURF_OF_LINEAR_EXTRUSION.,.F.,.F.,.F.,(4,1,1,4),(2,2),(0.0826756943997532,
0.310152952398727,0.537630210397701,0.992584726395648),(0.,1.),
 .UNSPECIFIED.);
#27=B_SPLINE_SURFACE_WITH_KNOTS('',3,1,((#9458,#9459),(#9460,#9461),(#9462,
#9463),(#9464,#9465),(#9466,#9467),(#9468,#9469)),
 .SURF_OF_LINEAR_EXTRUSION.,.F.,.F.,.F.,(4,1,1,4),(2,2),(0.0826756943981896,
0.310152952397554,0.537630210396919,0.992584726395648),(0.,1.),
 .UNSPECIFIED.);
#28=B_SPLINE_SURFACE_WITH_KNOTS('',3,1,((#9476,#9477),(#9478,#9479),(#9480,
#9481),(#9482,#9483),(#9484,#9485),(#9486,#9487)),
 .SURF_OF_LINEAR_EXTRUSION.,.F.,.F.,.F.,(4,1,1,4),(2,2),(0.0826756943999965,
0.310152952398909,0.537630210397822,0.992584726395648),(0.,1.),
 .UNSPECIFIED.);
#29=B_SPLINE_SURFACE_WITH_KNOTS('',3,1,((#9489,#9490),(#9491,#9492),(#9493,
#9494),(#9495,#9496),(#9497,#9498),(#9499,#9500)),
 .SURF_OF_LINEAR_EXTRUSION.,.F.,.F.,.F.,(4,1,1,4),(2,2),(0.082675694397942,
0.310152952397368,0.537630210396795,0.992584726395648),(0.,1.),
 .UNSPECIFIED.);
#30=B_SPLINE_SURFACE_WITH_KNOTS('',3,1,((#9507,#9508),(#9509,#9510),(#9511,
#9512),(#9513,#9514),(#9515,#9516),(#9517,#9518)),
 .SURF_OF_LINEAR_EXTRUSION.,.F.,.F.,.F.,(4,1,1,4),(2,2),(0.0826756944001881,
0.310152952399053,0.537630210397918,0.992584726395648),(0.,1.),
 .UNSPECIFIED.);
#31=B_SPLINE_SURFACE_WITH_KNOTS('',3,1,((#9520,#9521),(#9522,#9523),(#9524,
#9525),(#9526,#9527),(#9528,#9529),(#9530,#9531)),
 .SURF_OF_LINEAR_EXTRUSION.,.F.,.F.,.F.,(4,1,1,4),(2,2),(0.0826756943983034,
0.31015295239764,0.537630210396976,0.992584726395648),(0.,1.),
 .UNSPECIFIED.);
#32=B_SPLINE_SURFACE_WITH_KNOTS('',3,1,((#9538,#9539),(#9540,#9541),(#9542,
#9543),(#9544,#9545),(#9546,#9547),(#9548,#9549)),
 .SURF_OF_LINEAR_EXTRUSION.,.F.,.F.,.F.,(4,1,1,4),(2,2),(0.0826756944000303,
0.310152952398935,0.537630210397839,0.992584726395648),(0.,1.),
 .UNSPECIFIED.);
#33=B_SPLINE_SURFACE_WITH_KNOTS('',3,1,((#9551,#9552),(#9553,#9554),(#9555,
#9556),(#9557,#9558),(#9559,#9560),(#9561,#9562)),
 .SURF_OF_LINEAR_EXTRUSION.,.F.,.F.,.F.,(4,1,1,4),(2,2),(0.0826756943979571,
0.31015295239738,0.537630210396802,0.992584726395648),(0.,1.),
 .UNSPECIFIED.);
#34=B_SPLINE_SURFACE_WITH_KNOTS('',3,1,((#9569,#9570),(#9571,#9572),(#9573,
#9574),(#9575,#9576),(#9577,#9578),(#9579,#9580)),
 .SURF_OF_LINEAR_EXTRUSION.,.F.,.F.,.F.,(4,1,1,4),(2,2),(0.0826756943999878,
0.310152952398903,0.537630210397818,0.992584726395648),(0.,1.),
 .UNSPECIFIED.);
#35=B_SPLINE_SURFACE_WITH_KNOTS('',3,1,((#9582,#9583),(#9584,#9585),(#9586,
#9587),(#9588,#9589),(#9590,#9591),(#9592,#9593)),
 .SURF_OF_LINEAR_EXTRUSION.,.F.,.F.,.F.,(4,1,1,4),(2,2),(0.0826756943981762,
0.310152952397544,0.537630210396912,0.992584726395648),(0.,1.),
 .UNSPECIFIED.);
#36=B_SPLINE_SURFACE_WITH_KNOTS('',3,1,((#9600,#9601),(#9602,#9603),(#9604,
#9605),(#9606,#9607),(#9608,#9609),(#9610,#9611)),
 .SURF_OF_LINEAR_EXTRUSION.,.F.,.F.,.F.,(4,1,1,4),(2,2),(0.0826756944002841,
0.310152952399125,0.537630210397966,0.992584726395648),(0.,1.),
 .UNSPECIFIED.);
#37=B_SPLINE_SURFACE_WITH_KNOTS('',3,1,((#9613,#9614),(#9615,#9616),(#9617,
#9618),(#9619,#9620),(#9621,#9622),(#9623,#9624)),
 .SURF_OF_LINEAR_EXTRUSION.,.F.,.F.,.F.,(4,1,1,4),(2,2),(0.0826756943982475,
0.310152952397598,0.537630210396948,0.992584726395648),(0.,1.),
 .UNSPECIFIED.);
#38=B_SPLINE_SURFACE_WITH_KNOTS('',3,1,((#9631,#9632),(#9633,#9634),(#9635,
#9636),(#9637,#9638),(#9639,#9640),(#9641,#9642)),
 .SURF_OF_LINEAR_EXTRUSION.,.F.,.F.,.F.,(4,1,1,4),(2,2),(0.0826756944002471,
0.310152952399097,0.537630210397948,0.992584726395648),(0.,1.),
 .UNSPECIFIED.);
#39=B_SPLINE_SURFACE_WITH_KNOTS('',3,1,((#9644,#9645),(#9646,#9647),(#9648,
#9649),(#9650,#9651),(#9652,#9653),(#9654,#9655)),
 .SURF_OF_LINEAR_EXTRUSION.,.F.,.F.,.F.,(4,1,1,4),(2,2),(0.0826756943980897,
0.310152952397479,0.537630210396869,0.992584726395648),(0.,1.),
 .UNSPECIFIED.);
#40=B_SPLINE_SURFACE_WITH_KNOTS('',3,1,((#9662,#9663),(#9664,#9665),(#9666,
#9667),(#9668,#9669),(#9670,#9671),(#9672,#9673)),
 .SURF_OF_LINEAR_EXTRUSION.,.F.,.F.,.F.,(4,1,1,4),(2,2),(0.0826756944001329,
0.310152952399012,0.53763021039789,0.992584726395648),(0.,1.),
 .UNSPECIFIED.);
#41=B_SPLINE_SURFACE_WITH_KNOTS('',3,1,((#9675,#9676),(#9677,#9678),(#9679,
#9680),(#9681,#9682),(#9683,#9684),(#9685,#9686)),
 .SURF_OF_LINEAR_EXTRUSION.,.F.,.F.,.F.,(4,1,1,4),(2,2),(0.0826756943981474,
0.310152952397523,0.537630210396898,0.992584726395648),(0.,1.),
 .UNSPECIFIED.);
#42=B_SPLINE_SURFACE_WITH_KNOTS('',3,1,((#9693,#9694),(#9695,#9696),(#9697,
#9698),(#9699,#9700),(#9701,#9702),(#9703,#9704)),
 .SURF_OF_LINEAR_EXTRUSION.,.F.,.F.,.F.,(4,1,1,4),(2,2),(0.0826756944000945,
0.310152952398983,0.537630210397871,0.992584726395648),(0.,1.),
 .UNSPECIFIED.);
#43=B_SPLINE_SURFACE_WITH_KNOTS('',3,1,((#9706,#9707),(#9708,#9709),(#9710,
#9711),(#9712,#9713),(#9714,#9715),(#9716,#9717)),
 .SURF_OF_LINEAR_EXTRUSION.,.F.,.F.,.F.,(4,1,1,4),(2,2),(0.0826756943981682,
0.310152952397538,0.537630210396908,0.992584726395648),(0.,1.),
 .UNSPECIFIED.);
#44=B_SPLINE_SURFACE_WITH_KNOTS('',3,1,((#9724,#9725),(#9726,#9727),(#9728,
#9729),(#9730,#9731),(#9732,#9733),(#9734,#9735)),
 .SURF_OF_LINEAR_EXTRUSION.,.F.,.F.,.F.,(4,1,1,4),(2,2),(0.0826756944000371,
0.31015295239894,0.537630210397843,0.992584726395648),(0.,1.),
 .UNSPECIFIED.);
#45=B_SPLINE_SURFACE_WITH_KNOTS('',3,1,((#9737,#9738),(#9739,#9740),(#9741,
#9742),(#9743,#9744),(#9745,#9746),(#9747,#9748)),
 .SURF_OF_LINEAR_EXTRUSION.,.F.,.F.,.F.,(4,1,1,4),(2,2),(0.0826756943982221,
0.310152952397579,0.537630210396935,0.992584726395648),(0.,1.),
 .UNSPECIFIED.);
#46=B_SPLINE_SURFACE_WITH_KNOTS('',3,1,((#9755,#9756),(#9757,#9758),(#9759,
#9760),(#9761,#9762),(#9763,#9764),(#9765,#9766)),
 .SURF_OF_LINEAR_EXTRUSION.,.F.,.F.,.F.,(4,1,1,4),(2,2),(0.0826756944003706,
0.31015295239919,0.537630210398009,0.992584726395648),(0.,1.),
 .UNSPECIFIED.);
#47=B_SPLINE_SURFACE_WITH_KNOTS('',3,1,((#9768,#9769),(#9770,#9771),(#9772,
#9773),(#9774,#9775),(#9776,#9777),(#9778,#9779)),
 .SURF_OF_LINEAR_EXTRUSION.,.F.,.F.,.F.,(4,1,1,4),(2,2),(0.0826756943979826,
0.310152952397399,0.537630210396815,0.992584726395648),(0.,1.),
 .UNSPECIFIED.);
#48=B_SPLINE_SURFACE_WITH_KNOTS('',3,1,((#9786,#9787),(#9788,#9789),(#9790,
#9791),(#9792,#9793),(#9794,#9795),(#9796,#9797)),
 .SURF_OF_LINEAR_EXTRUSION.,.F.,.F.,.F.,(4,1,1,4),(2,2),(0.0826756944000279,
0.310152952398933,0.537630210397838,0.992584726395648),(0.,1.),
 .UNSPECIFIED.);
#49=B_SPLINE_SURFACE_WITH_KNOTS('',3,1,((#9799,#9800),(#9801,#9802),(#9803,
#9804),(#9805,#9806),(#9807,#9808),(#9809,#9810)),
 .SURF_OF_LINEAR_EXTRUSION.,.F.,.F.,.F.,(4,1,1,4),(2,2),(0.0826756943981467,
0.310152952397522,0.537630210396897,0.992584726395648),(0.,1.),
 .UNSPECIFIED.);
#50=B_SPLINE_SURFACE_WITH_KNOTS('',3,1,((#9817,#9818),(#9819,#9820),(#9821,
#9822),(#9823,#9824),(#9825,#9826),(#9827,#9828)),
 .SURF_OF_LINEAR_EXTRUSION.,.F.,.F.,.F.,(4,1,1,4),(2,2),(0.0826756943999912,
0.310152952398905,0.53763021039782,0.992584726395648),(0.,1.),
 .UNSPECIFIED.);
#51=B_SPLINE_SURFACE_WITH_KNOTS('',3,1,((#9830,#9831),(#9832,#9833),(#9834,
#9835),(#9836,#9837),(#9838,#9839),(#9840,#9841)),
 .SURF_OF_LINEAR_EXTRUSION.,.F.,.F.,.F.,(4,1,1,4),(2,2),(0.0826756943984162,
0.310152952397724,0.537630210397032,0.992584726395648),(0.,1.),
 .UNSPECIFIED.);
#52=B_SPLINE_SURFACE_WITH_KNOTS('',3,1,((#9848,#9849),(#9850,#9851),(#9852,
#9853),(#9854,#9855),(#9856,#9857),(#9858,#9859)),
 .SURF_OF_LINEAR_EXTRUSION.,.F.,.F.,.F.,(4,1,1,4),(2,2),(0.0826756944002654,
0.310152952399111,0.537630210397957,0.992584726395648),(0.,1.),
 .UNSPECIFIED.);
#53=B_SPLINE_SURFACE_WITH_KNOTS('',3,1,((#9861,#9862),(#9863,#9864),(#9865,
#9866),(#9867,#9868),(#9869,#9870),(#9871,#9872)),
 .SURF_OF_LINEAR_EXTRUSION.,.F.,.F.,.F.,(4,1,1,4),(2,2),(0.0826756943983373,
0.310152952397665,0.537630210396993,0.992584726395648),(0.,1.),
 .UNSPECIFIED.);
#54=B_SPLINE_SURFACE_WITH_KNOTS('',3,1,((#9879,#9880),(#9881,#9882),(#9883,
#9884),(#9885,#9886),(#9887,#9888),(#9889,#9890)),
 .SURF_OF_LINEAR_EXTRUSION.,.F.,.F.,.F.,(4,1,1,4),(2,2),(0.0826756943998928,
0.310152952398832,0.53763021039777,0.992584726395648),(0.,1.),
 .UNSPECIFIED.);
#55=B_SPLINE_SURFACE_WITH_KNOTS('',3,1,((#9892,#9893),(#9894,#9895),(#9896,
#9897),(#9898,#9899),(#9900,#9901),(#9902,#9903)),
 .SURF_OF_LINEAR_EXTRUSION.,.F.,.F.,.F.,(4,1,1,4),(2,2),(0.0826756943984022,
0.310152952397714,0.537630210397025,0.992584726395648),(0.,1.),
 .UNSPECIFIED.);
#56=B_SPLINE_SURFACE_WITH_KNOTS('',3,1,((#9910,#9911),(#9912,#9913),(#9914,
#9915),(#9916,#9917),(#9918,#9919),(#9920,#9921)),
 .SURF_OF_LINEAR_EXTRUSION.,.F.,.F.,.F.,(4,1,1,4),(2,2),(0.0826756944002199,
0.310152952399077,0.537630210397934,0.992584726395648),(0.,1.),
 .UNSPECIFIED.);
#57=B_SPLINE_SURFACE_WITH_KNOTS('',3,1,((#9923,#9924),(#9925,#9926),(#9927,
#9928),(#9929,#9930),(#9931,#9932),(#9933,#9934)),
 .SURF_OF_LINEAR_EXTRUSION.,.F.,.F.,.F.,(4,1,1,4),(2,2),(0.0826756943980951,
0.310152952397483,0.537630210396872,0.992584726395648),(0.,1.),
 .UNSPECIFIED.);
#58=B_SPLINE_SURFACE_WITH_KNOTS('',3,1,((#9941,#9942),(#9943,#9944),(#9945,
#9946),(#9947,#9948),(#9949,#9950),(#9951,#9952)),
 .SURF_OF_LINEAR_EXTRUSION.,.F.,.F.,.F.,(4,1,1,4),(2,2),(0.082675694399905,
0.310152952398841,0.537630210397776,0.992584726395648),(0.,1.),
 .UNSPECIFIED.);
#59=B_SPLINE_SURFACE_WITH_KNOTS('',3,1,((#9954,#9955),(#9956,#9957),(#9958,
#9959),(#9960,#9961),(#9962,#9963),(#9964,#9965)),
 .SURF_OF_LINEAR_EXTRUSION.,.F.,.F.,.F.,(4,1,1,4),(2,2),(0.0826756943978492,
0.310152952397299,0.537630210396749,0.992584726395648),(0.,1.),
 .UNSPECIFIED.);
#60=B_SPLINE_SURFACE_WITH_KNOTS('',3,1,((#9972,#9973),(#9974,#9975),(#9976,
#9977),(#9978,#9979),(#9980,#9981),(#9982,#9983)),
 .SURF_OF_LINEAR_EXTRUSION.,.F.,.F.,.F.,(4,1,1,4),(2,2),(0.0826756944003699,
0.310152952399189,0.537630210398009,0.992584726395648),(0.,1.),
 .UNSPECIFIED.);
#61=B_SPLINE_SURFACE_WITH_KNOTS('',3,1,((#9985,#9986),(#9987,#9988),(#9989,
#9990),(#9991,#9992),(#9993,#9994),(#9995,#9996)),
 .SURF_OF_LINEAR_EXTRUSION.,.F.,.F.,.F.,(4,1,1,4),(2,2),(0.0826756943980281,
0.310152952397433,0.537630210396838,0.992584726395648),(0.,1.),
 .UNSPECIFIED.);
#62=B_SPLINE_SURFACE_WITH_KNOTS('',3,1,((#10003,#10004),(#10005,#10006),
(#10007,#10008),(#10009,#10010),(#10011,#10012),(#10013,#10014)),
 .SURF_OF_LINEAR_EXTRUSION.,.F.,.F.,.F.,(4,1,1,4),(2,2),(0.0826756943999804,
0.310152952398897,0.537630210397814,0.992584726395648),(0.,1.),
 .UNSPECIFIED.);
#63=B_SPLINE_SURFACE_WITH_KNOTS('',3,1,((#10016,#10017),(#10018,#10019),
(#10020,#10021),(#10022,#10023),(#10024,#10025),(#10026,#10027)),
 .SURF_OF_LINEAR_EXTRUSION.,.F.,.F.,.F.,(4,1,1,4),(2,2),(0.082675694398212,
0.310152952397571,0.53763021039693,0.992584726395648),(0.,1.),
 .UNSPECIFIED.);
#64=B_SPLINE_SURFACE_WITH_KNOTS('',3,1,((#10034,#10035),(#10036,#10037),
(#10038,#10039),(#10040,#10041),(#10042,#10043),(#10044,#10045)),
 .SURF_OF_LINEAR_EXTRUSION.,.F.,.F.,.F.,(4,1,1,4),(2,2),(0.0826756944003574,
0.31015295239918,0.537630210398003,0.992584726395648),(0.,1.),
 .UNSPECIFIED.);
#65=B_SPLINE_SURFACE_WITH_KNOTS('',3,1,((#10047,#10048),(#10049,#10050),
(#10051,#10052),(#10053,#10054),(#10055,#10056),(#10057,#10058)),
 .SURF_OF_LINEAR_EXTRUSION.,.F.,.F.,.F.,(4,1,1,4),(2,2),(0.0826756943982701,
0.310152952397615,0.537630210396959,0.992584726395648),(0.,1.),
 .UNSPECIFIED.);
#66=B_SPLINE_SURFACE_WITH_KNOTS('',3,1,((#10065,#10066),(#10067,#10068),
(#10069,#10070),(#10071,#10072),(#10073,#10074),(#10075,#10076)),
 .SURF_OF_LINEAR_EXTRUSION.,.F.,.F.,.F.,(4,1,1,4),(2,2),(0.0826756944004807,
0.310152952399273,0.537630210398064,0.992584726395648),(0.,1.),
 .UNSPECIFIED.);
#67=B_SPLINE_SURFACE_WITH_KNOTS('',3,1,((#10078,#10079),(#10080,#10081),
(#10082,#10083),(#10084,#10085),(#10086,#10087),(#10088,#10089)),
 .SURF_OF_LINEAR_EXTRUSION.,.F.,.F.,.F.,(4,1,1,4),(2,2),(0.0826756943984939,
0.310152952397782,0.537630210397071,0.992584726395648),(0.,1.),
 .UNSPECIFIED.);
#68=B_SPLINE_SURFACE_WITH_KNOTS('',3,1,((#10096,#10097),(#10098,#10099),
(#10100,#10101),(#10102,#10103),(#10104,#10105),(#10106,#10107)),
 .SURF_OF_LINEAR_EXTRUSION.,.F.,.F.,.F.,(4,1,1,4),(2,2),(0.0826756944002036,
0.310152952399065,0.537630210397926,0.992584726395648),(0.,1.),
 .UNSPECIFIED.);
#69=B_SPLINE_SURFACE_WITH_KNOTS('',3,1,((#10109,#10110),(#10111,#10112),
(#10113,#10114),(#10115,#10116),(#10117,#10118),(#10119,#10120)),
 .SURF_OF_LINEAR_EXTRUSION.,.F.,.F.,.F.,(4,1,1,4),(2,2),(0.0826756943984318,
0.310152952397736,0.53763021039704,0.992584726395648),(0.,1.),
 .UNSPECIFIED.);
#70=B_SPLINE_SURFACE_WITH_KNOTS('',3,1,((#10127,#10128),(#10129,#10130),
(#10131,#10132),(#10133,#10134),(#10135,#10136),(#10137,#10138)),
 .SURF_OF_LINEAR_EXTRUSION.,.F.,.F.,.F.,(4,1,1,4),(2,2),(0.0826756943999059,
0.310152952398841,0.537630210397777,0.992584726395648),(0.,1.),
 .UNSPECIFIED.);
#71=B_SPLINE_SURFACE_WITH_KNOTS('',3,1,((#10140,#10141),(#10142,#10143),
(#10144,#10145),(#10146,#10147),(#10148,#10149),(#10150,#10151)),
 .SURF_OF_LINEAR_EXTRUSION.,.F.,.F.,.F.,(4,1,1,4),(2,2),(0.0826756943979447,
0.310152952397371,0.537630210396796,0.992584726395648),(0.,1.),
 .UNSPECIFIED.);
#72=B_SPLINE_CURVE_WITH_KNOTS('',3,(#5193,#5194,#5195,#5196,#5197,#5198,
#5199,#5200,#5201,#5202,#5203,#5204,#5205,#5206,#5207,#5208,#5209,#5210,
#5211,#5212,#5213,#5214,#5215,#5216,#5217,#5218,#5219,#5220,#5221,#5222),
 .UNSPECIFIED.,.F.,.F.,(4,1,1,1,1,1,1,1,1,1,1,1,1,1,1,1,1,1,1,1,1,1,1,1,
1,1,1,4),(0.,0.0780109662847482,0.0901685395200571,0.105863895976587,0.124434891170109,
0.145492419933232,0.168772393642441,0.194080393087177,0.2212655452278,0.25020634961509,
0.280802228760982,0.312968134362401,0.346630920133151,0.381726800357429,
0.418199508945183,0.455998928713873,0.495080046892118,0.535402143332512,
0.5769281487351,0.619624129671185,0.663458869906946,0.708403526041081,0.754431341311052,
0.801517405513374,0.849638451902951,0.898772684055407,0.94889962723783,
0.992584726395648),.UNSPECIFIED.);
#73=B_SPLINE_CURVE_WITH_KNOTS('',3,(#5223,#5224,#5225,#5226,#5227,#5228,
#5229,#5230,#5231,#5232,#5233,#5234,#5235,#5236,#5237,#5238,#5239,#5240,
#5241,#5242,#5243,#5244,#5245,#5246,#5247,#5248,#5249,#5250,#5251,#5252),
 .UNSPECIFIED.,.F.,.F.,(4,1,1,1,1,1,1,1,1,1,1,1,1,1,1,1,1,1,1,1,1,1,1,1,
1,1,1,4),(0.,0.0780109662847482,0.0901685395200571,0.105863895976587,0.124434891170109,
0.145492419933232,0.168772393642441,0.194080393087177,0.2212655452278,0.25020634961509,
0.280802228760982,0.312968134362401,0.346630920133151,0.381726800357429,
0.418199508945183,0.455998928713873,0.495080046892118,0.535402143332512,
0.5769281487351,0.619624129671185,0.663458869906946,0.708403526041081,0.754431341311052,
0.801517405513374,0.849638451902951,0.898772684055407,0.94889962723783,
0.992584726395648),.UNSPECIFIED.);
#74=B_SPLINE_CURVE_WITH_KNOTS('',3,(#5260,#5261,#5262,#5263,#5264,#5265,
#5266,#5267,#5268,#5269,#5270,#5271,#5272,#5273,#5274,#5275,#5276,#5277,
#5278,#5279,#5280,#5281,#5282,#5283,#5284,#5285,#5286,#5287,#5288,#5289),
 .UNSPECIFIED.,.F.,.F.,(4,1,1,1,1,1,1,1,1,1,1,1,1,1,1,1,1,1,1,1,1,1,1,1,
1,1,1,4),(0.,0.0780109662847482,0.0901685395200571,0.105863895976587,0.124434891170109,
0.145492419933232,0.168772393642441,0.194080393087177,0.2212655452278,0.25020634961509,
0.280802228760982,0.312968134362401,0.346630920133151,0.381726800357429,
0.418199508945183,0.455998928713873,0.495080046892118,0.535402143332512,
0.5769281487351,0.619624129671185,0.663458869906946,0.708403526041081,0.754431341311052,
0.801517405513374,0.849638451902951,0.898772684055407,0.94889962723783,
0.992584726395648),.UNSPECIFIED.);
#75=B_SPLINE_CURVE_WITH_KNOTS('',3,(#5290,#5291,#5292,#5293,#5294,#5295,
#5296,#5297,#5298,#5299,#5300,#5301,#5302,#5303,#5304,#5305,#5306,#5307,
#5308,#5309,#5310,#5311,#5312,#5313,#5314,#5315,#5316,#5317,#5318,#5319),
 .UNSPECIFIED.,.F.,.F.,(4,1,1,1,1,1,1,1,1,1,1,1,1,1,1,1,1,1,1,1,1,1,1,1,
1,1,1,4),(0.,0.0780109662847482,0.0901685395200571,0.105863895976587,0.124434891170109,
0.145492419933232,0.168772393642441,0.194080393087177,0.2212655452278,0.25020634961509,
0.280802228760982,0.312968134362401,0.346630920133151,0.381726800357429,
0.418199508945183,0.455998928713873,0.495080046892118,0.535402143332512,
0.5769281487351,0.619624129671185,0.663458869906946,0.708403526041081,0.754431341311052,
0.801517405513374,0.849638451902951,0.898772684055407,0.94889962723783,
0.992584726395648),.UNSPECIFIED.);
#76=B_SPLINE_CURVE_WITH_KNOTS('',3,(#5327,#5328,#5329,#5330,#5331,#5332,
#5333,#5334,#5335,#5336,#5337,#5338,#5339,#5340,#5341,#5342,#5343,#5344,
#5345,#5346,#5347,#5348,#5349,#5350,#5351,#5352,#5353,#5354,#5355,#5356),
 .UNSPECIFIED.,.F.,.F.,(4,1,1,1,1,1,1,1,1,1,1,1,1,1,1,1,1,1,1,1,1,1,1,1,
1,1,1,4),(0.,0.0780109662847482,0.0901685395200571,0.105863895976587,0.124434891170109,
0.145492419933232,0.168772393642441,0.194080393087177,0.2212655452278,0.25020634961509,
0.280802228760982,0.312968134362401,0.346630920133151,0.381726800357429,
0.418199508945183,0.455998928713873,0.495080046892118,0.535402143332512,
0.5769281487351,0.619624129671185,0.663458869906946,0.708403526041081,0.754431341311052,
0.801517405513374,0.849638451902951,0.898772684055407,0.94889962723783,
0.992584726395648),.UNSPECIFIED.);
#77=B_SPLINE_CURVE_WITH_KNOTS('',3,(#5357,#5358,#5359,#5360,#5361,#5362,
#5363,#5364,#5365,#5366,#5367,#5368,#5369,#5370,#5371,#5372,#5373,#5374,
#5375,#5376,#5377,#5378,#5379,#5380,#5381,#5382,#5383,#5384,#5385,#5386),
 .UNSPECIFIED.,.F.,.F.,(4,1,1,1,1,1,1,1,1,1,1,1,1,1,1,1,1,1,1,1,1,1,1,1,
1,1,1,4),(0.,0.0780109662847482,0.0901685395200571,0.105863895976587,0.124434891170109,
0.145492419933232,0.168772393642441,0.194080393087177,0.2212655452278,0.25020634961509,
0.280802228760982,0.312968134362401,0.346630920133151,0.381726800357429,
0.418199508945183,0.455998928713873,0.495080046892118,0.535402143332512,
0.5769281487351,0.619624129671185,0.663458869906946,0.708403526041081,0.754431341311052,
0.801517405513374,0.849638451902951,0.898772684055407,0.94889962723783,
0.992584726395648),.UNSPECIFIED.);
#78=B_SPLINE_CURVE_WITH_KNOTS('',3,(#5394,#5395,#5396,#5397,#5398,#5399,
#5400,#5401,#5402,#5403,#5404,#5405,#5406,#5407,#5408,#5409,#5410,#5411,
#5412,#5413,#5414,#5415,#5416,#5417,#5418,#5419,#5420,#5421,#5422,#5423),
 .UNSPECIFIED.,.F.,.F.,(4,1,1,1,1,1,1,1,1,1,1,1,1,1,1,1,1,1,1,1,1,1,1,1,
1,1,1,4),(0.,0.0780109662847482,0.0901685395200571,0.105863895976587,0.124434891170109,
0.145492419933232,0.168772393642441,0.194080393087177,0.2212655452278,0.25020634961509,
0.280802228760982,0.312968134362401,0.346630920133151,0.381726800357429,
0.418199508945183,0.455998928713873,0.495080046892118,0.535402143332512,
0.5769281487351,0.619624129671185,0.663458869906946,0.708403526041081,0.754431341311052,
0.801517405513374,0.849638451902951,0.898772684055407,0.94889962723783,
0.992584726395648),.UNSPECIFIED.);
#79=B_SPLINE_CURVE_WITH_KNOTS('',3,(#5424,#5425,#5426,#5427,#5428,#5429,
#5430,#5431,#5432,#5433,#5434,#5435,#5436,#5437,#5438,#5439,#5440,#5441,
#5442,#5443,#5444,#5445,#5446,#5447,#5448,#5449,#5450,#5451,#5452,#5453),
 .UNSPECIFIED.,.F.,.F.,(4,1,1,1,1,1,1,1,1,1,1,1,1,1,1,1,1,1,1,1,1,1,1,1,
1,1,1,4),(0.,0.0780109662847482,0.0901685395200571,0.105863895976587,0.124434891170109,
0.145492419933232,0.168772393642441,0.194080393087177,0.2212655452278,0.25020634961509,
0.280802228760982,0.312968134362401,0.346630920133151,0.381726800357429,
0.418199508945183,0.455998928713873,0.495080046892118,0.535402143332512,
0.5769281487351,0.619624129671185,0.663458869906946,0.708403526041081,0.754431341311052,
0.801517405513374,0.849638451902951,0.898772684055407,0.94889962723783,
0.992584726395648),.UNSPECIFIED.);
#80=B_SPLINE_CURVE_WITH_KNOTS('',3,(#5461,#5462,#5463,#5464,#5465,#5466,
#5467,#5468,#5469,#5470,#5471,#5472,#5473,#5474,#5475,#5476,#5477,#5478,
#5479,#5480,#5481,#5482,#5483,#5484,#5485,#5486,#5487,#5488,#5489,#5490),
 .UNSPECIFIED.,.F.,.F.,(4,1,1,1,1,1,1,1,1,1,1,1,1,1,1,1,1,1,1,1,1,1,1,1,
1,1,1,4),(0.,0.0780109662847482,0.0901685395200571,0.105863895976587,0.124434891170109,
0.145492419933232,0.168772393642441,0.194080393087177,0.2212655452278,0.25020634961509,
0.280802228760982,0.312968134362401,0.346630920133151,0.381726800357429,
0.418199508945183,0.455998928713873,0.495080046892118,0.535402143332512,
0.5769281487351,0.619624129671185,0.663458869906946,0.708403526041081,0.754431341311052,
0.801517405513374,0.849638451902951,0.898772684055407,0.94889962723783,
0.992584726395648),.UNSPECIFIED.);
#81=B_SPLINE_CURVE_WITH_KNOTS('',3,(#5491,#5492,#5493,#5494,#5495,#5496,
#5497,#5498,#5499,#5500,#5501,#5502,#5503,#5504,#5505,#5506,#5507,#5508,
#5509,#5510,#5511,#5512,#5513,#5514,#5515,#5516,#5517,#5518,#5519,#5520),
 .UNSPECIFIED.,.F.,.F.,(4,1,1,1,1,1,1,1,1,1,1,1,1,1,1,1,1,1,1,1,1,1,1,1,
1,1,1,4),(0.,0.0780109662847482,0.0901685395200571,0.105863895976587,0.124434891170109,
0.145492419933232,0.168772393642441,0.194080393087177,0.2212655452278,0.25020634961509,
0.280802228760982,0.312968134362401,0.346630920133151,0.381726800357429,
0.418199508945183,0.455998928713873,0.495080046892118,0.535402143332512,
0.5769281487351,0.619624129671185,0.663458869906946,0.708403526041081,0.754431341311052,
0.801517405513374,0.849638451902951,0.898772684055407,0.94889962723783,
0.992584726395648),.UNSPECIFIED.);
#82=B_SPLINE_CURVE_WITH_KNOTS('',3,(#5528,#5529,#5530,#5531,#5532,#5533,
#5534,#5535,#5536,#5537,#5538,#5539,#5540,#5541,#5542,#5543,#5544,#5545,
#5546,#5547,#5548,#5549,#5550,#5551,#5552,#5553,#5554,#5555,#5556,#5557),
 .UNSPECIFIED.,.F.,.F.,(4,1,1,1,1,1,1,1,1,1,1,1,1,1,1,1,1,1,1,1,1,1,1,1,
1,1,1,4),(0.,0.0780109662847482,0.0901685395200571,0.105863895976587,0.124434891170109,
0.145492419933232,0.168772393642441,0.194080393087177,0.2212655452278,0.25020634961509,
0.280802228760982,0.312968134362401,0.346630920133151,0.381726800357429,
0.418199508945183,0.455998928713873,0.495080046892118,0.535402143332512,
0.5769281487351,0.619624129671185,0.663458869906946,0.708403526041081,0.754431341311052,
0.801517405513374,0.849638451902951,0.898772684055407,0.94889962723783,
0.992584726395648),.UNSPECIFIED.);
#83=B_SPLINE_CURVE_WITH_KNOTS('',3,(#5558,#5559,#5560,#5561,#5562,#5563,
#5564,#5565,#5566,#5567,#5568,#5569,#5570,#5571,#5572,#5573,#5574,#5575,
#5576,#5577,#5578,#5579,#5580,#5581,#5582,#5583,#5584,#5585,#5586,#5587),
 .UNSPECIFIED.,.F.,.F.,(4,1,1,1,1,1,1,1,1,1,1,1,1,1,1,1,1,1,1,1,1,1,1,1,
1,1,1,4),(0.,0.0780109662847482,0.0901685395200571,0.105863895976587,0.124434891170109,
0.145492419933232,0.168772393642441,0.194080393087177,0.2212655452278,0.25020634961509,
0.280802228760982,0.312968134362401,0.346630920133151,0.381726800357429,
0.418199508945183,0.455998928713873,0.495080046892118,0.535402143332512,
0.5769281487351,0.619624129671185,0.663458869906946,0.708403526041081,0.754431341311052,
0.801517405513374,0.849638451902951,0.898772684055407,0.94889962723783,
0.992584726395648),.UNSPECIFIED.);
#84=B_SPLINE_CURVE_WITH_KNOTS('',3,(#5595,#5596,#5597,#5598,#5599,#5600,
#5601,#5602,#5603,#5604,#5605,#5606,#5607,#5608,#5609,#5610,#5611,#5612,
#5613,#5614,#5615,#5616,#5617,#5618,#5619,#5620,#5621,#5622,#5623,#5624),
 .UNSPECIFIED.,.F.,.F.,(4,1,1,1,1,1,1,1,1,1,1,1,1,1,1,1,1,1,1,1,1,1,1,1,
1,1,1,4),(0.,0.0780109662847482,0.0901685395200571,0.105863895976587,0.124434891170109,
0.145492419933232,0.168772393642441,0.194080393087177,0.2212655452278,0.25020634961509,
0.280802228760982,0.312968134362401,0.346630920133151,0.381726800357429,
0.418199508945183,0.455998928713873,0.495080046892118,0.535402143332512,
0.5769281487351,0.619624129671185,0.663458869906946,0.708403526041081,0.754431341311052,
0.801517405513374,0.849638451902951,0.898772684055407,0.94889962723783,
0.992584726395648),.UNSPECIFIED.);
#85=B_SPLINE_CURVE_WITH_KNOTS('',3,(#5625,#5626,#5627,#5628,#5629,#5630,
#5631,#5632,#5633,#5634,#5635,#5636,#5637,#5638,#5639,#5640,#5641,#5642,
#5643,#5644,#5645,#5646,#5647,#5648,#5649,#5650,#5651,#5652,#5653,#5654),
 .UNSPECIFIED.,.F.,.F.,(4,1,1,1,1,1,1,1,1,1,1,1,1,1,1,1,1,1,1,1,1,1,1,1,
1,1,1,4),(0.,0.0780109662847482,0.0901685395200571,0.105863895976587,0.124434891170109,
0.145492419933232,0.168772393642441,0.194080393087177,0.2212655452278,0.25020634961509,
0.280802228760982,0.312968134362401,0.346630920133151,0.381726800357429,
0.418199508945183,0.455998928713873,0.495080046892118,0.535402143332512,
0.5769281487351,0.619624129671185,0.663458869906946,0.708403526041081,0.754431341311052,
0.801517405513374,0.849638451902951,0.898772684055407,0.94889962723783,
0.992584726395648),.UNSPECIFIED.);
#86=B_SPLINE_CURVE_WITH_KNOTS('',3,(#5662,#5663,#5664,#5665,#5666,#5667,
#5668,#5669,#5670,#5671,#5672,#5673,#5674,#5675,#5676,#5677,#5678,#5679,
#5680,#5681,#5682,#5683,#5684,#5685,#5686,#5687,#5688,#5689,#5690,#5691),
 .UNSPECIFIED.,.F.,.F.,(4,1,1,1,1,1,1,1,1,1,1,1,1,1,1,1,1,1,1,1,1,1,1,1,
1,1,1,4),(0.,0.0780109662847482,0.0901685395200571,0.105863895976587,0.124434891170109,
0.145492419933232,0.168772393642441,0.194080393087177,0.2212655452278,0.25020634961509,
0.280802228760982,0.312968134362401,0.346630920133151,0.381726800357429,
0.418199508945183,0.455998928713873,0.495080046892118,0.535402143332512,
0.5769281487351,0.619624129671185,0.663458869906946,0.708403526041081,0.754431341311052,
0.801517405513374,0.849638451902951,0.898772684055407,0.94889962723783,
0.992584726395648),.UNSPECIFIED.);
#87=B_SPLINE_CURVE_WITH_KNOTS('',3,(#5692,#5693,#5694,#5695,#5696,#5697,
#5698,#5699,#5700,#5701,#5702,#5703,#5704,#5705,#5706,#5707,#5708,#5709,
#5710,#5711,#5712,#5713,#5714,#5715,#5716,#5717,#5718,#5719,#5720,#5721),
 .UNSPECIFIED.,.F.,.F.,(4,1,1,1,1,1,1,1,1,1,1,1,1,1,1,1,1,1,1,1,1,1,1,1,
1,1,1,4),(0.,0.0780109662847482,0.0901685395200571,0.105863895976587,0.124434891170109,
0.145492419933232,0.168772393642441,0.194080393087177,0.2212655452278,0.25020634961509,
0.280802228760982,0.312968134362401,0.346630920133151,0.381726800357429,
0.418199508945183,0.455998928713873,0.495080046892118,0.535402143332512,
0.5769281487351,0.619624129671185,0.663458869906946,0.708403526041081,0.754431341311052,
0.801517405513374,0.849638451902951,0.898772684055407,0.94889962723783,
0.992584726395648),.UNSPECIFIED.);
#88=B_SPLINE_CURVE_WITH_KNOTS('',3,(#5729,#5730,#5731,#5732,#5733,#5734,
#5735,#5736,#5737,#5738,#5739,#5740,#5741,#5742,#5743,#5744,#5745,#5746,
#5747,#5748,#5749,#5750,#5751,#5752,#5753,#5754,#5755,#5756,#5757,#5758),
 .UNSPECIFIED.,.F.,.F.,(4,1,1,1,1,1,1,1,1,1,1,1,1,1,1,1,1,1,1,1,1,1,1,1,
1,1,1,4),(0.,0.0780109662847482,0.0901685395200571,0.105863895976587,0.124434891170109,
0.145492419933232,0.168772393642441,0.194080393087177,0.2212655452278,0.25020634961509,
0.280802228760982,0.312968134362401,0.346630920133151,0.381726800357429,
0.418199508945183,0.455998928713873,0.495080046892118,0.535402143332512,
0.5769281487351,0.619624129671185,0.663458869906946,0.708403526041081,0.754431341311052,
0.801517405513374,0.849638451902951,0.898772684055407,0.94889962723783,
0.992584726395648),.UNSPECIFIED.);
#89=B_SPLINE_CURVE_WITH_KNOTS('',3,(#5762,#5763,#5764,#5765,#5766,#5767,
#5768,#5769,#5770,#5771,#5772,#5773,#5774,#5775,#5776,#5777,#5778,#5779,
#5780,#5781,#5782,#5783,#5784,#5785,#5786,#5787,#5788,#5789,#5790,#5791),
 .UNSPECIFIED.,.F.,.F.,(4,1,1,1,1,1,1,1,1,1,1,1,1,1,1,1,1,1,1,1,1,1,1,1,
1,1,1,4),(0.,0.0780109662847482,0.0901685395200571,0.105863895976587,0.124434891170109,
0.145492419933232,0.168772393642441,0.194080393087177,0.2212655452278,0.25020634961509,
0.280802228760982,0.312968134362401,0.346630920133151,0.381726800357429,
0.418199508945183,0.455998928713873,0.495080046892118,0.535402143332512,
0.5769281487351,0.619624129671185,0.663458869906946,0.708403526041081,0.754431341311052,
0.801517405513374,0.849638451902951,0.898772684055407,0.94889962723783,
0.992584726395648),.UNSPECIFIED.);
#90=B_SPLINE_CURVE_WITH_KNOTS('',3,(#5799,#5800,#5801,#5802,#5803,#5804,
#5805,#5806,#5807,#5808,#5809,#5810,#5811,#5812,#5813,#5814,#5815,#5816,
#5817,#5818,#5819,#5820,#5821,#5822,#5823,#5824,#5825,#5826,#5827,#5828),
 .UNSPECIFIED.,.F.,.F.,(4,1,1,1,1,1,1,1,1,1,1,1,1,1,1,1,1,1,1,1,1,1,1,1,
1,1,1,4),(0.,0.0780109662847482,0.0901685395200571,0.105863895976587,0.124434891170109,
0.145492419933232,0.168772393642441,0.194080393087177,0.2212655452278,0.25020634961509,
0.280802228760982,0.312968134362401,0.346630920133151,0.381726800357429,
0.418199508945183,0.455998928713873,0.495080046892118,0.535402143332512,
0.5769281487351,0.619624129671185,0.663458869906946,0.708403526041081,0.754431341311052,
0.801517405513374,0.849638451902951,0.898772684055407,0.94889962723783,
0.992584726395648),.UNSPECIFIED.);
#91=B_SPLINE_CURVE_WITH_KNOTS('',3,(#5829,#5830,#5831,#5832,#5833,#5834,
#5835,#5836,#5837,#5838,#5839,#5840,#5841,#5842,#5843,#5844,#5845,#5846,
#5847,#5848,#5849,#5850,#5851,#5852,#5853,#5854,#5855,#5856,#5857,#5858),
 .UNSPECIFIED.,.F.,.F.,(4,1,1,1,1,1,1,1,1,1,1,1,1,1,1,1,1,1,1,1,1,1,1,1,
1,1,1,4),(0.,0.0780109662847482,0.0901685395200571,0.105863895976587,0.124434891170109,
0.145492419933232,0.168772393642441,0.194080393087177,0.2212655452278,0.25020634961509,
0.280802228760982,0.312968134362401,0.346630920133151,0.381726800357429,
0.418199508945183,0.455998928713873,0.495080046892118,0.535402143332512,
0.5769281487351,0.619624129671185,0.663458869906946,0.708403526041081,0.754431341311052,
0.801517405513374,0.849638451902951,0.898772684055407,0.94889962723783,
0.992584726395648),.UNSPECIFIED.);
#92=B_SPLINE_CURVE_WITH_KNOTS('',3,(#5866,#5867,#5868,#5869,#5870,#5871,
#5872,#5873,#5874,#5875,#5876,#5877,#5878,#5879,#5880,#5881,#5882,#5883,
#5884,#5885,#5886,#5887,#5888,#5889,#5890,#5891,#5892,#5893,#5894,#5895),
 .UNSPECIFIED.,.F.,.F.,(4,1,1,1,1,1,1,1,1,1,1,1,1,1,1,1,1,1,1,1,1,1,1,1,
1,1,1,4),(0.,0.0780109662847482,0.0901685395200571,0.105863895976587,0.124434891170109,
0.145492419933232,0.168772393642441,0.194080393087177,0.2212655452278,0.25020634961509,
0.280802228760982,0.312968134362401,0.346630920133151,0.381726800357429,
0.418199508945183,0.455998928713873,0.495080046892118,0.535402143332512,
0.5769281487351,0.619624129671185,0.663458869906946,0.708403526041081,0.754431341311052,
0.801517405513374,0.849638451902951,0.898772684055407,0.94889962723783,
0.992584726395648),.UNSPECIFIED.);
#93=B_SPLINE_CURVE_WITH_KNOTS('',3,(#5896,#5897,#5898,#5899,#5900,#5901,
#5902,#5903,#5904,#5905,#5906,#5907,#5908,#5909,#5910,#5911,#5912,#5913,
#5914,#5915,#5916,#5917,#5918,#5919,#5920,#5921,#5922,#5923,#5924,#5925),
 .UNSPECIFIED.,.F.,.F.,(4,1,1,1,1,1,1,1,1,1,1,1,1,1,1,1,1,1,1,1,1,1,1,1,
1,1,1,4),(0.,0.0780109662847482,0.0901685395200571,0.105863895976587,0.124434891170109,
0.145492419933232,0.168772393642441,0.194080393087177,0.2212655452278,0.25020634961509,
0.280802228760982,0.312968134362401,0.346630920133151,0.381726800357429,
0.418199508945183,0.455998928713873,0.495080046892118,0.535402143332512,
0.5769281487351,0.619624129671185,0.663458869906946,0.708403526041081,0.754431341311052,
0.801517405513374,0.849638451902951,0.898772684055407,0.94889962723783,
0.992584726395648),.UNSPECIFIED.);
#94=B_SPLINE_CURVE_WITH_KNOTS('',3,(#5933,#5934,#5935,#5936,#5937,#5938,
#5939,#5940,#5941,#5942,#5943,#5944,#5945,#5946,#5947,#5948,#5949,#5950,
#5951,#5952,#5953,#5954,#5955,#5956,#5957,#5958,#5959,#5960,#5961,#5962),
 .UNSPECIFIED.,.F.,.F.,(4,1,1,1,1,1,1,1,1,1,1,1,1,1,1,1,1,1,1,1,1,1,1,1,
1,1,1,4),(0.,0.0780109662847482,0.0901685395200571,0.105863895976587,0.124434891170109,
0.145492419933232,0.168772393642441,0.194080393087177,0.2212655452278,0.25020634961509,
0.280802228760982,0.312968134362401,0.346630920133151,0.381726800357429,
0.418199508945183,0.455998928713873,0.495080046892118,0.535402143332512,
0.5769281487351,0.619624129671185,0.663458869906946,0.708403526041081,0.754431341311052,
0.801517405513374,0.849638451902951,0.898772684055407,0.94889962723783,
0.992584726395648),.UNSPECIFIED.);
#95=B_SPLINE_CURVE_WITH_KNOTS('',3,(#5963,#5964,#5965,#5966,#5967,#5968,
#5969,#5970,#5971,#5972,#5973,#5974,#5975,#5976,#5977,#5978,#5979,#5980,
#5981,#5982,#5983,#5984,#5985,#5986,#5987,#5988,#5989,#5990,#5991,#5992),
 .UNSPECIFIED.,.F.,.F.,(4,1,1,1,1,1,1,1,1,1,1,1,1,1,1,1,1,1,1,1,1,1,1,1,
1,1,1,4),(0.,0.0780109662847482,0.0901685395200571,0.105863895976587,0.124434891170109,
0.145492419933232,0.168772393642441,0.194080393087177,0.2212655452278,0.25020634961509,
0.280802228760982,0.312968134362401,0.346630920133151,0.381726800357429,
0.418199508945183,0.455998928713873,0.495080046892118,0.535402143332512,
0.5769281487351,0.619624129671185,0.663458869906946,0.708403526041081,0.754431341311052,
0.801517405513374,0.849638451902951,0.898772684055407,0.94889962723783,
0.992584726395648),.UNSPECIFIED.);
#96=B_SPLINE_CURVE_WITH_KNOTS('',3,(#6000,#6001,#6002,#6003,#6004,#6005,
#6006,#6007,#6008,#6009,#6010,#6011,#6012,#6013,#6014,#6015,#6016,#6017,
#6018,#6019,#6020,#6021,#6022,#6023,#6024,#6025,#6026,#6027,#6028,#6029),
 .UNSPECIFIED.,.F.,.F.,(4,1,1,1,1,1,1,1,1,1,1,1,1,1,1,1,1,1,1,1,1,1,1,1,
1,1,1,4),(0.,0.0780109662847482,0.0901685395200571,0.105863895976587,0.124434891170109,
0.145492419933232,0.168772393642441,0.194080393087177,0.2212655452278,0.25020634961509,
0.280802228760982,0.312968134362401,0.346630920133151,0.381726800357429,
0.418199508945183,0.455998928713873,0.495080046892118,0.535402143332512,
0.5769281487351,0.619624129671185,0.663458869906946,0.708403526041081,0.754431341311052,
0.801517405513374,0.849638451902951,0.898772684055407,0.94889962723783,
0.992584726395648),.UNSPECIFIED.);
#97=B_SPLINE_CURVE_WITH_KNOTS('',3,(#6030,#6031,#6032,#6033,#6034,#6035,
#6036,#6037,#6038,#6039,#6040,#6041,#6042,#6043,#6044,#6045,#6046,#6047,
#6048,#6049,#6050,#6051,#6052,#6053,#6054,#6055,#6056,#6057,#6058,#6059),
 .UNSPECIFIED.,.F.,.F.,(4,1,1,1,1,1,1,1,1,1,1,1,1,1,1,1,1,1,1,1,1,1,1,1,
1,1,1,4),(0.,0.0780109662847482,0.0901685395200571,0.105863895976587,0.124434891170109,
0.145492419933232,0.168772393642441,0.194080393087177,0.2212655452278,0.25020634961509,
0.280802228760982,0.312968134362401,0.346630920133151,0.381726800357429,
0.418199508945183,0.455998928713873,0.495080046892118,0.535402143332512,
0.5769281487351,0.619624129671185,0.663458869906946,0.708403526041081,0.754431341311052,
0.801517405513374,0.849638451902951,0.898772684055407,0.94889962723783,
0.992584726395648),.UNSPECIFIED.);
#98=B_SPLINE_CURVE_WITH_KNOTS('',3,(#6067,#6068,#6069,#6070,#6071,#6072,
#6073,#6074,#6075,#6076,#6077,#6078,#6079,#6080,#6081,#6082,#6083,#6084,
#6085,#6086,#6087,#6088,#6089,#6090,#6091,#6092,#6093,#6094,#6095,#6096),
 .UNSPECIFIED.,.F.,.F.,(4,1,1,1,1,1,1,1,1,1,1,1,1,1,1,1,1,1,1,1,1,1,1,1,
1,1,1,4),(0.,0.0780109662847482,0.0901685395200571,0.105863895976587,0.124434891170109,
0.145492419933232,0.168772393642441,0.194080393087177,0.2212655452278,0.25020634961509,
0.280802228760982,0.312968134362401,0.346630920133151,0.381726800357429,
0.418199508945183,0.455998928713873,0.495080046892118,0.535402143332512,
0.5769281487351,0.619624129671185,0.663458869906946,0.708403526041081,0.754431341311052,
0.801517405513374,0.849638451902951,0.898772684055407,0.94889962723783,
0.992584726395648),.UNSPECIFIED.);
#99=B_SPLINE_CURVE_WITH_KNOTS('',3,(#6097,#6098,#6099,#6100,#6101,#6102,
#6103,#6104,#6105,#6106,#6107,#6108,#6109,#6110,#6111,#6112,#6113,#6114,
#6115,#6116,#6117,#6118,#6119,#6120,#6121,#6122,#6123,#6124,#6125,#6126),
 .UNSPECIFIED.,.F.,.F.,(4,1,1,1,1,1,1,1,1,1,1,1,1,1,1,1,1,1,1,1,1,1,1,1,
1,1,1,4),(0.,0.0780109662847482,0.0901685395200571,0.105863895976587,0.124434891170109,
0.145492419933232,0.168772393642441,0.194080393087177,0.2212655452278,0.25020634961509,
0.280802228760982,0.312968134362401,0.346630920133151,0.381726800357429,
0.418199508945183,0.455998928713873,0.495080046892118,0.535402143332512,
0.5769281487351,0.619624129671185,0.663458869906946,0.708403526041081,0.754431341311052,
0.801517405513374,0.849638451902951,0.898772684055407,0.94889962723783,
0.992584726395648),.UNSPECIFIED.);
#100=B_SPLINE_CURVE_WITH_KNOTS('',3,(#6134,#6135,#6136,#6137,#6138,#6139,
#6140,#6141,#6142,#6143,#6144,#6145,#6146,#6147,#6148,#6149,#6150,#6151,
#6152,#6153,#6154,#6155,#6156,#6157,#6158,#6159,#6160,#6161,#6162,#6163),
 .UNSPECIFIED.,.F.,.F.,(4,1,1,1,1,1,1,1,1,1,1,1,1,1,1,1,1,1,1,1,1,1,1,1,
1,1,1,4),(0.,0.0780109662847482,0.0901685395200571,0.105863895976587,0.124434891170109,
0.145492419933232,0.168772393642441,0.194080393087177,0.2212655452278,0.25020634961509,
0.280802228760982,0.312968134362401,0.346630920133151,0.381726800357429,
0.418199508945183,0.455998928713873,0.495080046892118,0.535402143332512,
0.5769281487351,0.619624129671185,0.663458869906946,0.708403526041081,0.754431341311052,
0.801517405513374,0.849638451902951,0.898772684055407,0.94889962723783,
0.992584726395648),.UNSPECIFIED.);
#101=B_SPLINE_CURVE_WITH_KNOTS('',3,(#6164,#6165,#6166,#6167,#6168,#6169,
#6170,#6171,#6172,#6173,#6174,#6175,#6176,#6177,#6178,#6179,#6180,#6181,
#6182,#6183,#6184,#6185,#6186,#6187,#6188,#6189,#6190,#6191,#6192,#6193),
 .UNSPECIFIED.,.F.,.F.,(4,1,1,1,1,1,1,1,1,1,1,1,1,1,1,1,1,1,1,1,1,1,1,1,
1,1,1,4),(0.,0.0780109662847482,0.0901685395200571,0.105863895976587,0.124434891170109,
0.145492419933232,0.168772393642441,0.194080393087177,0.2212655452278,0.25020634961509,
0.280802228760982,0.312968134362401,0.346630920133151,0.381726800357429,
0.418199508945183,0.455998928713873,0.495080046892118,0.535402143332512,
0.5769281487351,0.619624129671185,0.663458869906946,0.708403526041081,0.754431341311052,
0.801517405513374,0.849638451902951,0.898772684055407,0.94889962723783,
0.992584726395648),.UNSPECIFIED.);
#102=B_SPLINE_CURVE_WITH_KNOTS('',3,(#6201,#6202,#6203,#6204,#6205,#6206,
#6207,#6208,#6209,#6210,#6211,#6212,#6213,#6214,#6215,#6216,#6217,#6218,
#6219,#6220,#6221,#6222,#6223,#6224,#6225,#6226,#6227,#6228,#6229,#6230),
 .UNSPECIFIED.,.F.,.F.,(4,1,1,1,1,1,1,1,1,1,1,1,1,1,1,1,1,1,1,1,1,1,1,1,
1,1,1,4),(0.,0.0780109662847482,0.0901685395200571,0.105863895976587,0.124434891170109,
0.145492419933232,0.168772393642441,0.194080393087177,0.2212655452278,0.25020634961509,
0.280802228760982,0.312968134362401,0.346630920133151,0.381726800357429,
0.418199508945183,0.455998928713873,0.495080046892118,0.535402143332512,
0.5769281487351,0.619624129671185,0.663458869906946,0.708403526041081,0.754431341311052,
0.801517405513374,0.849638451902951,0.898772684055407,0.94889962723783,
0.992584726395648),.UNSPECIFIED.);
#103=B_SPLINE_CURVE_WITH_KNOTS('',3,(#6231,#6232,#6233,#6234,#6235,#6236,
#6237,#6238,#6239,#6240,#6241,#6242,#6243,#6244,#6245,#6246,#6247,#6248,
#6249,#6250,#6251,#6252,#6253,#6254,#6255,#6256,#6257,#6258,#6259,#6260),
 .UNSPECIFIED.,.F.,.F.,(4,1,1,1,1,1,1,1,1,1,1,1,1,1,1,1,1,1,1,1,1,1,1,1,
1,1,1,4),(0.,0.0780109662847482,0.0901685395200571,0.105863895976587,0.124434891170109,
0.145492419933232,0.168772393642441,0.194080393087177,0.2212655452278,0.25020634961509,
0.280802228760982,0.312968134362401,0.346630920133151,0.381726800357429,
0.418199508945183,0.455998928713873,0.495080046892118,0.535402143332512,
0.5769281487351,0.619624129671185,0.663458869906946,0.708403526041081,0.754431341311052,
0.801517405513374,0.849638451902951,0.898772684055407,0.94889962723783,
0.992584726395648),.UNSPECIFIED.);
#104=B_SPLINE_CURVE_WITH_KNOTS('',3,(#6268,#6269,#6270,#6271,#6272,#6273,
#6274,#6275,#6276,#6277,#6278,#6279,#6280,#6281,#6282,#6283,#6284,#6285,
#6286,#6287,#6288,#6289,#6290,#6291,#6292,#6293,#6294,#6295,#6296,#6297),
 .UNSPECIFIED.,.F.,.F.,(4,1,1,1,1,1,1,1,1,1,1,1,1,1,1,1,1,1,1,1,1,1,1,1,
1,1,1,4),(0.,0.0780109662847482,0.0901685395200571,0.105863895976587,0.124434891170109,
0.145492419933232,0.168772393642441,0.194080393087177,0.2212655452278,0.25020634961509,
0.280802228760982,0.312968134362401,0.346630920133151,0.381726800357429,
0.418199508945183,0.455998928713873,0.495080046892118,0.535402143332512,
0.5769281487351,0.619624129671185,0.663458869906946,0.708403526041081,0.754431341311052,
0.801517405513374,0.849638451902951,0.898772684055407,0.94889962723783,
0.992584726395648),.UNSPECIFIED.);
#105=B_SPLINE_CURVE_WITH_KNOTS('',3,(#6298,#6299,#6300,#6301,#6302,#6303,
#6304,#6305,#6306,#6307,#6308,#6309,#6310,#6311,#6312,#6313,#6314,#6315,
#6316,#6317,#6318,#6319,#6320,#6321,#6322,#6323,#6324,#6325,#6326,#6327),
 .UNSPECIFIED.,.F.,.F.,(4,1,1,1,1,1,1,1,1,1,1,1,1,1,1,1,1,1,1,1,1,1,1,1,
1,1,1,4),(0.,0.0780109662847482,0.0901685395200571,0.105863895976587,0.124434891170109,
0.145492419933232,0.168772393642441,0.194080393087177,0.2212655452278,0.25020634961509,
0.280802228760982,0.312968134362401,0.346630920133151,0.381726800357429,
0.418199508945183,0.455998928713873,0.495080046892118,0.535402143332512,
0.5769281487351,0.619624129671185,0.663458869906946,0.708403526041081,0.754431341311052,
0.801517405513374,0.849638451902951,0.898772684055407,0.94889962723783,
0.992584726395648),.UNSPECIFIED.);
#106=B_SPLINE_CURVE_WITH_KNOTS('',3,(#6335,#6336,#6337,#6338,#6339,#6340,
#6341,#6342,#6343,#6344,#6345,#6346,#6347,#6348,#6349,#6350,#6351,#6352,
#6353,#6354,#6355,#6356,#6357,#6358,#6359,#6360,#6361,#6362,#6363,#6364),
 .UNSPECIFIED.,.F.,.F.,(4,1,1,1,1,1,1,1,1,1,1,1,1,1,1,1,1,1,1,1,1,1,1,1,
1,1,1,4),(0.,0.0780109662847482,0.0901685395200571,0.105863895976587,0.124434891170109,
0.145492419933232,0.168772393642441,0.194080393087177,0.2212655452278,0.25020634961509,
0.280802228760982,0.312968134362401,0.346630920133151,0.381726800357429,
0.418199508945183,0.455998928713873,0.495080046892118,0.535402143332512,
0.5769281487351,0.619624129671185,0.663458869906946,0.708403526041081,0.754431341311052,
0.801517405513374,0.849638451902951,0.898772684055407,0.94889962723783,
0.992584726395648),.UNSPECIFIED.);
#107=B_SPLINE_CURVE_WITH_KNOTS('',3,(#6365,#6366,#6367,#6368,#6369,#6370,
#6371,#6372,#6373,#6374,#6375,#6376,#6377,#6378,#6379,#6380,#6381,#6382,
#6383,#6384,#6385,#6386,#6387,#6388,#6389,#6390,#6391,#6392,#6393,#6394),
 .UNSPECIFIED.,.F.,.F.,(4,1,1,1,1,1,1,1,1,1,1,1,1,1,1,1,1,1,1,1,1,1,1,1,
1,1,1,4),(0.,0.0780109662847482,0.0901685395200571,0.105863895976587,0.124434891170109,
0.145492419933232,0.168772393642441,0.194080393087177,0.2212655452278,0.25020634961509,
0.280802228760982,0.312968134362401,0.346630920133151,0.381726800357429,
0.418199508945183,0.455998928713873,0.495080046892118,0.535402143332512,
0.5769281487351,0.619624129671185,0.663458869906946,0.708403526041081,0.754431341311052,
0.801517405513374,0.849638451902951,0.898772684055407,0.94889962723783,
0.992584726395648),.UNSPECIFIED.);
#108=B_SPLINE_CURVE_WITH_KNOTS('',3,(#6402,#6403,#6404,#6405,#6406,#6407,
#6408,#6409,#6410,#6411,#6412,#6413,#6414,#6415,#6416,#6417,#6418,#6419,
#6420,#6421,#6422,#6423,#6424,#6425,#6426,#6427,#6428,#6429,#6430,#6431),
 .UNSPECIFIED.,.F.,.F.,(4,1,1,1,1,1,1,1,1,1,1,1,1,1,1,1,1,1,1,1,1,1,1,1,
1,1,1,4),(0.,0.0780109662847482,0.0901685395200571,0.105863895976587,0.124434891170109,
0.145492419933232,0.168772393642441,0.194080393087177,0.2212655452278,0.25020634961509,
0.280802228760982,0.312968134362401,0.346630920133151,0.381726800357429,
0.418199508945183,0.455998928713873,0.495080046892118,0.535402143332512,
0.5769281487351,0.619624129671185,0.663458869906946,0.708403526041081,0.754431341311052,
0.801517405513374,0.849638451902951,0.898772684055407,0.94889962723783,
0.992584726395648),.UNSPECIFIED.);
#109=B_SPLINE_CURVE_WITH_KNOTS('',3,(#6432,#6433,#6434,#6435,#6436,#6437,
#6438,#6439,#6440,#6441,#6442,#6443,#6444,#6445,#6446,#6447,#6448,#6449,
#6450,#6451,#6452,#6453,#6454,#6455,#6456,#6457,#6458,#6459,#6460,#6461),
 .UNSPECIFIED.,.F.,.F.,(4,1,1,1,1,1,1,1,1,1,1,1,1,1,1,1,1,1,1,1,1,1,1,1,
1,1,1,4),(0.,0.0780109662847482,0.0901685395200571,0.105863895976587,0.124434891170109,
0.145492419933232,0.168772393642441,0.194080393087177,0.2212655452278,0.25020634961509,
0.280802228760982,0.312968134362401,0.346630920133151,0.381726800357429,
0.418199508945183,0.455998928713873,0.495080046892118,0.535402143332512,
0.5769281487351,0.619624129671185,0.663458869906946,0.708403526041081,0.754431341311052,
0.801517405513374,0.849638451902951,0.898772684055407,0.94889962723783,
0.992584726395648),.UNSPECIFIED.);
#110=B_SPLINE_CURVE_WITH_KNOTS('',3,(#6469,#6470,#6471,#6472,#6473,#6474,
#6475,#6476,#6477,#6478,#6479,#6480,#6481,#6482,#6483,#6484,#6485,#6486,
#6487,#6488,#6489,#6490,#6491,#6492,#6493,#6494,#6495,#6496,#6497,#6498),
 .UNSPECIFIED.,.F.,.F.,(4,1,1,1,1,1,1,1,1,1,1,1,1,1,1,1,1,1,1,1,1,1,1,1,
1,1,1,4),(0.,0.0780109662847482,0.0901685395200571,0.105863895976587,0.124434891170109,
0.145492419933232,0.168772393642441,0.194080393087177,0.2212655452278,0.25020634961509,
0.280802228760982,0.312968134362401,0.346630920133151,0.381726800357429,
0.418199508945183,0.455998928713873,0.495080046892118,0.535402143332512,
0.5769281487351,0.619624129671185,0.663458869906946,0.708403526041081,0.754431341311052,
0.801517405513374,0.849638451902951,0.898772684055407,0.94889962723783,
0.992584726395648),.UNSPECIFIED.);
#111=B_SPLINE_CURVE_WITH_KNOTS('',3,(#6499,#6500,#6501,#6502,#6503,#6504,
#6505,#6506,#6507,#6508,#6509,#6510,#6511,#6512,#6513,#6514,#6515,#6516,
#6517,#6518,#6519,#6520,#6521,#6522,#6523,#6524,#6525,#6526,#6527,#6528),
 .UNSPECIFIED.,.F.,.F.,(4,1,1,1,1,1,1,1,1,1,1,1,1,1,1,1,1,1,1,1,1,1,1,1,
1,1,1,4),(0.,0.0780109662847482,0.0901685395200571,0.105863895976587,0.124434891170109,
0.145492419933232,0.168772393642441,0.194080393087177,0.2212655452278,0.25020634961509,
0.280802228760982,0.312968134362401,0.346630920133151,0.381726800357429,
0.418199508945183,0.455998928713873,0.495080046892118,0.535402143332512,
0.5769281487351,0.619624129671185,0.663458869906946,0.708403526041081,0.754431341311052,
0.801517405513374,0.849638451902951,0.898772684055407,0.94889962723783,
0.992584726395648),.UNSPECIFIED.);
#112=B_SPLINE_CURVE_WITH_KNOTS('',3,(#6536,#6537,#6538,#6539,#6540,#6541,
#6542,#6543,#6544,#6545,#6546,#6547,#6548,#6549,#6550,#6551,#6552,#6553,
#6554,#6555,#6556,#6557,#6558,#6559,#6560,#6561,#6562,#6563,#6564,#6565),
 .UNSPECIFIED.,.F.,.F.,(4,1,1,1,1,1,1,1,1,1,1,1,1,1,1,1,1,1,1,1,1,1,1,1,
1,1,1,4),(0.,0.0780109662847482,0.0901685395200571,0.105863895976587,0.124434891170109,
0.145492419933232,0.168772393642441,0.194080393087177,0.2212655452278,0.25020634961509,
0.280802228760982,0.312968134362401,0.346630920133151,0.381726800357429,
0.418199508945183,0.455998928713873,0.495080046892118,0.535402143332512,
0.5769281487351,0.619624129671185,0.663458869906946,0.708403526041081,0.754431341311052,
0.801517405513374,0.849638451902951,0.898772684055407,0.94889962723783,
0.992584726395648),.UNSPECIFIED.);
#113=B_SPLINE_CURVE_WITH_KNOTS('',3,(#6566,#6567,#6568,#6569,#6570,#6571,
#6572,#6573,#6574,#6575,#6576,#6577,#6578,#6579,#6580,#6581,#6582,#6583,
#6584,#6585,#6586,#6587,#6588,#6589,#6590,#6591,#6592,#6593,#6594,#6595),
 .UNSPECIFIED.,.F.,.F.,(4,1,1,1,1,1,1,1,1,1,1,1,1,1,1,1,1,1,1,1,1,1,1,1,
1,1,1,4),(0.,0.0780109662847482,0.0901685395200571,0.105863895976587,0.124434891170109,
0.145492419933232,0.168772393642441,0.194080393087177,0.2212655452278,0.25020634961509,
0.280802228760982,0.312968134362401,0.346630920133151,0.381726800357429,
0.418199508945183,0.455998928713873,0.495080046892118,0.535402143332512,
0.5769281487351,0.619624129671185,0.663458869906946,0.708403526041081,0.754431341311052,
0.801517405513374,0.849638451902951,0.898772684055407,0.94889962723783,
0.992584726395648),.UNSPECIFIED.);
#114=B_SPLINE_CURVE_WITH_KNOTS('',3,(#6603,#6604,#6605,#6606,#6607,#6608,
#6609,#6610,#6611,#6612,#6613,#6614,#6615,#6616,#6617,#6618,#6619,#6620,
#6621,#6622,#6623,#6624,#6625,#6626,#6627,#6628,#6629,#6630,#6631,#6632),
 .UNSPECIFIED.,.F.,.F.,(4,1,1,1,1,1,1,1,1,1,1,1,1,1,1,1,1,1,1,1,1,1,1,1,
1,1,1,4),(0.,0.0780109662847482,0.0901685395200571,0.105863895976587,0.124434891170109,
0.145492419933232,0.168772393642441,0.194080393087177,0.2212655452278,0.25020634961509,
0.280802228760982,0.312968134362401,0.346630920133151,0.381726800357429,
0.418199508945183,0.455998928713873,0.495080046892118,0.535402143332512,
0.5769281487351,0.619624129671185,0.663458869906946,0.708403526041081,0.754431341311052,
0.801517405513374,0.849638451902951,0.898772684055407,0.94889962723783,
0.992584726395648),.UNSPECIFIED.);
#115=B_SPLINE_CURVE_WITH_KNOTS('',3,(#6633,#6634,#6635,#6636,#6637,#6638,
#6639,#6640,#6641,#6642,#6643,#6644,#6645,#6646,#6647,#6648,#6649,#6650,
#6651,#6652,#6653,#6654,#6655,#6656,#6657,#6658,#6659,#6660,#6661,#6662),
 .UNSPECIFIED.,.F.,.F.,(4,1,1,1,1,1,1,1,1,1,1,1,1,1,1,1,1,1,1,1,1,1,1,1,
1,1,1,4),(0.,0.0780109662847482,0.0901685395200571,0.105863895976587,0.124434891170109,
0.145492419933232,0.168772393642441,0.194080393087177,0.2212655452278,0.25020634961509,
0.280802228760982,0.312968134362401,0.346630920133151,0.381726800357429,
0.418199508945183,0.455998928713873,0.495080046892118,0.535402143332512,
0.5769281487351,0.619624129671185,0.663458869906946,0.708403526041081,0.754431341311052,
0.801517405513374,0.849638451902951,0.898772684055407,0.94889962723783,
0.992584726395648),.UNSPECIFIED.);
#116=B_SPLINE_CURVE_WITH_KNOTS('',3,(#6670,#6671,#6672,#6673,#6674,#6675,
#6676,#6677,#6678,#6679,#6680,#6681,#6682,#6683,#6684,#6685,#6686,#6687,
#6688,#6689,#6690,#6691,#6692,#6693,#6694,#6695,#6696,#6697,#6698,#6699),
 .UNSPECIFIED.,.F.,.F.,(4,1,1,1,1,1,1,1,1,1,1,1,1,1,1,1,1,1,1,1,1,1,1,1,
1,1,1,4),(0.,0.0780109662847482,0.0901685395200571,0.105863895976587,0.124434891170109,
0.145492419933232,0.168772393642441,0.194080393087177,0.2212655452278,0.25020634961509,
0.280802228760982,0.312968134362401,0.346630920133151,0.381726800357429,
0.418199508945183,0.455998928713873,0.495080046892118,0.535402143332512,
0.5769281487351,0.619624129671185,0.663458869906946,0.708403526041081,0.754431341311052,
0.801517405513374,0.849638451902951,0.898772684055407,0.94889962723783,
0.992584726395648),.UNSPECIFIED.);
#117=B_SPLINE_CURVE_WITH_KNOTS('',3,(#6700,#6701,#6702,#6703,#6704,#6705,
#6706,#6707,#6708,#6709,#6710,#6711,#6712,#6713,#6714,#6715,#6716,#6717,
#6718,#6719,#6720,#6721,#6722,#6723,#6724,#6725,#6726,#6727,#6728,#6729),
 .UNSPECIFIED.,.F.,.F.,(4,1,1,1,1,1,1,1,1,1,1,1,1,1,1,1,1,1,1,1,1,1,1,1,
1,1,1,4),(0.,0.0780109662847482,0.0901685395200571,0.105863895976587,0.124434891170109,
0.145492419933232,0.168772393642441,0.194080393087177,0.2212655452278,0.25020634961509,
0.280802228760982,0.312968134362401,0.346630920133151,0.381726800357429,
0.418199508945183,0.455998928713873,0.495080046892118,0.535402143332512,
0.5769281487351,0.619624129671185,0.663458869906946,0.708403526041081,0.754431341311052,
0.801517405513374,0.849638451902951,0.898772684055407,0.94889962723783,
0.992584726395648),.UNSPECIFIED.);
#118=B_SPLINE_CURVE_WITH_KNOTS('',3,(#6737,#6738,#6739,#6740,#6741,#6742,
#6743,#6744,#6745,#6746,#6747,#6748,#6749,#6750,#6751,#6752,#6753,#6754,
#6755,#6756,#6757,#6758,#6759,#6760,#6761,#6762,#6763,#6764,#6765,#6766),
 .UNSPECIFIED.,.F.,.F.,(4,1,1,1,1,1,1,1,1,1,1,1,1,1,1,1,1,1,1,1,1,1,1,1,
1,1,1,4),(0.,0.0780109662847482,0.0901685395200571,0.105863895976587,0.124434891170109,
0.145492419933232,0.168772393642441,0.194080393087177,0.2212655452278,0.25020634961509,
0.280802228760982,0.312968134362401,0.346630920133151,0.381726800357429,
0.418199508945183,0.455998928713873,0.495080046892118,0.535402143332512,
0.5769281487351,0.619624129671185,0.663458869906946,0.708403526041081,0.754431341311052,
0.801517405513374,0.849638451902951,0.898772684055407,0.94889962723783,
0.992584726395648),.UNSPECIFIED.);
#119=B_SPLINE_CURVE_WITH_KNOTS('',3,(#6767,#6768,#6769,#6770,#6771,#6772,
#6773,#6774,#6775,#6776,#6777,#6778,#6779,#6780,#6781,#6782,#6783,#6784,
#6785,#6786,#6787,#6788,#6789,#6790,#6791,#6792,#6793,#6794,#6795,#6796),
 .UNSPECIFIED.,.F.,.F.,(4,1,1,1,1,1,1,1,1,1,1,1,1,1,1,1,1,1,1,1,1,1,1,1,
1,1,1,4),(0.,0.0780109662847482,0.0901685395200571,0.105863895976587,0.124434891170109,
0.145492419933232,0.168772393642441,0.194080393087177,0.2212655452278,0.25020634961509,
0.280802228760982,0.312968134362401,0.346630920133151,0.381726800357429,
0.418199508945183,0.455998928713873,0.495080046892118,0.535402143332512,
0.5769281487351,0.619624129671185,0.663458869906946,0.708403526041081,0.754431341311052,
0.801517405513374,0.849638451902951,0.898772684055407,0.94889962723783,
0.992584726395648),.UNSPECIFIED.);
#120=B_SPLINE_CURVE_WITH_KNOTS('',3,(#6804,#6805,#6806,#6807,#6808,#6809,
#6810,#6811,#6812,#6813,#6814,#6815,#6816,#6817,#6818,#6819,#6820,#6821,
#6822,#6823,#6824,#6825,#6826,#6827,#6828,#6829,#6830,#6831,#6832,#6833),
 .UNSPECIFIED.,.F.,.F.,(4,1,1,1,1,1,1,1,1,1,1,1,1,1,1,1,1,1,1,1,1,1,1,1,
1,1,1,4),(0.,0.0780109662847482,0.0901685395200571,0.105863895976587,0.124434891170109,
0.145492419933232,0.168772393642441,0.194080393087177,0.2212655452278,0.25020634961509,
0.280802228760982,0.312968134362401,0.346630920133151,0.381726800357429,
0.418199508945183,0.455998928713873,0.495080046892118,0.535402143332512,
0.5769281487351,0.619624129671185,0.663458869906946,0.708403526041081,0.754431341311052,
0.801517405513374,0.849638451902951,0.898772684055407,0.94889962723783,
0.992584726395648),.UNSPECIFIED.);
#121=B_SPLINE_CURVE_WITH_KNOTS('',3,(#6834,#6835,#6836,#6837,#6838,#6839,
#6840,#6841,#6842,#6843,#6844,#6845,#6846,#6847,#6848,#6849,#6850,#6851,
#6852,#6853,#6854,#6855,#6856,#6857,#6858,#6859,#6860,#6861,#6862,#6863),
 .UNSPECIFIED.,.F.,.F.,(4,1,1,1,1,1,1,1,1,1,1,1,1,1,1,1,1,1,1,1,1,1,1,1,
1,1,1,4),(0.,0.0780109662847482,0.0901685395200571,0.105863895976587,0.124434891170109,
0.145492419933232,0.168772393642441,0.194080393087177,0.2212655452278,0.25020634961509,
0.280802228760982,0.312968134362401,0.346630920133151,0.381726800357429,
0.418199508945183,0.455998928713873,0.495080046892118,0.535402143332512,
0.5769281487351,0.619624129671185,0.663458869906946,0.708403526041081,0.754431341311052,
0.801517405513374,0.849638451902951,0.898772684055407,0.94889962723783,
0.992584726395648),.UNSPECIFIED.);
#122=B_SPLINE_CURVE_WITH_KNOTS('',3,(#6871,#6872,#6873,#6874,#6875,#6876,
#6877,#6878,#6879,#6880,#6881,#6882,#6883,#6884,#6885,#6886,#6887,#6888,
#6889,#6890,#6891,#6892,#6893,#6894,#6895,#6896,#6897,#6898,#6899,#6900),
 .UNSPECIFIED.,.F.,.F.,(4,1,1,1,1,1,1,1,1,1,1,1,1,1,1,1,1,1,1,1,1,1,1,1,
1,1,1,4),(0.,0.0780109662847482,0.0901685395200571,0.105863895976587,0.124434891170109,
0.145492419933232,0.168772393642441,0.194080393087177,0.2212655452278,0.25020634961509,
0.280802228760982,0.312968134362401,0.346630920133151,0.381726800357429,
0.418199508945183,0.455998928713873,0.495080046892118,0.535402143332512,
0.5769281487351,0.619624129671185,0.663458869906946,0.708403526041081,0.754431341311052,
0.801517405513374,0.849638451902951,0.898772684055407,0.94889962723783,
0.992584726395648),.UNSPECIFIED.);
#123=B_SPLINE_CURVE_WITH_KNOTS('',3,(#6901,#6902,#6903,#6904,#6905,#6906,
#6907,#6908,#6909,#6910,#6911,#6912,#6913,#6914,#6915,#6916,#6917,#6918,
#6919,#6920,#6921,#6922,#6923,#6924,#6925,#6926,#6927,#6928,#6929,#6930),
 .UNSPECIFIED.,.F.,.F.,(4,1,1,1,1,1,1,1,1,1,1,1,1,1,1,1,1,1,1,1,1,1,1,1,
1,1,1,4),(0.,0.0780109662847482,0.0901685395200571,0.105863895976587,0.124434891170109,
0.145492419933232,0.168772393642441,0.194080393087177,0.2212655452278,0.25020634961509,
0.280802228760982,0.312968134362401,0.346630920133151,0.381726800357429,
0.418199508945183,0.455998928713873,0.495080046892118,0.535402143332512,
0.5769281487351,0.619624129671185,0.663458869906946,0.708403526041081,0.754431341311052,
0.801517405513374,0.849638451902951,0.898772684055407,0.94889962723783,
0.992584726395648),.UNSPECIFIED.);
#124=B_SPLINE_CURVE_WITH_KNOTS('',3,(#6938,#6939,#6940,#6941,#6942,#6943,
#6944,#6945,#6946,#6947,#6948,#6949,#6950,#6951,#6952,#6953,#6954,#6955,
#6956,#6957,#6958,#6959,#6960,#6961,#6962,#6963,#6964,#6965,#6966,#6967),
 .UNSPECIFIED.,.F.,.F.,(4,1,1,1,1,1,1,1,1,1,1,1,1,1,1,1,1,1,1,1,1,1,1,1,
1,1,1,4),(0.,0.0780109662847482,0.0901685395200571,0.105863895976587,0.124434891170109,
0.145492419933232,0.168772393642441,0.194080393087177,0.2212655452278,0.25020634961509,
0.280802228760982,0.312968134362401,0.346630920133151,0.381726800357429,
0.418199508945183,0.455998928713873,0.495080046892118,0.535402143332512,
0.5769281487351,0.619624129671185,0.663458869906946,0.708403526041081,0.754431341311052,
0.801517405513374,0.849638451902951,0.898772684055407,0.94889962723783,
0.992584726395648),.UNSPECIFIED.);
#125=B_SPLINE_CURVE_WITH_KNOTS('',3,(#6968,#6969,#6970,#6971,#6972,#6973,
#6974,#6975,#6976,#6977,#6978,#6979,#6980,#6981,#6982,#6983,#6984,#6985,
#6986,#6987,#6988,#6989,#6990,#6991,#6992,#6993,#6994,#6995,#6996,#6997),
 .UNSPECIFIED.,.F.,.F.,(4,1,1,1,1,1,1,1,1,1,1,1,1,1,1,1,1,1,1,1,1,1,1,1,
1,1,1,4),(0.,0.0780109662847482,0.0901685395200571,0.105863895976587,0.124434891170109,
0.145492419933232,0.168772393642441,0.194080393087177,0.2212655452278,0.25020634961509,
0.280802228760982,0.312968134362401,0.346630920133151,0.381726800357429,
0.418199508945183,0.455998928713873,0.495080046892118,0.535402143332512,
0.5769281487351,0.619624129671185,0.663458869906946,0.708403526041081,0.754431341311052,
0.801517405513374,0.849638451902951,0.898772684055407,0.94889962723783,
0.992584726395648),.UNSPECIFIED.);
#126=B_SPLINE_CURVE_WITH_KNOTS('',3,(#7005,#7006,#7007,#7008,#7009,#7010,
#7011,#7012,#7013,#7014,#7015,#7016,#7017,#7018,#7019,#7020,#7021,#7022,
#7023,#7024,#7025,#7026,#7027,#7028,#7029,#7030,#7031,#7032,#7033,#7034),
 .UNSPECIFIED.,.F.,.F.,(4,1,1,1,1,1,1,1,1,1,1,1,1,1,1,1,1,1,1,1,1,1,1,1,
1,1,1,4),(0.,0.0780109662847482,0.0901685395200571,0.105863895976587,0.124434891170109,
0.145492419933232,0.168772393642441,0.194080393087177,0.2212655452278,0.25020634961509,
0.280802228760982,0.312968134362401,0.346630920133151,0.381726800357429,
0.418199508945183,0.455998928713873,0.495080046892118,0.535402143332512,
0.5769281487351,0.619624129671185,0.663458869906946,0.708403526041081,0.754431341311052,
0.801517405513374,0.849638451902951,0.898772684055407,0.94889962723783,
0.992584726395648),.UNSPECIFIED.);
#127=B_SPLINE_CURVE_WITH_KNOTS('',3,(#7035,#7036,#7037,#7038,#7039,#7040,
#7041,#7042,#7043,#7044,#7045,#7046,#7047,#7048,#7049,#7050,#7051,#7052,
#7053,#7054,#7055,#7056,#7057,#7058,#7059,#7060,#7061,#7062,#7063,#7064),
 .UNSPECIFIED.,.F.,.F.,(4,1,1,1,1,1,1,1,1,1,1,1,1,1,1,1,1,1,1,1,1,1,1,1,
1,1,1,4),(0.,0.0780109662847482,0.0901685395200571,0.105863895976587,0.124434891170109,
0.145492419933232,0.168772393642441,0.194080393087177,0.2212655452278,0.25020634961509,
0.280802228760982,0.312968134362401,0.346630920133151,0.381726800357429,
0.418199508945183,0.455998928713873,0.495080046892118,0.535402143332512,
0.5769281487351,0.619624129671185,0.663458869906946,0.708403526041081,0.754431341311052,
0.801517405513374,0.849638451902951,0.898772684055407,0.94889962723783,
0.992584726395648),.UNSPECIFIED.);
#128=B_SPLINE_CURVE_WITH_KNOTS('',3,(#7072,#7073,#7074,#7075,#7076,#7077,
#7078,#7079,#7080,#7081,#7082,#7083,#7084,#7085,#7086,#7087,#7088,#7089,
#7090,#7091,#7092,#7093,#7094,#7095,#7096,#7097,#7098,#7099,#7100,#7101),
 .UNSPECIFIED.,.F.,.F.,(4,1,1,1,1,1,1,1,1,1,1,1,1,1,1,1,1,1,1,1,1,1,1,1,
1,1,1,4),(0.,0.0780109662847482,0.0901685395200571,0.105863895976587,0.124434891170109,
0.145492419933232,0.168772393642441,0.194080393087177,0.2212655452278,0.25020634961509,
0.280802228760982,0.312968134362401,0.346630920133151,0.381726800357429,
0.418199508945183,0.455998928713873,0.495080046892118,0.535402143332512,
0.5769281487351,0.619624129671185,0.663458869906946,0.708403526041081,0.754431341311052,
0.801517405513374,0.849638451902951,0.898772684055407,0.94889962723783,
0.992584726395648),.UNSPECIFIED.);
#129=B_SPLINE_CURVE_WITH_KNOTS('',3,(#7102,#7103,#7104,#7105,#7106,#7107,
#7108,#7109,#7110,#7111,#7112,#7113,#7114,#7115,#7116,#7117,#7118,#7119,
#7120,#7121,#7122,#7123,#7124,#7125,#7126,#7127,#7128,#7129,#7130,#7131),
 .UNSPECIFIED.,.F.,.F.,(4,1,1,1,1,1,1,1,1,1,1,1,1,1,1,1,1,1,1,1,1,1,1,1,
1,1,1,4),(0.,0.0780109662847482,0.0901685395200571,0.105863895976587,0.124434891170109,
0.145492419933232,0.168772393642441,0.194080393087177,0.2212655452278,0.25020634961509,
0.280802228760982,0.312968134362401,0.346630920133151,0.381726800357429,
0.418199508945183,0.455998928713873,0.495080046892118,0.535402143332512,
0.5769281487351,0.619624129671185,0.663458869906946,0.708403526041081,0.754431341311052,
0.801517405513374,0.849638451902951,0.898772684055407,0.94889962723783,
0.992584726395648),.UNSPECIFIED.);
#130=B_SPLINE_CURVE_WITH_KNOTS('',3,(#7139,#7140,#7141,#7142,#7143,#7144,
#7145,#7146,#7147,#7148,#7149,#7150,#7151,#7152,#7153,#7154,#7155,#7156,
#7157,#7158,#7159,#7160,#7161,#7162,#7163,#7164,#7165,#7166,#7167,#7168),
 .UNSPECIFIED.,.F.,.F.,(4,1,1,1,1,1,1,1,1,1,1,1,1,1,1,1,1,1,1,1,1,1,1,1,
1,1,1,4),(0.,0.0780109662847482,0.0901685395200571,0.105863895976587,0.124434891170109,
0.145492419933232,0.168772393642441,0.194080393087177,0.2212655452278,0.25020634961509,
0.280802228760982,0.312968134362401,0.346630920133151,0.381726800357429,
0.418199508945183,0.455998928713873,0.495080046892118,0.535402143332512,
0.5769281487351,0.619624129671185,0.663458869906946,0.708403526041081,0.754431341311052,
0.801517405513374,0.849638451902951,0.898772684055407,0.94889962723783,
0.992584726395648),.UNSPECIFIED.);
#131=B_SPLINE_CURVE_WITH_KNOTS('',3,(#7169,#7170,#7171,#7172,#7173,#7174,
#7175,#7176,#7177,#7178,#7179,#7180,#7181,#7182,#7183,#7184,#7185,#7186,
#7187,#7188,#7189,#7190,#7191,#7192,#7193,#7194,#7195,#7196,#7197,#7198),
 .UNSPECIFIED.,.F.,.F.,(4,1,1,1,1,1,1,1,1,1,1,1,1,1,1,1,1,1,1,1,1,1,1,1,
1,1,1,4),(0.,0.0780109662847482,0.0901685395200571,0.105863895976587,0.124434891170109,
0.145492419933232,0.168772393642441,0.194080393087177,0.2212655452278,0.25020634961509,
0.280802228760982,0.312968134362401,0.346630920133151,0.381726800357429,
0.418199508945183,0.455998928713873,0.495080046892118,0.535402143332512,
0.5769281487351,0.619624129671185,0.663458869906946,0.708403526041081,0.754431341311052,
0.801517405513374,0.849638451902951,0.898772684055407,0.94889962723783,
0.992584726395648),.UNSPECIFIED.);
#132=B_SPLINE_CURVE_WITH_KNOTS('',3,(#7225,#7226,#7227,#7228,#7229,#7230,
#7231,#7232,#7233,#7234,#7235,#7236,#7237,#7238,#7239,#7240,#7241,#7242,
#7243,#7244,#7245,#7246,#7247,#7248,#7249,#7250,#7251,#7252,#7253,#7254),
 .UNSPECIFIED.,.F.,.F.,(4,1,1,1,1,1,1,1,1,1,1,1,1,1,1,1,1,1,1,1,1,1,1,1,
1,1,1,4),(0.,0.0780109662847482,0.0901685395200571,0.105863895976587,0.124434891170109,
0.145492419933232,0.168772393642441,0.194080393087177,0.2212655452278,0.25020634961509,
0.280802228760982,0.312968134362401,0.346630920133151,0.381726800357429,
0.418199508945183,0.455998928713873,0.495080046892118,0.535402143332512,
0.5769281487351,0.619624129671185,0.663458869906946,0.708403526041081,0.754431341311052,
0.801517405513374,0.849638451902951,0.898772684055407,0.94889962723783,
0.992584726395648),.UNSPECIFIED.);
#133=B_SPLINE_CURVE_WITH_KNOTS('',3,(#7255,#7256,#7257,#7258,#7259,#7260,
#7261,#7262,#7263,#7264,#7265,#7266,#7267,#7268,#7269,#7270,#7271,#7272,
#7273,#7274,#7275,#7276,#7277,#7278,#7279,#7280,#7281,#7282,#7283,#7284),
 .UNSPECIFIED.,.F.,.F.,(4,1,1,1,1,1,1,1,1,1,1,1,1,1,1,1,1,1,1,1,1,1,1,1,
1,1,1,4),(0.,0.0780109662847482,0.0901685395200571,0.105863895976587,0.124434891170109,
0.145492419933232,0.168772393642441,0.194080393087177,0.2212655452278,0.25020634961509,
0.280802228760982,0.312968134362401,0.346630920133151,0.381726800357429,
0.418199508945183,0.455998928713873,0.495080046892118,0.535402143332512,
0.5769281487351,0.619624129671185,0.663458869906946,0.708403526041081,0.754431341311052,
0.801517405513374,0.849638451902951,0.898772684055407,0.94889962723783,
0.992584726395648),.UNSPECIFIED.);
#134=B_SPLINE_CURVE_WITH_KNOTS('',3,(#7292,#7293,#7294,#7295,#7296,#7297,
#7298,#7299,#7300,#7301,#7302,#7303,#7304,#7305,#7306,#7307,#7308,#7309,
#7310,#7311,#7312,#7313,#7314,#7315,#7316,#7317,#7318,#7319,#7320,#7321),
 .UNSPECIFIED.,.F.,.F.,(4,1,1,1,1,1,1,1,1,1,1,1,1,1,1,1,1,1,1,1,1,1,1,1,
1,1,1,4),(0.,0.0780109662847482,0.0901685395200571,0.105863895976587,0.124434891170109,
0.145492419933232,0.168772393642441,0.194080393087177,0.2212655452278,0.25020634961509,
0.280802228760982,0.312968134362401,0.346630920133151,0.381726800357429,
0.418199508945183,0.455998928713873,0.495080046892118,0.535402143332512,
0.5769281487351,0.619624129671185,0.663458869906946,0.708403526041081,0.754431341311052,
0.801517405513374,0.849638451902951,0.898772684055407,0.94889962723783,
0.992584726395648),.UNSPECIFIED.);
#135=B_SPLINE_CURVE_WITH_KNOTS('',3,(#7322,#7323,#7324,#7325,#7326,#7327,
#7328,#7329,#7330,#7331,#7332,#7333,#7334,#7335,#7336,#7337,#7338,#7339,
#7340,#7341,#7342,#7343,#7344,#7345,#7346,#7347,#7348,#7349,#7350,#7351),
 .UNSPECIFIED.,.F.,.F.,(4,1,1,1,1,1,1,1,1,1,1,1,1,1,1,1,1,1,1,1,1,1,1,1,
1,1,1,4),(0.,0.0780109662847482,0.0901685395200571,0.105863895976587,0.124434891170109,
0.145492419933232,0.168772393642441,0.194080393087177,0.2212655452278,0.25020634961509,
0.280802228760982,0.312968134362401,0.346630920133151,0.381726800357429,
0.418199508945183,0.455998928713873,0.495080046892118,0.535402143332512,
0.5769281487351,0.619624129671185,0.663458869906946,0.708403526041081,0.754431341311052,
0.801517405513374,0.849638451902951,0.898772684055407,0.94889962723783,
0.992584726395648),.UNSPECIFIED.);
#136=B_SPLINE_CURVE_WITH_KNOTS('',3,(#7359,#7360,#7361,#7362,#7363,#7364,
#7365,#7366,#7367,#7368,#7369,#7370,#7371,#7372,#7373,#7374,#7375,#7376,
#7377,#7378,#7379,#7380,#7381,#7382,#7383,#7384,#7385,#7386,#7387,#7388),
 .UNSPECIFIED.,.F.,.F.,(4,1,1,1,1,1,1,1,1,1,1,1,1,1,1,1,1,1,1,1,1,1,1,1,
1,1,1,4),(0.,0.0780109662847482,0.0901685395200571,0.105863895976587,0.124434891170109,
0.145492419933232,0.168772393642441,0.194080393087177,0.2212655452278,0.25020634961509,
0.280802228760982,0.312968134362401,0.346630920133151,0.381726800357429,
0.418199508945183,0.455998928713873,0.495080046892118,0.535402143332512,
0.5769281487351,0.619624129671185,0.663458869906946,0.708403526041081,0.754431341311052,
0.801517405513374,0.849638451902951,0.898772684055407,0.94889962723783,
0.992584726395648),.UNSPECIFIED.);
#137=B_SPLINE_CURVE_WITH_KNOTS('',3,(#7389,#7390,#7391,#7392,#7393,#7394,
#7395,#7396,#7397,#7398,#7399,#7400,#7401,#7402,#7403,#7404,#7405,#7406,
#7407,#7408,#7409,#7410,#7411,#7412,#7413,#7414,#7415,#7416,#7417,#7418),
 .UNSPECIFIED.,.F.,.F.,(4,1,1,1,1,1,1,1,1,1,1,1,1,1,1,1,1,1,1,1,1,1,1,1,
1,1,1,4),(0.,0.0780109662847482,0.0901685395200571,0.105863895976587,0.124434891170109,
0.145492419933232,0.168772393642441,0.194080393087177,0.2212655452278,0.25020634961509,
0.280802228760982,0.312968134362401,0.346630920133151,0.381726800357429,
0.418199508945183,0.455998928713873,0.495080046892118,0.535402143332512,
0.5769281487351,0.619624129671185,0.663458869906946,0.708403526041081,0.754431341311052,
0.801517405513374,0.849638451902951,0.898772684055407,0.94889962723783,
0.992584726395648),.UNSPECIFIED.);
#138=B_SPLINE_CURVE_WITH_KNOTS('',3,(#7426,#7427,#7428,#7429,#7430,#7431,
#7432,#7433,#7434,#7435,#7436,#7437,#7438,#7439,#7440,#7441,#7442,#7443,
#7444,#7445,#7446,#7447,#7448,#7449,#7450,#7451,#7452,#7453,#7454,#7455),
 .UNSPECIFIED.,.F.,.F.,(4,1,1,1,1,1,1,1,1,1,1,1,1,1,1,1,1,1,1,1,1,1,1,1,
1,1,1,4),(0.,0.0780109662847482,0.0901685395200571,0.105863895976587,0.124434891170109,
0.145492419933232,0.168772393642441,0.194080393087177,0.2212655452278,0.25020634961509,
0.280802228760982,0.312968134362401,0.346630920133151,0.381726800357429,
0.418199508945183,0.455998928713873,0.495080046892118,0.535402143332512,
0.5769281487351,0.619624129671185,0.663458869906946,0.708403526041081,0.754431341311052,
0.801517405513374,0.849638451902951,0.898772684055407,0.94889962723783,
0.992584726395648),.UNSPECIFIED.);
#139=B_SPLINE_CURVE_WITH_KNOTS('',3,(#7456,#7457,#7458,#7459,#7460,#7461,
#7462,#7463,#7464,#7465,#7466,#7467,#7468,#7469,#7470,#7471,#7472,#7473,
#7474,#7475,#7476,#7477,#7478,#7479,#7480,#7481,#7482,#7483,#7484,#7485),
 .UNSPECIFIED.,.F.,.F.,(4,1,1,1,1,1,1,1,1,1,1,1,1,1,1,1,1,1,1,1,1,1,1,1,
1,1,1,4),(0.,0.0780109662847482,0.0901685395200571,0.105863895976587,0.124434891170109,
0.145492419933232,0.168772393642441,0.194080393087177,0.2212655452278,0.25020634961509,
0.280802228760982,0.312968134362401,0.346630920133151,0.381726800357429,
0.418199508945183,0.455998928713873,0.495080046892118,0.535402143332512,
0.5769281487351,0.619624129671185,0.663458869906946,0.708403526041081,0.754431341311052,
0.801517405513374,0.849638451902951,0.898772684055407,0.94889962723783,
0.992584726395648),.UNSPECIFIED.);
#140=B_SPLINE_CURVE_WITH_KNOTS('',3,(#7493,#7494,#7495,#7496,#7497,#7498,
#7499,#7500,#7501,#7502,#7503,#7504,#7505,#7506,#7507,#7508,#7509,#7510,
#7511,#7512,#7513,#7514,#7515,#7516,#7517,#7518,#7519,#7520,#7521,#7522),
 .UNSPECIFIED.,.F.,.F.,(4,1,1,1,1,1,1,1,1,1,1,1,1,1,1,1,1,1,1,1,1,1,1,1,
1,1,1,4),(0.,0.0780109662847482,0.0901685395200571,0.105863895976587,0.124434891170109,
0.145492419933232,0.168772393642441,0.194080393087177,0.2212655452278,0.25020634961509,
0.280802228760982,0.312968134362401,0.346630920133151,0.381726800357429,
0.418199508945183,0.455998928713873,0.495080046892118,0.535402143332512,
0.5769281487351,0.619624129671185,0.663458869906946,0.708403526041081,0.754431341311052,
0.801517405513374,0.849638451902951,0.898772684055407,0.94889962723783,
0.992584726395648),.UNSPECIFIED.);
#141=B_SPLINE_CURVE_WITH_KNOTS('',3,(#7523,#7524,#7525,#7526,#7527,#7528,
#7529,#7530,#7531,#7532,#7533,#7534,#7535,#7536,#7537,#7538,#7539,#7540,
#7541,#7542,#7543,#7544,#7545,#7546,#7547,#7548,#7549,#7550,#7551,#7552),
 .UNSPECIFIED.,.F.,.F.,(4,1,1,1,1,1,1,1,1,1,1,1,1,1,1,1,1,1,1,1,1,1,1,1,
1,1,1,4),(0.,0.0780109662847482,0.0901685395200571,0.105863895976587,0.124434891170109,
0.145492419933232,0.168772393642441,0.194080393087177,0.2212655452278,0.25020634961509,
0.280802228760982,0.312968134362401,0.346630920133151,0.381726800357429,
0.418199508945183,0.455998928713873,0.495080046892118,0.535402143332512,
0.5769281487351,0.619624129671185,0.663458869906946,0.708403526041081,0.754431341311052,
0.801517405513374,0.849638451902951,0.898772684055407,0.94889962723783,
0.992584726395648),.UNSPECIFIED.);
#142=B_SPLINE_CURVE_WITH_KNOTS('',3,(#7560,#7561,#7562,#7563,#7564,#7565,
#7566,#7567,#7568,#7569,#7570,#7571,#7572,#7573,#7574,#7575,#7576,#7577,
#7578,#7579,#7580,#7581,#7582,#7583,#7584,#7585,#7586,#7587,#7588,#7589),
 .UNSPECIFIED.,.F.,.F.,(4,1,1,1,1,1,1,1,1,1,1,1,1,1,1,1,1,1,1,1,1,1,1,1,
1,1,1,4),(0.,0.0780109662847482,0.0901685395200571,0.105863895976587,0.124434891170109,
0.145492419933232,0.168772393642441,0.194080393087177,0.2212655452278,0.25020634961509,
0.280802228760982,0.312968134362401,0.346630920133151,0.381726800357429,
0.418199508945183,0.455998928713873,0.495080046892118,0.535402143332512,
0.5769281487351,0.619624129671185,0.663458869906946,0.708403526041081,0.754431341311052,
0.801517405513374,0.849638451902951,0.898772684055407,0.94889962723783,
0.992584726395648),.UNSPECIFIED.);
#143=B_SPLINE_CURVE_WITH_KNOTS('',3,(#7590,#7591,#7592,#7593,#7594,#7595,
#7596,#7597,#7598,#7599,#7600,#7601,#7602,#7603,#7604,#7605,#7606,#7607,
#7608,#7609,#7610,#7611,#7612,#7613,#7614,#7615,#7616,#7617,#7618,#7619),
 .UNSPECIFIED.,.F.,.F.,(4,1,1,1,1,1,1,1,1,1,1,1,1,1,1,1,1,1,1,1,1,1,1,1,
1,1,1,4),(0.,0.0780109662847482,0.0901685395200571,0.105863895976587,0.124434891170109,
0.145492419933232,0.168772393642441,0.194080393087177,0.2212655452278,0.25020634961509,
0.280802228760982,0.312968134362401,0.346630920133151,0.381726800357429,
0.418199508945183,0.455998928713873,0.495080046892118,0.535402143332512,
0.5769281487351,0.619624129671185,0.663458869906946,0.708403526041081,0.754431341311052,
0.801517405513374,0.849638451902951,0.898772684055407,0.94889962723783,
0.992584726395648),.UNSPECIFIED.);
#144=B_SPLINE_CURVE_WITH_KNOTS('',3,(#7627,#7628,#7629,#7630,#7631,#7632,
#7633,#7634,#7635,#7636,#7637,#7638,#7639,#7640,#7641,#7642,#7643,#7644,
#7645,#7646,#7647,#7648,#7649,#7650,#7651,#7652,#7653,#7654,#7655,#7656),
 .UNSPECIFIED.,.F.,.F.,(4,1,1,1,1,1,1,1,1,1,1,1,1,1,1,1,1,1,1,1,1,1,1,1,
1,1,1,4),(0.,0.0780109662847482,0.0901685395200571,0.105863895976587,0.124434891170109,
0.145492419933232,0.168772393642441,0.194080393087177,0.2212655452278,0.25020634961509,
0.280802228760982,0.312968134362401,0.346630920133151,0.381726800357429,
0.418199508945183,0.455998928713873,0.495080046892118,0.535402143332512,
0.5769281487351,0.619624129671185,0.663458869906946,0.708403526041081,0.754431341311052,
0.801517405513374,0.849638451902951,0.898772684055407,0.94889962723783,
0.992584726395648),.UNSPECIFIED.);
#145=B_SPLINE_CURVE_WITH_KNOTS('',3,(#7657,#7658,#7659,#7660,#7661,#7662,
#7663,#7664,#7665,#7666,#7667,#7668,#7669,#7670,#7671,#7672,#7673,#7674,
#7675,#7676,#7677,#7678,#7679,#7680,#7681,#7682,#7683,#7684,#7685,#7686),
 .UNSPECIFIED.,.F.,.F.,(4,1,1,1,1,1,1,1,1,1,1,1,1,1,1,1,1,1,1,1,1,1,1,1,
1,1,1,4),(0.,0.0780109662847482,0.0901685395200571,0.105863895976587,0.124434891170109,
0.145492419933232,0.168772393642441,0.194080393087177,0.2212655452278,0.25020634961509,
0.280802228760982,0.312968134362401,0.346630920133151,0.381726800357429,
0.418199508945183,0.455998928713873,0.495080046892118,0.535402143332512,
0.5769281487351,0.619624129671185,0.663458869906946,0.708403526041081,0.754431341311052,
0.801517405513374,0.849638451902951,0.898772684055407,0.94889962723783,
0.992584726395648),.UNSPECIFIED.);
#146=B_SPLINE_CURVE_WITH_KNOTS('',3,(#7694,#7695,#7696,#7697,#7698,#7699,
#7700,#7701,#7702,#7703,#7704,#7705,#7706,#7707,#7708,#7709,#7710,#7711,
#7712,#7713,#7714,#7715,#7716,#7717,#7718,#7719,#7720,#7721,#7722,#7723),
 .UNSPECIFIED.,.F.,.F.,(4,1,1,1,1,1,1,1,1,1,1,1,1,1,1,1,1,1,1,1,1,1,1,1,
1,1,1,4),(0.,0.0780109662847482,0.0901685395200571,0.105863895976587,0.124434891170109,
0.145492419933232,0.168772393642441,0.194080393087177,0.2212655452278,0.25020634961509,
0.280802228760982,0.312968134362401,0.346630920133151,0.381726800357429,
0.418199508945183,0.455998928713873,0.495080046892118,0.535402143332512,
0.5769281487351,0.619624129671185,0.663458869906946,0.708403526041081,0.754431341311052,
0.801517405513374,0.849638451902951,0.898772684055407,0.94889962723783,
0.992584726395648),.UNSPECIFIED.);
#147=B_SPLINE_CURVE_WITH_KNOTS('',3,(#7724,#7725,#7726,#7727,#7728,#7729,
#7730,#7731,#7732,#7733,#7734,#7735,#7736,#7737,#7738,#7739,#7740,#7741,
#7742,#7743,#7744,#7745,#7746,#7747,#7748,#7749,#7750,#7751,#7752,#7753),
 .UNSPECIFIED.,.F.,.F.,(4,1,1,1,1,1,1,1,1,1,1,1,1,1,1,1,1,1,1,1,1,1,1,1,
1,1,1,4),(0.,0.0780109662847482,0.0901685395200571,0.105863895976587,0.124434891170109,
0.145492419933232,0.168772393642441,0.194080393087177,0.2212655452278,0.25020634961509,
0.280802228760982,0.312968134362401,0.346630920133151,0.381726800357429,
0.418199508945183,0.455998928713873,0.495080046892118,0.535402143332512,
0.5769281487351,0.619624129671185,0.663458869906946,0.708403526041081,0.754431341311052,
0.801517405513374,0.849638451902951,0.898772684055407,0.94889962723783,
0.992584726395648),.UNSPECIFIED.);
#148=B_SPLINE_CURVE_WITH_KNOTS('',3,(#7761,#7762,#7763,#7764,#7765,#7766,
#7767,#7768,#7769,#7770,#7771,#7772,#7773,#7774,#7775,#7776,#7777,#7778,
#7779,#7780,#7781,#7782,#7783,#7784,#7785,#7786,#7787,#7788,#7789,#7790),
 .UNSPECIFIED.,.F.,.F.,(4,1,1,1,1,1,1,1,1,1,1,1,1,1,1,1,1,1,1,1,1,1,1,1,
1,1,1,4),(0.,0.0780109662847482,0.0901685395200571,0.105863895976587,0.124434891170109,
0.145492419933232,0.168772393642441,0.194080393087177,0.2212655452278,0.25020634961509,
0.280802228760982,0.312968134362401,0.346630920133151,0.381726800357429,
0.418199508945183,0.455998928713873,0.495080046892118,0.535402143332512,
0.5769281487351,0.619624129671185,0.663458869906946,0.708403526041081,0.754431341311052,
0.801517405513374,0.849638451902951,0.898772684055407,0.94889962723783,
0.992584726395648),.UNSPECIFIED.);
#149=B_SPLINE_CURVE_WITH_KNOTS('',3,(#7791,#7792,#7793,#7794,#7795,#7796,
#7797,#7798,#7799,#7800,#7801,#7802,#7803,#7804,#7805,#7806,#7807,#7808,
#7809,#7810,#7811,#7812,#7813,#7814,#7815,#7816,#7817,#7818,#7819,#7820),
 .UNSPECIFIED.,.F.,.F.,(4,1,1,1,1,1,1,1,1,1,1,1,1,1,1,1,1,1,1,1,1,1,1,1,
1,1,1,4),(0.,0.0780109662847482,0.0901685395200571,0.105863895976587,0.124434891170109,
0.145492419933232,0.168772393642441,0.194080393087177,0.2212655452278,0.25020634961509,
0.280802228760982,0.312968134362401,0.346630920133151,0.381726800357429,
0.418199508945183,0.455998928713873,0.495080046892118,0.535402143332512,
0.5769281487351,0.619624129671185,0.663458869906946,0.708403526041081,0.754431341311052,
0.801517405513374,0.849638451902951,0.898772684055407,0.94889962723783,
0.992584726395648),.UNSPECIFIED.);
#150=B_SPLINE_CURVE_WITH_KNOTS('',3,(#7828,#7829,#7830,#7831,#7832,#7833,
#7834,#7835,#7836,#7837,#7838,#7839,#7840,#7841,#7842,#7843,#7844,#7845,
#7846,#7847,#7848,#7849,#7850,#7851,#7852,#7853,#7854,#7855,#7856,#7857),
 .UNSPECIFIED.,.F.,.F.,(4,1,1,1,1,1,1,1,1,1,1,1,1,1,1,1,1,1,1,1,1,1,1,1,
1,1,1,4),(0.,0.0780109662847482,0.0901685395200571,0.105863895976587,0.124434891170109,
0.145492419933232,0.168772393642441,0.194080393087177,0.2212655452278,0.25020634961509,
0.280802228760982,0.312968134362401,0.346630920133151,0.381726800357429,
0.418199508945183,0.455998928713873,0.495080046892118,0.535402143332512,
0.5769281487351,0.619624129671185,0.663458869906946,0.708403526041081,0.754431341311052,
0.801517405513374,0.849638451902951,0.898772684055407,0.94889962723783,
0.992584726395648),.UNSPECIFIED.);
#151=B_SPLINE_CURVE_WITH_KNOTS('',3,(#7858,#7859,#7860,#7861,#7862,#7863,
#7864,#7865,#7866,#7867,#7868,#7869,#7870,#7871,#7872,#7873,#7874,#7875,
#7876,#7877,#7878,#7879,#7880,#7881,#7882,#7883,#7884,#7885,#7886,#7887),
 .UNSPECIFIED.,.F.,.F.,(4,1,1,1,1,1,1,1,1,1,1,1,1,1,1,1,1,1,1,1,1,1,1,1,
1,1,1,4),(0.,0.0780109662847482,0.0901685395200571,0.105863895976587,0.124434891170109,
0.145492419933232,0.168772393642441,0.194080393087177,0.2212655452278,0.25020634961509,
0.280802228760982,0.312968134362401,0.346630920133151,0.381726800357429,
0.418199508945183,0.455998928713873,0.495080046892118,0.535402143332512,
0.5769281487351,0.619624129671185,0.663458869906946,0.708403526041081,0.754431341311052,
0.801517405513374,0.849638451902951,0.898772684055407,0.94889962723783,
0.992584726395648),.UNSPECIFIED.);
#152=B_SPLINE_CURVE_WITH_KNOTS('',3,(#7895,#7896,#7897,#7898,#7899,#7900,
#7901,#7902,#7903,#7904,#7905,#7906,#7907,#7908,#7909,#7910,#7911,#7912,
#7913,#7914,#7915,#7916,#7917,#7918,#7919,#7920,#7921,#7922,#7923,#7924),
 .UNSPECIFIED.,.F.,.F.,(4,1,1,1,1,1,1,1,1,1,1,1,1,1,1,1,1,1,1,1,1,1,1,1,
1,1,1,4),(0.,0.0780109662847482,0.0901685395200571,0.105863895976587,0.124434891170109,
0.145492419933232,0.168772393642441,0.194080393087177,0.2212655452278,0.25020634961509,
0.280802228760982,0.312968134362401,0.346630920133151,0.381726800357429,
0.418199508945183,0.455998928713873,0.495080046892118,0.535402143332512,
0.5769281487351,0.619624129671185,0.663458869906946,0.708403526041081,0.754431341311052,
0.801517405513374,0.849638451902951,0.898772684055407,0.94889962723783,
0.992584726395648),.UNSPECIFIED.);
#153=B_SPLINE_CURVE_WITH_KNOTS('',3,(#7925,#7926,#7927,#7928,#7929,#7930,
#7931,#7932,#7933,#7934,#7935,#7936,#7937,#7938,#7939,#7940,#7941,#7942,
#7943,#7944,#7945,#7946,#7947,#7948,#7949,#7950,#7951,#7952,#7953,#7954),
 .UNSPECIFIED.,.F.,.F.,(4,1,1,1,1,1,1,1,1,1,1,1,1,1,1,1,1,1,1,1,1,1,1,1,
1,1,1,4),(0.,0.0780109662847482,0.0901685395200571,0.105863895976587,0.124434891170109,
0.145492419933232,0.168772393642441,0.194080393087177,0.2212655452278,0.25020634961509,
0.280802228760982,0.312968134362401,0.346630920133151,0.381726800357429,
0.418199508945183,0.455998928713873,0.495080046892118,0.535402143332512,
0.5769281487351,0.619624129671185,0.663458869906946,0.708403526041081,0.754431341311052,
0.801517405513374,0.849638451902951,0.898772684055407,0.94889962723783,
0.992584726395648),.UNSPECIFIED.);
#154=B_SPLINE_CURVE_WITH_KNOTS('',3,(#7962,#7963,#7964,#7965,#7966,#7967,
#7968,#7969,#7970,#7971,#7972,#7973,#7974,#7975,#7976,#7977,#7978,#7979,
#7980,#7981,#7982,#7983,#7984,#7985,#7986,#7987,#7988,#7989,#7990,#7991),
 .UNSPECIFIED.,.F.,.F.,(4,1,1,1,1,1,1,1,1,1,1,1,1,1,1,1,1,1,1,1,1,1,1,1,
1,1,1,4),(0.,0.0780109662847482,0.0901685395200571,0.105863895976587,0.124434891170109,
0.145492419933232,0.168772393642441,0.194080393087177,0.2212655452278,0.25020634961509,
0.280802228760982,0.312968134362401,0.346630920133151,0.381726800357429,
0.418199508945183,0.455998928713873,0.495080046892118,0.535402143332512,
0.5769281487351,0.619624129671185,0.663458869906946,0.708403526041081,0.754431341311052,
0.801517405513374,0.849638451902951,0.898772684055407,0.94889962723783,
0.992584726395648),.UNSPECIFIED.);
#155=B_SPLINE_CURVE_WITH_KNOTS('',3,(#7992,#7993,#7994,#7995,#7996,#7997,
#7998,#7999,#8000,#8001,#8002,#8003,#8004,#8005,#8006,#8007,#8008,#8009,
#8010,#8011,#8012,#8013,#8014,#8015,#8016,#8017,#8018,#8019,#8020,#8021),
 .UNSPECIFIED.,.F.,.F.,(4,1,1,1,1,1,1,1,1,1,1,1,1,1,1,1,1,1,1,1,1,1,1,1,
1,1,1,4),(0.,0.0780109662847482,0.0901685395200571,0.105863895976587,0.124434891170109,
0.145492419933232,0.168772393642441,0.194080393087177,0.2212655452278,0.25020634961509,
0.280802228760982,0.312968134362401,0.346630920133151,0.381726800357429,
0.418199508945183,0.455998928713873,0.495080046892118,0.535402143332512,
0.5769281487351,0.619624129671185,0.663458869906946,0.708403526041081,0.754431341311052,
0.801517405513374,0.849638451902951,0.898772684055407,0.94889962723783,
0.992584726395648),.UNSPECIFIED.);
#156=B_SPLINE_CURVE_WITH_KNOTS('',3,(#8029,#8030,#8031,#8032,#8033,#8034,
#8035,#8036,#8037,#8038,#8039,#8040,#8041,#8042,#8043,#8044,#8045,#8046,
#8047,#8048,#8049,#8050,#8051,#8052,#8053,#8054,#8055,#8056,#8057,#8058),
 .UNSPECIFIED.,.F.,.F.,(4,1,1,1,1,1,1,1,1,1,1,1,1,1,1,1,1,1,1,1,1,1,1,1,
1,1,1,4),(0.,0.0780109662847482,0.0901685395200571,0.105863895976587,0.124434891170109,
0.145492419933232,0.168772393642441,0.194080393087177,0.2212655452278,0.25020634961509,
0.280802228760982,0.312968134362401,0.346630920133151,0.381726800357429,
0.418199508945183,0.455998928713873,0.495080046892118,0.535402143332512,
0.5769281487351,0.619624129671185,0.663458869906946,0.708403526041081,0.754431341311052,
0.801517405513374,0.849638451902951,0.898772684055407,0.94889962723783,
0.992584726395648),.UNSPECIFIED.);
#157=B_SPLINE_CURVE_WITH_KNOTS('',3,(#8059,#8060,#8061,#8062,#8063,#8064,
#8065,#8066,#8067,#8068,#8069,#8070,#8071,#8072,#8073,#8074,#8075,#8076,
#8077,#8078,#8079,#8080,#8081,#8082,#8083,#8084,#8085,#8086,#8087,#8088),
 .UNSPECIFIED.,.F.,.F.,(4,1,1,1,1,1,1,1,1,1,1,1,1,1,1,1,1,1,1,1,1,1,1,1,
1,1,1,4),(0.,0.0780109662847482,0.0901685395200571,0.105863895976587,0.124434891170109,
0.145492419933232,0.168772393642441,0.194080393087177,0.2212655452278,0.25020634961509,
0.280802228760982,0.312968134362401,0.346630920133151,0.381726800357429,
0.418199508945183,0.455998928713873,0.495080046892118,0.535402143332512,
0.5769281487351,0.619624129671185,0.663458869906946,0.708403526041081,0.754431341311052,
0.801517405513374,0.849638451902951,0.898772684055407,0.94889962723783,
0.992584726395648),.UNSPECIFIED.);
#158=B_SPLINE_CURVE_WITH_KNOTS('',3,(#8096,#8097,#8098,#8099,#8100,#8101,
#8102,#8103,#8104,#8105,#8106,#8107,#8108,#8109,#8110,#8111,#8112,#8113,
#8114,#8115,#8116,#8117,#8118,#8119,#8120,#8121,#8122,#8123,#8124,#8125),
 .UNSPECIFIED.,.F.,.F.,(4,1,1,1,1,1,1,1,1,1,1,1,1,1,1,1,1,1,1,1,1,1,1,1,
1,1,1,4),(0.,0.0780109662847482,0.0901685395200571,0.105863895976587,0.124434891170109,
0.145492419933232,0.168772393642441,0.194080393087177,0.2212655452278,0.25020634961509,
0.280802228760982,0.312968134362401,0.346630920133151,0.381726800357429,
0.418199508945183,0.455998928713873,0.495080046892118,0.535402143332512,
0.5769281487351,0.619624129671185,0.663458869906946,0.708403526041081,0.754431341311052,
0.801517405513374,0.849638451902951,0.898772684055407,0.94889962723783,
0.992584726395648),.UNSPECIFIED.);
#159=B_SPLINE_CURVE_WITH_KNOTS('',3,(#8126,#8127,#8128,#8129,#8130,#8131,
#8132,#8133,#8134,#8135,#8136,#8137,#8138,#8139,#8140,#8141,#8142,#8143,
#8144,#8145,#8146,#8147,#8148,#8149,#8150,#8151,#8152,#8153,#8154,#8155),
 .UNSPECIFIED.,.F.,.F.,(4,1,1,1,1,1,1,1,1,1,1,1,1,1,1,1,1,1,1,1,1,1,1,1,
1,1,1,4),(0.,0.0780109662847482,0.0901685395200571,0.105863895976587,0.124434891170109,
0.145492419933232,0.168772393642441,0.194080393087177,0.2212655452278,0.25020634961509,
0.280802228760982,0.312968134362401,0.346630920133151,0.381726800357429,
0.418199508945183,0.455998928713873,0.495080046892118,0.535402143332512,
0.5769281487351,0.619624129671185,0.663458869906946,0.708403526041081,0.754431341311052,
0.801517405513374,0.849638451902951,0.898772684055407,0.94889962723783,
0.992584726395648),.UNSPECIFIED.);
#160=B_SPLINE_CURVE_WITH_KNOTS('',3,(#8163,#8164,#8165,#8166,#8167,#8168,
#8169,#8170,#8171,#8172,#8173,#8174,#8175,#8176,#8177,#8178,#8179,#8180,
#8181,#8182,#8183,#8184,#8185,#8186,#8187,#8188,#8189,#8190,#8191,#8192),
 .UNSPECIFIED.,.F.,.F.,(4,1,1,1,1,1,1,1,1,1,1,1,1,1,1,1,1,1,1,1,1,1,1,1,
1,1,1,4),(0.,0.0780109662847482,0.0901685395200571,0.105863895976587,0.124434891170109,
0.145492419933232,0.168772393642441,0.194080393087177,0.2212655452278,0.25020634961509,
0.280802228760982,0.312968134362401,0.346630920133151,0.381726800357429,
0.418199508945183,0.455998928713873,0.495080046892118,0.535402143332512,
0.5769281487351,0.619624129671185,0.663458869906946,0.708403526041081,0.754431341311052,
0.801517405513374,0.849638451902951,0.898772684055407,0.94889962723783,
0.992584726395648),.UNSPECIFIED.);
#161=B_SPLINE_CURVE_WITH_KNOTS('',3,(#8193,#8194,#8195,#8196,#8197,#8198,
#8199,#8200,#8201,#8202,#8203,#8204,#8205,#8206,#8207,#8208,#8209,#8210,
#8211,#8212,#8213,#8214,#8215,#8216,#8217,#8218,#8219,#8220,#8221,#8222),
 .UNSPECIFIED.,.F.,.F.,(4,1,1,1,1,1,1,1,1,1,1,1,1,1,1,1,1,1,1,1,1,1,1,1,
1,1,1,4),(0.,0.0780109662847482,0.0901685395200571,0.105863895976587,0.124434891170109,
0.145492419933232,0.168772393642441,0.194080393087177,0.2212655452278,0.25020634961509,
0.280802228760982,0.312968134362401,0.346630920133151,0.381726800357429,
0.418199508945183,0.455998928713873,0.495080046892118,0.535402143332512,
0.5769281487351,0.619624129671185,0.663458869906946,0.708403526041081,0.754431341311052,
0.801517405513374,0.849638451902951,0.898772684055407,0.94889962723783,
0.992584726395648),.UNSPECIFIED.);
#162=B_SPLINE_CURVE_WITH_KNOTS('',3,(#8230,#8231,#8232,#8233,#8234,#8235,
#8236,#8237,#8238,#8239,#8240,#8241,#8242,#8243,#8244,#8245,#8246,#8247,
#8248,#8249,#8250,#8251,#8252,#8253,#8254,#8255,#8256,#8257,#8258,#8259),
 .UNSPECIFIED.,.F.,.F.,(4,1,1,1,1,1,1,1,1,1,1,1,1,1,1,1,1,1,1,1,1,1,1,1,
1,1,1,4),(0.,0.0780109662847482,0.0901685395200571,0.105863895976587,0.124434891170109,
0.145492419933232,0.168772393642441,0.194080393087177,0.2212655452278,0.25020634961509,
0.280802228760982,0.312968134362401,0.346630920133151,0.381726800357429,
0.418199508945183,0.455998928713873,0.495080046892118,0.535402143332512,
0.5769281487351,0.619624129671185,0.663458869906946,0.708403526041081,0.754431341311052,
0.801517405513374,0.849638451902951,0.898772684055407,0.94889962723783,
0.992584726395648),.UNSPECIFIED.);
#163=B_SPLINE_CURVE_WITH_KNOTS('',3,(#8260,#8261,#8262,#8263,#8264,#8265,
#8266,#8267,#8268,#8269,#8270,#8271,#8272,#8273,#8274,#8275,#8276,#8277,
#8278,#8279,#8280,#8281,#8282,#8283,#8284,#8285,#8286,#8287,#8288,#8289),
 .UNSPECIFIED.,.F.,.F.,(4,1,1,1,1,1,1,1,1,1,1,1,1,1,1,1,1,1,1,1,1,1,1,1,
1,1,1,4),(0.,0.0780109662847482,0.0901685395200571,0.105863895976587,0.124434891170109,
0.145492419933232,0.168772393642441,0.194080393087177,0.2212655452278,0.25020634961509,
0.280802228760982,0.312968134362401,0.346630920133151,0.381726800357429,
0.418199508945183,0.455998928713873,0.495080046892118,0.535402143332512,
0.5769281487351,0.619624129671185,0.663458869906946,0.708403526041081,0.754431341311052,
0.801517405513374,0.849638451902951,0.898772684055407,0.94889962723783,
0.992584726395648),.UNSPECIFIED.);
#164=B_SPLINE_CURVE_WITH_KNOTS('',3,(#8297,#8298,#8299,#8300,#8301,#8302,
#8303,#8304,#8305,#8306,#8307,#8308,#8309,#8310,#8311,#8312,#8313,#8314,
#8315,#8316,#8317,#8318,#8319,#8320,#8321,#8322,#8323,#8324,#8325,#8326),
 .UNSPECIFIED.,.F.,.F.,(4,1,1,1,1,1,1,1,1,1,1,1,1,1,1,1,1,1,1,1,1,1,1,1,
1,1,1,4),(0.,0.0780109662847482,0.0901685395200571,0.105863895976587,0.124434891170109,
0.145492419933232,0.168772393642441,0.194080393087177,0.2212655452278,0.25020634961509,
0.280802228760982,0.312968134362401,0.346630920133151,0.381726800357429,
0.418199508945183,0.455998928713873,0.495080046892118,0.535402143332512,
0.5769281487351,0.619624129671185,0.663458869906946,0.708403526041081,0.754431341311052,
0.801517405513374,0.849638451902951,0.898772684055407,0.94889962723783,
0.992584726395648),.UNSPECIFIED.);
#165=B_SPLINE_CURVE_WITH_KNOTS('',3,(#8327,#8328,#8329,#8330,#8331,#8332,
#8333,#8334,#8335,#8336,#8337,#8338,#8339,#8340,#8341,#8342,#8343,#8344,
#8345,#8346,#8347,#8348,#8349,#8350,#8351,#8352,#8353,#8354,#8355,#8356),
 .UNSPECIFIED.,.F.,.F.,(4,1,1,1,1,1,1,1,1,1,1,1,1,1,1,1,1,1,1,1,1,1,1,1,
1,1,1,4),(0.,0.0780109662847482,0.0901685395200571,0.105863895976587,0.124434891170109,
0.145492419933232,0.168772393642441,0.194080393087177,0.2212655452278,0.25020634961509,
0.280802228760982,0.312968134362401,0.346630920133151,0.381726800357429,
0.418199508945183,0.455998928713873,0.495080046892118,0.535402143332512,
0.5769281487351,0.619624129671185,0.663458869906946,0.708403526041081,0.754431341311052,
0.801517405513374,0.849638451902951,0.898772684055407,0.94889962723783,
0.992584726395648),.UNSPECIFIED.);
#166=B_SPLINE_CURVE_WITH_KNOTS('',3,(#8364,#8365,#8366,#8367,#8368,#8369,
#8370,#8371,#8372,#8373,#8374,#8375,#8376,#8377,#8378,#8379,#8380,#8381,
#8382,#8383,#8384,#8385,#8386,#8387,#8388,#8389,#8390,#8391,#8392,#8393),
 .UNSPECIFIED.,.F.,.F.,(4,1,1,1,1,1,1,1,1,1,1,1,1,1,1,1,1,1,1,1,1,1,1,1,
1,1,1,4),(0.,0.0780109662847482,0.0901685395200571,0.105863895976587,0.124434891170109,
0.145492419933232,0.168772393642441,0.194080393087177,0.2212655452278,0.25020634961509,
0.280802228760982,0.312968134362401,0.346630920133151,0.381726800357429,
0.418199508945183,0.455998928713873,0.495080046892118,0.535402143332512,
0.5769281487351,0.619624129671185,0.663458869906946,0.708403526041081,0.754431341311052,
0.801517405513374,0.849638451902951,0.898772684055407,0.94889962723783,
0.992584726395648),.UNSPECIFIED.);
#167=B_SPLINE_CURVE_WITH_KNOTS('',3,(#8394,#8395,#8396,#8397,#8398,#8399,
#8400,#8401,#8402,#8403,#8404,#8405,#8406,#8407,#8408,#8409,#8410,#8411,
#8412,#8413,#8414,#8415,#8416,#8417,#8418,#8419,#8420,#8421,#8422,#8423),
 .UNSPECIFIED.,.F.,.F.,(4,1,1,1,1,1,1,1,1,1,1,1,1,1,1,1,1,1,1,1,1,1,1,1,
1,1,1,4),(0.,0.0780109662847482,0.0901685395200571,0.105863895976587,0.124434891170109,
0.145492419933232,0.168772393642441,0.194080393087177,0.2212655452278,0.25020634961509,
0.280802228760982,0.312968134362401,0.346630920133151,0.381726800357429,
0.418199508945183,0.455998928713873,0.495080046892118,0.535402143332512,
0.5769281487351,0.619624129671185,0.663458869906946,0.708403526041081,0.754431341311052,
0.801517405513374,0.849638451902951,0.898772684055407,0.94889962723783,
0.992584726395648),.UNSPECIFIED.);
#168=B_SPLINE_CURVE_WITH_KNOTS('',3,(#8431,#8432,#8433,#8434,#8435,#8436,
#8437,#8438,#8439,#8440,#8441,#8442,#8443,#8444,#8445,#8446,#8447,#8448,
#8449,#8450,#8451,#8452,#8453,#8454,#8455,#8456,#8457,#8458,#8459,#8460),
 .UNSPECIFIED.,.F.,.F.,(4,1,1,1,1,1,1,1,1,1,1,1,1,1,1,1,1,1,1,1,1,1,1,1,
1,1,1,4),(0.,0.0780109662847482,0.0901685395200571,0.105863895976587,0.124434891170109,
0.145492419933232,0.168772393642441,0.194080393087177,0.2212655452278,0.25020634961509,
0.280802228760982,0.312968134362401,0.346630920133151,0.381726800357429,
0.418199508945183,0.455998928713873,0.495080046892118,0.535402143332512,
0.5769281487351,0.619624129671185,0.663458869906946,0.708403526041081,0.754431341311052,
0.801517405513374,0.849638451902951,0.898772684055407,0.94889962723783,
0.992584726395648),.UNSPECIFIED.);
#169=B_SPLINE_CURVE_WITH_KNOTS('',3,(#8461,#8462,#8463,#8464,#8465,#8466,
#8467,#8468,#8469,#8470,#8471,#8472,#8473,#8474,#8475,#8476,#8477,#8478,
#8479,#8480,#8481,#8482,#8483,#8484,#8485,#8486,#8487,#8488,#8489,#8490),
 .UNSPECIFIED.,.F.,.F.,(4,1,1,1,1,1,1,1,1,1,1,1,1,1,1,1,1,1,1,1,1,1,1,1,
1,1,1,4),(0.,0.0780109662847482,0.0901685395200571,0.105863895976587,0.124434891170109,
0.145492419933232,0.168772393642441,0.194080393087177,0.2212655452278,0.25020634961509,
0.280802228760982,0.312968134362401,0.346630920133151,0.381726800357429,
0.418199508945183,0.455998928713873,0.495080046892118,0.535402143332512,
0.5769281487351,0.619624129671185,0.663458869906946,0.708403526041081,0.754431341311052,
0.801517405513374,0.849638451902951,0.898772684055407,0.94889962723783,
0.992584726395648),.UNSPECIFIED.);
#170=B_SPLINE_CURVE_WITH_KNOTS('',3,(#8498,#8499,#8500,#8501,#8502,#8503,
#8504,#8505,#8506,#8507,#8508,#8509,#8510,#8511,#8512,#8513,#8514,#8515,
#8516,#8517,#8518,#8519,#8520,#8521,#8522,#8523,#8524,#8525,#8526,#8527),
 .UNSPECIFIED.,.F.,.F.,(4,1,1,1,1,1,1,1,1,1,1,1,1,1,1,1,1,1,1,1,1,1,1,1,
1,1,1,4),(0.,0.0780109662847482,0.0901685395200571,0.105863895976587,0.124434891170109,
0.145492419933232,0.168772393642441,0.194080393087177,0.2212655452278,0.25020634961509,
0.280802228760982,0.312968134362401,0.346630920133151,0.381726800357429,
0.418199508945183,0.455998928713873,0.495080046892118,0.535402143332512,
0.5769281487351,0.619624129671185,0.663458869906946,0.708403526041081,0.754431341311052,
0.801517405513374,0.849638451902951,0.898772684055407,0.94889962723783,
0.992584726395648),.UNSPECIFIED.);
#171=B_SPLINE_CURVE_WITH_KNOTS('',3,(#8528,#8529,#8530,#8531,#8532,#8533,
#8534,#8535,#8536,#8537,#8538,#8539,#8540,#8541,#8542,#8543,#8544,#8545,
#8546,#8547,#8548,#8549,#8550,#8551,#8552,#8553,#8554,#8555,#8556,#8557),
 .UNSPECIFIED.,.F.,.F.,(4,1,1,1,1,1,1,1,1,1,1,1,1,1,1,1,1,1,1,1,1,1,1,1,
1,1,1,4),(0.,0.0780109662847482,0.0901685395200571,0.105863895976587,0.124434891170109,
0.145492419933232,0.168772393642441,0.194080393087177,0.2212655452278,0.25020634961509,
0.280802228760982,0.312968134362401,0.346630920133151,0.381726800357429,
0.418199508945183,0.455998928713873,0.495080046892118,0.535402143332512,
0.5769281487351,0.619624129671185,0.663458869906946,0.708403526041081,0.754431341311052,
0.801517405513374,0.849638451902951,0.898772684055407,0.94889962723783,
0.992584726395648),.UNSPECIFIED.);
#172=B_SPLINE_CURVE_WITH_KNOTS('',3,(#8565,#8566,#8567,#8568,#8569,#8570,
#8571,#8572,#8573,#8574,#8575,#8576,#8577,#8578,#8579,#8580,#8581,#8582,
#8583,#8584,#8585,#8586,#8587,#8588,#8589,#8590,#8591,#8592,#8593,#8594),
 .UNSPECIFIED.,.F.,.F.,(4,1,1,1,1,1,1,1,1,1,1,1,1,1,1,1,1,1,1,1,1,1,1,1,
1,1,1,4),(0.,0.0780109662847482,0.0901685395200571,0.105863895976587,0.124434891170109,
0.145492419933232,0.168772393642441,0.194080393087177,0.2212655452278,0.25020634961509,
0.280802228760982,0.312968134362401,0.346630920133151,0.381726800357429,
0.418199508945183,0.455998928713873,0.495080046892118,0.535402143332512,
0.5769281487351,0.619624129671185,0.663458869906946,0.708403526041081,0.754431341311052,
0.801517405513374,0.849638451902951,0.898772684055407,0.94889962723783,
0.992584726395648),.UNSPECIFIED.);
#173=B_SPLINE_CURVE_WITH_KNOTS('',3,(#8595,#8596,#8597,#8598,#8599,#8600,
#8601,#8602,#8603,#8604,#8605,#8606,#8607,#8608,#8609,#8610,#8611,#8612,
#8613,#8614,#8615,#8616,#8617,#8618,#8619,#8620,#8621,#8622,#8623,#8624),
 .UNSPECIFIED.,.F.,.F.,(4,1,1,1,1,1,1,1,1,1,1,1,1,1,1,1,1,1,1,1,1,1,1,1,
1,1,1,4),(0.,0.0780109662847482,0.0901685395200571,0.105863895976587,0.124434891170109,
0.145492419933232,0.168772393642441,0.194080393087177,0.2212655452278,0.25020634961509,
0.280802228760982,0.312968134362401,0.346630920133151,0.381726800357429,
0.418199508945183,0.455998928713873,0.495080046892118,0.535402143332512,
0.5769281487351,0.619624129671185,0.663458869906946,0.708403526041081,0.754431341311052,
0.801517405513374,0.849638451902951,0.898772684055407,0.94889962723783,
0.992584726395648),.UNSPECIFIED.);
#174=B_SPLINE_CURVE_WITH_KNOTS('',3,(#8632,#8633,#8634,#8635,#8636,#8637,
#8638,#8639,#8640,#8641,#8642,#8643,#8644,#8645,#8646,#8647,#8648,#8649,
#8650,#8651,#8652,#8653,#8654,#8655,#8656,#8657,#8658,#8659,#8660,#8661),
 .UNSPECIFIED.,.F.,.F.,(4,1,1,1,1,1,1,1,1,1,1,1,1,1,1,1,1,1,1,1,1,1,1,1,
1,1,1,4),(0.,0.0780109662847482,0.0901685395200571,0.105863895976587,0.124434891170109,
0.145492419933232,0.168772393642441,0.194080393087177,0.2212655452278,0.25020634961509,
0.280802228760982,0.312968134362401,0.346630920133151,0.381726800357429,
0.418199508945183,0.455998928713873,0.495080046892118,0.535402143332512,
0.5769281487351,0.619624129671185,0.663458869906946,0.708403526041081,0.754431341311052,
0.801517405513374,0.849638451902951,0.898772684055407,0.94889962723783,
0.992584726395648),.UNSPECIFIED.);
#175=B_SPLINE_CURVE_WITH_KNOTS('',3,(#8662,#8663,#8664,#8665,#8666,#8667,
#8668,#8669,#8670,#8671,#8672,#8673,#8674,#8675,#8676,#8677,#8678,#8679,
#8680,#8681,#8682,#8683,#8684,#8685,#8686,#8687,#8688,#8689,#8690,#8691),
 .UNSPECIFIED.,.F.,.F.,(4,1,1,1,1,1,1,1,1,1,1,1,1,1,1,1,1,1,1,1,1,1,1,1,
1,1,1,4),(0.,0.0780109662847482,0.0901685395200571,0.105863895976587,0.124434891170109,
0.145492419933232,0.168772393642441,0.194080393087177,0.2212655452278,0.25020634961509,
0.280802228760982,0.312968134362401,0.346630920133151,0.381726800357429,
0.418199508945183,0.455998928713873,0.495080046892118,0.535402143332512,
0.5769281487351,0.619624129671185,0.663458869906946,0.708403526041081,0.754431341311052,
0.801517405513374,0.849638451902951,0.898772684055407,0.94889962723783,
0.992584726395648),.UNSPECIFIED.);
#176=B_SPLINE_CURVE_WITH_KNOTS('',3,(#8699,#8700,#8701,#8702,#8703,#8704,
#8705,#8706,#8707,#8708,#8709,#8710,#8711,#8712,#8713,#8714,#8715,#8716,
#8717,#8718,#8719,#8720,#8721,#8722,#8723,#8724,#8725,#8726,#8727,#8728),
 .UNSPECIFIED.,.F.,.F.,(4,1,1,1,1,1,1,1,1,1,1,1,1,1,1,1,1,1,1,1,1,1,1,1,
1,1,1,4),(0.,0.0780109662847482,0.0901685395200571,0.105863895976587,0.124434891170109,
0.145492419933232,0.168772393642441,0.194080393087177,0.2212655452278,0.25020634961509,
0.280802228760982,0.312968134362401,0.346630920133151,0.381726800357429,
0.418199508945183,0.455998928713873,0.495080046892118,0.535402143332512,
0.5769281487351,0.619624129671185,0.663458869906946,0.708403526041081,0.754431341311052,
0.801517405513374,0.849638451902951,0.898772684055407,0.94889962723783,
0.992584726395648),.UNSPECIFIED.);
#177=B_SPLINE_CURVE_WITH_KNOTS('',3,(#8729,#8730,#8731,#8732,#8733,#8734,
#8735,#8736,#8737,#8738,#8739,#8740,#8741,#8742,#8743,#8744,#8745,#8746,
#8747,#8748,#8749,#8750,#8751,#8752,#8753,#8754,#8755,#8756,#8757,#8758),
 .UNSPECIFIED.,.F.,.F.,(4,1,1,1,1,1,1,1,1,1,1,1,1,1,1,1,1,1,1,1,1,1,1,1,
1,1,1,4),(0.,0.0780109662847482,0.0901685395200571,0.105863895976587,0.124434891170109,
0.145492419933232,0.168772393642441,0.194080393087177,0.2212655452278,0.25020634961509,
0.280802228760982,0.312968134362401,0.346630920133151,0.381726800357429,
0.418199508945183,0.455998928713873,0.495080046892118,0.535402143332512,
0.5769281487351,0.619624129671185,0.663458869906946,0.708403526041081,0.754431341311052,
0.801517405513374,0.849638451902951,0.898772684055407,0.94889962723783,
0.992584726395648),.UNSPECIFIED.);
#178=B_SPLINE_CURVE_WITH_KNOTS('',3,(#8766,#8767,#8768,#8769,#8770,#8771,
#8772,#8773,#8774,#8775,#8776,#8777,#8778,#8779,#8780,#8781,#8782,#8783,
#8784,#8785,#8786,#8787,#8788,#8789,#8790,#8791,#8792,#8793,#8794,#8795),
 .UNSPECIFIED.,.F.,.F.,(4,1,1,1,1,1,1,1,1,1,1,1,1,1,1,1,1,1,1,1,1,1,1,1,
1,1,1,4),(0.,0.0780109662847482,0.0901685395200571,0.105863895976587,0.124434891170109,
0.145492419933232,0.168772393642441,0.194080393087177,0.2212655452278,0.25020634961509,
0.280802228760982,0.312968134362401,0.346630920133151,0.381726800357429,
0.418199508945183,0.455998928713873,0.495080046892118,0.535402143332512,
0.5769281487351,0.619624129671185,0.663458869906946,0.708403526041081,0.754431341311052,
0.801517405513374,0.849638451902951,0.898772684055407,0.94889962723783,
0.992584726395648),.UNSPECIFIED.);
#179=B_SPLINE_CURVE_WITH_KNOTS('',3,(#8796,#8797,#8798,#8799,#8800,#8801,
#8802,#8803,#8804,#8805,#8806,#8807,#8808,#8809,#8810,#8811,#8812,#8813,
#8814,#8815,#8816,#8817,#8818,#8819,#8820,#8821,#8822,#8823,#8824,#8825),
 .UNSPECIFIED.,.F.,.F.,(4,1,1,1,1,1,1,1,1,1,1,1,1,1,1,1,1,1,1,1,1,1,1,1,
1,1,1,4),(0.,0.0780109662847482,0.0901685395200571,0.105863895976587,0.124434891170109,
0.145492419933232,0.168772393642441,0.194080393087177,0.2212655452278,0.25020634961509,
0.280802228760982,0.312968134362401,0.346630920133151,0.381726800357429,
0.418199508945183,0.455998928713873,0.495080046892118,0.535402143332512,
0.5769281487351,0.619624129671185,0.663458869906946,0.708403526041081,0.754431341311052,
0.801517405513374,0.849638451902951,0.898772684055407,0.94889962723783,
0.992584726395648),.UNSPECIFIED.);
#180=B_SPLINE_CURVE_WITH_KNOTS('',3,(#8833,#8834,#8835,#8836,#8837,#8838,
#8839,#8840,#8841,#8842,#8843,#8844,#8845,#8846,#8847,#8848,#8849,#8850,
#8851,#8852,#8853,#8854,#8855,#8856,#8857,#8858,#8859,#8860,#8861,#8862),
 .UNSPECIFIED.,.F.,.F.,(4,1,1,1,1,1,1,1,1,1,1,1,1,1,1,1,1,1,1,1,1,1,1,1,
1,1,1,4),(0.,0.0780109662847482,0.0901685395200571,0.105863895976587,0.124434891170109,
0.145492419933232,0.168772393642441,0.194080393087177,0.2212655452278,0.25020634961509,
0.280802228760982,0.312968134362401,0.346630920133151,0.381726800357429,
0.418199508945183,0.455998928713873,0.495080046892118,0.535402143332512,
0.5769281487351,0.619624129671185,0.663458869906946,0.708403526041081,0.754431341311052,
0.801517405513374,0.849638451902951,0.898772684055407,0.94889962723783,
0.992584726395648),.UNSPECIFIED.);
#181=B_SPLINE_CURVE_WITH_KNOTS('',3,(#8863,#8864,#8865,#8866,#8867,#8868,
#8869,#8870,#8871,#8872,#8873,#8874,#8875,#8876,#8877,#8878,#8879,#8880,
#8881,#8882,#8883,#8884,#8885,#8886,#8887,#8888,#8889,#8890,#8891,#8892),
 .UNSPECIFIED.,.F.,.F.,(4,1,1,1,1,1,1,1,1,1,1,1,1,1,1,1,1,1,1,1,1,1,1,1,
1,1,1,4),(0.,0.0780109662847482,0.0901685395200571,0.105863895976587,0.124434891170109,
0.145492419933232,0.168772393642441,0.194080393087177,0.2212655452278,0.25020634961509,
0.280802228760982,0.312968134362401,0.346630920133151,0.381726800357429,
0.418199508945183,0.455998928713873,0.495080046892118,0.535402143332512,
0.5769281487351,0.619624129671185,0.663458869906946,0.708403526041081,0.754431341311052,
0.801517405513374,0.849638451902951,0.898772684055407,0.94889962723783,
0.992584726395648),.UNSPECIFIED.);
#182=B_SPLINE_CURVE_WITH_KNOTS('',3,(#8900,#8901,#8902,#8903,#8904,#8905,
#8906,#8907,#8908,#8909,#8910,#8911,#8912,#8913,#8914,#8915,#8916,#8917,
#8918,#8919,#8920,#8921,#8922,#8923,#8924,#8925,#8926,#8927,#8928,#8929),
 .UNSPECIFIED.,.F.,.F.,(4,1,1,1,1,1,1,1,1,1,1,1,1,1,1,1,1,1,1,1,1,1,1,1,
1,1,1,4),(0.,0.0780109662847482,0.0901685395200571,0.105863895976587,0.124434891170109,
0.145492419933232,0.168772393642441,0.194080393087177,0.2212655452278,0.25020634961509,
0.280802228760982,0.312968134362401,0.346630920133151,0.381726800357429,
0.418199508945183,0.455998928713873,0.495080046892118,0.535402143332512,
0.5769281487351,0.619624129671185,0.663458869906946,0.708403526041081,0.754431341311052,
0.801517405513374,0.849638451902951,0.898772684055407,0.94889962723783,
0.992584726395648),.UNSPECIFIED.);
#183=B_SPLINE_CURVE_WITH_KNOTS('',3,(#8930,#8931,#8932,#8933,#8934,#8935,
#8936,#8937,#8938,#8939,#8940,#8941,#8942,#8943,#8944,#8945,#8946,#8947,
#8948,#8949,#8950,#8951,#8952,#8953,#8954,#8955,#8956,#8957,#8958,#8959),
 .UNSPECIFIED.,.F.,.F.,(4,1,1,1,1,1,1,1,1,1,1,1,1,1,1,1,1,1,1,1,1,1,1,1,
1,1,1,4),(0.,0.0780109662847482,0.0901685395200571,0.105863895976587,0.124434891170109,
0.145492419933232,0.168772393642441,0.194080393087177,0.2212655452278,0.25020634961509,
0.280802228760982,0.312968134362401,0.346630920133151,0.381726800357429,
0.418199508945183,0.455998928713873,0.495080046892118,0.535402143332512,
0.5769281487351,0.619624129671185,0.663458869906946,0.708403526041081,0.754431341311052,
0.801517405513374,0.849638451902951,0.898772684055407,0.94889962723783,
0.992584726395648),.UNSPECIFIED.);
#184=B_SPLINE_CURVE_WITH_KNOTS('',3,(#8967,#8968,#8969,#8970,#8971,#8972,
#8973,#8974,#8975,#8976,#8977,#8978,#8979,#8980,#8981,#8982,#8983,#8984,
#8985,#8986,#8987,#8988,#8989,#8990,#8991,#8992,#8993,#8994,#8995,#8996),
 .UNSPECIFIED.,.F.,.F.,(4,1,1,1,1,1,1,1,1,1,1,1,1,1,1,1,1,1,1,1,1,1,1,1,
1,1,1,4),(0.,0.0780109662847482,0.0901685395200571,0.105863895976587,0.124434891170109,
0.145492419933232,0.168772393642441,0.194080393087177,0.2212655452278,0.25020634961509,
0.280802228760982,0.312968134362401,0.346630920133151,0.381726800357429,
0.418199508945183,0.455998928713873,0.495080046892118,0.535402143332512,
0.5769281487351,0.619624129671185,0.663458869906946,0.708403526041081,0.754431341311052,
0.801517405513374,0.849638451902951,0.898772684055407,0.94889962723783,
0.992584726395648),.UNSPECIFIED.);
#185=B_SPLINE_CURVE_WITH_KNOTS('',3,(#8997,#8998,#8999,#9000,#9001,#9002,
#9003,#9004,#9005,#9006,#9007,#9008,#9009,#9010,#9011,#9012,#9013,#9014,
#9015,#9016,#9017,#9018,#9019,#9020,#9021,#9022,#9023,#9024,#9025,#9026),
 .UNSPECIFIED.,.F.,.F.,(4,1,1,1,1,1,1,1,1,1,1,1,1,1,1,1,1,1,1,1,1,1,1,1,
1,1,1,4),(0.,0.0780109662847482,0.0901685395200571,0.105863895976587,0.124434891170109,
0.145492419933232,0.168772393642441,0.194080393087177,0.2212655452278,0.25020634961509,
0.280802228760982,0.312968134362401,0.346630920133151,0.381726800357429,
0.418199508945183,0.455998928713873,0.495080046892118,0.535402143332512,
0.5769281487351,0.619624129671185,0.663458869906946,0.708403526041081,0.754431341311052,
0.801517405513374,0.849638451902951,0.898772684055407,0.94889962723783,
0.992584726395648),.UNSPECIFIED.);
#186=B_SPLINE_CURVE_WITH_KNOTS('',3,(#9034,#9035,#9036,#9037,#9038,#9039,
#9040,#9041,#9042,#9043,#9044,#9045,#9046,#9047,#9048,#9049,#9050,#9051,
#9052,#9053,#9054,#9055,#9056,#9057,#9058,#9059,#9060,#9061,#9062,#9063),
 .UNSPECIFIED.,.F.,.F.,(4,1,1,1,1,1,1,1,1,1,1,1,1,1,1,1,1,1,1,1,1,1,1,1,
1,1,1,4),(0.,0.0780109662847482,0.0901685395200571,0.105863895976587,0.124434891170109,
0.145492419933232,0.168772393642441,0.194080393087177,0.2212655452278,0.25020634961509,
0.280802228760982,0.312968134362401,0.346630920133151,0.381726800357429,
0.418199508945183,0.455998928713873,0.495080046892118,0.535402143332512,
0.5769281487351,0.619624129671185,0.663458869906946,0.708403526041081,0.754431341311052,
0.801517405513374,0.849638451902951,0.898772684055407,0.94889962723783,
0.992584726395648),.UNSPECIFIED.);
#187=B_SPLINE_CURVE_WITH_KNOTS('',3,(#9064,#9065,#9066,#9067,#9068,#9069,
#9070,#9071,#9072,#9073,#9074,#9075,#9076,#9077,#9078,#9079,#9080,#9081,
#9082,#9083,#9084,#9085,#9086,#9087,#9088,#9089,#9090,#9091,#9092,#9093),
 .UNSPECIFIED.,.F.,.F.,(4,1,1,1,1,1,1,1,1,1,1,1,1,1,1,1,1,1,1,1,1,1,1,1,
1,1,1,4),(0.,0.0780109662847482,0.0901685395200571,0.105863895976587,0.124434891170109,
0.145492419933232,0.168772393642441,0.194080393087177,0.2212655452278,0.25020634961509,
0.280802228760982,0.312968134362401,0.346630920133151,0.381726800357429,
0.418199508945183,0.455998928713873,0.495080046892118,0.535402143332512,
0.5769281487351,0.619624129671185,0.663458869906946,0.708403526041081,0.754431341311052,
0.801517405513374,0.849638451902951,0.898772684055407,0.94889962723783,
0.992584726395648),.UNSPECIFIED.);
#188=B_SPLINE_CURVE_WITH_KNOTS('',3,(#9101,#9102,#9103,#9104,#9105,#9106,
#9107,#9108,#9109,#9110,#9111,#9112,#9113,#9114,#9115,#9116,#9117,#9118,
#9119,#9120,#9121,#9122,#9123,#9124,#9125,#9126,#9127,#9128,#9129,#9130),
 .UNSPECIFIED.,.F.,.F.,(4,1,1,1,1,1,1,1,1,1,1,1,1,1,1,1,1,1,1,1,1,1,1,1,
1,1,1,4),(0.,0.0780109662847482,0.0901685395200571,0.105863895976587,0.124434891170109,
0.145492419933232,0.168772393642441,0.194080393087177,0.2212655452278,0.25020634961509,
0.280802228760982,0.312968134362401,0.346630920133151,0.381726800357429,
0.418199508945183,0.455998928713873,0.495080046892118,0.535402143332512,
0.5769281487351,0.619624129671185,0.663458869906946,0.708403526041081,0.754431341311052,
0.801517405513374,0.849638451902951,0.898772684055407,0.94889962723783,
0.992584726395648),.UNSPECIFIED.);
#189=B_SPLINE_CURVE_WITH_KNOTS('',3,(#9131,#9132,#9133,#9134,#9135,#9136,
#9137,#9138,#9139,#9140,#9141,#9142,#9143,#9144,#9145,#9146,#9147,#9148,
#9149,#9150,#9151,#9152,#9153,#9154,#9155,#9156,#9157,#9158,#9159,#9160),
 .UNSPECIFIED.,.F.,.F.,(4,1,1,1,1,1,1,1,1,1,1,1,1,1,1,1,1,1,1,1,1,1,1,1,
1,1,1,4),(0.,0.0780109662847482,0.0901685395200571,0.105863895976587,0.124434891170109,
0.145492419933232,0.168772393642441,0.194080393087177,0.2212655452278,0.25020634961509,
0.280802228760982,0.312968134362401,0.346630920133151,0.381726800357429,
0.418199508945183,0.455998928713873,0.495080046892118,0.535402143332512,
0.5769281487351,0.619624129671185,0.663458869906946,0.708403526041081,0.754431341311052,
0.801517405513374,0.849638451902951,0.898772684055407,0.94889962723783,
0.992584726395648),.UNSPECIFIED.);
#190=B_SPLINE_CURVE_WITH_KNOTS('',3,(#9168,#9169,#9170,#9171,#9172,#9173,
#9174,#9175,#9176,#9177,#9178,#9179,#9180,#9181,#9182,#9183,#9184,#9185,
#9186,#9187,#9188,#9189,#9190,#9191,#9192,#9193,#9194,#9195,#9196,#9197),
 .UNSPECIFIED.,.F.,.F.,(4,1,1,1,1,1,1,1,1,1,1,1,1,1,1,1,1,1,1,1,1,1,1,1,
1,1,1,4),(0.,0.0780109662847482,0.0901685395200571,0.105863895976587,0.124434891170109,
0.145492419933232,0.168772393642441,0.194080393087177,0.2212655452278,0.25020634961509,
0.280802228760982,0.312968134362401,0.346630920133151,0.381726800357429,
0.418199508945183,0.455998928713873,0.495080046892118,0.535402143332512,
0.5769281487351,0.619624129671185,0.663458869906946,0.708403526041081,0.754431341311052,
0.801517405513374,0.849638451902951,0.898772684055407,0.94889962723783,
0.992584726395648),.UNSPECIFIED.);
#191=B_SPLINE_CURVE_WITH_KNOTS('',3,(#9198,#9199,#9200,#9201,#9202,#9203,
#9204,#9205,#9206,#9207,#9208,#9209,#9210,#9211,#9212,#9213,#9214,#9215,
#9216,#9217,#9218,#9219,#9220,#9221,#9222,#9223,#9224,#9225,#9226,#9227),
 .UNSPECIFIED.,.F.,.F.,(4,1,1,1,1,1,1,1,1,1,1,1,1,1,1,1,1,1,1,1,1,1,1,1,
1,1,1,4),(0.,0.0780109662847482,0.0901685395200571,0.105863895976587,0.124434891170109,
0.145492419933232,0.168772393642441,0.194080393087177,0.2212655452278,0.25020634961509,
0.280802228760982,0.312968134362401,0.346630920133151,0.381726800357429,
0.418199508945183,0.455998928713873,0.495080046892118,0.535402143332512,
0.5769281487351,0.619624129671185,0.663458869906946,0.708403526041081,0.754431341311052,
0.801517405513374,0.849638451902951,0.898772684055407,0.94889962723783,
0.992584726395648),.UNSPECIFIED.);
#192=PLANE('',#3692);
#193=PLANE('',#3787);
#194=PLANE('',#3968);
#195=PLANE('',#3969);
#196=PLANE('',#3970);
#197=PLANE('',#3971);
#198=PLANE('',#3972);
#199=PLANE('',#3973);
#200=PLANE('',#3976);
#201=CIRCLE('',#3606,0.016);
#202=CIRCLE('',#3607,0.016);
#203=CIRCLE('',#3609,0.016);
#204=CIRCLE('',#3610,0.016);
#205=CIRCLE('',#3612,0.016);
#206=CIRCLE('',#3613,0.016);
#207=CIRCLE('',#3615,0.016);
#208=CIRCLE('',#3616,0.016);
#209=CIRCLE('',#3618,0.016);
#210=CIRCLE('',#3619,0.016);
#211=CIRCLE('',#3621,0.016);
#212=CIRCLE('',#3622,0.016);
#213=CIRCLE('',#3624,0.016);
#214=CIRCLE('',#3625,0.016);
#215=CIRCLE('',#3627,0.016);
#216=CIRCLE('',#3628,0.016);
#217=CIRCLE('',#3630,0.016);
#218=CIRCLE('',#3631,0.016);
#219=CIRCLE('',#3633,0.016);
#220=CIRCLE('',#3634,0.016);
#221=CIRCLE('',#3636,0.016);
#222=CIRCLE('',#3637,0.016);
#223=CIRCLE('',#3639,0.016);
#224=CIRCLE('',#3640,0.016);
#225=CIRCLE('',#3642,0.016);
#226=CIRCLE('',#3643,0.016);
#227=CIRCLE('',#3645,0.016);
#228=CIRCLE('',#3646,0.016);
#229=CIRCLE('',#3648,0.016);
#230=CIRCLE('',#3649,0.016);
#231=CIRCLE('',#3651,0.016);
#232=CIRCLE('',#3652,0.016);
#233=CIRCLE('',#3654,0.016);
#234=CIRCLE('',#3655,0.016);
#235=CIRCLE('',#3657,0.016);
#236=CIRCLE('',#3658,0.016);
#237=CIRCLE('',#3660,0.016);
#238=CIRCLE('',#3661,0.016);
#239=CIRCLE('',#3663,0.016);
#240=CIRCLE('',#3664,0.016);
#241=CIRCLE('',#3666,0.016);
#242=CIRCLE('',#3667,0.016);
#243=CIRCLE('',#3669,0.016);
#244=CIRCLE('',#3670,0.016);
#245=CIRCLE('',#3672,0.016);
#246=CIRCLE('',#3673,0.016);
#247=CIRCLE('',#3675,0.016);
#248=CIRCLE('',#3676,0.016);
#249=CIRCLE('',#3678,0.016);
#250=CIRCLE('',#3679,0.016);
#251=CIRCLE('',#3681,0.016);
#252=CIRCLE('',#3682,0.016);
#253=CIRCLE('',#3684,0.016);
#254=CIRCLE('',#3685,0.016);
#255=CIRCLE('',#3687,0.016);
#256=CIRCLE('',#3688,0.016);
#257=CIRCLE('',#3690,0.016);
#258=CIRCLE('',#3691,0.016);
#259=CIRCLE('',#3693,0.005);
#260=CIRCLE('',#3694,0.000367502542035657);
#261=CIRCLE('',#3695,0.0137500000000017);
#262=CIRCLE('',#3696,0.000367502542035657);
#263=CIRCLE('',#3697,0.000367502542035657);
#264=CIRCLE('',#3698,0.0137500000000017);
#265=CIRCLE('',#3699,0.000367502542035657);
#266=CIRCLE('',#3700,0.000367502542035657);
#267=CIRCLE('',#3701,0.0137500000000017);
#268=CIRCLE('',#3702,0.000367502542035657);
#269=CIRCLE('',#3703,0.000367502542035657);
#270=CIRCLE('',#3704,0.0137500000000017);
#271=CIRCLE('',#3705,0.000367502542035657);
#272=CIRCLE('',#3706,0.000367502542035657);
#273=CIRCLE('',#3707,0.0137500000000017);
#274=CIRCLE('',#3708,0.000367502542035657);
#275=CIRCLE('',#3709,0.000367502542035657);
#276=CIRCLE('',#3710,0.0137500000000017);
#277=CIRCLE('',#3711,0.000367502542035657);
#278=CIRCLE('',#3712,0.000367502542035657);
#279=CIRCLE('',#3713,0.0137500000000017);
#280=CIRCLE('',#3714,0.000367502542035657);
#281=CIRCLE('',#3715,0.000367502542035657);
#282=CIRCLE('',#3716,0.0137500000000017);
#283=CIRCLE('',#3717,0.000367502542035657);
#284=CIRCLE('',#3718,0.000367502542035657);
#285=CIRCLE('',#3719,0.0137500000000017);
#286=CIRCLE('',#3720,0.000367502542035657);
#287=CIRCLE('',#3721,0.016);
#288=CIRCLE('',#3722,0.000367502542035657);
#289=CIRCLE('',#3723,0.0137500000000017);
#290=CIRCLE('',#3724,0.000367502542035657);
#291=CIRCLE('',#3725,0.000367502542035657);
#292=CIRCLE('',#3726,0.0137500000000017);
#293=CIRCLE('',#3727,0.000367502542035657);
#294=CIRCLE('',#3728,0.000367502542035657);
#295=CIRCLE('',#3729,0.0137500000000017);
#296=CIRCLE('',#3730,0.000367502542035657);
#297=CIRCLE('',#3731,0.000367502542035657);
#298=CIRCLE('',#3732,0.0137500000000017);
#299=CIRCLE('',#3733,0.000367502542035657);
#300=CIRCLE('',#3734,0.000367502542035657);
#301=CIRCLE('',#3735,0.0137500000000017);
#302=CIRCLE('',#3736,0.000367502542035657);
#303=CIRCLE('',#3737,0.000367502542035657);
#304=CIRCLE('',#3738,0.0137500000000017);
#305=CIRCLE('',#3739,0.000367502542035657);
#306=CIRCLE('',#3740,0.000367502542035657);
#307=CIRCLE('',#3741,0.0137500000000017);
#308=CIRCLE('',#3742,0.000367502542035657);
#309=CIRCLE('',#3743,0.000367502542035657);
#310=CIRCLE('',#3744,0.0137500000000017);
#311=CIRCLE('',#3745,0.000367502542035657);
#312=CIRCLE('',#3746,0.000367502542035657);
#313=CIRCLE('',#3747,0.0137500000000017);
#314=CIRCLE('',#3748,0.000367502542035657);
#315=CIRCLE('',#3749,0.000367502542035657);
#316=CIRCLE('',#3750,0.0137500000000017);
#317=CIRCLE('',#3751,0.000367502542035657);
#318=CIRCLE('',#3752,0.000367502542035657);
#319=CIRCLE('',#3753,0.0137500000000017);
#320=CIRCLE('',#3754,0.000367502542035657);
#321=CIRCLE('',#3755,0.000367502542035657);
#322=CIRCLE('',#3756,0.0137500000000017);
#323=CIRCLE('',#3757,0.000367502542035657);
#324=CIRCLE('',#3758,0.000367502542035657);
#325=CIRCLE('',#3759,0.0137500000000017);
#326=CIRCLE('',#3760,0.000367502542035657);
#327=CIRCLE('',#3761,0.000367502542035657);
#328=CIRCLE('',#3762,0.0137500000000017);
#329=CIRCLE('',#3763,0.000367502542035657);
#330=CIRCLE('',#3764,0.000367502542035657);
#331=CIRCLE('',#3765,0.0137500000000017);
#332=CIRCLE('',#3766,0.000367502542035657);
#333=CIRCLE('',#3767,0.000367502542035657);
#334=CIRCLE('',#3768,0.0137500000000017);
#335=CIRCLE('',#3769,0.000367502542035657);
#336=CIRCLE('',#3770,0.000367502542035657);
#337=CIRCLE('',#3771,0.0137500000000017);
#338=CIRCLE('',#3772,0.000367502542035657);
#339=CIRCLE('',#3773,0.000367502542035657);
#340=CIRCLE('',#3774,0.0137500000000017);
#341=CIRCLE('',#3775,0.000367502542035657);
#342=CIRCLE('',#3776,0.000367502542035657);
#343=CIRCLE('',#3777,0.0137500000000017);
#344=CIRCLE('',#3778,0.000367502542035657);
#345=CIRCLE('',#3779,0.000367502542035657);
#346=CIRCLE('',#3780,0.0137500000000017);
#347=CIRCLE('',#3781,0.000367502542035657);
#348=CIRCLE('',#3782,0.000367502542035657);
#349=CIRCLE('',#3783,0.0137500000000017);
#350=CIRCLE('',#3784,0.000367502542035657);
#351=CIRCLE('',#3786,0.016);
#352=CIRCLE('',#3788,0.000367502542035657);
#353=CIRCLE('',#3789,0.0137500000000017);
#354=CIRCLE('',#3790,0.000367502542035657);
#355=CIRCLE('',#3791,0.000367502542035657);
#356=CIRCLE('',#3792,0.0137500000000017);
#357=CIRCLE('',#3793,0.000367502542035657);
#358=CIRCLE('',#3794,0.000367502542035657);
#359=CIRCLE('',#3795,0.0137500000000017);
#360=CIRCLE('',#3796,0.000367502542035657);
#361=CIRCLE('',#3797,0.000367502542035657);
#362=CIRCLE('',#3798,0.0137500000000017);
#363=CIRCLE('',#3799,0.000367502542035657);
#364=CIRCLE('',#3800,0.000367502542035657);
#365=CIRCLE('',#3801,0.0137500000000017);
#366=CIRCLE('',#3802,0.000367502542035657);
#367=CIRCLE('',#3803,0.000367502542035657);
#368=CIRCLE('',#3804,0.0137500000000017);
#369=CIRCLE('',#3805,0.000367502542035657);
#370=CIRCLE('',#3806,0.000367502542035657);
#371=CIRCLE('',#3807,0.0137500000000017);
#372=CIRCLE('',#3808,0.000367502542035657);
#373=CIRCLE('',#3809,0.000367502542035657);
#374=CIRCLE('',#3810,0.0137500000000017);
#375=CIRCLE('',#3811,0.000367502542035657);
#376=CIRCLE('',#3812,0.000367502542035657);
#377=CIRCLE('',#3813,0.0137500000000017);
#378=CIRCLE('',#3814,0.000367502542035657);
#379=CIRCLE('',#3815,0.000367502542035657);
#380=CIRCLE('',#3816,0.0137500000000017);
#381=CIRCLE('',#3817,0.000367502542035657);
#382=CIRCLE('',#3818,0.000367502542035657);
#383=CIRCLE('',#3819,0.0137500000000017);
#384=CIRCLE('',#3820,0.000367502542035657);
#385=CIRCLE('',#3821,0.000367502542035657);
#386=CIRCLE('',#3822,0.0137500000000017);
#387=CIRCLE('',#3823,0.000367502542035657);
#388=CIRCLE('',#3824,0.000367502542035657);
#389=CIRCLE('',#3825,0.0137500000000017);
#390=CIRCLE('',#3826,0.000367502542035657);
#391=CIRCLE('',#3827,0.000367502542035657);
#392=CIRCLE('',#3828,0.0137500000000017);
#393=CIRCLE('',#3829,0.000367502542035657);
#394=CIRCLE('',#3830,0.000367502542035657);
#395=CIRCLE('',#3831,0.0137500000000017);
#396=CIRCLE('',#3832,0.000367502542035657);
#397=CIRCLE('',#3833,0.000367502542035657);
#398=CIRCLE('',#3834,0.0137500000000017);
#399=CIRCLE('',#3835,0.000367502542035657);
#400=CIRCLE('',#3836,0.000367502542035657);
#401=CIRCLE('',#3837,0.0137500000000017);
#402=CIRCLE('',#3838,0.000367502542035657);
#403=CIRCLE('',#3839,0.000367502542035657);
#404=CIRCLE('',#3840,0.0137500000000017);
#405=CIRCLE('',#3841,0.000367502542035657);
#406=CIRCLE('',#3842,0.000367502542035657);
#407=CIRCLE('',#3843,0.0137500000000017);
#408=CIRCLE('',#3844,0.000367502542035657);
#409=CIRCLE('',#3845,0.000367502542035657);
#410=CIRCLE('',#3846,0.0137500000000017);
#411=CIRCLE('',#3847,0.000367502542035657);
#412=CIRCLE('',#3848,0.000367502542035657);
#413=CIRCLE('',#3849,0.0137500000000017);
#414=CIRCLE('',#3850,0.000367502542035657);
#415=CIRCLE('',#3851,0.000367502542035657);
#416=CIRCLE('',#3852,0.0137500000000017);
#417=CIRCLE('',#3853,0.000367502542035657);
#418=CIRCLE('',#3854,0.000367502542035657);
#419=CIRCLE('',#3855,0.0137500000000017);
#420=CIRCLE('',#3856,0.000367502542035657);
#421=CIRCLE('',#3857,0.000367502542035657);
#422=CIRCLE('',#3858,0.0137500000000017);
#423=CIRCLE('',#3859,0.000367502542035657);
#424=CIRCLE('',#3860,0.000367502542035657);
#425=CIRCLE('',#3861,0.0137500000000017);
#426=CIRCLE('',#3862,0.000367502542035657);
#427=CIRCLE('',#3863,0.000367502542035657);
#428=CIRCLE('',#3864,0.0137500000000017);
#429=CIRCLE('',#3865,0.000367502542035657);
#430=CIRCLE('',#3866,0.000367502542035657);
#431=CIRCLE('',#3867,0.0137500000000017);
#432=CIRCLE('',#3868,0.000367502542035657);
#433=CIRCLE('',#3869,0.000367502542035657);
#434=CIRCLE('',#3870,0.0137500000000017);
#435=CIRCLE('',#3871,0.000367502542035657);
#436=CIRCLE('',#3872,0.000367502542035657);
#437=CIRCLE('',#3873,0.0137500000000017);
#438=CIRCLE('',#3874,0.000367502542035657);
#439=CIRCLE('',#3875,0.000367502542035657);
#440=CIRCLE('',#3876,0.0137500000000017);
#441=CIRCLE('',#3877,0.000367502542035657);
#442=CIRCLE('',#3975,0.005);
#443=ORIENTED_EDGE('',*,*,#1563,.T.);
#444=ORIENTED_EDGE('',*,*,#1564,.F.);
#445=ORIENTED_EDGE('',*,*,#1565,.F.);
#446=ORIENTED_EDGE('',*,*,#1566,.T.);
#447=ORIENTED_EDGE('',*,*,#1567,.T.);
#448=ORIENTED_EDGE('',*,*,#1568,.F.);
#449=ORIENTED_EDGE('',*,*,#1569,.F.);
#450=ORIENTED_EDGE('',*,*,#1570,.T.);
#451=ORIENTED_EDGE('',*,*,#1571,.T.);
#452=ORIENTED_EDGE('',*,*,#1572,.F.);
#453=ORIENTED_EDGE('',*,*,#1573,.F.);
#454=ORIENTED_EDGE('',*,*,#1574,.T.);
#455=ORIENTED_EDGE('',*,*,#1575,.T.);
#456=ORIENTED_EDGE('',*,*,#1576,.F.);
#457=ORIENTED_EDGE('',*,*,#1577,.F.);
#458=ORIENTED_EDGE('',*,*,#1578,.T.);
#459=ORIENTED_EDGE('',*,*,#1579,.T.);
#460=ORIENTED_EDGE('',*,*,#1580,.F.);
#461=ORIENTED_EDGE('',*,*,#1581,.F.);
#462=ORIENTED_EDGE('',*,*,#1582,.T.);
#463=ORIENTED_EDGE('',*,*,#1583,.T.);
#464=ORIENTED_EDGE('',*,*,#1584,.T.);
#465=ORIENTED_EDGE('',*,*,#1585,.F.);
#466=ORIENTED_EDGE('',*,*,#1586,.F.);
#467=ORIENTED_EDGE('',*,*,#1587,.T.);
#468=ORIENTED_EDGE('',*,*,#1588,.F.);
#469=ORIENTED_EDGE('',*,*,#1589,.F.);
#470=ORIENTED_EDGE('',*,*,#1590,.T.);
#471=ORIENTED_EDGE('',*,*,#1591,.T.);
#472=ORIENTED_EDGE('',*,*,#1592,.F.);
#473=ORIENTED_EDGE('',*,*,#1593,.F.);
#474=ORIENTED_EDGE('',*,*,#1594,.T.);
#475=ORIENTED_EDGE('',*,*,#1595,.T.);
#476=ORIENTED_EDGE('',*,*,#1596,.F.);
#477=ORIENTED_EDGE('',*,*,#1597,.F.);
#478=ORIENTED_EDGE('',*,*,#1598,.T.);
#479=ORIENTED_EDGE('',*,*,#1599,.T.);
#480=ORIENTED_EDGE('',*,*,#1600,.T.);
#481=ORIENTED_EDGE('',*,*,#1601,.F.);
#482=ORIENTED_EDGE('',*,*,#1602,.F.);
#483=ORIENTED_EDGE('',*,*,#1603,.T.);
#484=ORIENTED_EDGE('',*,*,#1604,.F.);
#485=ORIENTED_EDGE('',*,*,#1605,.F.);
#486=ORIENTED_EDGE('',*,*,#1606,.T.);
#487=ORIENTED_EDGE('',*,*,#1607,.T.);
#488=ORIENTED_EDGE('',*,*,#1608,.T.);
#489=ORIENTED_EDGE('',*,*,#1609,.F.);
#490=ORIENTED_EDGE('',*,*,#1610,.F.);
#491=ORIENTED_EDGE('',*,*,#1611,.T.);
#492=ORIENTED_EDGE('',*,*,#1612,.T.);
#493=ORIENTED_EDGE('',*,*,#1613,.F.);
#494=ORIENTED_EDGE('',*,*,#1614,.F.);
#495=ORIENTED_EDGE('',*,*,#1615,.T.);
#496=ORIENTED_EDGE('',*,*,#1616,.T.);
#497=ORIENTED_EDGE('',*,*,#1617,.F.);
#498=ORIENTED_EDGE('',*,*,#1618,.F.);
#499=ORIENTED_EDGE('',*,*,#1619,.T.);
#500=ORIENTED_EDGE('',*,*,#1620,.T.);
#501=ORIENTED_EDGE('',*,*,#1621,.F.);
#502=ORIENTED_EDGE('',*,*,#1622,.F.);
#503=ORIENTED_EDGE('',*,*,#1623,.T.);
#504=ORIENTED_EDGE('',*,*,#1624,.T.);
#505=ORIENTED_EDGE('',*,*,#1625,.F.);
#506=ORIENTED_EDGE('',*,*,#1626,.F.);
#507=ORIENTED_EDGE('',*,*,#1627,.T.);
#508=ORIENTED_EDGE('',*,*,#1628,.F.);
#509=ORIENTED_EDGE('',*,*,#1629,.F.);
#510=ORIENTED_EDGE('',*,*,#1630,.T.);
#511=ORIENTED_EDGE('',*,*,#1631,.T.);
#512=ORIENTED_EDGE('',*,*,#1632,.T.);
#513=ORIENTED_EDGE('',*,*,#1633,.F.);
#514=ORIENTED_EDGE('',*,*,#1634,.F.);
#515=ORIENTED_EDGE('',*,*,#1635,.T.);
#516=ORIENTED_EDGE('',*,*,#1636,.F.);
#517=ORIENTED_EDGE('',*,*,#1637,.F.);
#518=ORIENTED_EDGE('',*,*,#1638,.T.);
#519=ORIENTED_EDGE('',*,*,#1639,.T.);
#520=ORIENTED_EDGE('',*,*,#1640,.T.);
#521=ORIENTED_EDGE('',*,*,#1641,.F.);
#522=ORIENTED_EDGE('',*,*,#1642,.F.);
#523=ORIENTED_EDGE('',*,*,#1643,.T.);
#524=ORIENTED_EDGE('',*,*,#1644,.T.);
#525=ORIENTED_EDGE('',*,*,#1645,.F.);
#526=ORIENTED_EDGE('',*,*,#1646,.F.);
#527=ORIENTED_EDGE('',*,*,#1647,.T.);
#528=ORIENTED_EDGE('',*,*,#1648,.T.);
#529=ORIENTED_EDGE('',*,*,#1649,.F.);
#530=ORIENTED_EDGE('',*,*,#1650,.F.);
#531=ORIENTED_EDGE('',*,*,#1651,.T.);
#532=ORIENTED_EDGE('',*,*,#1652,.T.);
#533=ORIENTED_EDGE('',*,*,#1653,.F.);
#534=ORIENTED_EDGE('',*,*,#1654,.F.);
#535=ORIENTED_EDGE('',*,*,#1655,.T.);
#536=ORIENTED_EDGE('',*,*,#1656,.T.);
#537=ORIENTED_EDGE('',*,*,#1657,.F.);
#538=ORIENTED_EDGE('',*,*,#1658,.F.);
#539=ORIENTED_EDGE('',*,*,#1659,.T.);
#540=ORIENTED_EDGE('',*,*,#1660,.F.);
#541=ORIENTED_EDGE('',*,*,#1661,.F.);
#542=ORIENTED_EDGE('',*,*,#1662,.T.);
#543=ORIENTED_EDGE('',*,*,#1663,.T.);
#544=ORIENTED_EDGE('',*,*,#1664,.F.);
#545=ORIENTED_EDGE('',*,*,#1665,.F.);
#546=ORIENTED_EDGE('',*,*,#1666,.T.);
#547=ORIENTED_EDGE('',*,*,#1667,.T.);
#548=ORIENTED_EDGE('',*,*,#1668,.T.);
#549=ORIENTED_EDGE('',*,*,#1669,.F.);
#550=ORIENTED_EDGE('',*,*,#1670,.F.);
#551=ORIENTED_EDGE('',*,*,#1671,.T.);
#552=ORIENTED_EDGE('',*,*,#1672,.T.);
#553=ORIENTED_EDGE('',*,*,#1673,.F.);
#554=ORIENTED_EDGE('',*,*,#1674,.F.);
#555=ORIENTED_EDGE('',*,*,#1675,.T.);
#556=ORIENTED_EDGE('',*,*,#1676,.T.);
#557=ORIENTED_EDGE('',*,*,#1677,.F.);
#558=ORIENTED_EDGE('',*,*,#1678,.F.);
#559=ORIENTED_EDGE('',*,*,#1679,.T.);
#560=ORIENTED_EDGE('',*,*,#1680,.T.);
#561=ORIENTED_EDGE('',*,*,#1681,.F.);
#562=ORIENTED_EDGE('',*,*,#1682,.T.);
#563=ORIENTED_EDGE('',*,*,#1683,.T.);
#564=ORIENTED_EDGE('',*,*,#1566,.F.);
#565=ORIENTED_EDGE('',*,*,#1684,.F.);
#566=ORIENTED_EDGE('',*,*,#1685,.T.);
#567=ORIENTED_EDGE('',*,*,#1686,.F.);
#568=ORIENTED_EDGE('',*,*,#1687,.T.);
#569=ORIENTED_EDGE('',*,*,#1688,.T.);
#570=ORIENTED_EDGE('',*,*,#1570,.F.);
#571=ORIENTED_EDGE('',*,*,#1689,.F.);
#572=ORIENTED_EDGE('',*,*,#1690,.T.);
#573=ORIENTED_EDGE('',*,*,#1691,.F.);
#574=ORIENTED_EDGE('',*,*,#1692,.T.);
#575=ORIENTED_EDGE('',*,*,#1693,.T.);
#576=ORIENTED_EDGE('',*,*,#1574,.F.);
#577=ORIENTED_EDGE('',*,*,#1694,.F.);
#578=ORIENTED_EDGE('',*,*,#1695,.T.);
#579=ORIENTED_EDGE('',*,*,#1696,.F.);
#580=ORIENTED_EDGE('',*,*,#1697,.T.);
#581=ORIENTED_EDGE('',*,*,#1698,.T.);
#582=ORIENTED_EDGE('',*,*,#1578,.F.);
#583=ORIENTED_EDGE('',*,*,#1699,.F.);
#584=ORIENTED_EDGE('',*,*,#1700,.T.);
#585=ORIENTED_EDGE('',*,*,#1701,.F.);
#586=ORIENTED_EDGE('',*,*,#1702,.T.);
#587=ORIENTED_EDGE('',*,*,#1703,.T.);
#588=ORIENTED_EDGE('',*,*,#1583,.F.);
#589=ORIENTED_EDGE('',*,*,#1704,.F.);
#590=ORIENTED_EDGE('',*,*,#1705,.T.);
#591=ORIENTED_EDGE('',*,*,#1706,.F.);
#592=ORIENTED_EDGE('',*,*,#1707,.T.);
#593=ORIENTED_EDGE('',*,*,#1708,.T.);
#594=ORIENTED_EDGE('',*,*,#1582,.F.);
#595=ORIENTED_EDGE('',*,*,#1709,.F.);
#596=ORIENTED_EDGE('',*,*,#1710,.T.);
#597=ORIENTED_EDGE('',*,*,#1711,.F.);
#598=ORIENTED_EDGE('',*,*,#1712,.T.);
#599=ORIENTED_EDGE('',*,*,#1713,.T.);
#600=ORIENTED_EDGE('',*,*,#1590,.F.);
#601=ORIENTED_EDGE('',*,*,#1714,.F.);
#602=ORIENTED_EDGE('',*,*,#1715,.T.);
#603=ORIENTED_EDGE('',*,*,#1716,.F.);
#604=ORIENTED_EDGE('',*,*,#1717,.T.);
#605=ORIENTED_EDGE('',*,*,#1718,.T.);
#606=ORIENTED_EDGE('',*,*,#1594,.F.);
#607=ORIENTED_EDGE('',*,*,#1719,.F.);
#608=ORIENTED_EDGE('',*,*,#1720,.T.);
#609=ORIENTED_EDGE('',*,*,#1721,.F.);
#610=ORIENTED_EDGE('',*,*,#1722,.T.);
#611=ORIENTED_EDGE('',*,*,#1723,.T.);
#612=ORIENTED_EDGE('',*,*,#1724,.F.);
#613=ORIENTED_EDGE('',*,*,#1725,.F.);
#614=ORIENTED_EDGE('',*,*,#1726,.T.);
#615=ORIENTED_EDGE('',*,*,#1727,.F.);
#616=ORIENTED_EDGE('',*,*,#1728,.T.);
#617=ORIENTED_EDGE('',*,*,#1729,.T.);
#618=ORIENTED_EDGE('',*,*,#1675,.F.);
#619=ORIENTED_EDGE('',*,*,#1730,.F.);
#620=ORIENTED_EDGE('',*,*,#1731,.T.);
#621=ORIENTED_EDGE('',*,*,#1732,.F.);
#622=ORIENTED_EDGE('',*,*,#1733,.T.);
#623=ORIENTED_EDGE('',*,*,#1734,.T.);
#624=ORIENTED_EDGE('',*,*,#1662,.F.);
#625=ORIENTED_EDGE('',*,*,#1735,.F.);
#626=ORIENTED_EDGE('',*,*,#1736,.T.);
#627=ORIENTED_EDGE('',*,*,#1737,.F.);
#628=ORIENTED_EDGE('',*,*,#1738,.T.);
#629=ORIENTED_EDGE('',*,*,#1739,.T.);
#630=ORIENTED_EDGE('',*,*,#1666,.F.);
#631=ORIENTED_EDGE('',*,*,#1740,.F.);
#632=ORIENTED_EDGE('',*,*,#1741,.T.);
#633=ORIENTED_EDGE('',*,*,#1742,.F.);
#634=ORIENTED_EDGE('',*,*,#1743,.T.);
#635=ORIENTED_EDGE('',*,*,#1744,.T.);
#636=ORIENTED_EDGE('',*,*,#1671,.F.);
#637=ORIENTED_EDGE('',*,*,#1745,.F.);
#638=ORIENTED_EDGE('',*,*,#1746,.T.);
#639=ORIENTED_EDGE('',*,*,#1747,.F.);
#640=ORIENTED_EDGE('',*,*,#1748,.T.);
#641=ORIENTED_EDGE('',*,*,#1749,.T.);
#642=ORIENTED_EDGE('',*,*,#1667,.F.);
#643=ORIENTED_EDGE('',*,*,#1750,.F.);
#644=ORIENTED_EDGE('',*,*,#1751,.T.);
#645=ORIENTED_EDGE('',*,*,#1752,.F.);
#646=ORIENTED_EDGE('',*,*,#1753,.T.);
#647=ORIENTED_EDGE('',*,*,#1754,.T.);
#648=ORIENTED_EDGE('',*,*,#1655,.F.);
#649=ORIENTED_EDGE('',*,*,#1755,.F.);
#650=ORIENTED_EDGE('',*,*,#1756,.T.);
#651=ORIENTED_EDGE('',*,*,#1757,.F.);
#652=ORIENTED_EDGE('',*,*,#1758,.T.);
#653=ORIENTED_EDGE('',*,*,#1759,.T.);
#654=ORIENTED_EDGE('',*,*,#1651,.F.);
#655=ORIENTED_EDGE('',*,*,#1760,.F.);
#656=ORIENTED_EDGE('',*,*,#1761,.T.);
#657=ORIENTED_EDGE('',*,*,#1762,.F.);
#658=ORIENTED_EDGE('',*,*,#1763,.T.);
#659=ORIENTED_EDGE('',*,*,#1764,.T.);
#660=ORIENTED_EDGE('',*,*,#1647,.F.);
#661=ORIENTED_EDGE('',*,*,#1765,.F.);
#662=ORIENTED_EDGE('',*,*,#1766,.T.);
#663=ORIENTED_EDGE('',*,*,#1767,.F.);
#664=ORIENTED_EDGE('',*,*,#1768,.T.);
#665=ORIENTED_EDGE('',*,*,#1769,.T.);
#666=ORIENTED_EDGE('',*,*,#1643,.F.);
#667=ORIENTED_EDGE('',*,*,#1770,.F.);
#668=ORIENTED_EDGE('',*,*,#1771,.T.);
#669=ORIENTED_EDGE('',*,*,#1772,.F.);
#670=ORIENTED_EDGE('',*,*,#1773,.T.);
#671=ORIENTED_EDGE('',*,*,#1774,.T.);
#672=ORIENTED_EDGE('',*,*,#1631,.F.);
#673=ORIENTED_EDGE('',*,*,#1775,.F.);
#674=ORIENTED_EDGE('',*,*,#1776,.T.);
#675=ORIENTED_EDGE('',*,*,#1777,.F.);
#676=ORIENTED_EDGE('',*,*,#1778,.T.);
#677=ORIENTED_EDGE('',*,*,#1779,.T.);
#678=ORIENTED_EDGE('',*,*,#1630,.F.);
#679=ORIENTED_EDGE('',*,*,#1780,.F.);
#680=ORIENTED_EDGE('',*,*,#1781,.T.);
#681=ORIENTED_EDGE('',*,*,#1782,.F.);
#682=ORIENTED_EDGE('',*,*,#1783,.T.);
#683=ORIENTED_EDGE('',*,*,#1784,.T.);
#684=ORIENTED_EDGE('',*,*,#1638,.F.);
#685=ORIENTED_EDGE('',*,*,#1785,.F.);
#686=ORIENTED_EDGE('',*,*,#1786,.T.);
#687=ORIENTED_EDGE('',*,*,#1787,.F.);
#688=ORIENTED_EDGE('',*,*,#1788,.T.);
#689=ORIENTED_EDGE('',*,*,#1789,.T.);
#690=ORIENTED_EDGE('',*,*,#1639,.F.);
#691=ORIENTED_EDGE('',*,*,#1790,.F.);
#692=ORIENTED_EDGE('',*,*,#1791,.T.);
#693=ORIENTED_EDGE('',*,*,#1792,.F.);
#694=ORIENTED_EDGE('',*,*,#1793,.T.);
#695=ORIENTED_EDGE('',*,*,#1794,.T.);
#696=ORIENTED_EDGE('',*,*,#1623,.F.);
#697=ORIENTED_EDGE('',*,*,#1795,.F.);
#698=ORIENTED_EDGE('',*,*,#1796,.T.);
#699=ORIENTED_EDGE('',*,*,#1797,.F.);
#700=ORIENTED_EDGE('',*,*,#1798,.T.);
#701=ORIENTED_EDGE('',*,*,#1799,.T.);
#702=ORIENTED_EDGE('',*,*,#1619,.F.);
#703=ORIENTED_EDGE('',*,*,#1800,.F.);
#704=ORIENTED_EDGE('',*,*,#1801,.T.);
#705=ORIENTED_EDGE('',*,*,#1802,.F.);
#706=ORIENTED_EDGE('',*,*,#1803,.T.);
#707=ORIENTED_EDGE('',*,*,#1804,.T.);
#708=ORIENTED_EDGE('',*,*,#1615,.F.);
#709=ORIENTED_EDGE('',*,*,#1805,.F.);
#710=ORIENTED_EDGE('',*,*,#1806,.T.);
#711=ORIENTED_EDGE('',*,*,#1807,.F.);
#712=ORIENTED_EDGE('',*,*,#1808,.T.);
#713=ORIENTED_EDGE('',*,*,#1809,.T.);
#714=ORIENTED_EDGE('',*,*,#1611,.F.);
#715=ORIENTED_EDGE('',*,*,#1810,.F.);
#716=ORIENTED_EDGE('',*,*,#1811,.T.);
#717=ORIENTED_EDGE('',*,*,#1812,.F.);
#718=ORIENTED_EDGE('',*,*,#1813,.T.);
#719=ORIENTED_EDGE('',*,*,#1814,.T.);
#720=ORIENTED_EDGE('',*,*,#1599,.F.);
#721=ORIENTED_EDGE('',*,*,#1815,.F.);
#722=ORIENTED_EDGE('',*,*,#1816,.T.);
#723=ORIENTED_EDGE('',*,*,#1817,.F.);
#724=ORIENTED_EDGE('',*,*,#1818,.T.);
#725=ORIENTED_EDGE('',*,*,#1819,.T.);
#726=ORIENTED_EDGE('',*,*,#1598,.F.);
#727=ORIENTED_EDGE('',*,*,#1820,.F.);
#728=ORIENTED_EDGE('',*,*,#1821,.T.);
#729=ORIENTED_EDGE('',*,*,#1822,.F.);
#730=ORIENTED_EDGE('',*,*,#1823,.T.);
#731=ORIENTED_EDGE('',*,*,#1824,.T.);
#732=ORIENTED_EDGE('',*,*,#1606,.F.);
#733=ORIENTED_EDGE('',*,*,#1825,.F.);
#734=ORIENTED_EDGE('',*,*,#1826,.T.);
#735=ORIENTED_EDGE('',*,*,#1827,.F.);
#736=ORIENTED_EDGE('',*,*,#1828,.T.);
#737=ORIENTED_EDGE('',*,*,#1829,.T.);
#738=ORIENTED_EDGE('',*,*,#1607,.F.);
#739=ORIENTED_EDGE('',*,*,#1830,.F.);
#740=ORIENTED_EDGE('',*,*,#1724,.T.);
#741=ORIENTED_EDGE('',*,*,#1831,.T.);
#742=ORIENTED_EDGE('',*,*,#1832,.F.);
#743=ORIENTED_EDGE('',*,*,#1833,.F.);
#744=ORIENTED_EDGE('',*,*,#1834,.F.);
#745=ORIENTED_EDGE('',*,*,#1835,.F.);
#746=ORIENTED_EDGE('',*,*,#1836,.F.);
#747=ORIENTED_EDGE('',*,*,#1837,.F.);
#748=ORIENTED_EDGE('',*,*,#1838,.F.);
#749=ORIENTED_EDGE('',*,*,#1839,.F.);
#750=ORIENTED_EDGE('',*,*,#1840,.T.);
#751=ORIENTED_EDGE('',*,*,#1841,.T.);
#752=ORIENTED_EDGE('',*,*,#1842,.T.);
#753=ORIENTED_EDGE('',*,*,#1843,.T.);
#754=ORIENTED_EDGE('',*,*,#1609,.T.);
#755=ORIENTED_EDGE('',*,*,#1844,.F.);
#756=ORIENTED_EDGE('',*,*,#1845,.T.);
#757=ORIENTED_EDGE('',*,*,#1846,.T.);
#758=ORIENTED_EDGE('',*,*,#1847,.T.);
#759=ORIENTED_EDGE('',*,*,#1848,.T.);
#760=ORIENTED_EDGE('',*,*,#1604,.T.);
#761=ORIENTED_EDGE('',*,*,#1849,.F.);
#762=ORIENTED_EDGE('',*,*,#1850,.T.);
#763=ORIENTED_EDGE('',*,*,#1851,.T.);
#764=ORIENTED_EDGE('',*,*,#1852,.T.);
#765=ORIENTED_EDGE('',*,*,#1853,.T.);
#766=ORIENTED_EDGE('',*,*,#1596,.T.);
#767=ORIENTED_EDGE('',*,*,#1854,.F.);
#768=ORIENTED_EDGE('',*,*,#1855,.T.);
#769=ORIENTED_EDGE('',*,*,#1856,.T.);
#770=ORIENTED_EDGE('',*,*,#1857,.T.);
#771=ORIENTED_EDGE('',*,*,#1858,.T.);
#772=ORIENTED_EDGE('',*,*,#1601,.T.);
#773=ORIENTED_EDGE('',*,*,#1859,.F.);
#774=ORIENTED_EDGE('',*,*,#1860,.T.);
#775=ORIENTED_EDGE('',*,*,#1861,.T.);
#776=ORIENTED_EDGE('',*,*,#1862,.T.);
#777=ORIENTED_EDGE('',*,*,#1863,.T.);
#778=ORIENTED_EDGE('',*,*,#1613,.T.);
#779=ORIENTED_EDGE('',*,*,#1864,.F.);
#780=ORIENTED_EDGE('',*,*,#1865,.T.);
#781=ORIENTED_EDGE('',*,*,#1866,.T.);
#782=ORIENTED_EDGE('',*,*,#1867,.T.);
#783=ORIENTED_EDGE('',*,*,#1868,.T.);
#784=ORIENTED_EDGE('',*,*,#1617,.T.);
#785=ORIENTED_EDGE('',*,*,#1869,.F.);
#786=ORIENTED_EDGE('',*,*,#1870,.T.);
#787=ORIENTED_EDGE('',*,*,#1871,.T.);
#788=ORIENTED_EDGE('',*,*,#1872,.T.);
#789=ORIENTED_EDGE('',*,*,#1873,.T.);
#790=ORIENTED_EDGE('',*,*,#1621,.T.);
#791=ORIENTED_EDGE('',*,*,#1874,.F.);
#792=ORIENTED_EDGE('',*,*,#1875,.T.);
#793=ORIENTED_EDGE('',*,*,#1876,.T.);
#794=ORIENTED_EDGE('',*,*,#1877,.T.);
#795=ORIENTED_EDGE('',*,*,#1878,.T.);
#796=ORIENTED_EDGE('',*,*,#1625,.T.);
#797=ORIENTED_EDGE('',*,*,#1879,.F.);
#798=ORIENTED_EDGE('',*,*,#1880,.T.);
#799=ORIENTED_EDGE('',*,*,#1881,.T.);
#800=ORIENTED_EDGE('',*,*,#1882,.T.);
#801=ORIENTED_EDGE('',*,*,#1883,.T.);
#802=ORIENTED_EDGE('',*,*,#1641,.T.);
#803=ORIENTED_EDGE('',*,*,#1884,.F.);
#804=ORIENTED_EDGE('',*,*,#1885,.T.);
#805=ORIENTED_EDGE('',*,*,#1886,.T.);
#806=ORIENTED_EDGE('',*,*,#1887,.T.);
#807=ORIENTED_EDGE('',*,*,#1888,.T.);
#808=ORIENTED_EDGE('',*,*,#1636,.T.);
#809=ORIENTED_EDGE('',*,*,#1889,.F.);
#810=ORIENTED_EDGE('',*,*,#1890,.T.);
#811=ORIENTED_EDGE('',*,*,#1891,.T.);
#812=ORIENTED_EDGE('',*,*,#1892,.T.);
#813=ORIENTED_EDGE('',*,*,#1893,.T.);
#814=ORIENTED_EDGE('',*,*,#1628,.T.);
#815=ORIENTED_EDGE('',*,*,#1894,.F.);
#816=ORIENTED_EDGE('',*,*,#1895,.T.);
#817=ORIENTED_EDGE('',*,*,#1896,.T.);
#818=ORIENTED_EDGE('',*,*,#1897,.T.);
#819=ORIENTED_EDGE('',*,*,#1898,.T.);
#820=ORIENTED_EDGE('',*,*,#1633,.T.);
#821=ORIENTED_EDGE('',*,*,#1899,.F.);
#822=ORIENTED_EDGE('',*,*,#1900,.T.);
#823=ORIENTED_EDGE('',*,*,#1901,.T.);
#824=ORIENTED_EDGE('',*,*,#1902,.T.);
#825=ORIENTED_EDGE('',*,*,#1903,.T.);
#826=ORIENTED_EDGE('',*,*,#1645,.T.);
#827=ORIENTED_EDGE('',*,*,#1904,.F.);
#828=ORIENTED_EDGE('',*,*,#1905,.T.);
#829=ORIENTED_EDGE('',*,*,#1906,.T.);
#830=ORIENTED_EDGE('',*,*,#1907,.T.);
#831=ORIENTED_EDGE('',*,*,#1908,.T.);
#832=ORIENTED_EDGE('',*,*,#1649,.T.);
#833=ORIENTED_EDGE('',*,*,#1909,.F.);
#834=ORIENTED_EDGE('',*,*,#1910,.T.);
#835=ORIENTED_EDGE('',*,*,#1911,.T.);
#836=ORIENTED_EDGE('',*,*,#1912,.T.);
#837=ORIENTED_EDGE('',*,*,#1913,.T.);
#838=ORIENTED_EDGE('',*,*,#1653,.T.);
#839=ORIENTED_EDGE('',*,*,#1914,.F.);
#840=ORIENTED_EDGE('',*,*,#1915,.T.);
#841=ORIENTED_EDGE('',*,*,#1916,.T.);
#842=ORIENTED_EDGE('',*,*,#1917,.T.);
#843=ORIENTED_EDGE('',*,*,#1918,.T.);
#844=ORIENTED_EDGE('',*,*,#1657,.T.);
#845=ORIENTED_EDGE('',*,*,#1919,.F.);
#846=ORIENTED_EDGE('',*,*,#1920,.T.);
#847=ORIENTED_EDGE('',*,*,#1921,.T.);
#848=ORIENTED_EDGE('',*,*,#1922,.T.);
#849=ORIENTED_EDGE('',*,*,#1923,.T.);
#850=ORIENTED_EDGE('',*,*,#1669,.T.);
#851=ORIENTED_EDGE('',*,*,#1924,.F.);
#852=ORIENTED_EDGE('',*,*,#1925,.T.);
#853=ORIENTED_EDGE('',*,*,#1926,.T.);
#854=ORIENTED_EDGE('',*,*,#1927,.T.);
#855=ORIENTED_EDGE('',*,*,#1928,.T.);
#856=ORIENTED_EDGE('',*,*,#1673,.T.);
#857=ORIENTED_EDGE('',*,*,#1929,.F.);
#858=ORIENTED_EDGE('',*,*,#1930,.T.);
#859=ORIENTED_EDGE('',*,*,#1931,.T.);
#860=ORIENTED_EDGE('',*,*,#1932,.T.);
#861=ORIENTED_EDGE('',*,*,#1933,.T.);
#862=ORIENTED_EDGE('',*,*,#1664,.T.);
#863=ORIENTED_EDGE('',*,*,#1934,.F.);
#864=ORIENTED_EDGE('',*,*,#1935,.T.);
#865=ORIENTED_EDGE('',*,*,#1936,.T.);
#866=ORIENTED_EDGE('',*,*,#1937,.T.);
#867=ORIENTED_EDGE('',*,*,#1938,.T.);
#868=ORIENTED_EDGE('',*,*,#1660,.T.);
#869=ORIENTED_EDGE('',*,*,#1939,.F.);
#870=ORIENTED_EDGE('',*,*,#1940,.T.);
#871=ORIENTED_EDGE('',*,*,#1941,.T.);
#872=ORIENTED_EDGE('',*,*,#1942,.T.);
#873=ORIENTED_EDGE('',*,*,#1943,.T.);
#874=ORIENTED_EDGE('',*,*,#1677,.T.);
#875=ORIENTED_EDGE('',*,*,#1944,.F.);
#876=ORIENTED_EDGE('',*,*,#1945,.T.);
#877=ORIENTED_EDGE('',*,*,#1946,.T.);
#878=ORIENTED_EDGE('',*,*,#1947,.T.);
#879=ORIENTED_EDGE('',*,*,#1948,.T.);
#880=ORIENTED_EDGE('',*,*,#1832,.T.);
#881=ORIENTED_EDGE('',*,*,#1949,.F.);
#882=ORIENTED_EDGE('',*,*,#1950,.T.);
#883=ORIENTED_EDGE('',*,*,#1951,.T.);
#884=ORIENTED_EDGE('',*,*,#1952,.T.);
#885=ORIENTED_EDGE('',*,*,#1953,.T.);
#886=ORIENTED_EDGE('',*,*,#1592,.T.);
#887=ORIENTED_EDGE('',*,*,#1954,.F.);
#888=ORIENTED_EDGE('',*,*,#1955,.T.);
#889=ORIENTED_EDGE('',*,*,#1956,.T.);
#890=ORIENTED_EDGE('',*,*,#1957,.T.);
#891=ORIENTED_EDGE('',*,*,#1958,.T.);
#892=ORIENTED_EDGE('',*,*,#1588,.T.);
#893=ORIENTED_EDGE('',*,*,#1959,.F.);
#894=ORIENTED_EDGE('',*,*,#1960,.T.);
#895=ORIENTED_EDGE('',*,*,#1961,.T.);
#896=ORIENTED_EDGE('',*,*,#1962,.T.);
#897=ORIENTED_EDGE('',*,*,#1963,.T.);
#898=ORIENTED_EDGE('',*,*,#1580,.T.);
#899=ORIENTED_EDGE('',*,*,#1964,.F.);
#900=ORIENTED_EDGE('',*,*,#1965,.T.);
#901=ORIENTED_EDGE('',*,*,#1966,.T.);
#902=ORIENTED_EDGE('',*,*,#1967,.T.);
#903=ORIENTED_EDGE('',*,*,#1968,.T.);
#904=ORIENTED_EDGE('',*,*,#1585,.T.);
#905=ORIENTED_EDGE('',*,*,#1969,.F.);
#906=ORIENTED_EDGE('',*,*,#1970,.T.);
#907=ORIENTED_EDGE('',*,*,#1971,.T.);
#908=ORIENTED_EDGE('',*,*,#1972,.T.);
#909=ORIENTED_EDGE('',*,*,#1973,.T.);
#910=ORIENTED_EDGE('',*,*,#1576,.T.);
#911=ORIENTED_EDGE('',*,*,#1974,.F.);
#912=ORIENTED_EDGE('',*,*,#1975,.T.);
#913=ORIENTED_EDGE('',*,*,#1976,.T.);
#914=ORIENTED_EDGE('',*,*,#1977,.T.);
#915=ORIENTED_EDGE('',*,*,#1978,.T.);
#916=ORIENTED_EDGE('',*,*,#1572,.T.);
#917=ORIENTED_EDGE('',*,*,#1979,.F.);
#918=ORIENTED_EDGE('',*,*,#1980,.T.);
#919=ORIENTED_EDGE('',*,*,#1981,.T.);
#920=ORIENTED_EDGE('',*,*,#1982,.T.);
#921=ORIENTED_EDGE('',*,*,#1983,.T.);
#922=ORIENTED_EDGE('',*,*,#1568,.T.);
#923=ORIENTED_EDGE('',*,*,#1984,.F.);
#924=ORIENTED_EDGE('',*,*,#1985,.T.);
#925=ORIENTED_EDGE('',*,*,#1986,.T.);
#926=ORIENTED_EDGE('',*,*,#1987,.T.);
#927=ORIENTED_EDGE('',*,*,#1988,.T.);
#928=ORIENTED_EDGE('',*,*,#1564,.T.);
#929=ORIENTED_EDGE('',*,*,#1989,.F.);
#930=ORIENTED_EDGE('',*,*,#1723,.F.);
#931=ORIENTED_EDGE('',*,*,#1990,.T.);
#932=ORIENTED_EDGE('',*,*,#1949,.T.);
#933=ORIENTED_EDGE('',*,*,#1831,.F.);
#934=ORIENTED_EDGE('',*,*,#1953,.F.);
#935=ORIENTED_EDGE('',*,*,#1991,.T.);
#936=ORIENTED_EDGE('',*,*,#1719,.T.);
#937=ORIENTED_EDGE('',*,*,#1593,.T.);
#938=ORIENTED_EDGE('',*,*,#1951,.F.);
#939=ORIENTED_EDGE('',*,*,#1992,.T.);
#940=ORIENTED_EDGE('',*,*,#1721,.T.);
#941=ORIENTED_EDGE('',*,*,#1993,.T.);
#942=ORIENTED_EDGE('',*,*,#1722,.F.);
#943=ORIENTED_EDGE('',*,*,#1992,.F.);
#944=ORIENTED_EDGE('',*,*,#1950,.F.);
#945=ORIENTED_EDGE('',*,*,#1990,.F.);
#946=ORIENTED_EDGE('',*,*,#1720,.F.);
#947=ORIENTED_EDGE('',*,*,#1991,.F.);
#948=ORIENTED_EDGE('',*,*,#1952,.F.);
#949=ORIENTED_EDGE('',*,*,#1993,.F.);
#950=ORIENTED_EDGE('',*,*,#1729,.F.);
#951=ORIENTED_EDGE('',*,*,#1994,.T.);
#952=ORIENTED_EDGE('',*,*,#1944,.T.);
#953=ORIENTED_EDGE('',*,*,#1676,.F.);
#954=ORIENTED_EDGE('',*,*,#1948,.F.);
#955=ORIENTED_EDGE('',*,*,#1995,.T.);
#956=ORIENTED_EDGE('',*,*,#1725,.T.);
#957=ORIENTED_EDGE('',*,*,#1833,.T.);
#958=ORIENTED_EDGE('',*,*,#1946,.F.);
#959=ORIENTED_EDGE('',*,*,#1996,.T.);
#960=ORIENTED_EDGE('',*,*,#1727,.T.);
#961=ORIENTED_EDGE('',*,*,#1997,.T.);
#962=ORIENTED_EDGE('',*,*,#1728,.F.);
#963=ORIENTED_EDGE('',*,*,#1996,.F.);
#964=ORIENTED_EDGE('',*,*,#1945,.F.);
#965=ORIENTED_EDGE('',*,*,#1994,.F.);
#966=ORIENTED_EDGE('',*,*,#1726,.F.);
#967=ORIENTED_EDGE('',*,*,#1995,.F.);
#968=ORIENTED_EDGE('',*,*,#1947,.F.);
#969=ORIENTED_EDGE('',*,*,#1997,.F.);
#970=ORIENTED_EDGE('',*,*,#1744,.F.);
#971=ORIENTED_EDGE('',*,*,#1998,.T.);
#972=ORIENTED_EDGE('',*,*,#1929,.T.);
#973=ORIENTED_EDGE('',*,*,#1672,.F.);
#974=ORIENTED_EDGE('',*,*,#1933,.F.);
#975=ORIENTED_EDGE('',*,*,#1999,.T.);
#976=ORIENTED_EDGE('',*,*,#1740,.T.);
#977=ORIENTED_EDGE('',*,*,#1665,.T.);
#978=ORIENTED_EDGE('',*,*,#1931,.F.);
#979=ORIENTED_EDGE('',*,*,#2000,.T.);
#980=ORIENTED_EDGE('',*,*,#1742,.T.);
#981=ORIENTED_EDGE('',*,*,#2001,.T.);
#982=ORIENTED_EDGE('',*,*,#1743,.F.);
#983=ORIENTED_EDGE('',*,*,#2000,.F.);
#984=ORIENTED_EDGE('',*,*,#1930,.F.);
#985=ORIENTED_EDGE('',*,*,#1998,.F.);
#986=ORIENTED_EDGE('',*,*,#1741,.F.);
#987=ORIENTED_EDGE('',*,*,#1999,.F.);
#988=ORIENTED_EDGE('',*,*,#1932,.F.);
#989=ORIENTED_EDGE('',*,*,#2001,.F.);
#990=ORIENTED_EDGE('',*,*,#1749,.F.);
#991=ORIENTED_EDGE('',*,*,#2002,.T.);
#992=ORIENTED_EDGE('',*,*,#1924,.T.);
#993=ORIENTED_EDGE('',*,*,#1668,.F.);
#994=ORIENTED_EDGE('',*,*,#1928,.F.);
#995=ORIENTED_EDGE('',*,*,#2003,.T.);
#996=ORIENTED_EDGE('',*,*,#1745,.T.);
#997=ORIENTED_EDGE('',*,*,#1674,.T.);
#998=ORIENTED_EDGE('',*,*,#1926,.F.);
#999=ORIENTED_EDGE('',*,*,#2004,.T.);
#1000=ORIENTED_EDGE('',*,*,#1747,.T.);
#1001=ORIENTED_EDGE('',*,*,#2005,.T.);
#1002=ORIENTED_EDGE('',*,*,#1748,.F.);
#1003=ORIENTED_EDGE('',*,*,#2004,.F.);
#1004=ORIENTED_EDGE('',*,*,#1925,.F.);
#1005=ORIENTED_EDGE('',*,*,#2002,.F.);
#1006=ORIENTED_EDGE('',*,*,#1746,.F.);
#1007=ORIENTED_EDGE('',*,*,#2003,.F.);
#1008=ORIENTED_EDGE('',*,*,#1927,.F.);
#1009=ORIENTED_EDGE('',*,*,#2005,.F.);
#1010=ORIENTED_EDGE('',*,*,#1739,.F.);
#1011=ORIENTED_EDGE('',*,*,#2006,.T.);
#1012=ORIENTED_EDGE('',*,*,#1934,.T.);
#1013=ORIENTED_EDGE('',*,*,#1663,.F.);
#1014=ORIENTED_EDGE('',*,*,#1938,.F.);
#1015=ORIENTED_EDGE('',*,*,#2007,.T.);
#1016=ORIENTED_EDGE('',*,*,#1735,.T.);
#1017=ORIENTED_EDGE('',*,*,#1661,.T.);
#1018=ORIENTED_EDGE('',*,*,#1936,.F.);
#1019=ORIENTED_EDGE('',*,*,#2008,.T.);
#1020=ORIENTED_EDGE('',*,*,#1737,.T.);
#1021=ORIENTED_EDGE('',*,*,#2009,.T.);
#1022=ORIENTED_EDGE('',*,*,#1738,.F.);
#1023=ORIENTED_EDGE('',*,*,#2008,.F.);
#1024=ORIENTED_EDGE('',*,*,#1935,.F.);
#1025=ORIENTED_EDGE('',*,*,#2006,.F.);
#1026=ORIENTED_EDGE('',*,*,#1736,.F.);
#1027=ORIENTED_EDGE('',*,*,#2007,.F.);
#1028=ORIENTED_EDGE('',*,*,#1937,.F.);
#1029=ORIENTED_EDGE('',*,*,#2009,.F.);
#1030=ORIENTED_EDGE('',*,*,#1734,.F.);
#1031=ORIENTED_EDGE('',*,*,#2010,.T.);
#1032=ORIENTED_EDGE('',*,*,#1939,.T.);
#1033=ORIENTED_EDGE('',*,*,#1659,.F.);
#1034=ORIENTED_EDGE('',*,*,#1943,.F.);
#1035=ORIENTED_EDGE('',*,*,#2011,.T.);
#1036=ORIENTED_EDGE('',*,*,#1730,.T.);
#1037=ORIENTED_EDGE('',*,*,#1678,.T.);
#1038=ORIENTED_EDGE('',*,*,#1941,.F.);
#1039=ORIENTED_EDGE('',*,*,#2012,.T.);
#1040=ORIENTED_EDGE('',*,*,#1732,.T.);
#1041=ORIENTED_EDGE('',*,*,#2013,.T.);
#1042=ORIENTED_EDGE('',*,*,#1733,.F.);
#1043=ORIENTED_EDGE('',*,*,#2012,.F.);
#1044=ORIENTED_EDGE('',*,*,#1940,.F.);
#1045=ORIENTED_EDGE('',*,*,#2010,.F.);
#1046=ORIENTED_EDGE('',*,*,#1731,.F.);
#1047=ORIENTED_EDGE('',*,*,#2011,.F.);
#1048=ORIENTED_EDGE('',*,*,#1942,.F.);
#1049=ORIENTED_EDGE('',*,*,#2013,.F.);
#1050=ORIENTED_EDGE('',*,*,#1754,.F.);
#1051=ORIENTED_EDGE('',*,*,#2014,.T.);
#1052=ORIENTED_EDGE('',*,*,#1919,.T.);
#1053=ORIENTED_EDGE('',*,*,#1656,.F.);
#1054=ORIENTED_EDGE('',*,*,#1923,.F.);
#1055=ORIENTED_EDGE('',*,*,#2015,.T.);
#1056=ORIENTED_EDGE('',*,*,#1750,.T.);
#1057=ORIENTED_EDGE('',*,*,#1670,.T.);
#1058=ORIENTED_EDGE('',*,*,#1921,.F.);
#1059=ORIENTED_EDGE('',*,*,#2016,.T.);
#1060=ORIENTED_EDGE('',*,*,#1752,.T.);
#1061=ORIENTED_EDGE('',*,*,#2017,.T.);
#1062=ORIENTED_EDGE('',*,*,#1753,.F.);
#1063=ORIENTED_EDGE('',*,*,#2016,.F.);
#1064=ORIENTED_EDGE('',*,*,#1920,.F.);
#1065=ORIENTED_EDGE('',*,*,#2014,.F.);
#1066=ORIENTED_EDGE('',*,*,#1751,.F.);
#1067=ORIENTED_EDGE('',*,*,#2015,.F.);
#1068=ORIENTED_EDGE('',*,*,#1922,.F.);
#1069=ORIENTED_EDGE('',*,*,#2017,.F.);
#1070=ORIENTED_EDGE('',*,*,#1759,.F.);
#1071=ORIENTED_EDGE('',*,*,#2018,.T.);
#1072=ORIENTED_EDGE('',*,*,#1914,.T.);
#1073=ORIENTED_EDGE('',*,*,#1652,.F.);
#1074=ORIENTED_EDGE('',*,*,#1918,.F.);
#1075=ORIENTED_EDGE('',*,*,#2019,.T.);
#1076=ORIENTED_EDGE('',*,*,#1755,.T.);
#1077=ORIENTED_EDGE('',*,*,#1658,.T.);
#1078=ORIENTED_EDGE('',*,*,#1916,.F.);
#1079=ORIENTED_EDGE('',*,*,#2020,.T.);
#1080=ORIENTED_EDGE('',*,*,#1757,.T.);
#1081=ORIENTED_EDGE('',*,*,#2021,.T.);
#1082=ORIENTED_EDGE('',*,*,#1758,.F.);
#1083=ORIENTED_EDGE('',*,*,#2020,.F.);
#1084=ORIENTED_EDGE('',*,*,#1915,.F.);
#1085=ORIENTED_EDGE('',*,*,#2018,.F.);
#1086=ORIENTED_EDGE('',*,*,#1756,.F.);
#1087=ORIENTED_EDGE('',*,*,#2019,.F.);
#1088=ORIENTED_EDGE('',*,*,#1917,.F.);
#1089=ORIENTED_EDGE('',*,*,#2021,.F.);
#1090=ORIENTED_EDGE('',*,*,#1764,.F.);
#1091=ORIENTED_EDGE('',*,*,#2022,.T.);
#1092=ORIENTED_EDGE('',*,*,#1909,.T.);
#1093=ORIENTED_EDGE('',*,*,#1648,.F.);
#1094=ORIENTED_EDGE('',*,*,#1913,.F.);
#1095=ORIENTED_EDGE('',*,*,#2023,.T.);
#1096=ORIENTED_EDGE('',*,*,#1760,.T.);
#1097=ORIENTED_EDGE('',*,*,#1654,.T.);
#1098=ORIENTED_EDGE('',*,*,#1911,.F.);
#1099=ORIENTED_EDGE('',*,*,#2024,.T.);
#1100=ORIENTED_EDGE('',*,*,#1762,.T.);
#1101=ORIENTED_EDGE('',*,*,#2025,.T.);
#1102=ORIENTED_EDGE('',*,*,#1763,.F.);
#1103=ORIENTED_EDGE('',*,*,#2024,.F.);
#1104=ORIENTED_EDGE('',*,*,#1910,.F.);
#1105=ORIENTED_EDGE('',*,*,#2022,.F.);
#1106=ORIENTED_EDGE('',*,*,#1761,.F.);
#1107=ORIENTED_EDGE('',*,*,#2023,.F.);
#1108=ORIENTED_EDGE('',*,*,#1912,.F.);
#1109=ORIENTED_EDGE('',*,*,#2025,.F.);
#1110=ORIENTED_EDGE('',*,*,#1769,.F.);
#1111=ORIENTED_EDGE('',*,*,#2026,.T.);
#1112=ORIENTED_EDGE('',*,*,#1904,.T.);
#1113=ORIENTED_EDGE('',*,*,#1644,.F.);
#1114=ORIENTED_EDGE('',*,*,#1908,.F.);
#1115=ORIENTED_EDGE('',*,*,#2027,.T.);
#1116=ORIENTED_EDGE('',*,*,#1765,.T.);
#1117=ORIENTED_EDGE('',*,*,#1650,.T.);
#1118=ORIENTED_EDGE('',*,*,#1906,.F.);
#1119=ORIENTED_EDGE('',*,*,#2028,.T.);
#1120=ORIENTED_EDGE('',*,*,#1767,.T.);
#1121=ORIENTED_EDGE('',*,*,#2029,.T.);
#1122=ORIENTED_EDGE('',*,*,#1768,.F.);
#1123=ORIENTED_EDGE('',*,*,#2028,.F.);
#1124=ORIENTED_EDGE('',*,*,#1905,.F.);
#1125=ORIENTED_EDGE('',*,*,#2026,.F.);
#1126=ORIENTED_EDGE('',*,*,#1766,.F.);
#1127=ORIENTED_EDGE('',*,*,#2027,.F.);
#1128=ORIENTED_EDGE('',*,*,#1907,.F.);
#1129=ORIENTED_EDGE('',*,*,#2029,.F.);
#1130=ORIENTED_EDGE('',*,*,#1789,.F.);
#1131=ORIENTED_EDGE('',*,*,#2030,.T.);
#1132=ORIENTED_EDGE('',*,*,#1884,.T.);
#1133=ORIENTED_EDGE('',*,*,#1640,.F.);
#1134=ORIENTED_EDGE('',*,*,#1888,.F.);
#1135=ORIENTED_EDGE('',*,*,#2031,.T.);
#1136=ORIENTED_EDGE('',*,*,#1785,.T.);
#1137=ORIENTED_EDGE('',*,*,#1637,.T.);
#1138=ORIENTED_EDGE('',*,*,#1886,.F.);
#1139=ORIENTED_EDGE('',*,*,#2032,.T.);
#1140=ORIENTED_EDGE('',*,*,#1787,.T.);
#1141=ORIENTED_EDGE('',*,*,#2033,.T.);
#1142=ORIENTED_EDGE('',*,*,#1788,.F.);
#1143=ORIENTED_EDGE('',*,*,#2032,.F.);
#1144=ORIENTED_EDGE('',*,*,#1885,.F.);
#1145=ORIENTED_EDGE('',*,*,#2030,.F.);
#1146=ORIENTED_EDGE('',*,*,#1786,.F.);
#1147=ORIENTED_EDGE('',*,*,#2031,.F.);
#1148=ORIENTED_EDGE('',*,*,#1887,.F.);
#1149=ORIENTED_EDGE('',*,*,#2033,.F.);
#1150=ORIENTED_EDGE('',*,*,#1784,.F.);
#1151=ORIENTED_EDGE('',*,*,#2034,.T.);
#1152=ORIENTED_EDGE('',*,*,#1889,.T.);
#1153=ORIENTED_EDGE('',*,*,#1635,.F.);
#1154=ORIENTED_EDGE('',*,*,#1893,.F.);
#1155=ORIENTED_EDGE('',*,*,#2035,.T.);
#1156=ORIENTED_EDGE('',*,*,#1780,.T.);
#1157=ORIENTED_EDGE('',*,*,#1629,.T.);
#1158=ORIENTED_EDGE('',*,*,#1891,.F.);
#1159=ORIENTED_EDGE('',*,*,#2036,.T.);
#1160=ORIENTED_EDGE('',*,*,#1782,.T.);
#1161=ORIENTED_EDGE('',*,*,#2037,.T.);
#1162=ORIENTED_EDGE('',*,*,#1783,.F.);
#1163=ORIENTED_EDGE('',*,*,#2036,.F.);
#1164=ORIENTED_EDGE('',*,*,#1890,.F.);
#1165=ORIENTED_EDGE('',*,*,#2034,.F.);
#1166=ORIENTED_EDGE('',*,*,#1781,.F.);
#1167=ORIENTED_EDGE('',*,*,#2035,.F.);
#1168=ORIENTED_EDGE('',*,*,#1892,.F.);
#1169=ORIENTED_EDGE('',*,*,#2037,.F.);
#1170=ORIENTED_EDGE('',*,*,#1774,.F.);
#1171=ORIENTED_EDGE('',*,*,#2038,.T.);
#1172=ORIENTED_EDGE('',*,*,#1899,.T.);
#1173=ORIENTED_EDGE('',*,*,#1632,.F.);
#1174=ORIENTED_EDGE('',*,*,#1903,.F.);
#1175=ORIENTED_EDGE('',*,*,#2039,.T.);
#1176=ORIENTED_EDGE('',*,*,#1770,.T.);
#1177=ORIENTED_EDGE('',*,*,#1646,.T.);
#1178=ORIENTED_EDGE('',*,*,#1901,.F.);
#1179=ORIENTED_EDGE('',*,*,#2040,.T.);
#1180=ORIENTED_EDGE('',*,*,#1772,.T.);
#1181=ORIENTED_EDGE('',*,*,#2041,.T.);
#1182=ORIENTED_EDGE('',*,*,#1773,.F.);
#1183=ORIENTED_EDGE('',*,*,#2040,.F.);
#1184=ORIENTED_EDGE('',*,*,#1900,.F.);
#1185=ORIENTED_EDGE('',*,*,#2038,.F.);
#1186=ORIENTED_EDGE('',*,*,#1771,.F.);
#1187=ORIENTED_EDGE('',*,*,#2039,.F.);
#1188=ORIENTED_EDGE('',*,*,#1902,.F.);
#1189=ORIENTED_EDGE('',*,*,#2041,.F.);
#1190=ORIENTED_EDGE('',*,*,#1779,.F.);
#1191=ORIENTED_EDGE('',*,*,#2042,.T.);
#1192=ORIENTED_EDGE('',*,*,#1894,.T.);
#1193=ORIENTED_EDGE('',*,*,#1627,.F.);
#1194=ORIENTED_EDGE('',*,*,#1898,.F.);
#1195=ORIENTED_EDGE('',*,*,#2043,.T.);
#1196=ORIENTED_EDGE('',*,*,#1775,.T.);
#1197=ORIENTED_EDGE('',*,*,#1634,.T.);
#1198=ORIENTED_EDGE('',*,*,#1896,.F.);
#1199=ORIENTED_EDGE('',*,*,#2044,.T.);
#1200=ORIENTED_EDGE('',*,*,#1777,.T.);
#1201=ORIENTED_EDGE('',*,*,#2045,.T.);
#1202=ORIENTED_EDGE('',*,*,#1778,.F.);
#1203=ORIENTED_EDGE('',*,*,#2044,.F.);
#1204=ORIENTED_EDGE('',*,*,#1895,.F.);
#1205=ORIENTED_EDGE('',*,*,#2042,.F.);
#1206=ORIENTED_EDGE('',*,*,#1776,.F.);
#1207=ORIENTED_EDGE('',*,*,#2043,.F.);
#1208=ORIENTED_EDGE('',*,*,#1897,.F.);
#1209=ORIENTED_EDGE('',*,*,#2045,.F.);
#1210=ORIENTED_EDGE('',*,*,#1794,.F.);
#1211=ORIENTED_EDGE('',*,*,#2046,.T.);
#1212=ORIENTED_EDGE('',*,*,#1879,.T.);
#1213=ORIENTED_EDGE('',*,*,#1624,.F.);
#1214=ORIENTED_EDGE('',*,*,#1883,.F.);
#1215=ORIENTED_EDGE('',*,*,#2047,.T.);
#1216=ORIENTED_EDGE('',*,*,#1790,.T.);
#1217=ORIENTED_EDGE('',*,*,#1642,.T.);
#1218=ORIENTED_EDGE('',*,*,#1881,.F.);
#1219=ORIENTED_EDGE('',*,*,#2048,.T.);
#1220=ORIENTED_EDGE('',*,*,#1792,.T.);
#1221=ORIENTED_EDGE('',*,*,#2049,.T.);
#1222=ORIENTED_EDGE('',*,*,#1793,.F.);
#1223=ORIENTED_EDGE('',*,*,#2048,.F.);
#1224=ORIENTED_EDGE('',*,*,#1880,.F.);
#1225=ORIENTED_EDGE('',*,*,#2046,.F.);
#1226=ORIENTED_EDGE('',*,*,#1791,.F.);
#1227=ORIENTED_EDGE('',*,*,#2047,.F.);
#1228=ORIENTED_EDGE('',*,*,#1882,.F.);
#1229=ORIENTED_EDGE('',*,*,#2049,.F.);
#1230=ORIENTED_EDGE('',*,*,#1799,.F.);
#1231=ORIENTED_EDGE('',*,*,#2050,.T.);
#1232=ORIENTED_EDGE('',*,*,#1874,.T.);
#1233=ORIENTED_EDGE('',*,*,#1620,.F.);
#1234=ORIENTED_EDGE('',*,*,#1878,.F.);
#1235=ORIENTED_EDGE('',*,*,#2051,.T.);
#1236=ORIENTED_EDGE('',*,*,#1795,.T.);
#1237=ORIENTED_EDGE('',*,*,#1626,.T.);
#1238=ORIENTED_EDGE('',*,*,#1876,.F.);
#1239=ORIENTED_EDGE('',*,*,#2052,.T.);
#1240=ORIENTED_EDGE('',*,*,#1797,.T.);
#1241=ORIENTED_EDGE('',*,*,#2053,.T.);
#1242=ORIENTED_EDGE('',*,*,#1798,.F.);
#1243=ORIENTED_EDGE('',*,*,#2052,.F.);
#1244=ORIENTED_EDGE('',*,*,#1875,.F.);
#1245=ORIENTED_EDGE('',*,*,#2050,.F.);
#1246=ORIENTED_EDGE('',*,*,#1796,.F.);
#1247=ORIENTED_EDGE('',*,*,#2051,.F.);
#1248=ORIENTED_EDGE('',*,*,#1877,.F.);
#1249=ORIENTED_EDGE('',*,*,#2053,.F.);
#1250=ORIENTED_EDGE('',*,*,#1804,.F.);
#1251=ORIENTED_EDGE('',*,*,#2054,.T.);
#1252=ORIENTED_EDGE('',*,*,#1869,.T.);
#1253=ORIENTED_EDGE('',*,*,#1616,.F.);
#1254=ORIENTED_EDGE('',*,*,#1873,.F.);
#1255=ORIENTED_EDGE('',*,*,#2055,.T.);
#1256=ORIENTED_EDGE('',*,*,#1800,.T.);
#1257=ORIENTED_EDGE('',*,*,#1622,.T.);
#1258=ORIENTED_EDGE('',*,*,#1871,.F.);
#1259=ORIENTED_EDGE('',*,*,#2056,.T.);
#1260=ORIENTED_EDGE('',*,*,#1802,.T.);
#1261=ORIENTED_EDGE('',*,*,#2057,.T.);
#1262=ORIENTED_EDGE('',*,*,#1803,.F.);
#1263=ORIENTED_EDGE('',*,*,#2056,.F.);
#1264=ORIENTED_EDGE('',*,*,#1870,.F.);
#1265=ORIENTED_EDGE('',*,*,#2054,.F.);
#1266=ORIENTED_EDGE('',*,*,#1801,.F.);
#1267=ORIENTED_EDGE('',*,*,#2055,.F.);
#1268=ORIENTED_EDGE('',*,*,#1872,.F.);
#1269=ORIENTED_EDGE('',*,*,#2057,.F.);
#1270=ORIENTED_EDGE('',*,*,#1809,.F.);
#1271=ORIENTED_EDGE('',*,*,#2058,.T.);
#1272=ORIENTED_EDGE('',*,*,#1864,.T.);
#1273=ORIENTED_EDGE('',*,*,#1612,.F.);
#1274=ORIENTED_EDGE('',*,*,#1868,.F.);
#1275=ORIENTED_EDGE('',*,*,#2059,.T.);
#1276=ORIENTED_EDGE('',*,*,#1805,.T.);
#1277=ORIENTED_EDGE('',*,*,#1618,.T.);
#1278=ORIENTED_EDGE('',*,*,#1866,.F.);
#1279=ORIENTED_EDGE('',*,*,#2060,.T.);
#1280=ORIENTED_EDGE('',*,*,#1807,.T.);
#1281=ORIENTED_EDGE('',*,*,#2061,.T.);
#1282=ORIENTED_EDGE('',*,*,#1808,.F.);
#1283=ORIENTED_EDGE('',*,*,#2060,.F.);
#1284=ORIENTED_EDGE('',*,*,#1865,.F.);
#1285=ORIENTED_EDGE('',*,*,#2058,.F.);
#1286=ORIENTED_EDGE('',*,*,#1806,.F.);
#1287=ORIENTED_EDGE('',*,*,#2059,.F.);
#1288=ORIENTED_EDGE('',*,*,#1867,.F.);
#1289=ORIENTED_EDGE('',*,*,#2061,.F.);
#1290=ORIENTED_EDGE('',*,*,#1829,.F.);
#1291=ORIENTED_EDGE('',*,*,#2062,.T.);
#1292=ORIENTED_EDGE('',*,*,#1844,.T.);
#1293=ORIENTED_EDGE('',*,*,#1608,.F.);
#1294=ORIENTED_EDGE('',*,*,#1848,.F.);
#1295=ORIENTED_EDGE('',*,*,#2063,.T.);
#1296=ORIENTED_EDGE('',*,*,#1825,.T.);
#1297=ORIENTED_EDGE('',*,*,#1605,.T.);
#1298=ORIENTED_EDGE('',*,*,#1846,.F.);
#1299=ORIENTED_EDGE('',*,*,#2064,.T.);
#1300=ORIENTED_EDGE('',*,*,#1827,.T.);
#1301=ORIENTED_EDGE('',*,*,#2065,.T.);
#1302=ORIENTED_EDGE('',*,*,#1828,.F.);
#1303=ORIENTED_EDGE('',*,*,#2064,.F.);
#1304=ORIENTED_EDGE('',*,*,#1845,.F.);
#1305=ORIENTED_EDGE('',*,*,#2062,.F.);
#1306=ORIENTED_EDGE('',*,*,#1826,.F.);
#1307=ORIENTED_EDGE('',*,*,#2063,.F.);
#1308=ORIENTED_EDGE('',*,*,#1847,.F.);
#1309=ORIENTED_EDGE('',*,*,#2065,.F.);
#1310=ORIENTED_EDGE('',*,*,#1824,.F.);
#1311=ORIENTED_EDGE('',*,*,#2066,.T.);
#1312=ORIENTED_EDGE('',*,*,#1849,.T.);
#1313=ORIENTED_EDGE('',*,*,#1603,.F.);
#1314=ORIENTED_EDGE('',*,*,#1853,.F.);
#1315=ORIENTED_EDGE('',*,*,#2067,.T.);
#1316=ORIENTED_EDGE('',*,*,#1820,.T.);
#1317=ORIENTED_EDGE('',*,*,#1597,.T.);
#1318=ORIENTED_EDGE('',*,*,#1851,.F.);
#1319=ORIENTED_EDGE('',*,*,#2068,.T.);
#1320=ORIENTED_EDGE('',*,*,#1822,.T.);
#1321=ORIENTED_EDGE('',*,*,#2069,.T.);
#1322=ORIENTED_EDGE('',*,*,#1823,.F.);
#1323=ORIENTED_EDGE('',*,*,#2068,.F.);
#1324=ORIENTED_EDGE('',*,*,#1850,.F.);
#1325=ORIENTED_EDGE('',*,*,#2066,.F.);
#1326=ORIENTED_EDGE('',*,*,#1821,.F.);
#1327=ORIENTED_EDGE('',*,*,#2067,.F.);
#1328=ORIENTED_EDGE('',*,*,#1852,.F.);
#1329=ORIENTED_EDGE('',*,*,#2069,.F.);
#1330=ORIENTED_EDGE('',*,*,#1814,.F.);
#1331=ORIENTED_EDGE('',*,*,#2070,.T.);
#1332=ORIENTED_EDGE('',*,*,#1859,.T.);
#1333=ORIENTED_EDGE('',*,*,#1600,.F.);
#1334=ORIENTED_EDGE('',*,*,#1863,.F.);
#1335=ORIENTED_EDGE('',*,*,#2071,.T.);
#1336=ORIENTED_EDGE('',*,*,#1810,.T.);
#1337=ORIENTED_EDGE('',*,*,#1614,.T.);
#1338=ORIENTED_EDGE('',*,*,#1861,.F.);
#1339=ORIENTED_EDGE('',*,*,#2072,.T.);
#1340=ORIENTED_EDGE('',*,*,#1812,.T.);
#1341=ORIENTED_EDGE('',*,*,#2073,.T.);
#1342=ORIENTED_EDGE('',*,*,#1813,.F.);
#1343=ORIENTED_EDGE('',*,*,#2072,.F.);
#1344=ORIENTED_EDGE('',*,*,#1860,.F.);
#1345=ORIENTED_EDGE('',*,*,#2070,.F.);
#1346=ORIENTED_EDGE('',*,*,#1811,.F.);
#1347=ORIENTED_EDGE('',*,*,#2071,.F.);
#1348=ORIENTED_EDGE('',*,*,#1862,.F.);
#1349=ORIENTED_EDGE('',*,*,#2073,.F.);
#1350=ORIENTED_EDGE('',*,*,#1819,.F.);
#1351=ORIENTED_EDGE('',*,*,#2074,.T.);
#1352=ORIENTED_EDGE('',*,*,#1854,.T.);
#1353=ORIENTED_EDGE('',*,*,#1595,.F.);
#1354=ORIENTED_EDGE('',*,*,#1858,.F.);
#1355=ORIENTED_EDGE('',*,*,#2075,.T.);
#1356=ORIENTED_EDGE('',*,*,#1815,.T.);
#1357=ORIENTED_EDGE('',*,*,#1602,.T.);
#1358=ORIENTED_EDGE('',*,*,#1856,.F.);
#1359=ORIENTED_EDGE('',*,*,#2076,.T.);
#1360=ORIENTED_EDGE('',*,*,#1817,.T.);
#1361=ORIENTED_EDGE('',*,*,#2077,.T.);
#1362=ORIENTED_EDGE('',*,*,#1818,.F.);
#1363=ORIENTED_EDGE('',*,*,#2076,.F.);
#1364=ORIENTED_EDGE('',*,*,#1855,.F.);
#1365=ORIENTED_EDGE('',*,*,#2074,.F.);
#1366=ORIENTED_EDGE('',*,*,#1816,.F.);
#1367=ORIENTED_EDGE('',*,*,#2075,.F.);
#1368=ORIENTED_EDGE('',*,*,#1857,.F.);
#1369=ORIENTED_EDGE('',*,*,#2077,.F.);
#1370=ORIENTED_EDGE('',*,*,#1718,.F.);
#1371=ORIENTED_EDGE('',*,*,#2078,.T.);
#1372=ORIENTED_EDGE('',*,*,#1954,.T.);
#1373=ORIENTED_EDGE('',*,*,#1591,.F.);
#1374=ORIENTED_EDGE('',*,*,#1958,.F.);
#1375=ORIENTED_EDGE('',*,*,#2079,.T.);
#1376=ORIENTED_EDGE('',*,*,#1714,.T.);
#1377=ORIENTED_EDGE('',*,*,#1589,.T.);
#1378=ORIENTED_EDGE('',*,*,#1956,.F.);
#1379=ORIENTED_EDGE('',*,*,#2080,.T.);
#1380=ORIENTED_EDGE('',*,*,#1716,.T.);
#1381=ORIENTED_EDGE('',*,*,#2081,.T.);
#1382=ORIENTED_EDGE('',*,*,#1717,.F.);
#1383=ORIENTED_EDGE('',*,*,#2080,.F.);
#1384=ORIENTED_EDGE('',*,*,#1955,.F.);
#1385=ORIENTED_EDGE('',*,*,#2078,.F.);
#1386=ORIENTED_EDGE('',*,*,#1715,.F.);
#1387=ORIENTED_EDGE('',*,*,#2079,.F.);
#1388=ORIENTED_EDGE('',*,*,#1957,.F.);
#1389=ORIENTED_EDGE('',*,*,#2081,.F.);
#1390=ORIENTED_EDGE('',*,*,#1713,.F.);
#1391=ORIENTED_EDGE('',*,*,#2082,.T.);
#1392=ORIENTED_EDGE('',*,*,#1959,.T.);
#1393=ORIENTED_EDGE('',*,*,#1587,.F.);
#1394=ORIENTED_EDGE('',*,*,#1963,.F.);
#1395=ORIENTED_EDGE('',*,*,#2083,.T.);
#1396=ORIENTED_EDGE('',*,*,#1709,.T.);
#1397=ORIENTED_EDGE('',*,*,#1581,.T.);
#1398=ORIENTED_EDGE('',*,*,#1961,.F.);
#1399=ORIENTED_EDGE('',*,*,#2084,.T.);
#1400=ORIENTED_EDGE('',*,*,#1711,.T.);
#1401=ORIENTED_EDGE('',*,*,#2085,.T.);
#1402=ORIENTED_EDGE('',*,*,#1712,.F.);
#1403=ORIENTED_EDGE('',*,*,#2084,.F.);
#1404=ORIENTED_EDGE('',*,*,#1960,.F.);
#1405=ORIENTED_EDGE('',*,*,#2082,.F.);
#1406=ORIENTED_EDGE('',*,*,#1710,.F.);
#1407=ORIENTED_EDGE('',*,*,#2083,.F.);
#1408=ORIENTED_EDGE('',*,*,#1962,.F.);
#1409=ORIENTED_EDGE('',*,*,#2085,.F.);
#1410=ORIENTED_EDGE('',*,*,#1703,.F.);
#1411=ORIENTED_EDGE('',*,*,#2086,.T.);
#1412=ORIENTED_EDGE('',*,*,#1969,.T.);
#1413=ORIENTED_EDGE('',*,*,#1584,.F.);
#1414=ORIENTED_EDGE('',*,*,#1973,.F.);
#1415=ORIENTED_EDGE('',*,*,#2087,.T.);
#1416=ORIENTED_EDGE('',*,*,#1699,.T.);
#1417=ORIENTED_EDGE('',*,*,#1577,.T.);
#1418=ORIENTED_EDGE('',*,*,#1971,.F.);
#1419=ORIENTED_EDGE('',*,*,#2088,.T.);
#1420=ORIENTED_EDGE('',*,*,#1701,.T.);
#1421=ORIENTED_EDGE('',*,*,#2089,.T.);
#1422=ORIENTED_EDGE('',*,*,#1702,.F.);
#1423=ORIENTED_EDGE('',*,*,#2088,.F.);
#1424=ORIENTED_EDGE('',*,*,#1970,.F.);
#1425=ORIENTED_EDGE('',*,*,#2086,.F.);
#1426=ORIENTED_EDGE('',*,*,#1700,.F.);
#1427=ORIENTED_EDGE('',*,*,#2087,.F.);
#1428=ORIENTED_EDGE('',*,*,#1972,.F.);
#1429=ORIENTED_EDGE('',*,*,#2089,.F.);
#1430=ORIENTED_EDGE('',*,*,#1708,.F.);
#1431=ORIENTED_EDGE('',*,*,#2090,.T.);
#1432=ORIENTED_EDGE('',*,*,#1964,.T.);
#1433=ORIENTED_EDGE('',*,*,#1579,.F.);
#1434=ORIENTED_EDGE('',*,*,#1968,.F.);
#1435=ORIENTED_EDGE('',*,*,#2091,.T.);
#1436=ORIENTED_EDGE('',*,*,#1704,.T.);
#1437=ORIENTED_EDGE('',*,*,#1586,.T.);
#1438=ORIENTED_EDGE('',*,*,#1966,.F.);
#1439=ORIENTED_EDGE('',*,*,#2092,.T.);
#1440=ORIENTED_EDGE('',*,*,#1706,.T.);
#1441=ORIENTED_EDGE('',*,*,#2093,.T.);
#1442=ORIENTED_EDGE('',*,*,#1707,.F.);
#1443=ORIENTED_EDGE('',*,*,#2092,.F.);
#1444=ORIENTED_EDGE('',*,*,#1965,.F.);
#1445=ORIENTED_EDGE('',*,*,#2090,.F.);
#1446=ORIENTED_EDGE('',*,*,#1705,.F.);
#1447=ORIENTED_EDGE('',*,*,#2091,.F.);
#1448=ORIENTED_EDGE('',*,*,#1967,.F.);
#1449=ORIENTED_EDGE('',*,*,#2093,.F.);
#1450=ORIENTED_EDGE('',*,*,#1698,.F.);
#1451=ORIENTED_EDGE('',*,*,#2094,.T.);
#1452=ORIENTED_EDGE('',*,*,#1974,.T.);
#1453=ORIENTED_EDGE('',*,*,#1575,.F.);
#1454=ORIENTED_EDGE('',*,*,#1978,.F.);
#1455=ORIENTED_EDGE('',*,*,#2095,.T.);
#1456=ORIENTED_EDGE('',*,*,#1694,.T.);
#1457=ORIENTED_EDGE('',*,*,#1573,.T.);
#1458=ORIENTED_EDGE('',*,*,#1976,.F.);
#1459=ORIENTED_EDGE('',*,*,#2096,.T.);
#1460=ORIENTED_EDGE('',*,*,#1696,.T.);
#1461=ORIENTED_EDGE('',*,*,#2097,.T.);
#1462=ORIENTED_EDGE('',*,*,#1697,.F.);
#1463=ORIENTED_EDGE('',*,*,#2096,.F.);
#1464=ORIENTED_EDGE('',*,*,#1975,.F.);
#1465=ORIENTED_EDGE('',*,*,#2094,.F.);
#1466=ORIENTED_EDGE('',*,*,#1695,.F.);
#1467=ORIENTED_EDGE('',*,*,#2095,.F.);
#1468=ORIENTED_EDGE('',*,*,#1977,.F.);
#1469=ORIENTED_EDGE('',*,*,#2097,.F.);
#1470=ORIENTED_EDGE('',*,*,#1693,.F.);
#1471=ORIENTED_EDGE('',*,*,#2098,.T.);
#1472=ORIENTED_EDGE('',*,*,#1979,.T.);
#1473=ORIENTED_EDGE('',*,*,#1571,.F.);
#1474=ORIENTED_EDGE('',*,*,#1983,.F.);
#1475=ORIENTED_EDGE('',*,*,#2099,.T.);
#1476=ORIENTED_EDGE('',*,*,#1689,.T.);
#1477=ORIENTED_EDGE('',*,*,#1569,.T.);
#1478=ORIENTED_EDGE('',*,*,#1981,.F.);
#1479=ORIENTED_EDGE('',*,*,#2100,.T.);
#1480=ORIENTED_EDGE('',*,*,#1691,.T.);
#1481=ORIENTED_EDGE('',*,*,#2101,.T.);
#1482=ORIENTED_EDGE('',*,*,#1692,.F.);
#1483=ORIENTED_EDGE('',*,*,#2100,.F.);
#1484=ORIENTED_EDGE('',*,*,#1980,.F.);
#1485=ORIENTED_EDGE('',*,*,#2098,.F.);
#1486=ORIENTED_EDGE('',*,*,#1690,.F.);
#1487=ORIENTED_EDGE('',*,*,#2099,.F.);
#1488=ORIENTED_EDGE('',*,*,#1982,.F.);
#1489=ORIENTED_EDGE('',*,*,#2101,.F.);
#1490=ORIENTED_EDGE('',*,*,#1688,.F.);
#1491=ORIENTED_EDGE('',*,*,#2102,.T.);
#1492=ORIENTED_EDGE('',*,*,#1984,.T.);
#1493=ORIENTED_EDGE('',*,*,#1567,.F.);
#1494=ORIENTED_EDGE('',*,*,#1988,.F.);
#1495=ORIENTED_EDGE('',*,*,#2103,.T.);
#1496=ORIENTED_EDGE('',*,*,#1684,.T.);
#1497=ORIENTED_EDGE('',*,*,#1565,.T.);
#1498=ORIENTED_EDGE('',*,*,#1986,.F.);
#1499=ORIENTED_EDGE('',*,*,#2104,.T.);
#1500=ORIENTED_EDGE('',*,*,#1686,.T.);
#1501=ORIENTED_EDGE('',*,*,#2105,.T.);
#1502=ORIENTED_EDGE('',*,*,#1687,.F.);
#1503=ORIENTED_EDGE('',*,*,#2104,.F.);
#1504=ORIENTED_EDGE('',*,*,#1985,.F.);
#1505=ORIENTED_EDGE('',*,*,#2102,.F.);
#1506=ORIENTED_EDGE('',*,*,#1685,.F.);
#1507=ORIENTED_EDGE('',*,*,#2103,.F.);
#1508=ORIENTED_EDGE('',*,*,#1987,.F.);
#1509=ORIENTED_EDGE('',*,*,#2105,.F.);
#1510=ORIENTED_EDGE('',*,*,#1683,.F.);
#1511=ORIENTED_EDGE('',*,*,#2106,.T.);
#1512=ORIENTED_EDGE('',*,*,#1989,.T.);
#1513=ORIENTED_EDGE('',*,*,#1563,.F.);
#1514=ORIENTED_EDGE('',*,*,#1843,.F.);
#1515=ORIENTED_EDGE('',*,*,#2107,.T.);
#1516=ORIENTED_EDGE('',*,*,#1830,.T.);
#1517=ORIENTED_EDGE('',*,*,#1610,.T.);
#1518=ORIENTED_EDGE('',*,*,#1841,.F.);
#1519=ORIENTED_EDGE('',*,*,#2108,.T.);
#1520=ORIENTED_EDGE('',*,*,#1681,.T.);
#1521=ORIENTED_EDGE('',*,*,#2109,.T.);
#1522=ORIENTED_EDGE('',*,*,#1682,.F.);
#1523=ORIENTED_EDGE('',*,*,#2108,.F.);
#1524=ORIENTED_EDGE('',*,*,#1840,.F.);
#1525=ORIENTED_EDGE('',*,*,#2106,.F.);
#1526=ORIENTED_EDGE('',*,*,#1680,.F.);
#1527=ORIENTED_EDGE('',*,*,#2107,.F.);
#1528=ORIENTED_EDGE('',*,*,#1842,.F.);
#1529=ORIENTED_EDGE('',*,*,#2109,.F.);
#1530=ORIENTED_EDGE('',*,*,#2110,.F.);
#1531=ORIENTED_EDGE('',*,*,#1839,.T.);
#1532=ORIENTED_EDGE('',*,*,#2111,.T.);
#1533=ORIENTED_EDGE('',*,*,#2112,.F.);
#1534=ORIENTED_EDGE('',*,*,#2111,.F.);
#1535=ORIENTED_EDGE('',*,*,#1838,.T.);
#1536=ORIENTED_EDGE('',*,*,#2113,.T.);
#1537=ORIENTED_EDGE('',*,*,#2114,.F.);
#1538=ORIENTED_EDGE('',*,*,#2113,.F.);
#1539=ORIENTED_EDGE('',*,*,#1837,.T.);
#1540=ORIENTED_EDGE('',*,*,#2115,.T.);
#1541=ORIENTED_EDGE('',*,*,#2116,.F.);
#1542=ORIENTED_EDGE('',*,*,#2115,.F.);
#1543=ORIENTED_EDGE('',*,*,#1836,.T.);
#1544=ORIENTED_EDGE('',*,*,#2117,.T.);
#1545=ORIENTED_EDGE('',*,*,#2118,.F.);
#1546=ORIENTED_EDGE('',*,*,#2117,.F.);
#1547=ORIENTED_EDGE('',*,*,#1835,.T.);
#1548=ORIENTED_EDGE('',*,*,#2119,.T.);
#1549=ORIENTED_EDGE('',*,*,#2120,.F.);
#1550=ORIENTED_EDGE('',*,*,#2119,.F.);
#1551=ORIENTED_EDGE('',*,*,#1834,.T.);
#1552=ORIENTED_EDGE('',*,*,#2110,.T.);
#1553=ORIENTED_EDGE('',*,*,#2121,.F.);
#1554=ORIENTED_EDGE('',*,*,#1679,.F.);
#1555=ORIENTED_EDGE('',*,*,#2122,.T.);
#1556=ORIENTED_EDGE('',*,*,#2114,.T.);
#1557=ORIENTED_EDGE('',*,*,#2116,.T.);
#1558=ORIENTED_EDGE('',*,*,#2118,.T.);
#1559=ORIENTED_EDGE('',*,*,#2120,.T.);
#1560=ORIENTED_EDGE('',*,*,#2121,.T.);
#1561=ORIENTED_EDGE('',*,*,#2112,.T.);
#1562=ORIENTED_EDGE('',*,*,#2122,.F.);
#1563=EDGE_CURVE('',#2123,#2124,#2497,.T.);
#1564=EDGE_CURVE('',#2125,#2124,#201,.T.);
#1565=EDGE_CURVE('',#2126,#2125,#2498,.T.);
#1566=EDGE_CURVE('',#2126,#2123,#202,.T.);
#1567=EDGE_CURVE('',#2127,#2128,#2499,.T.);
#1568=EDGE_CURVE('',#2129,#2128,#203,.T.);
#1569=EDGE_CURVE('',#2130,#2129,#2500,.T.);
#1570=EDGE_CURVE('',#2130,#2127,#204,.T.);
#1571=EDGE_CURVE('',#2131,#2132,#2501,.T.);
#1572=EDGE_CURVE('',#2133,#2132,#205,.T.);
#1573=EDGE_CURVE('',#2134,#2133,#2502,.T.);
#1574=EDGE_CURVE('',#2134,#2131,#206,.T.);
#1575=EDGE_CURVE('',#2135,#2136,#2503,.T.);
#1576=EDGE_CURVE('',#2137,#2136,#207,.T.);
#1577=EDGE_CURVE('',#2138,#2137,#2504,.T.);
#1578=EDGE_CURVE('',#2138,#2135,#208,.T.);
#1579=EDGE_CURVE('',#2139,#2140,#2505,.T.);
#1580=EDGE_CURVE('',#2141,#2140,#209,.T.);
#1581=EDGE_CURVE('',#2142,#2141,#2506,.T.);
#1582=EDGE_CURVE('',#2142,#2139,#210,.T.);
#1583=EDGE_CURVE('',#2143,#2144,#211,.T.);
#1584=EDGE_CURVE('',#2144,#2145,#2507,.T.);
#1585=EDGE_CURVE('',#2146,#2145,#212,.T.);
#1586=EDGE_CURVE('',#2143,#2146,#2508,.T.);
#1587=EDGE_CURVE('',#2147,#2148,#2509,.T.);
#1588=EDGE_CURVE('',#2149,#2148,#213,.T.);
#1589=EDGE_CURVE('',#2150,#2149,#2510,.T.);
#1590=EDGE_CURVE('',#2150,#2147,#214,.T.);
#1591=EDGE_CURVE('',#2151,#2152,#2511,.T.);
#1592=EDGE_CURVE('',#2153,#2152,#215,.T.);
#1593=EDGE_CURVE('',#2154,#2153,#2512,.T.);
#1594=EDGE_CURVE('',#2154,#2151,#216,.T.);
#1595=EDGE_CURVE('',#2155,#2156,#2513,.T.);
#1596=EDGE_CURVE('',#2157,#2156,#217,.T.);
#1597=EDGE_CURVE('',#2158,#2157,#2514,.T.);
#1598=EDGE_CURVE('',#2158,#2155,#218,.T.);
#1599=EDGE_CURVE('',#2159,#2160,#219,.T.);
#1600=EDGE_CURVE('',#2160,#2161,#2515,.T.);
#1601=EDGE_CURVE('',#2162,#2161,#220,.T.);
#1602=EDGE_CURVE('',#2159,#2162,#2516,.T.);
#1603=EDGE_CURVE('',#2163,#2164,#2517,.T.);
#1604=EDGE_CURVE('',#2165,#2164,#221,.T.);
#1605=EDGE_CURVE('',#2166,#2165,#2518,.T.);
#1606=EDGE_CURVE('',#2166,#2163,#222,.T.);
#1607=EDGE_CURVE('',#2167,#2168,#223,.T.);
#1608=EDGE_CURVE('',#2168,#2169,#2519,.T.);
#1609=EDGE_CURVE('',#2170,#2169,#224,.T.);
#1610=EDGE_CURVE('',#2167,#2170,#2520,.T.);
#1611=EDGE_CURVE('',#2171,#2172,#225,.T.);
#1612=EDGE_CURVE('',#2172,#2173,#2521,.T.);
#1613=EDGE_CURVE('',#2174,#2173,#226,.T.);
#1614=EDGE_CURVE('',#2171,#2174,#2522,.T.);
#1615=EDGE_CURVE('',#2175,#2176,#227,.T.);
#1616=EDGE_CURVE('',#2176,#2177,#2523,.T.);
#1617=EDGE_CURVE('',#2178,#2177,#228,.T.);
#1618=EDGE_CURVE('',#2175,#2178,#2524,.T.);
#1619=EDGE_CURVE('',#2179,#2180,#229,.T.);
#1620=EDGE_CURVE('',#2180,#2181,#2525,.T.);
#1621=EDGE_CURVE('',#2182,#2181,#230,.T.);
#1622=EDGE_CURVE('',#2179,#2182,#2526,.T.);
#1623=EDGE_CURVE('',#2183,#2184,#231,.T.);
#1624=EDGE_CURVE('',#2184,#2185,#2527,.T.);
#1625=EDGE_CURVE('',#2186,#2185,#232,.T.);
#1626=EDGE_CURVE('',#2183,#2186,#2528,.T.);
#1627=EDGE_CURVE('',#2187,#2188,#2529,.T.);
#1628=EDGE_CURVE('',#2189,#2188,#233,.T.);
#1629=EDGE_CURVE('',#2190,#2189,#2530,.T.);
#1630=EDGE_CURVE('',#2190,#2187,#234,.T.);
#1631=EDGE_CURVE('',#2191,#2192,#235,.T.);
#1632=EDGE_CURVE('',#2192,#2193,#2531,.T.);
#1633=EDGE_CURVE('',#2194,#2193,#236,.T.);
#1634=EDGE_CURVE('',#2191,#2194,#2532,.T.);
#1635=EDGE_CURVE('',#2195,#2196,#2533,.T.);
#1636=EDGE_CURVE('',#2197,#2196,#237,.T.);
#1637=EDGE_CURVE('',#2198,#2197,#2534,.T.);
#1638=EDGE_CURVE('',#2198,#2195,#238,.T.);
#1639=EDGE_CURVE('',#2199,#2200,#239,.T.);
#1640=EDGE_CURVE('',#2200,#2201,#2535,.T.);
#1641=EDGE_CURVE('',#2202,#2201,#240,.T.);
#1642=EDGE_CURVE('',#2199,#2202,#2536,.T.);
#1643=EDGE_CURVE('',#2203,#2204,#241,.T.);
#1644=EDGE_CURVE('',#2204,#2205,#2537,.T.);
#1645=EDGE_CURVE('',#2206,#2205,#242,.T.);
#1646=EDGE_CURVE('',#2203,#2206,#2538,.T.);
#1647=EDGE_CURVE('',#2207,#2208,#243,.T.);
#1648=EDGE_CURVE('',#2208,#2209,#2539,.T.);
#1649=EDGE_CURVE('',#2210,#2209,#244,.T.);
#1650=EDGE_CURVE('',#2207,#2210,#2540,.T.);
#1651=EDGE_CURVE('',#2211,#2212,#245,.T.);
#1652=EDGE_CURVE('',#2212,#2213,#2541,.T.);
#1653=EDGE_CURVE('',#2214,#2213,#246,.T.);
#1654=EDGE_CURVE('',#2211,#2214,#2542,.T.);
#1655=EDGE_CURVE('',#2215,#2216,#247,.T.);
#1656=EDGE_CURVE('',#2216,#2217,#2543,.T.);
#1657=EDGE_CURVE('',#2218,#2217,#248,.T.);
#1658=EDGE_CURVE('',#2215,#2218,#2544,.T.);
#1659=EDGE_CURVE('',#2219,#2220,#2545,.T.);
#1660=EDGE_CURVE('',#2221,#2220,#249,.T.);
#1661=EDGE_CURVE('',#2222,#2221,#2546,.T.);
#1662=EDGE_CURVE('',#2222,#2219,#250,.T.);
#1663=EDGE_CURVE('',#2223,#2224,#2547,.T.);
#1664=EDGE_CURVE('',#2225,#2224,#251,.T.);
#1665=EDGE_CURVE('',#2226,#2225,#2548,.T.);
#1666=EDGE_CURVE('',#2226,#2223,#252,.T.);
#1667=EDGE_CURVE('',#2227,#2228,#253,.T.);
#1668=EDGE_CURVE('',#2228,#2229,#2549,.T.);
#1669=EDGE_CURVE('',#2230,#2229,#254,.T.);
#1670=EDGE_CURVE('',#2227,#2230,#2550,.T.);
#1671=EDGE_CURVE('',#2231,#2232,#255,.T.);
#1672=EDGE_CURVE('',#2232,#2233,#2551,.T.);
#1673=EDGE_CURVE('',#2234,#2233,#256,.T.);
#1674=EDGE_CURVE('',#2231,#2234,#2552,.T.);
#1675=EDGE_CURVE('',#2235,#2236,#257,.T.);
#1676=EDGE_CURVE('',#2236,#2237,#2553,.T.);
#1677=EDGE_CURVE('',#2238,#2237,#258,.T.);
#1678=EDGE_CURVE('',#2235,#2238,#2554,.T.);
#1679=EDGE_CURVE('',#2239,#2239,#259,.T.);
#1680=EDGE_CURVE('',#2240,#2241,#260,.T.);
#1681=EDGE_CURVE('',#2242,#2241,#261,.T.);
#1682=EDGE_CURVE('',#2242,#2243,#262,.T.);
#1683=EDGE_CURVE('',#2243,#2123,#72,.T.);
#1684=EDGE_CURVE('',#2244,#2126,#73,.T.);
#1685=EDGE_CURVE('',#2244,#2245,#263,.T.);
#1686=EDGE_CURVE('',#2246,#2245,#264,.T.);
#1687=EDGE_CURVE('',#2246,#2247,#265,.T.);
#1688=EDGE_CURVE('',#2247,#2127,#74,.T.);
#1689=EDGE_CURVE('',#2248,#2130,#75,.T.);
#1690=EDGE_CURVE('',#2248,#2249,#266,.T.);
#1691=EDGE_CURVE('',#2250,#2249,#267,.T.);
#1692=EDGE_CURVE('',#2250,#2251,#268,.T.);
#1693=EDGE_CURVE('',#2251,#2131,#76,.T.);
#1694=EDGE_CURVE('',#2252,#2134,#77,.T.);
#1695=EDGE_CURVE('',#2252,#2253,#269,.T.);
#1696=EDGE_CURVE('',#2254,#2253,#270,.T.);
#1697=EDGE_CURVE('',#2254,#2255,#271,.T.);
#1698=EDGE_CURVE('',#2255,#2135,#78,.T.);
#1699=EDGE_CURVE('',#2256,#2138,#79,.T.);
#1700=EDGE_CURVE('',#2256,#2257,#272,.T.);
#1701=EDGE_CURVE('',#2258,#2257,#273,.T.);
#1702=EDGE_CURVE('',#2258,#2259,#274,.T.);
#1703=EDGE_CURVE('',#2259,#2144,#80,.T.);
#1704=EDGE_CURVE('',#2260,#2143,#81,.T.);
#1705=EDGE_CURVE('',#2260,#2261,#275,.T.);
#1706=EDGE_CURVE('',#2262,#2261,#276,.T.);
#1707=EDGE_CURVE('',#2262,#2263,#277,.T.);
#1708=EDGE_CURVE('',#2263,#2139,#82,.T.);
#1709=EDGE_CURVE('',#2264,#2142,#83,.T.);
#1710=EDGE_CURVE('',#2264,#2265,#278,.T.);
#1711=EDGE_CURVE('',#2266,#2265,#279,.T.);
#1712=EDGE_CURVE('',#2266,#2267,#280,.T.);
#1713=EDGE_CURVE('',#2267,#2147,#84,.T.);
#1714=EDGE_CURVE('',#2268,#2150,#85,.T.);
#1715=EDGE_CURVE('',#2268,#2269,#281,.T.);
#1716=EDGE_CURVE('',#2270,#2269,#282,.T.);
#1717=EDGE_CURVE('',#2270,#2271,#283,.T.);
#1718=EDGE_CURVE('',#2271,#2151,#86,.T.);
#1719=EDGE_CURVE('',#2272,#2154,#87,.T.);
#1720=EDGE_CURVE('',#2272,#2273,#284,.T.);
#1721=EDGE_CURVE('',#2274,#2273,#285,.T.);
#1722=EDGE_CURVE('',#2274,#2275,#286,.T.);
#1723=EDGE_CURVE('',#2275,#2276,#88,.T.);
#1724=EDGE_CURVE('',#2277,#2276,#287,.T.);
#1725=EDGE_CURVE('',#2278,#2277,#89,.T.);
#1726=EDGE_CURVE('',#2278,#2279,#288,.T.);
#1727=EDGE_CURVE('',#2280,#2279,#289,.T.);
#1728=EDGE_CURVE('',#2280,#2281,#290,.T.);
#1729=EDGE_CURVE('',#2281,#2236,#90,.T.);
#1730=EDGE_CURVE('',#2282,#2235,#91,.T.);
#1731=EDGE_CURVE('',#2282,#2283,#291,.T.);
#1732=EDGE_CURVE('',#2284,#2283,#292,.T.);
#1733=EDGE_CURVE('',#2284,#2285,#293,.T.);
#1734=EDGE_CURVE('',#2285,#2219,#92,.T.);
#1735=EDGE_CURVE('',#2286,#2222,#93,.T.);
#1736=EDGE_CURVE('',#2286,#2287,#294,.T.);
#1737=EDGE_CURVE('',#2288,#2287,#295,.T.);
#1738=EDGE_CURVE('',#2288,#2289,#296,.T.);
#1739=EDGE_CURVE('',#2289,#2223,#94,.T.);
#1740=EDGE_CURVE('',#2290,#2226,#95,.T.);
#1741=EDGE_CURVE('',#2290,#2291,#297,.T.);
#1742=EDGE_CURVE('',#2292,#2291,#298,.T.);
#1743=EDGE_CURVE('',#2292,#2293,#299,.T.);
#1744=EDGE_CURVE('',#2293,#2232,#96,.T.);
#1745=EDGE_CURVE('',#2294,#2231,#97,.T.);
#1746=EDGE_CURVE('',#2294,#2295,#300,.T.);
#1747=EDGE_CURVE('',#2296,#2295,#301,.T.);
#1748=EDGE_CURVE('',#2296,#2297,#302,.T.);
#1749=EDGE_CURVE('',#2297,#2228,#98,.T.);
#1750=EDGE_CURVE('',#2298,#2227,#99,.T.);
#1751=EDGE_CURVE('',#2298,#2299,#303,.T.);
#1752=EDGE_CURVE('',#2300,#2299,#304,.T.);
#1753=EDGE_CURVE('',#2300,#2301,#305,.T.);
#1754=EDGE_CURVE('',#2301,#2216,#100,.T.);
#1755=EDGE_CURVE('',#2302,#2215,#101,.T.);
#1756=EDGE_CURVE('',#2302,#2303,#306,.T.);
#1757=EDGE_CURVE('',#2304,#2303,#307,.T.);
#1758=EDGE_CURVE('',#2304,#2305,#308,.T.);
#1759=EDGE_CURVE('',#2305,#2212,#102,.T.);
#1760=EDGE_CURVE('',#2306,#2211,#103,.T.);
#1761=EDGE_CURVE('',#2306,#2307,#309,.T.);
#1762=EDGE_CURVE('',#2308,#2307,#310,.T.);
#1763=EDGE_CURVE('',#2308,#2309,#311,.T.);
#1764=EDGE_CURVE('',#2309,#2208,#104,.T.);
#1765=EDGE_CURVE('',#2310,#2207,#105,.T.);
#1766=EDGE_CURVE('',#2310,#2311,#312,.T.);
#1767=EDGE_CURVE('',#2312,#2311,#313,.T.);
#1768=EDGE_CURVE('',#2312,#2313,#314,.T.);
#1769=EDGE_CURVE('',#2313,#2204,#106,.T.);
#1770=EDGE_CURVE('',#2314,#2203,#107,.T.);
#1771=EDGE_CURVE('',#2314,#2315,#315,.T.);
#1772=EDGE_CURVE('',#2316,#2315,#316,.T.);
#1773=EDGE_CURVE('',#2316,#2317,#317,.T.);
#1774=EDGE_CURVE('',#2317,#2192,#108,.T.);
#1775=EDGE_CURVE('',#2318,#2191,#109,.T.);
#1776=EDGE_CURVE('',#2318,#2319,#318,.T.);
#1777=EDGE_CURVE('',#2320,#2319,#319,.T.);
#1778=EDGE_CURVE('',#2320,#2321,#320,.T.);
#1779=EDGE_CURVE('',#2321,#2187,#110,.T.);
#1780=EDGE_CURVE('',#2322,#2190,#111,.T.);
#1781=EDGE_CURVE('',#2322,#2323,#321,.T.);
#1782=EDGE_CURVE('',#2324,#2323,#322,.T.);
#1783=EDGE_CURVE('',#2324,#2325,#323,.T.);
#1784=EDGE_CURVE('',#2325,#2195,#112,.T.);
#1785=EDGE_CURVE('',#2326,#2198,#113,.T.);
#1786=EDGE_CURVE('',#2326,#2327,#324,.T.);
#1787=EDGE_CURVE('',#2328,#2327,#325,.T.);
#1788=EDGE_CURVE('',#2328,#2329,#326,.T.);
#1789=EDGE_CURVE('',#2329,#2200,#114,.T.);
#1790=EDGE_CURVE('',#2330,#2199,#115,.T.);
#1791=EDGE_CURVE('',#2330,#2331,#327,.T.);
#1792=EDGE_CURVE('',#2332,#2331,#328,.T.);
#1793=EDGE_CURVE('',#2332,#2333,#329,.T.);
#1794=EDGE_CURVE('',#2333,#2184,#116,.T.);
#1795=EDGE_CURVE('',#2334,#2183,#117,.T.);
#1796=EDGE_CURVE('',#2334,#2335,#330,.T.);
#1797=EDGE_CURVE('',#2336,#2335,#331,.T.);
#1798=EDGE_CURVE('',#2336,#2337,#332,.T.);
#1799=EDGE_CURVE('',#2337,#2180,#118,.T.);
#1800=EDGE_CURVE('',#2338,#2179,#119,.T.);
#1801=EDGE_CURVE('',#2338,#2339,#333,.T.);
#1802=EDGE_CURVE('',#2340,#2339,#334,.T.);
#1803=EDGE_CURVE('',#2340,#2341,#335,.T.);
#1804=EDGE_CURVE('',#2341,#2176,#120,.T.);
#1805=EDGE_CURVE('',#2342,#2175,#121,.T.);
#1806=EDGE_CURVE('',#2342,#2343,#336,.T.);
#1807=EDGE_CURVE('',#2344,#2343,#337,.T.);
#1808=EDGE_CURVE('',#2344,#2345,#338,.T.);
#1809=EDGE_CURVE('',#2345,#2172,#122,.T.);
#1810=EDGE_CURVE('',#2346,#2171,#123,.T.);
#1811=EDGE_CURVE('',#2346,#2347,#339,.T.);
#1812=EDGE_CURVE('',#2348,#2347,#340,.T.);
#1813=EDGE_CURVE('',#2348,#2349,#341,.T.);
#1814=EDGE_CURVE('',#2349,#2160,#124,.T.);
#1815=EDGE_CURVE('',#2350,#2159,#125,.T.);
#1816=EDGE_CURVE('',#2350,#2351,#342,.T.);
#1817=EDGE_CURVE('',#2352,#2351,#343,.T.);
#1818=EDGE_CURVE('',#2352,#2353,#344,.T.);
#1819=EDGE_CURVE('',#2353,#2155,#126,.T.);
#1820=EDGE_CURVE('',#2354,#2158,#127,.T.);
#1821=EDGE_CURVE('',#2354,#2355,#345,.T.);
#1822=EDGE_CURVE('',#2356,#2355,#346,.T.);
#1823=EDGE_CURVE('',#2356,#2357,#347,.T.);
#1824=EDGE_CURVE('',#2357,#2163,#128,.T.);
#1825=EDGE_CURVE('',#2358,#2166,#129,.T.);
#1826=EDGE_CURVE('',#2358,#2359,#348,.T.);
#1827=EDGE_CURVE('',#2360,#2359,#349,.T.);
#1828=EDGE_CURVE('',#2360,#2361,#350,.T.);
#1829=EDGE_CURVE('',#2361,#2168,#130,.T.);
#1830=EDGE_CURVE('',#2240,#2167,#131,.T.);
#1831=EDGE_CURVE('',#2276,#2362,#2555,.T.);
#1832=EDGE_CURVE('',#2363,#2362,#351,.T.);
#1833=EDGE_CURVE('',#2277,#2363,#2556,.T.);
#1834=EDGE_CURVE('',#2364,#2365,#2557,.T.);
#1835=EDGE_CURVE('',#2366,#2364,#2558,.T.);
#1836=EDGE_CURVE('',#2367,#2366,#2559,.T.);
#1837=EDGE_CURVE('',#2368,#2367,#2560,.T.);
#1838=EDGE_CURVE('',#2369,#2368,#2561,.T.);
#1839=EDGE_CURVE('',#2365,#2369,#2562,.T.);
#1840=EDGE_CURVE('',#2370,#2371,#352,.F.);
#1841=EDGE_CURVE('',#2371,#2372,#353,.T.);
#1842=EDGE_CURVE('',#2372,#2373,#354,.F.);
#1843=EDGE_CURVE('',#2373,#2170,#132,.T.);
#1844=EDGE_CURVE('',#2374,#2169,#133,.T.);
#1845=EDGE_CURVE('',#2374,#2375,#355,.F.);
#1846=EDGE_CURVE('',#2375,#2376,#356,.T.);
#1847=EDGE_CURVE('',#2376,#2377,#357,.F.);
#1848=EDGE_CURVE('',#2377,#2165,#134,.T.);
#1849=EDGE_CURVE('',#2378,#2164,#135,.T.);
#1850=EDGE_CURVE('',#2378,#2379,#358,.F.);
#1851=EDGE_CURVE('',#2379,#2380,#359,.T.);
#1852=EDGE_CURVE('',#2380,#2381,#360,.F.);
#1853=EDGE_CURVE('',#2381,#2157,#136,.T.);
#1854=EDGE_CURVE('',#2382,#2156,#137,.T.);
#1855=EDGE_CURVE('',#2382,#2383,#361,.F.);
#1856=EDGE_CURVE('',#2383,#2384,#362,.T.);
#1857=EDGE_CURVE('',#2384,#2385,#363,.F.);
#1858=EDGE_CURVE('',#2385,#2162,#138,.T.);
#1859=EDGE_CURVE('',#2386,#2161,#139,.T.);
#1860=EDGE_CURVE('',#2386,#2387,#364,.F.);
#1861=EDGE_CURVE('',#2387,#2388,#365,.T.);
#1862=EDGE_CURVE('',#2388,#2389,#366,.F.);
#1863=EDGE_CURVE('',#2389,#2174,#140,.T.);
#1864=EDGE_CURVE('',#2390,#2173,#141,.T.);
#1865=EDGE_CURVE('',#2390,#2391,#367,.F.);
#1866=EDGE_CURVE('',#2391,#2392,#368,.T.);
#1867=EDGE_CURVE('',#2392,#2393,#369,.F.);
#1868=EDGE_CURVE('',#2393,#2178,#142,.T.);
#1869=EDGE_CURVE('',#2394,#2177,#143,.T.);
#1870=EDGE_CURVE('',#2394,#2395,#370,.F.);
#1871=EDGE_CURVE('',#2395,#2396,#371,.T.);
#1872=EDGE_CURVE('',#2396,#2397,#372,.F.);
#1873=EDGE_CURVE('',#2397,#2182,#144,.T.);
#1874=EDGE_CURVE('',#2398,#2181,#145,.T.);
#1875=EDGE_CURVE('',#2398,#2399,#373,.F.);
#1876=EDGE_CURVE('',#2399,#2400,#374,.T.);
#1877=EDGE_CURVE('',#2400,#2401,#375,.F.);
#1878=EDGE_CURVE('',#2401,#2186,#146,.T.);
#1879=EDGE_CURVE('',#2402,#2185,#147,.T.);
#1880=EDGE_CURVE('',#2402,#2403,#376,.F.);
#1881=EDGE_CURVE('',#2403,#2404,#377,.T.);
#1882=EDGE_CURVE('',#2404,#2405,#378,.F.);
#1883=EDGE_CURVE('',#2405,#2202,#148,.T.);
#1884=EDGE_CURVE('',#2406,#2201,#149,.T.);
#1885=EDGE_CURVE('',#2406,#2407,#379,.F.);
#1886=EDGE_CURVE('',#2407,#2408,#380,.T.);
#1887=EDGE_CURVE('',#2408,#2409,#381,.F.);
#1888=EDGE_CURVE('',#2409,#2197,#150,.T.);
#1889=EDGE_CURVE('',#2410,#2196,#151,.T.);
#1890=EDGE_CURVE('',#2410,#2411,#382,.F.);
#1891=EDGE_CURVE('',#2411,#2412,#383,.T.);
#1892=EDGE_CURVE('',#2412,#2413,#384,.F.);
#1893=EDGE_CURVE('',#2413,#2189,#152,.T.);
#1894=EDGE_CURVE('',#2414,#2188,#153,.T.);
#1895=EDGE_CURVE('',#2414,#2415,#385,.F.);
#1896=EDGE_CURVE('',#2415,#2416,#386,.T.);
#1897=EDGE_CURVE('',#2416,#2417,#387,.F.);
#1898=EDGE_CURVE('',#2417,#2194,#154,.T.);
#1899=EDGE_CURVE('',#2418,#2193,#155,.T.);
#1900=EDGE_CURVE('',#2418,#2419,#388,.F.);
#1901=EDGE_CURVE('',#2419,#2420,#389,.T.);
#1902=EDGE_CURVE('',#2420,#2421,#390,.F.);
#1903=EDGE_CURVE('',#2421,#2206,#156,.T.);
#1904=EDGE_CURVE('',#2422,#2205,#157,.T.);
#1905=EDGE_CURVE('',#2422,#2423,#391,.F.);
#1906=EDGE_CURVE('',#2423,#2424,#392,.T.);
#1907=EDGE_CURVE('',#2424,#2425,#393,.F.);
#1908=EDGE_CURVE('',#2425,#2210,#158,.T.);
#1909=EDGE_CURVE('',#2426,#2209,#159,.T.);
#1910=EDGE_CURVE('',#2426,#2427,#394,.F.);
#1911=EDGE_CURVE('',#2427,#2428,#395,.T.);
#1912=EDGE_CURVE('',#2428,#2429,#396,.F.);
#1913=EDGE_CURVE('',#2429,#2214,#160,.T.);
#1914=EDGE_CURVE('',#2430,#2213,#161,.T.);
#1915=EDGE_CURVE('',#2430,#2431,#397,.F.);
#1916=EDGE_CURVE('',#2431,#2432,#398,.T.);
#1917=EDGE_CURVE('',#2432,#2433,#399,.F.);
#1918=EDGE_CURVE('',#2433,#2218,#162,.T.);
#1919=EDGE_CURVE('',#2434,#2217,#163,.T.);
#1920=EDGE_CURVE('',#2434,#2435,#400,.F.);
#1921=EDGE_CURVE('',#2435,#2436,#401,.T.);
#1922=EDGE_CURVE('',#2436,#2437,#402,.F.);
#1923=EDGE_CURVE('',#2437,#2230,#164,.T.);
#1924=EDGE_CURVE('',#2438,#2229,#165,.T.);
#1925=EDGE_CURVE('',#2438,#2439,#403,.F.);
#1926=EDGE_CURVE('',#2439,#2440,#404,.T.);
#1927=EDGE_CURVE('',#2440,#2441,#405,.F.);
#1928=EDGE_CURVE('',#2441,#2234,#166,.T.);
#1929=EDGE_CURVE('',#2442,#2233,#167,.T.);
#1930=EDGE_CURVE('',#2442,#2443,#406,.F.);
#1931=EDGE_CURVE('',#2443,#2444,#407,.T.);
#1932=EDGE_CURVE('',#2444,#2445,#408,.F.);
#1933=EDGE_CURVE('',#2445,#2225,#168,.T.);
#1934=EDGE_CURVE('',#2446,#2224,#169,.T.);
#1935=EDGE_CURVE('',#2446,#2447,#409,.F.);
#1936=EDGE_CURVE('',#2447,#2448,#410,.T.);
#1937=EDGE_CURVE('',#2448,#2449,#411,.F.);
#1938=EDGE_CURVE('',#2449,#2221,#170,.T.);
#1939=EDGE_CURVE('',#2450,#2220,#171,.T.);
#1940=EDGE_CURVE('',#2450,#2451,#412,.F.);
#1941=EDGE_CURVE('',#2451,#2452,#413,.T.);
#1942=EDGE_CURVE('',#2452,#2453,#414,.F.);
#1943=EDGE_CURVE('',#2453,#2238,#172,.T.);
#1944=EDGE_CURVE('',#2454,#2237,#173,.T.);
#1945=EDGE_CURVE('',#2454,#2455,#415,.F.);
#1946=EDGE_CURVE('',#2455,#2456,#416,.T.);
#1947=EDGE_CURVE('',#2456,#2457,#417,.F.);
#1948=EDGE_CURVE('',#2457,#2363,#174,.T.);
#1949=EDGE_CURVE('',#2458,#2362,#175,.T.);
#1950=EDGE_CURVE('',#2458,#2459,#418,.F.);
#1951=EDGE_CURVE('',#2459,#2460,#419,.T.);
#1952=EDGE_CURVE('',#2460,#2461,#420,.F.);
#1953=EDGE_CURVE('',#2461,#2153,#176,.T.);
#1954=EDGE_CURVE('',#2462,#2152,#177,.T.);
#1955=EDGE_CURVE('',#2462,#2463,#421,.F.);
#1956=EDGE_CURVE('',#2463,#2464,#422,.T.);
#1957=EDGE_CURVE('',#2464,#2465,#423,.F.);
#1958=EDGE_CURVE('',#2465,#2149,#178,.T.);
#1959=EDGE_CURVE('',#2466,#2148,#179,.T.);
#1960=EDGE_CURVE('',#2466,#2467,#424,.F.);
#1961=EDGE_CURVE('',#2467,#2468,#425,.T.);
#1962=EDGE_CURVE('',#2468,#2469,#426,.F.);
#1963=EDGE_CURVE('',#2469,#2141,#180,.T.);
#1964=EDGE_CURVE('',#2470,#2140,#181,.T.);
#1965=EDGE_CURVE('',#2470,#2471,#427,.F.);
#1966=EDGE_CURVE('',#2471,#2472,#428,.T.);
#1967=EDGE_CURVE('',#2472,#2473,#429,.F.);
#1968=EDGE_CURVE('',#2473,#2146,#182,.T.);
#1969=EDGE_CURVE('',#2474,#2145,#183,.T.);
#1970=EDGE_CURVE('',#2474,#2475,#430,.F.);
#1971=EDGE_CURVE('',#2475,#2476,#431,.T.);
#1972=EDGE_CURVE('',#2476,#2477,#432,.F.);
#1973=EDGE_CURVE('',#2477,#2137,#184,.T.);
#1974=EDGE_CURVE('',#2478,#2136,#185,.T.);
#1975=EDGE_CURVE('',#2478,#2479,#433,.F.);
#1976=EDGE_CURVE('',#2479,#2480,#434,.T.);
#1977=EDGE_CURVE('',#2480,#2481,#435,.F.);
#1978=EDGE_CURVE('',#2481,#2133,#186,.T.);
#1979=EDGE_CURVE('',#2482,#2132,#187,.T.);
#1980=EDGE_CURVE('',#2482,#2483,#436,.F.);
#1981=EDGE_CURVE('',#2483,#2484,#437,.T.);
#1982=EDGE_CURVE('',#2484,#2485,#438,.F.);
#1983=EDGE_CURVE('',#2485,#2129,#188,.T.);
#1984=EDGE_CURVE('',#2486,#2128,#189,.T.);
#1985=EDGE_CURVE('',#2486,#2487,#439,.F.);
#1986=EDGE_CURVE('',#2487,#2488,#440,.T.);
#1987=EDGE_CURVE('',#2488,#2489,#441,.F.);
#1988=EDGE_CURVE('',#2489,#2125,#190,.T.);
#1989=EDGE_CURVE('',#2370,#2124,#191,.T.);
#1990=EDGE_CURVE('',#2275,#2458,#2563,.T.);
#1991=EDGE_CURVE('',#2461,#2272,#2564,.F.);
#1992=EDGE_CURVE('',#2459,#2274,#2565,.F.);
#1993=EDGE_CURVE('',#2273,#2460,#2566,.T.);
#1994=EDGE_CURVE('',#2281,#2454,#2567,.T.);
#1995=EDGE_CURVE('',#2457,#2278,#2568,.F.);
#1996=EDGE_CURVE('',#2455,#2280,#2569,.F.);
#1997=EDGE_CURVE('',#2279,#2456,#2570,.T.);
#1998=EDGE_CURVE('',#2293,#2442,#2571,.T.);
#1999=EDGE_CURVE('',#2445,#2290,#2572,.F.);
#2000=EDGE_CURVE('',#2443,#2292,#2573,.F.);
#2001=EDGE_CURVE('',#2291,#2444,#2574,.T.);
#2002=EDGE_CURVE('',#2297,#2438,#2575,.T.);
#2003=EDGE_CURVE('',#2441,#2294,#2576,.F.);
#2004=EDGE_CURVE('',#2439,#2296,#2577,.F.);
#2005=EDGE_CURVE('',#2295,#2440,#2578,.T.);
#2006=EDGE_CURVE('',#2289,#2446,#2579,.T.);
#2007=EDGE_CURVE('',#2449,#2286,#2580,.F.);
#2008=EDGE_CURVE('',#2447,#2288,#2581,.F.);
#2009=EDGE_CURVE('',#2287,#2448,#2582,.T.);
#2010=EDGE_CURVE('',#2285,#2450,#2583,.T.);
#2011=EDGE_CURVE('',#2453,#2282,#2584,.F.);
#2012=EDGE_CURVE('',#2451,#2284,#2585,.F.);
#2013=EDGE_CURVE('',#2283,#2452,#2586,.T.);
#2014=EDGE_CURVE('',#2301,#2434,#2587,.T.);
#2015=EDGE_CURVE('',#2437,#2298,#2588,.F.);
#2016=EDGE_CURVE('',#2435,#2300,#2589,.F.);
#2017=EDGE_CURVE('',#2299,#2436,#2590,.T.);
#2018=EDGE_CURVE('',#2305,#2430,#2591,.T.);
#2019=EDGE_CURVE('',#2433,#2302,#2592,.F.);
#2020=EDGE_CURVE('',#2431,#2304,#2593,.F.);
#2021=EDGE_CURVE('',#2303,#2432,#2594,.T.);
#2022=EDGE_CURVE('',#2309,#2426,#2595,.T.);
#2023=EDGE_CURVE('',#2429,#2306,#2596,.F.);
#2024=EDGE_CURVE('',#2427,#2308,#2597,.F.);
#2025=EDGE_CURVE('',#2307,#2428,#2598,.T.);
#2026=EDGE_CURVE('',#2313,#2422,#2599,.T.);
#2027=EDGE_CURVE('',#2425,#2310,#2600,.F.);
#2028=EDGE_CURVE('',#2423,#2312,#2601,.F.);
#2029=EDGE_CURVE('',#2311,#2424,#2602,.T.);
#2030=EDGE_CURVE('',#2329,#2406,#2603,.T.);
#2031=EDGE_CURVE('',#2409,#2326,#2604,.F.);
#2032=EDGE_CURVE('',#2407,#2328,#2605,.F.);
#2033=EDGE_CURVE('',#2327,#2408,#2606,.T.);
#2034=EDGE_CURVE('',#2325,#2410,#2607,.T.);
#2035=EDGE_CURVE('',#2413,#2322,#2608,.F.);
#2036=EDGE_CURVE('',#2411,#2324,#2609,.F.);
#2037=EDGE_CURVE('',#2323,#2412,#2610,.T.);
#2038=EDGE_CURVE('',#2317,#2418,#2611,.T.);
#2039=EDGE_CURVE('',#2421,#2314,#2612,.F.);
#2040=EDGE_CURVE('',#2419,#2316,#2613,.F.);
#2041=EDGE_CURVE('',#2315,#2420,#2614,.T.);
#2042=EDGE_CURVE('',#2321,#2414,#2615,.T.);
#2043=EDGE_CURVE('',#2417,#2318,#2616,.F.);
#2044=EDGE_CURVE('',#2415,#2320,#2617,.F.);
#2045=EDGE_CURVE('',#2319,#2416,#2618,.T.);
#2046=EDGE_CURVE('',#2333,#2402,#2619,.T.);
#2047=EDGE_CURVE('',#2405,#2330,#2620,.F.);
#2048=EDGE_CURVE('',#2403,#2332,#2621,.F.);
#2049=EDGE_CURVE('',#2331,#2404,#2622,.T.);
#2050=EDGE_CURVE('',#2337,#2398,#2623,.T.);
#2051=EDGE_CURVE('',#2401,#2334,#2624,.F.);
#2052=EDGE_CURVE('',#2399,#2336,#2625,.F.);
#2053=EDGE_CURVE('',#2335,#2400,#2626,.T.);
#2054=EDGE_CURVE('',#2341,#2394,#2627,.T.);
#2055=EDGE_CURVE('',#2397,#2338,#2628,.F.);
#2056=EDGE_CURVE('',#2395,#2340,#2629,.F.);
#2057=EDGE_CURVE('',#2339,#2396,#2630,.T.);
#2058=EDGE_CURVE('',#2345,#2390,#2631,.T.);
#2059=EDGE_CURVE('',#2393,#2342,#2632,.F.);
#2060=EDGE_CURVE('',#2391,#2344,#2633,.F.);
#2061=EDGE_CURVE('',#2343,#2392,#2634,.T.);
#2062=EDGE_CURVE('',#2361,#2374,#2635,.T.);
#2063=EDGE_CURVE('',#2377,#2358,#2636,.F.);
#2064=EDGE_CURVE('',#2375,#2360,#2637,.F.);
#2065=EDGE_CURVE('',#2359,#2376,#2638,.T.);
#2066=EDGE_CURVE('',#2357,#2378,#2639,.T.);
#2067=EDGE_CURVE('',#2381,#2354,#2640,.F.);
#2068=EDGE_CURVE('',#2379,#2356,#2641,.F.);
#2069=EDGE_CURVE('',#2355,#2380,#2642,.T.);
#2070=EDGE_CURVE('',#2349,#2386,#2643,.T.);
#2071=EDGE_CURVE('',#2389,#2346,#2644,.F.);
#2072=EDGE_CURVE('',#2387,#2348,#2645,.F.);
#2073=EDGE_CURVE('',#2347,#2388,#2646,.T.);
#2074=EDGE_CURVE('',#2353,#2382,#2647,.T.);
#2075=EDGE_CURVE('',#2385,#2350,#2648,.F.);
#2076=EDGE_CURVE('',#2383,#2352,#2649,.F.);
#2077=EDGE_CURVE('',#2351,#2384,#2650,.T.);
#2078=EDGE_CURVE('',#2271,#2462,#2651,.T.);
#2079=EDGE_CURVE('',#2465,#2268,#2652,.F.);
#2080=EDGE_CURVE('',#2463,#2270,#2653,.F.);
#2081=EDGE_CURVE('',#2269,#2464,#2654,.T.);
#2082=EDGE_CURVE('',#2267,#2466,#2655,.T.);
#2083=EDGE_CURVE('',#2469,#2264,#2656,.F.);
#2084=EDGE_CURVE('',#2467,#2266,#2657,.F.);
#2085=EDGE_CURVE('',#2265,#2468,#2658,.T.);
#2086=EDGE_CURVE('',#2259,#2474,#2659,.T.);
#2087=EDGE_CURVE('',#2477,#2256,#2660,.F.);
#2088=EDGE_CURVE('',#2475,#2258,#2661,.F.);
#2089=EDGE_CURVE('',#2257,#2476,#2662,.T.);
#2090=EDGE_CURVE('',#2263,#2470,#2663,.T.);
#2091=EDGE_CURVE('',#2473,#2260,#2664,.F.);
#2092=EDGE_CURVE('',#2471,#2262,#2665,.F.);
#2093=EDGE_CURVE('',#2261,#2472,#2666,.T.);
#2094=EDGE_CURVE('',#2255,#2478,#2667,.T.);
#2095=EDGE_CURVE('',#2481,#2252,#2668,.F.);
#2096=EDGE_CURVE('',#2479,#2254,#2669,.F.);
#2097=EDGE_CURVE('',#2253,#2480,#2670,.T.);
#2098=EDGE_CURVE('',#2251,#2482,#2671,.T.);
#2099=EDGE_CURVE('',#2485,#2248,#2672,.F.);
#2100=EDGE_CURVE('',#2483,#2250,#2673,.F.);
#2101=EDGE_CURVE('',#2249,#2484,#2674,.T.);
#2102=EDGE_CURVE('',#2247,#2486,#2675,.T.);
#2103=EDGE_CURVE('',#2489,#2244,#2676,.F.);
#2104=EDGE_CURVE('',#2487,#2246,#2677,.F.);
#2105=EDGE_CURVE('',#2245,#2488,#2678,.T.);
#2106=EDGE_CURVE('',#2243,#2370,#2679,.T.);
#2107=EDGE_CURVE('',#2373,#2240,#2680,.F.);
#2108=EDGE_CURVE('',#2371,#2242,#2681,.F.);
#2109=EDGE_CURVE('',#2241,#2372,#2682,.T.);
#2110=EDGE_CURVE('',#2365,#2490,#2683,.T.);
#2111=EDGE_CURVE('',#2369,#2491,#2684,.T.);
#2112=EDGE_CURVE('',#2490,#2491,#2685,.T.);
#2113=EDGE_CURVE('',#2368,#2492,#2686,.T.);
#2114=EDGE_CURVE('',#2491,#2492,#2687,.T.);
#2115=EDGE_CURVE('',#2367,#2493,#2688,.T.);
#2116=EDGE_CURVE('',#2492,#2493,#2689,.T.);
#2117=EDGE_CURVE('',#2366,#2494,#2690,.T.);
#2118=EDGE_CURVE('',#2493,#2494,#2691,.T.);
#2119=EDGE_CURVE('',#2364,#2495,#2692,.T.);
#2120=EDGE_CURVE('',#2494,#2495,#2693,.T.);
#2121=EDGE_CURVE('',#2495,#2490,#2694,.T.);
#2122=EDGE_CURVE('',#2496,#2496,#442,.T.);
#2123=VERTEX_POINT('',#4924);
#2124=VERTEX_POINT('',#4925);
#2125=VERTEX_POINT('',#4927);
#2126=VERTEX_POINT('',#4929);
#2127=VERTEX_POINT('',#4933);
#2128=VERTEX_POINT('',#4934);
#2129=VERTEX_POINT('',#4936);
#2130=VERTEX_POINT('',#4938);
#2131=VERTEX_POINT('',#4942);
#2132=VERTEX_POINT('',#4943);
#2133=VERTEX_POINT('',#4945);
#2134=VERTEX_POINT('',#4947);
#2135=VERTEX_POINT('',#4951);
#2136=VERTEX_POINT('',#4952);
#2137=VERTEX_POINT('',#4954);
#2138=VERTEX_POINT('',#4956);
#2139=VERTEX_POINT('',#4960);
#2140=VERTEX_POINT('',#4961);
#2141=VERTEX_POINT('',#4963);
#2142=VERTEX_POINT('',#4965);
#2143=VERTEX_POINT('',#4969);
#2144=VERTEX_POINT('',#4970);
#2145=VERTEX_POINT('',#4972);
#2146=VERTEX_POINT('',#4974);
#2147=VERTEX_POINT('',#4978);
#2148=VERTEX_POINT('',#4979);
#2149=VERTEX_POINT('',#4981);
#2150=VERTEX_POINT('',#4983);
#2151=VERTEX_POINT('',#4987);
#2152=VERTEX_POINT('',#4988);
#2153=VERTEX_POINT('',#4990);
#2154=VERTEX_POINT('',#4992);
#2155=VERTEX_POINT('',#4996);
#2156=VERTEX_POINT('',#4997);
#2157=VERTEX_POINT('',#4999);
#2158=VERTEX_POINT('',#5001);
#2159=VERTEX_POINT('',#5005);
#2160=VERTEX_POINT('',#5006);
#2161=VERTEX_POINT('',#5008);
#2162=VERTEX_POINT('',#5010);
#2163=VERTEX_POINT('',#5014);
#2164=VERTEX_POINT('',#5015);
#2165=VERTEX_POINT('',#5017);
#2166=VERTEX_POINT('',#5019);
#2167=VERTEX_POINT('',#5023);
#2168=VERTEX_POINT('',#5024);
#2169=VERTEX_POINT('',#5026);
#2170=VERTEX_POINT('',#5028);
#2171=VERTEX_POINT('',#5032);
#2172=VERTEX_POINT('',#5033);
#2173=VERTEX_POINT('',#5035);
#2174=VERTEX_POINT('',#5037);
#2175=VERTEX_POINT('',#5041);
#2176=VERTEX_POINT('',#5042);
#2177=VERTEX_POINT('',#5044);
#2178=VERTEX_POINT('',#5046);
#2179=VERTEX_POINT('',#5050);
#2180=VERTEX_POINT('',#5051);
#2181=VERTEX_POINT('',#5053);
#2182=VERTEX_POINT('',#5055);
#2183=VERTEX_POINT('',#5059);
#2184=VERTEX_POINT('',#5060);
#2185=VERTEX_POINT('',#5062);
#2186=VERTEX_POINT('',#5064);
#2187=VERTEX_POINT('',#5068);
#2188=VERTEX_POINT('',#5069);
#2189=VERTEX_POINT('',#5071);
#2190=VERTEX_POINT('',#5073);
#2191=VERTEX_POINT('',#5077);
#2192=VERTEX_POINT('',#5078);
#2193=VERTEX_POINT('',#5080);
#2194=VERTEX_POINT('',#5082);
#2195=VERTEX_POINT('',#5086);
#2196=VERTEX_POINT('',#5087);
#2197=VERTEX_POINT('',#5089);
#2198=VERTEX_POINT('',#5091);
#2199=VERTEX_POINT('',#5095);
#2200=VERTEX_POINT('',#5096);
#2201=VERTEX_POINT('',#5098);
#2202=VERTEX_POINT('',#5100);
#2203=VERTEX_POINT('',#5104);
#2204=VERTEX_POINT('',#5105);
#2205=VERTEX_POINT('',#5107);
#2206=VERTEX_POINT('',#5109);
#2207=VERTEX_POINT('',#5113);
#2208=VERTEX_POINT('',#5114);
#2209=VERTEX_POINT('',#5116);
#2210=VERTEX_POINT('',#5118);
#2211=VERTEX_POINT('',#5122);
#2212=VERTEX_POINT('',#5123);
#2213=VERTEX_POINT('',#5125);
#2214=VERTEX_POINT('',#5127);
#2215=VERTEX_POINT('',#5131);
#2216=VERTEX_POINT('',#5132);
#2217=VERTEX_POINT('',#5134);
#2218=VERTEX_POINT('',#5136);
#2219=VERTEX_POINT('',#5140);
#2220=VERTEX_POINT('',#5141);
#2221=VERTEX_POINT('',#5143);
#2222=VERTEX_POINT('',#5145);
#2223=VERTEX_POINT('',#5149);
#2224=VERTEX_POINT('',#5150);
#2225=VERTEX_POINT('',#5152);
#2226=VERTEX_POINT('',#5154);
#2227=VERTEX_POINT('',#5158);
#2228=VERTEX_POINT('',#5159);
#2229=VERTEX_POINT('',#5161);
#2230=VERTEX_POINT('',#5163);
#2231=VERTEX_POINT('',#5167);
#2232=VERTEX_POINT('',#5168);
#2233=VERTEX_POINT('',#5170);
#2234=VERTEX_POINT('',#5172);
#2235=VERTEX_POINT('',#5176);
#2236=VERTEX_POINT('',#5177);
#2237=VERTEX_POINT('',#5179);
#2238=VERTEX_POINT('',#5181);
#2239=VERTEX_POINT('',#5185);
#2240=VERTEX_POINT('',#5187);
#2241=VERTEX_POINT('',#5188);
#2242=VERTEX_POINT('',#5190);
#2243=VERTEX_POINT('',#5192);
#2244=VERTEX_POINT('',#5253);
#2245=VERTEX_POINT('',#5255);
#2246=VERTEX_POINT('',#5257);
#2247=VERTEX_POINT('',#5259);
#2248=VERTEX_POINT('',#5320);
#2249=VERTEX_POINT('',#5322);
#2250=VERTEX_POINT('',#5324);
#2251=VERTEX_POINT('',#5326);
#2252=VERTEX_POINT('',#5387);
#2253=VERTEX_POINT('',#5389);
#2254=VERTEX_POINT('',#5391);
#2255=VERTEX_POINT('',#5393);
#2256=VERTEX_POINT('',#5454);
#2257=VERTEX_POINT('',#5456);
#2258=VERTEX_POINT('',#5458);
#2259=VERTEX_POINT('',#5460);
#2260=VERTEX_POINT('',#5521);
#2261=VERTEX_POINT('',#5523);
#2262=VERTEX_POINT('',#5525);
#2263=VERTEX_POINT('',#5527);
#2264=VERTEX_POINT('',#5588);
#2265=VERTEX_POINT('',#5590);
#2266=VERTEX_POINT('',#5592);
#2267=VERTEX_POINT('',#5594);
#2268=VERTEX_POINT('',#5655);
#2269=VERTEX_POINT('',#5657);
#2270=VERTEX_POINT('',#5659);
#2271=VERTEX_POINT('',#5661);
#2272=VERTEX_POINT('',#5722);
#2273=VERTEX_POINT('',#5724);
#2274=VERTEX_POINT('',#5726);
#2275=VERTEX_POINT('',#5728);
#2276=VERTEX_POINT('',#5759);
#2277=VERTEX_POINT('',#5761);
#2278=VERTEX_POINT('',#5792);
#2279=VERTEX_POINT('',#5794);
#2280=VERTEX_POINT('',#5796);
#2281=VERTEX_POINT('',#5798);
#2282=VERTEX_POINT('',#5859);
#2283=VERTEX_POINT('',#5861);
#2284=VERTEX_POINT('',#5863);
#2285=VERTEX_POINT('',#5865);
#2286=VERTEX_POINT('',#5926);
#2287=VERTEX_POINT('',#5928);
#2288=VERTEX_POINT('',#5930);
#2289=VERTEX_POINT('',#5932);
#2290=VERTEX_POINT('',#5993);
#2291=VERTEX_POINT('',#5995);
#2292=VERTEX_POINT('',#5997);
#2293=VERTEX_POINT('',#5999);
#2294=VERTEX_POINT('',#6060);
#2295=VERTEX_POINT('',#6062);
#2296=VERTEX_POINT('',#6064);
#2297=VERTEX_POINT('',#6066);
#2298=VERTEX_POINT('',#6127);
#2299=VERTEX_POINT('',#6129);
#2300=VERTEX_POINT('',#6131);
#2301=VERTEX_POINT('',#6133);
#2302=VERTEX_POINT('',#6194);
#2303=VERTEX_POINT('',#6196);
#2304=VERTEX_POINT('',#6198);
#2305=VERTEX_POINT('',#6200);
#2306=VERTEX_POINT('',#6261);
#2307=VERTEX_POINT('',#6263);
#2308=VERTEX_POINT('',#6265);
#2309=VERTEX_POINT('',#6267);
#2310=VERTEX_POINT('',#6328);
#2311=VERTEX_POINT('',#6330);
#2312=VERTEX_POINT('',#6332);
#2313=VERTEX_POINT('',#6334);
#2314=VERTEX_POINT('',#6395);
#2315=VERTEX_POINT('',#6397);
#2316=VERTEX_POINT('',#6399);
#2317=VERTEX_POINT('',#6401);
#2318=VERTEX_POINT('',#6462);
#2319=VERTEX_POINT('',#6464);
#2320=VERTEX_POINT('',#6466);
#2321=VERTEX_POINT('',#6468);
#2322=VERTEX_POINT('',#6529);
#2323=VERTEX_POINT('',#6531);
#2324=VERTEX_POINT('',#6533);
#2325=VERTEX_POINT('',#6535);
#2326=VERTEX_POINT('',#6596);
#2327=VERTEX_POINT('',#6598);
#2328=VERTEX_POINT('',#6600);
#2329=VERTEX_POINT('',#6602);
#2330=VERTEX_POINT('',#6663);
#2331=VERTEX_POINT('',#6665);
#2332=VERTEX_POINT('',#6667);
#2333=VERTEX_POINT('',#6669);
#2334=VERTEX_POINT('',#6730);
#2335=VERTEX_POINT('',#6732);
#2336=VERTEX_POINT('',#6734);
#2337=VERTEX_POINT('',#6736);
#2338=VERTEX_POINT('',#6797);
#2339=VERTEX_POINT('',#6799);
#2340=VERTEX_POINT('',#6801);
#2341=VERTEX_POINT('',#6803);
#2342=VERTEX_POINT('',#6864);
#2343=VERTEX_POINT('',#6866);
#2344=VERTEX_POINT('',#6868);
#2345=VERTEX_POINT('',#6870);
#2346=VERTEX_POINT('',#6931);
#2347=VERTEX_POINT('',#6933);
#2348=VERTEX_POINT('',#6935);
#2349=VERTEX_POINT('',#6937);
#2350=VERTEX_POINT('',#6998);
#2351=VERTEX_POINT('',#7000);
#2352=VERTEX_POINT('',#7002);
#2353=VERTEX_POINT('',#7004);
#2354=VERTEX_POINT('',#7065);
#2355=VERTEX_POINT('',#7067);
#2356=VERTEX_POINT('',#7069);
#2357=VERTEX_POINT('',#7071);
#2358=VERTEX_POINT('',#7132);
#2359=VERTEX_POINT('',#7134);
#2360=VERTEX_POINT('',#7136);
#2361=VERTEX_POINT('',#7138);
#2362=VERTEX_POINT('',#7201);
#2363=VERTEX_POINT('',#7203);
#2364=VERTEX_POINT('',#7207);
#2365=VERTEX_POINT('',#7208);
#2366=VERTEX_POINT('',#7210);
#2367=VERTEX_POINT('',#7212);
#2368=VERTEX_POINT('',#7214);
#2369=VERTEX_POINT('',#7216);
#2370=VERTEX_POINT('',#7219);
#2371=VERTEX_POINT('',#7220);
#2372=VERTEX_POINT('',#7222);
#2373=VERTEX_POINT('',#7224);
#2374=VERTEX_POINT('',#7285);
#2375=VERTEX_POINT('',#7287);
#2376=VERTEX_POINT('',#7289);
#2377=VERTEX_POINT('',#7291);
#2378=VERTEX_POINT('',#7352);
#2379=VERTEX_POINT('',#7354);
#2380=VERTEX_POINT('',#7356);
#2381=VERTEX_POINT('',#7358);
#2382=VERTEX_POINT('',#7419);
#2383=VERTEX_POINT('',#7421);
#2384=VERTEX_POINT('',#7423);
#2385=VERTEX_POINT('',#7425);
#2386=VERTEX_POINT('',#7486);
#2387=VERTEX_POINT('',#7488);
#2388=VERTEX_POINT('',#7490);
#2389=VERTEX_POINT('',#7492);
#2390=VERTEX_POINT('',#7553);
#2391=VERTEX_POINT('',#7555);
#2392=VERTEX_POINT('',#7557);
#2393=VERTEX_POINT('',#7559);
#2394=VERTEX_POINT('',#7620);
#2395=VERTEX_POINT('',#7622);
#2396=VERTEX_POINT('',#7624);
#2397=VERTEX_POINT('',#7626);
#2398=VERTEX_POINT('',#7687);
#2399=VERTEX_POINT('',#7689);
#2400=VERTEX_POINT('',#7691);
#2401=VERTEX_POINT('',#7693);
#2402=VERTEX_POINT('',#7754);
#2403=VERTEX_POINT('',#7756);
#2404=VERTEX_POINT('',#7758);
#2405=VERTEX_POINT('',#7760);
#2406=VERTEX_POINT('',#7821);
#2407=VERTEX_POINT('',#7823);
#2408=VERTEX_POINT('',#7825);
#2409=VERTEX_POINT('',#7827);
#2410=VERTEX_POINT('',#7888);
#2411=VERTEX_POINT('',#7890);
#2412=VERTEX_POINT('',#7892);
#2413=VERTEX_POINT('',#7894);
#2414=VERTEX_POINT('',#7955);
#2415=VERTEX_POINT('',#7957);
#2416=VERTEX_POINT('',#7959);
#2417=VERTEX_POINT('',#7961);
#2418=VERTEX_POINT('',#8022);
#2419=VERTEX_POINT('',#8024);
#2420=VERTEX_POINT('',#8026);
#2421=VERTEX_POINT('',#8028);
#2422=VERTEX_POINT('',#8089);
#2423=VERTEX_POINT('',#8091);
#2424=VERTEX_POINT('',#8093);
#2425=VERTEX_POINT('',#8095);
#2426=VERTEX_POINT('',#8156);
#2427=VERTEX_POINT('',#8158);
#2428=VERTEX_POINT('',#8160);
#2429=VERTEX_POINT('',#8162);
#2430=VERTEX_POINT('',#8223);
#2431=VERTEX_POINT('',#8225);
#2432=VERTEX_POINT('',#8227);
#2433=VERTEX_POINT('',#8229);
#2434=VERTEX_POINT('',#8290);
#2435=VERTEX_POINT('',#8292);
#2436=VERTEX_POINT('',#8294);
#2437=VERTEX_POINT('',#8296);
#2438=VERTEX_POINT('',#8357);
#2439=VERTEX_POINT('',#8359);
#2440=VERTEX_POINT('',#8361);
#2441=VERTEX_POINT('',#8363);
#2442=VERTEX_POINT('',#8424);
#2443=VERTEX_POINT('',#8426);
#2444=VERTEX_POINT('',#8428);
#2445=VERTEX_POINT('',#8430);
#2446=VERTEX_POINT('',#8491);
#2447=VERTEX_POINT('',#8493);
#2448=VERTEX_POINT('',#8495);
#2449=VERTEX_POINT('',#8497);
#2450=VERTEX_POINT('',#8558);
#2451=VERTEX_POINT('',#8560);
#2452=VERTEX_POINT('',#8562);
#2453=VERTEX_POINT('',#8564);
#2454=VERTEX_POINT('',#8625);
#2455=VERTEX_POINT('',#8627);
#2456=VERTEX_POINT('',#8629);
#2457=VERTEX_POINT('',#8631);
#2458=VERTEX_POINT('',#8692);
#2459=VERTEX_POINT('',#8694);
#2460=VERTEX_POINT('',#8696);
#2461=VERTEX_POINT('',#8698);
#2462=VERTEX_POINT('',#8759);
#2463=VERTEX_POINT('',#8761);
#2464=VERTEX_POINT('',#8763);
#2465=VERTEX_POINT('',#8765);
#2466=VERTEX_POINT('',#8826);
#2467=VERTEX_POINT('',#8828);
#2468=VERTEX_POINT('',#8830);
#2469=VERTEX_POINT('',#8832);
#2470=VERTEX_POINT('',#8893);
#2471=VERTEX_POINT('',#8895);
#2472=VERTEX_POINT('',#8897);
#2473=VERTEX_POINT('',#8899);
#2474=VERTEX_POINT('',#8960);
#2475=VERTEX_POINT('',#8962);
#2476=VERTEX_POINT('',#8964);
#2477=VERTEX_POINT('',#8966);
#2478=VERTEX_POINT('',#9027);
#2479=VERTEX_POINT('',#9029);
#2480=VERTEX_POINT('',#9031);
#2481=VERTEX_POINT('',#9033);
#2482=VERTEX_POINT('',#9094);
#2483=VERTEX_POINT('',#9096);
#2484=VERTEX_POINT('',#9098);
#2485=VERTEX_POINT('',#9100);
#2486=VERTEX_POINT('',#9161);
#2487=VERTEX_POINT('',#9163);
#2488=VERTEX_POINT('',#9165);
#2489=VERTEX_POINT('',#9167);
#2490=VERTEX_POINT('',#10160);
#2491=VERTEX_POINT('',#10162);
#2492=VERTEX_POINT('',#10166);
#2493=VERTEX_POINT('',#10170);
#2494=VERTEX_POINT('',#10174);
#2495=VERTEX_POINT('',#10178);
#2496=VERTEX_POINT('',#10184);
#2497=LINE('',#4923,#2695);
#2498=LINE('',#4928,#2696);
#2499=LINE('',#4932,#2697);
#2500=LINE('',#4937,#2698);
#2501=LINE('',#4941,#2699);
#2502=LINE('',#4946,#2700);
#2503=LINE('',#4950,#2701);
#2504=LINE('',#4955,#2702);
#2505=LINE('',#4959,#2703);
#2506=LINE('',#4964,#2704);
#2507=LINE('',#4971,#2705);
#2508=LINE('',#4975,#2706);
#2509=LINE('',#4977,#2707);
#2510=LINE('',#4982,#2708);
#2511=LINE('',#4986,#2709);
#2512=LINE('',#4991,#2710);
#2513=LINE('',#4995,#2711);
#2514=LINE('',#5000,#2712);
#2515=LINE('',#5007,#2713);
#2516=LINE('',#5011,#2714);
#2517=LINE('',#5013,#2715);
#2518=LINE('',#5018,#2716);
#2519=LINE('',#5025,#2717);
#2520=LINE('',#5029,#2718);
#2521=LINE('',#5034,#2719);
#2522=LINE('',#5038,#2720);
#2523=LINE('',#5043,#2721);
#2524=LINE('',#5047,#2722);
#2525=LINE('',#5052,#2723);
#2526=LINE('',#5056,#2724);
#2527=LINE('',#5061,#2725);
#2528=LINE('',#5065,#2726);
#2529=LINE('',#5067,#2727);
#2530=LINE('',#5072,#2728);
#2531=LINE('',#5079,#2729);
#2532=LINE('',#5083,#2730);
#2533=LINE('',#5085,#2731);
#2534=LINE('',#5090,#2732);
#2535=LINE('',#5097,#2733);
#2536=LINE('',#5101,#2734);
#2537=LINE('',#5106,#2735);
#2538=LINE('',#5110,#2736);
#2539=LINE('',#5115,#2737);
#2540=LINE('',#5119,#2738);
#2541=LINE('',#5124,#2739);
#2542=LINE('',#5128,#2740);
#2543=LINE('',#5133,#2741);
#2544=LINE('',#5137,#2742);
#2545=LINE('',#5139,#2743);
#2546=LINE('',#5144,#2744);
#2547=LINE('',#5148,#2745);
#2548=LINE('',#5153,#2746);
#2549=LINE('',#5160,#2747);
#2550=LINE('',#5164,#2748);
#2551=LINE('',#5169,#2749);
#2552=LINE('',#5173,#2750);
#2553=LINE('',#5178,#2751);
#2554=LINE('',#5182,#2752);
#2555=LINE('',#7200,#2753);
#2556=LINE('',#7204,#2754);
#2557=LINE('',#7206,#2755);
#2558=LINE('',#7209,#2756);
#2559=LINE('',#7211,#2757);
#2560=LINE('',#7213,#2758);
#2561=LINE('',#7215,#2759);
#2562=LINE('',#7217,#2760);
#2563=LINE('',#9240,#2761);
#2564=LINE('',#9253,#2762);
#2565=LINE('',#9255,#2763);
#2566=LINE('',#9256,#2764);
#2567=LINE('',#9271,#2765);
#2568=LINE('',#9284,#2766);
#2569=LINE('',#9286,#2767);
#2570=LINE('',#9287,#2768);
#2571=LINE('',#9302,#2769);
#2572=LINE('',#9315,#2770);
#2573=LINE('',#9317,#2771);
#2574=LINE('',#9318,#2772);
#2575=LINE('',#9333,#2773);
#2576=LINE('',#9346,#2774);
#2577=LINE('',#9348,#2775);
#2578=LINE('',#9349,#2776);
#2579=LINE('',#9364,#2777);
#2580=LINE('',#9377,#2778);
#2581=LINE('',#9379,#2779);
#2582=LINE('',#9380,#2780);
#2583=LINE('',#9395,#2781);
#2584=LINE('',#9408,#2782);
#2585=LINE('',#9410,#2783);
#2586=LINE('',#9411,#2784);
#2587=LINE('',#9426,#2785);
#2588=LINE('',#9439,#2786);
#2589=LINE('',#9441,#2787);
#2590=LINE('',#9442,#2788);
#2591=LINE('',#9457,#2789);
#2592=LINE('',#9470,#2790);
#2593=LINE('',#9472,#2791);
#2594=LINE('',#9473,#2792);
#2595=LINE('',#9488,#2793);
#2596=LINE('',#9501,#2794);
#2597=LINE('',#9503,#2795);
#2598=LINE('',#9504,#2796);
#2599=LINE('',#9519,#2797);
#2600=LINE('',#9532,#2798);
#2601=LINE('',#9534,#2799);
#2602=LINE('',#9535,#2800);
#2603=LINE('',#9550,#2801);
#2604=LINE('',#9563,#2802);
#2605=LINE('',#9565,#2803);
#2606=LINE('',#9566,#2804);
#2607=LINE('',#9581,#2805);
#2608=LINE('',#9594,#2806);
#2609=LINE('',#9596,#2807);
#2610=LINE('',#9597,#2808);
#2611=LINE('',#9612,#2809);
#2612=LINE('',#9625,#2810);
#2613=LINE('',#9627,#2811);
#2614=LINE('',#9628,#2812);
#2615=LINE('',#9643,#2813);
#2616=LINE('',#9656,#2814);
#2617=LINE('',#9658,#2815);
#2618=LINE('',#9659,#2816);
#2619=LINE('',#9674,#2817);
#2620=LINE('',#9687,#2818);
#2621=LINE('',#9689,#2819);
#2622=LINE('',#9690,#2820);
#2623=LINE('',#9705,#2821);
#2624=LINE('',#9718,#2822);
#2625=LINE('',#9720,#2823);
#2626=LINE('',#9721,#2824);
#2627=LINE('',#9736,#2825);
#2628=LINE('',#9749,#2826);
#2629=LINE('',#9751,#2827);
#2630=LINE('',#9752,#2828);
#2631=LINE('',#9767,#2829);
#2632=LINE('',#9780,#2830);
#2633=LINE('',#9782,#2831);
#2634=LINE('',#9783,#2832);
#2635=LINE('',#9798,#2833);
#2636=LINE('',#9811,#2834);
#2637=LINE('',#9813,#2835);
#2638=LINE('',#9814,#2836);
#2639=LINE('',#9829,#2837);
#2640=LINE('',#9842,#2838);
#2641=LINE('',#9844,#2839);
#2642=LINE('',#9845,#2840);
#2643=LINE('',#9860,#2841);
#2644=LINE('',#9873,#2842);
#2645=LINE('',#9875,#2843);
#2646=LINE('',#9876,#2844);
#2647=LINE('',#9891,#2845);
#2648=LINE('',#9904,#2846);
#2649=LINE('',#9906,#2847);
#2650=LINE('',#9907,#2848);
#2651=LINE('',#9922,#2849);
#2652=LINE('',#9935,#2850);
#2653=LINE('',#9937,#2851);
#2654=LINE('',#9938,#2852);
#2655=LINE('',#9953,#2853);
#2656=LINE('',#9966,#2854);
#2657=LINE('',#9968,#2855);
#2658=LINE('',#9969,#2856);
#2659=LINE('',#9984,#2857);
#2660=LINE('',#9997,#2858);
#2661=LINE('',#9999,#2859);
#2662=LINE('',#10000,#2860);
#2663=LINE('',#10015,#2861);
#2664=LINE('',#10028,#2862);
#2665=LINE('',#10030,#2863);
#2666=LINE('',#10031,#2864);
#2667=LINE('',#10046,#2865);
#2668=LINE('',#10059,#2866);
#2669=LINE('',#10061,#2867);
#2670=LINE('',#10062,#2868);
#2671=LINE('',#10077,#2869);
#2672=LINE('',#10090,#2870);
#2673=LINE('',#10092,#2871);
#2674=LINE('',#10093,#2872);
#2675=LINE('',#10108,#2873);
#2676=LINE('',#10121,#2874);
#2677=LINE('',#10123,#2875);
#2678=LINE('',#10124,#2876);
#2679=LINE('',#10139,#2877);
#2680=LINE('',#10152,#2878);
#2681=LINE('',#10154,#2879);
#2682=LINE('',#10155,#2880);
#2683=LINE('',#10159,#2881);
#2684=LINE('',#10161,#2882);
#2685=LINE('',#10163,#2883);
#2686=LINE('',#10165,#2884);
#2687=LINE('',#10167,#2885);
#2688=LINE('',#10169,#2886);
#2689=LINE('',#10171,#2887);
#2690=LINE('',#10173,#2888);
#2691=LINE('',#10175,#2889);
#2692=LINE('',#10177,#2890);
#2693=LINE('',#10179,#2891);
#2694=LINE('',#10181,#2892);
#2695=VECTOR('',#3981,1.);
#2696=VECTOR('',#3984,1.);
#2697=VECTOR('',#3989,1.);
#2698=VECTOR('',#3992,1.);
#2699=VECTOR('',#3997,1.);
#2700=VECTOR('',#4000,1.);
#2701=VECTOR('',#4005,1.);
#2702=VECTOR('',#4008,1.);
#2703=VECTOR('',#4013,1.);
#2704=VECTOR('',#4016,1.);
#2705=VECTOR('',#4023,1.);
#2706=VECTOR('',#4026,1.);
#2707=VECTOR('',#4029,1.);
#2708=VECTOR('',#4032,1.);
#2709=VECTOR('',#4037,1.);
#2710=VECTOR('',#4040,1.);
#2711=VECTOR('',#4045,1.);
#2712=VECTOR('',#4048,1.);
#2713=VECTOR('',#4055,1.);
#2714=VECTOR('',#4058,1.);
#2715=VECTOR('',#4061,1.);
#2716=VECTOR('',#4064,1.);
#2717=VECTOR('',#4071,1.);
#2718=VECTOR('',#4074,1.);
#2719=VECTOR('',#4079,1.);
#2720=VECTOR('',#4082,1.);
#2721=VECTOR('',#4087,1.);
#2722=VECTOR('',#4090,1.);
#2723=VECTOR('',#4095,1.);
#2724=VECTOR('',#4098,1.);
#2725=VECTOR('',#4103,1.);
#2726=VECTOR('',#4106,1.);
#2727=VECTOR('',#4109,1.);
#2728=VECTOR('',#4112,1.);
#2729=VECTOR('',#4119,1.);
#2730=VECTOR('',#4122,1.);
#2731=VECTOR('',#4125,1.);
#2732=VECTOR('',#4128,1.);
#2733=VECTOR('',#4135,1.);
#2734=VECTOR('',#4138,1.);
#2735=VECTOR('',#4143,1.);
#2736=VECTOR('',#4146,1.);
#2737=VECTOR('',#4151,1.);
#2738=VECTOR('',#4154,1.);
#2739=VECTOR('',#4159,1.);
#2740=VECTOR('',#4162,1.);
#2741=VECTOR('',#4167,1.);
#2742=VECTOR('',#4170,1.);
#2743=VECTOR('',#4173,1.);
#2744=VECTOR('',#4176,1.);
#2745=VECTOR('',#4181,1.);
#2746=VECTOR('',#4184,1.);
#2747=VECTOR('',#4191,1.);
#2748=VECTOR('',#4194,1.);
#2749=VECTOR('',#4199,1.);
#2750=VECTOR('',#4202,1.);
#2751=VECTOR('',#4207,1.);
#2752=VECTOR('',#4210,1.);
#2753=VECTOR('',#4399,1.);
#2754=VECTOR('',#4402,1.);
#2755=VECTOR('',#4405,1.);
#2756=VECTOR('',#4406,1.);
#2757=VECTOR('',#4407,1.);
#2758=VECTOR('',#4408,1.);
#2759=VECTOR('',#4409,1.);
#2760=VECTOR('',#4410,1.);
#2761=VECTOR('',#4591,1.);
#2762=VECTOR('',#4592,1.);
#2763=VECTOR('',#4595,1.);
#2764=VECTOR('',#4596,1.);
#2765=VECTOR('',#4601,1.);
#2766=VECTOR('',#4602,1.);
#2767=VECTOR('',#4605,1.);
#2768=VECTOR('',#4606,1.);
#2769=VECTOR('',#4611,1.);
#2770=VECTOR('',#4612,1.);
#2771=VECTOR('',#4615,1.);
#2772=VECTOR('',#4616,1.);
#2773=VECTOR('',#4621,1.);
#2774=VECTOR('',#4622,1.);
#2775=VECTOR('',#4625,1.);
#2776=VECTOR('',#4626,1.);
#2777=VECTOR('',#4631,1.);
#2778=VECTOR('',#4632,1.);
#2779=VECTOR('',#4635,1.);
#2780=VECTOR('',#4636,1.);
#2781=VECTOR('',#4641,1.);
#2782=VECTOR('',#4642,1.);
#2783=VECTOR('',#4645,1.);
#2784=VECTOR('',#4646,1.);
#2785=VECTOR('',#4651,1.);
#2786=VECTOR('',#4652,1.);
#2787=VECTOR('',#4655,1.);
#2788=VECTOR('',#4656,1.);
#2789=VECTOR('',#4661,1.);
#2790=VECTOR('',#4662,1.);
#2791=VECTOR('',#4665,1.);
#2792=VECTOR('',#4666,1.);
#2793=VECTOR('',#4671,1.);
#2794=VECTOR('',#4672,1.);
#2795=VECTOR('',#4675,1.);
#2796=VECTOR('',#4676,1.);
#2797=VECTOR('',#4681,1.);
#2798=VECTOR('',#4682,1.);
#2799=VECTOR('',#4685,1.);
#2800=VECTOR('',#4686,1.);
#2801=VECTOR('',#4691,1.);
#2802=VECTOR('',#4692,1.);
#2803=VECTOR('',#4695,1.);
#2804=VECTOR('',#4696,1.);
#2805=VECTOR('',#4701,1.);
#2806=VECTOR('',#4702,1.);
#2807=VECTOR('',#4705,1.);
#2808=VECTOR('',#4706,1.);
#2809=VECTOR('',#4711,1.);
#2810=VECTOR('',#4712,1.);
#2811=VECTOR('',#4715,1.);
#2812=VECTOR('',#4716,1.);
#2813=VECTOR('',#4721,1.);
#2814=VECTOR('',#4722,1.);
#2815=VECTOR('',#4725,1.);
#2816=VECTOR('',#4726,1.);
#2817=VECTOR('',#4731,1.);
#2818=VECTOR('',#4732,1.);
#2819=VECTOR('',#4735,1.);
#2820=VECTOR('',#4736,1.);
#2821=VECTOR('',#4741,1.);
#2822=VECTOR('',#4742,1.);
#2823=VECTOR('',#4745,1.);
#2824=VECTOR('',#4746,1.);
#2825=VECTOR('',#4751,1.);
#2826=VECTOR('',#4752,1.);
#2827=VECTOR('',#4755,1.);
#2828=VECTOR('',#4756,1.);
#2829=VECTOR('',#4761,1.);
#2830=VECTOR('',#4762,1.);
#2831=VECTOR('',#4765,1.);
#2832=VECTOR('',#4766,1.);
#2833=VECTOR('',#4771,1.);
#2834=VECTOR('',#4772,1.);
#2835=VECTOR('',#4775,1.);
#2836=VECTOR('',#4776,1.);
#2837=VECTOR('',#4781,1.);
#2838=VECTOR('',#4782,1.);
#2839=VECTOR('',#4785,1.);
#2840=VECTOR('',#4786,1.);
#2841=VECTOR('',#4791,1.);
#2842=VECTOR('',#4792,1.);
#2843=VECTOR('',#4795,1.);
#2844=VECTOR('',#4796,1.);
#2845=VECTOR('',#4801,1.);
#2846=VECTOR('',#4802,1.);
#2847=VECTOR('',#4805,1.);
#2848=VECTOR('',#4806,1.);
#2849=VECTOR('',#4811,1.);
#2850=VECTOR('',#4812,1.);
#2851=VECTOR('',#4815,1.);
#2852=VECTOR('',#4816,1.);
#2853=VECTOR('',#4821,1.);
#2854=VECTOR('',#4822,1.);
#2855=VECTOR('',#4825,1.);
#2856=VECTOR('',#4826,1.);
#2857=VECTOR('',#4831,1.);
#2858=VECTOR('',#4832,1.);
#2859=VECTOR('',#4835,1.);
#2860=VECTOR('',#4836,1.);
#2861=VECTOR('',#4841,1.);
#2862=VECTOR('',#4842,1.);
#2863=VECTOR('',#4845,1.);
#2864=VECTOR('',#4846,1.);
#2865=VECTOR('',#4851,1.);
#2866=VECTOR('',#4852,1.);
#2867=VECTOR('',#4855,1.);
#2868=VECTOR('',#4856,1.);
#2869=VECTOR('',#4861,1.);
#2870=VECTOR('',#4862,1.);
#2871=VECTOR('',#4865,1.);
#2872=VECTOR('',#4866,1.);
#2873=VECTOR('',#4871,1.);
#2874=VECTOR('',#4872,1.);
#2875=VECTOR('',#4875,1.);
#2876=VECTOR('',#4876,1.);
#2877=VECTOR('',#4881,1.);
#2878=VECTOR('',#4882,1.);
#2879=VECTOR('',#4885,1.);
#2880=VECTOR('',#4886,1.);
#2881=VECTOR('',#4893,1.);
#2882=VECTOR('',#4894,1.);
#2883=VECTOR('',#4895,1.);
#2884=VECTOR('',#4898,1.);
#2885=VECTOR('',#4899,1.);
#2886=VECTOR('',#4902,1.);
#2887=VECTOR('',#4903,1.);
#2888=VECTOR('',#4906,1.);
#2889=VECTOR('',#4907,1.);
#2890=VECTOR('',#4910,1.);
#2891=VECTOR('',#4911,1.);
#2892=VECTOR('',#4914,1.);
#2893=EDGE_LOOP('',(#443,#444,#445,#446));
#2894=EDGE_LOOP('',(#447,#448,#449,#450));
#2895=EDGE_LOOP('',(#451,#452,#453,#454));
#2896=EDGE_LOOP('',(#455,#456,#457,#458));
#2897=EDGE_LOOP('',(#459,#460,#461,#462));
#2898=EDGE_LOOP('',(#463,#464,#465,#466));
#2899=EDGE_LOOP('',(#467,#468,#469,#470));
#2900=EDGE_LOOP('',(#471,#472,#473,#474));
#2901=EDGE_LOOP('',(#475,#476,#477,#478));
#2902=EDGE_LOOP('',(#479,#480,#481,#482));
#2903=EDGE_LOOP('',(#483,#484,#485,#486));
#2904=EDGE_LOOP('',(#487,#488,#489,#490));
#2905=EDGE_LOOP('',(#491,#492,#493,#494));
#2906=EDGE_LOOP('',(#495,#496,#497,#498));
#2907=EDGE_LOOP('',(#499,#500,#501,#502));
#2908=EDGE_LOOP('',(#503,#504,#505,#506));
#2909=EDGE_LOOP('',(#507,#508,#509,#510));
#2910=EDGE_LOOP('',(#511,#512,#513,#514));
#2911=EDGE_LOOP('',(#515,#516,#517,#518));
#2912=EDGE_LOOP('',(#519,#520,#521,#522));
#2913=EDGE_LOOP('',(#523,#524,#525,#526));
#2914=EDGE_LOOP('',(#527,#528,#529,#530));
#2915=EDGE_LOOP('',(#531,#532,#533,#534));
#2916=EDGE_LOOP('',(#535,#536,#537,#538));
#2917=EDGE_LOOP('',(#539,#540,#541,#542));
#2918=EDGE_LOOP('',(#543,#544,#545,#546));
#2919=EDGE_LOOP('',(#547,#548,#549,#550));
#2920=EDGE_LOOP('',(#551,#552,#553,#554));
#2921=EDGE_LOOP('',(#555,#556,#557,#558));
#2922=EDGE_LOOP('',(#559));
#2923=EDGE_LOOP('',(#560,#561,#562,#563,#564,#565,#566,#567,#568,#569,#570,
#571,#572,#573,#574,#575,#576,#577,#578,#579,#580,#581,#582,#583,#584,#585,
#586,#587,#588,#589,#590,#591,#592,#593,#594,#595,#596,#597,#598,#599,#600,
#601,#602,#603,#604,#605,#606,#607,#608,#609,#610,#611,#612,#613,#614,#615,
#616,#617,#618,#619,#620,#621,#622,#623,#624,#625,#626,#627,#628,#629,#630,
#631,#632,#633,#634,#635,#636,#637,#638,#639,#640,#641,#642,#643,#644,#645,
#646,#647,#648,#649,#650,#651,#652,#653,#654,#655,#656,#657,#658,#659,#660,
#661,#662,#663,#664,#665,#666,#667,#668,#669,#670,#671,#672,#673,#674,#675,
#676,#677,#678,#679,#680,#681,#682,#683,#684,#685,#686,#687,#688,#689,#690,
#691,#692,#693,#694,#695,#696,#697,#698,#699,#700,#701,#702,#703,#704,#705,
#706,#707,#708,#709,#710,#711,#712,#713,#714,#715,#716,#717,#718,#719,#720,
#721,#722,#723,#724,#725,#726,#727,#728,#729,#730,#731,#732,#733,#734,#735,
#736,#737,#738,#739));
#2924=EDGE_LOOP('',(#740,#741,#742,#743));
#2925=EDGE_LOOP('',(#744,#745,#746,#747,#748,#749));
#2926=EDGE_LOOP('',(#750,#751,#752,#753,#754,#755,#756,#757,#758,#759,#760,
#761,#762,#763,#764,#765,#766,#767,#768,#769,#770,#771,#772,#773,#774,#775,
#776,#777,#778,#779,#780,#781,#782,#783,#784,#785,#786,#787,#788,#789,#790,
#791,#792,#793,#794,#795,#796,#797,#798,#799,#800,#801,#802,#803,#804,#805,
#806,#807,#808,#809,#810,#811,#812,#813,#814,#815,#816,#817,#818,#819,#820,
#821,#822,#823,#824,#825,#826,#827,#828,#829,#830,#831,#832,#833,#834,#835,
#836,#837,#838,#839,#840,#841,#842,#843,#844,#845,#846,#847,#848,#849,#850,
#851,#852,#853,#854,#855,#856,#857,#858,#859,#860,#861,#862,#863,#864,#865,
#866,#867,#868,#869,#870,#871,#872,#873,#874,#875,#876,#877,#878,#879,#880,
#881,#882,#883,#884,#885,#886,#887,#888,#889,#890,#891,#892,#893,#894,#895,
#896,#897,#898,#899,#900,#901,#902,#903,#904,#905,#906,#907,#908,#909,#910,
#911,#912,#913,#914,#915,#916,#917,#918,#919,#920,#921,#922,#923,#924,#925,
#926,#927,#928,#929));
#2927=EDGE_LOOP('',(#930,#931,#932,#933));
#2928=EDGE_LOOP('',(#934,#935,#936,#937));
#2929=EDGE_LOOP('',(#938,#939,#940,#941));
#2930=EDGE_LOOP('',(#942,#943,#944,#945));
#2931=EDGE_LOOP('',(#946,#947,#948,#949));
#2932=EDGE_LOOP('',(#950,#951,#952,#953));
#2933=EDGE_LOOP('',(#954,#955,#956,#957));
#2934=EDGE_LOOP('',(#958,#959,#960,#961));
#2935=EDGE_LOOP('',(#962,#963,#964,#965));
#2936=EDGE_LOOP('',(#966,#967,#968,#969));
#2937=EDGE_LOOP('',(#970,#971,#972,#973));
#2938=EDGE_LOOP('',(#974,#975,#976,#977));
#2939=EDGE_LOOP('',(#978,#979,#980,#981));
#2940=EDGE_LOOP('',(#982,#983,#984,#985));
#2941=EDGE_LOOP('',(#986,#987,#988,#989));
#2942=EDGE_LOOP('',(#990,#991,#992,#993));
#2943=EDGE_LOOP('',(#994,#995,#996,#997));
#2944=EDGE_LOOP('',(#998,#999,#1000,#1001));
#2945=EDGE_LOOP('',(#1002,#1003,#1004,#1005));
#2946=EDGE_LOOP('',(#1006,#1007,#1008,#1009));
#2947=EDGE_LOOP('',(#1010,#1011,#1012,#1013));
#2948=EDGE_LOOP('',(#1014,#1015,#1016,#1017));
#2949=EDGE_LOOP('',(#1018,#1019,#1020,#1021));
#2950=EDGE_LOOP('',(#1022,#1023,#1024,#1025));
#2951=EDGE_LOOP('',(#1026,#1027,#1028,#1029));
#2952=EDGE_LOOP('',(#1030,#1031,#1032,#1033));
#2953=EDGE_LOOP('',(#1034,#1035,#1036,#1037));
#2954=EDGE_LOOP('',(#1038,#1039,#1040,#1041));
#2955=EDGE_LOOP('',(#1042,#1043,#1044,#1045));
#2956=EDGE_LOOP('',(#1046,#1047,#1048,#1049));
#2957=EDGE_LOOP('',(#1050,#1051,#1052,#1053));
#2958=EDGE_LOOP('',(#1054,#1055,#1056,#1057));
#2959=EDGE_LOOP('',(#1058,#1059,#1060,#1061));
#2960=EDGE_LOOP('',(#1062,#1063,#1064,#1065));
#2961=EDGE_LOOP('',(#1066,#1067,#1068,#1069));
#2962=EDGE_LOOP('',(#1070,#1071,#1072,#1073));
#2963=EDGE_LOOP('',(#1074,#1075,#1076,#1077));
#2964=EDGE_LOOP('',(#1078,#1079,#1080,#1081));
#2965=EDGE_LOOP('',(#1082,#1083,#1084,#1085));
#2966=EDGE_LOOP('',(#1086,#1087,#1088,#1089));
#2967=EDGE_LOOP('',(#1090,#1091,#1092,#1093));
#2968=EDGE_LOOP('',(#1094,#1095,#1096,#1097));
#2969=EDGE_LOOP('',(#1098,#1099,#1100,#1101));
#2970=EDGE_LOOP('',(#1102,#1103,#1104,#1105));
#2971=EDGE_LOOP('',(#1106,#1107,#1108,#1109));
#2972=EDGE_LOOP('',(#1110,#1111,#1112,#1113));
#2973=EDGE_LOOP('',(#1114,#1115,#1116,#1117));
#2974=EDGE_LOOP('',(#1118,#1119,#1120,#1121));
#2975=EDGE_LOOP('',(#1122,#1123,#1124,#1125));
#2976=EDGE_LOOP('',(#1126,#1127,#1128,#1129));
#2977=EDGE_LOOP('',(#1130,#1131,#1132,#1133));
#2978=EDGE_LOOP('',(#1134,#1135,#1136,#1137));
#2979=EDGE_LOOP('',(#1138,#1139,#1140,#1141));
#2980=EDGE_LOOP('',(#1142,#1143,#1144,#1145));
#2981=EDGE_LOOP('',(#1146,#1147,#1148,#1149));
#2982=EDGE_LOOP('',(#1150,#1151,#1152,#1153));
#2983=EDGE_LOOP('',(#1154,#1155,#1156,#1157));
#2984=EDGE_LOOP('',(#1158,#1159,#1160,#1161));
#2985=EDGE_LOOP('',(#1162,#1163,#1164,#1165));
#2986=EDGE_LOOP('',(#1166,#1167,#1168,#1169));
#2987=EDGE_LOOP('',(#1170,#1171,#1172,#1173));
#2988=EDGE_LOOP('',(#1174,#1175,#1176,#1177));
#2989=EDGE_LOOP('',(#1178,#1179,#1180,#1181));
#2990=EDGE_LOOP('',(#1182,#1183,#1184,#1185));
#2991=EDGE_LOOP('',(#1186,#1187,#1188,#1189));
#2992=EDGE_LOOP('',(#1190,#1191,#1192,#1193));
#2993=EDGE_LOOP('',(#1194,#1195,#1196,#1197));
#2994=EDGE_LOOP('',(#1198,#1199,#1200,#1201));
#2995=EDGE_LOOP('',(#1202,#1203,#1204,#1205));
#2996=EDGE_LOOP('',(#1206,#1207,#1208,#1209));
#2997=EDGE_LOOP('',(#1210,#1211,#1212,#1213));
#2998=EDGE_LOOP('',(#1214,#1215,#1216,#1217));
#2999=EDGE_LOOP('',(#1218,#1219,#1220,#1221));
#3000=EDGE_LOOP('',(#1222,#1223,#1224,#1225));
#3001=EDGE_LOOP('',(#1226,#1227,#1228,#1229));
#3002=EDGE_LOOP('',(#1230,#1231,#1232,#1233));
#3003=EDGE_LOOP('',(#1234,#1235,#1236,#1237));
#3004=EDGE_LOOP('',(#1238,#1239,#1240,#1241));
#3005=EDGE_LOOP('',(#1242,#1243,#1244,#1245));
#3006=EDGE_LOOP('',(#1246,#1247,#1248,#1249));
#3007=EDGE_LOOP('',(#1250,#1251,#1252,#1253));
#3008=EDGE_LOOP('',(#1254,#1255,#1256,#1257));
#3009=EDGE_LOOP('',(#1258,#1259,#1260,#1261));
#3010=EDGE_LOOP('',(#1262,#1263,#1264,#1265));
#3011=EDGE_LOOP('',(#1266,#1267,#1268,#1269));
#3012=EDGE_LOOP('',(#1270,#1271,#1272,#1273));
#3013=EDGE_LOOP('',(#1274,#1275,#1276,#1277));
#3014=EDGE_LOOP('',(#1278,#1279,#1280,#1281));
#3015=EDGE_LOOP('',(#1282,#1283,#1284,#1285));
#3016=EDGE_LOOP('',(#1286,#1287,#1288,#1289));
#3017=EDGE_LOOP('',(#1290,#1291,#1292,#1293));
#3018=EDGE_LOOP('',(#1294,#1295,#1296,#1297));
#3019=EDGE_LOOP('',(#1298,#1299,#1300,#1301));
#3020=EDGE_LOOP('',(#1302,#1303,#1304,#1305));
#3021=EDGE_LOOP('',(#1306,#1307,#1308,#1309));
#3022=EDGE_LOOP('',(#1310,#1311,#1312,#1313));
#3023=EDGE_LOOP('',(#1314,#1315,#1316,#1317));
#3024=EDGE_LOOP('',(#1318,#1319,#1320,#1321));
#3025=EDGE_LOOP('',(#1322,#1323,#1324,#1325));
#3026=EDGE_LOOP('',(#1326,#1327,#1328,#1329));
#3027=EDGE_LOOP('',(#1330,#1331,#1332,#1333));
#3028=EDGE_LOOP('',(#1334,#1335,#1336,#1337));
#3029=EDGE_LOOP('',(#1338,#1339,#1340,#1341));
#3030=EDGE_LOOP('',(#1342,#1343,#1344,#1345));
#3031=EDGE_LOOP('',(#1346,#1347,#1348,#1349));
#3032=EDGE_LOOP('',(#1350,#1351,#1352,#1353));
#3033=EDGE_LOOP('',(#1354,#1355,#1356,#1357));
#3034=EDGE_LOOP('',(#1358,#1359,#1360,#1361));
#3035=EDGE_LOOP('',(#1362,#1363,#1364,#1365));
#3036=EDGE_LOOP('',(#1366,#1367,#1368,#1369));
#3037=EDGE_LOOP('',(#1370,#1371,#1372,#1373));
#3038=EDGE_LOOP('',(#1374,#1375,#1376,#1377));
#3039=EDGE_LOOP('',(#1378,#1379,#1380,#1381));
#3040=EDGE_LOOP('',(#1382,#1383,#1384,#1385));
#3041=EDGE_LOOP('',(#1386,#1387,#1388,#1389));
#3042=EDGE_LOOP('',(#1390,#1391,#1392,#1393));
#3043=EDGE_LOOP('',(#1394,#1395,#1396,#1397));
#3044=EDGE_LOOP('',(#1398,#1399,#1400,#1401));
#3045=EDGE_LOOP('',(#1402,#1403,#1404,#1405));
#3046=EDGE_LOOP('',(#1406,#1407,#1408,#1409));
#3047=EDGE_LOOP('',(#1410,#1411,#1412,#1413));
#3048=EDGE_LOOP('',(#1414,#1415,#1416,#1417));
#3049=EDGE_LOOP('',(#1418,#1419,#1420,#1421));
#3050=EDGE_LOOP('',(#1422,#1423,#1424,#1425));
#3051=EDGE_LOOP('',(#1426,#1427,#1428,#1429));
#3052=EDGE_LOOP('',(#1430,#1431,#1432,#1433));
#3053=EDGE_LOOP('',(#1434,#1435,#1436,#1437));
#3054=EDGE_LOOP('',(#1438,#1439,#1440,#1441));
#3055=EDGE_LOOP('',(#1442,#1443,#1444,#1445));
#3056=EDGE_LOOP('',(#1446,#1447,#1448,#1449));
#3057=EDGE_LOOP('',(#1450,#1451,#1452,#1453));
#3058=EDGE_LOOP('',(#1454,#1455,#1456,#1457));
#3059=EDGE_LOOP('',(#1458,#1459,#1460,#1461));
#3060=EDGE_LOOP('',(#1462,#1463,#1464,#1465));
#3061=EDGE_LOOP('',(#1466,#1467,#1468,#1469));
#3062=EDGE_LOOP('',(#1470,#1471,#1472,#1473));
#3063=EDGE_LOOP('',(#1474,#1475,#1476,#1477));
#3064=EDGE_LOOP('',(#1478,#1479,#1480,#1481));
#3065=EDGE_LOOP('',(#1482,#1483,#1484,#1485));
#3066=EDGE_LOOP('',(#1486,#1487,#1488,#1489));
#3067=EDGE_LOOP('',(#1490,#1491,#1492,#1493));
#3068=EDGE_LOOP('',(#1494,#1495,#1496,#1497));
#3069=EDGE_LOOP('',(#1498,#1499,#1500,#1501));
#3070=EDGE_LOOP('',(#1502,#1503,#1504,#1505));
#3071=EDGE_LOOP('',(#1506,#1507,#1508,#1509));
#3072=EDGE_LOOP('',(#1510,#1511,#1512,#1513));
#3073=EDGE_LOOP('',(#1514,#1515,#1516,#1517));
#3074=EDGE_LOOP('',(#1518,#1519,#1520,#1521));
#3075=EDGE_LOOP('',(#1522,#1523,#1524,#1525));
#3076=EDGE_LOOP('',(#1526,#1527,#1528,#1529));
#3077=EDGE_LOOP('',(#1530,#1531,#1532,#1533));
#3078=EDGE_LOOP('',(#1534,#1535,#1536,#1537));
#3079=EDGE_LOOP('',(#1538,#1539,#1540,#1541));
#3080=EDGE_LOOP('',(#1542,#1543,#1544,#1545));
#3081=EDGE_LOOP('',(#1546,#1547,#1548,#1549));
#3082=EDGE_LOOP('',(#1550,#1551,#1552,#1553));
#3083=EDGE_LOOP('',(#1554));
#3084=EDGE_LOOP('',(#1555));
#3085=EDGE_LOOP('',(#1556,#1557,#1558,#1559,#1560,#1561));
#3086=EDGE_LOOP('',(#1562));
#3087=FACE_BOUND('',#2893,.T.);
#3088=FACE_BOUND('',#2894,.T.);
#3089=FACE_BOUND('',#2895,.T.);
#3090=FACE_BOUND('',#2896,.T.);
#3091=FACE_BOUND('',#2897,.T.);
#3092=FACE_BOUND('',#2898,.T.);
#3093=FACE_BOUND('',#2899,.T.);
#3094=FACE_BOUND('',#2900,.T.);
#3095=FACE_BOUND('',#2901,.T.);
#3096=FACE_BOUND('',#2902,.T.);
#3097=FACE_BOUND('',#2903,.T.);
#3098=FACE_BOUND('',#2904,.T.);
#3099=FACE_BOUND('',#2905,.T.);
#3100=FACE_BOUND('',#2906,.T.);
#3101=FACE_BOUND('',#2907,.T.);
#3102=FACE_BOUND('',#2908,.T.);
#3103=FACE_BOUND('',#2909,.T.);
#3104=FACE_BOUND('',#2910,.T.);
#3105=FACE_BOUND('',#2911,.T.);
#3106=FACE_BOUND('',#2912,.T.);
#3107=FACE_BOUND('',#2913,.T.);
#3108=FACE_BOUND('',#2914,.T.);
#3109=FACE_BOUND('',#2915,.T.);
#3110=FACE_BOUND('',#2916,.T.);
#3111=FACE_BOUND('',#2917,.T.);
#3112=FACE_BOUND('',#2918,.T.);
#3113=FACE_BOUND('',#2919,.T.);
#3114=FACE_BOUND('',#2920,.T.);
#3115=FACE_BOUND('',#2921,.T.);
#3116=FACE_BOUND('',#2922,.T.);
#3117=FACE_BOUND('',#2923,.T.);
#3118=FACE_BOUND('',#2924,.T.);
#3119=FACE_BOUND('',#2925,.T.);
#3120=FACE_BOUND('',#2926,.T.);
#3121=FACE_BOUND('',#2927,.T.);
#3122=FACE_BOUND('',#2928,.T.);
#3123=FACE_BOUND('',#2929,.T.);
#3124=FACE_BOUND('',#2930,.T.);
#3125=FACE_BOUND('',#2931,.T.);
#3126=FACE_BOUND('',#2932,.T.);
#3127=FACE_BOUND('',#2933,.T.);
#3128=FACE_BOUND('',#2934,.T.);
#3129=FACE_BOUND('',#2935,.T.);
#3130=FACE_BOUND('',#2936,.T.);
#3131=FACE_BOUND('',#2937,.T.);
#3132=FACE_BOUND('',#2938,.T.);
#3133=FACE_BOUND('',#2939,.T.);
#3134=FACE_BOUND('',#2940,.T.);
#3135=FACE_BOUND('',#2941,.T.);
#3136=FACE_BOUND('',#2942,.T.);
#3137=FACE_BOUND('',#2943,.T.);
#3138=FACE_BOUND('',#2944,.T.);
#3139=FACE_BOUND('',#2945,.T.);
#3140=FACE_BOUND('',#2946,.T.);
#3141=FACE_BOUND('',#2947,.T.);
#3142=FACE_BOUND('',#2948,.T.);
#3143=FACE_BOUND('',#2949,.T.);
#3144=FACE_BOUND('',#2950,.T.);
#3145=FACE_BOUND('',#2951,.T.);
#3146=FACE_BOUND('',#2952,.T.);
#3147=FACE_BOUND('',#2953,.T.);
#3148=FACE_BOUND('',#2954,.T.);
#3149=FACE_BOUND('',#2955,.T.);
#3150=FACE_BOUND('',#2956,.T.);
#3151=FACE_BOUND('',#2957,.T.);
#3152=FACE_BOUND('',#2958,.T.);
#3153=FACE_BOUND('',#2959,.T.);
#3154=FACE_BOUND('',#2960,.T.);
#3155=FACE_BOUND('',#2961,.T.);
#3156=FACE_BOUND('',#2962,.T.);
#3157=FACE_BOUND('',#2963,.T.);
#3158=FACE_BOUND('',#2964,.T.);
#3159=FACE_BOUND('',#2965,.T.);
#3160=FACE_BOUND('',#2966,.T.);
#3161=FACE_BOUND('',#2967,.T.);
#3162=FACE_BOUND('',#2968,.T.);
#3163=FACE_BOUND('',#2969,.T.);
#3164=FACE_BOUND('',#2970,.T.);
#3165=FACE_BOUND('',#2971,.T.);
#3166=FACE_BOUND('',#2972,.T.);
#3167=FACE_BOUND('',#2973,.T.);
#3168=FACE_BOUND('',#2974,.T.);
#3169=FACE_BOUND('',#2975,.T.);
#3170=FACE_BOUND('',#2976,.T.);
#3171=FACE_BOUND('',#2977,.T.);
#3172=FACE_BOUND('',#2978,.T.);
#3173=FACE_BOUND('',#2979,.T.);
#3174=FACE_BOUND('',#2980,.T.);
#3175=FACE_BOUND('',#2981,.T.);
#3176=FACE_BOUND('',#2982,.T.);
#3177=FACE_BOUND('',#2983,.T.);
#3178=FACE_BOUND('',#2984,.T.);
#3179=FACE_BOUND('',#2985,.T.);
#3180=FACE_BOUND('',#2986,.T.);
#3181=FACE_BOUND('',#2987,.T.);
#3182=FACE_BOUND('',#2988,.T.);
#3183=FACE_BOUND('',#2989,.T.);
#3184=FACE_BOUND('',#2990,.T.);
#3185=FACE_BOUND('',#2991,.T.);
#3186=FACE_BOUND('',#2992,.T.);
#3187=FACE_BOUND('',#2993,.T.);
#3188=FACE_BOUND('',#2994,.T.);
#3189=FACE_BOUND('',#2995,.T.);
#3190=FACE_BOUND('',#2996,.T.);
#3191=FACE_BOUND('',#2997,.T.);
#3192=FACE_BOUND('',#2998,.T.);
#3193=FACE_BOUND('',#2999,.T.);
#3194=FACE_BOUND('',#3000,.T.);
#3195=FACE_BOUND('',#3001,.T.);
#3196=FACE_BOUND('',#3002,.T.);
#3197=FACE_BOUND('',#3003,.T.);
#3198=FACE_BOUND('',#3004,.T.);
#3199=FACE_BOUND('',#3005,.T.);
#3200=FACE_BOUND('',#3006,.T.);
#3201=FACE_BOUND('',#3007,.T.);
#3202=FACE_BOUND('',#3008,.T.);
#3203=FACE_BOUND('',#3009,.T.);
#3204=FACE_BOUND('',#3010,.T.);
#3205=FACE_BOUND('',#3011,.T.);
#3206=FACE_BOUND('',#3012,.T.);
#3207=FACE_BOUND('',#3013,.T.);
#3208=FACE_BOUND('',#3014,.T.);
#3209=FACE_BOUND('',#3015,.T.);
#3210=FACE_BOUND('',#3016,.T.);
#3211=FACE_BOUND('',#3017,.T.);
#3212=FACE_BOUND('',#3018,.T.);
#3213=FACE_BOUND('',#3019,.T.);
#3214=FACE_BOUND('',#3020,.T.);
#3215=FACE_BOUND('',#3021,.T.);
#3216=FACE_BOUND('',#3022,.T.);
#3217=FACE_BOUND('',#3023,.T.);
#3218=FACE_BOUND('',#3024,.T.);
#3219=FACE_BOUND('',#3025,.T.);
#3220=FACE_BOUND('',#3026,.T.);
#3221=FACE_BOUND('',#3027,.T.);
#3222=FACE_BOUND('',#3028,.T.);
#3223=FACE_BOUND('',#3029,.T.);
#3224=FACE_BOUND('',#3030,.T.);
#3225=FACE_BOUND('',#3031,.T.);
#3226=FACE_BOUND('',#3032,.T.);
#3227=FACE_BOUND('',#3033,.T.);
#3228=FACE_BOUND('',#3034,.T.);
#3229=FACE_BOUND('',#3035,.T.);
#3230=FACE_BOUND('',#3036,.T.);
#3231=FACE_BOUND('',#3037,.T.);
#3232=FACE_BOUND('',#3038,.T.);
#3233=FACE_BOUND('',#3039,.T.);
#3234=FACE_BOUND('',#3040,.T.);
#3235=FACE_BOUND('',#3041,.T.);
#3236=FACE_BOUND('',#3042,.T.);
#3237=FACE_BOUND('',#3043,.T.);
#3238=FACE_BOUND('',#3044,.T.);
#3239=FACE_BOUND('',#3045,.T.);
#3240=FACE_BOUND('',#3046,.T.);
#3241=FACE_BOUND('',#3047,.T.);
#3242=FACE_BOUND('',#3048,.T.);
#3243=FACE_BOUND('',#3049,.T.);
#3244=FACE_BOUND('',#3050,.T.);
#3245=FACE_BOUND('',#3051,.T.);
#3246=FACE_BOUND('',#3052,.T.);
#3247=FACE_BOUND('',#3053,.T.);
#3248=FACE_BOUND('',#3054,.T.);
#3249=FACE_BOUND('',#3055,.T.);
#3250=FACE_BOUND('',#3056,.T.);
#3251=FACE_BOUND('',#3057,.T.);
#3252=FACE_BOUND('',#3058,.T.);
#3253=FACE_BOUND('',#3059,.T.);
#3254=FACE_BOUND('',#3060,.T.);
#3255=FACE_BOUND('',#3061,.T.);
#3256=FACE_BOUND('',#3062,.T.);
#3257=FACE_BOUND('',#3063,.T.);
#3258=FACE_BOUND('',#3064,.T.);
#3259=FACE_BOUND('',#3065,.T.);
#3260=FACE_BOUND('',#3066,.T.);
#3261=FACE_BOUND('',#3067,.T.);
#3262=FACE_BOUND('',#3068,.T.);
#3263=FACE_BOUND('',#3069,.T.);
#3264=FACE_BOUND('',#3070,.T.);
#3265=FACE_BOUND('',#3071,.T.);
#3266=FACE_BOUND('',#3072,.T.);
#3267=FACE_BOUND('',#3073,.T.);
#3268=FACE_BOUND('',#3074,.T.);
#3269=FACE_BOUND('',#3075,.T.);
#3270=FACE_BOUND('',#3076,.T.);
#3271=FACE_BOUND('',#3077,.T.);
#3272=FACE_BOUND('',#3078,.T.);
#3273=FACE_BOUND('',#3079,.T.);
#3274=FACE_BOUND('',#3080,.T.);
#3275=FACE_BOUND('',#3081,.T.);
#3276=FACE_BOUND('',#3082,.T.);
#3277=FACE_BOUND('',#3083,.T.);
#3278=FACE_BOUND('',#3084,.T.);
#3279=FACE_BOUND('',#3085,.T.);
#3280=FACE_BOUND('',#3086,.T.);
#3281=CYLINDRICAL_SURFACE('',#3605,0.016);
#3282=CYLINDRICAL_SURFACE('',#3608,0.016);
#3283=CYLINDRICAL_SURFACE('',#3611,0.016);
#3284=CYLINDRICAL_SURFACE('',#3614,0.016);
#3285=CYLINDRICAL_SURFACE('',#3617,0.016);
#3286=CYLINDRICAL_SURFACE('',#3620,0.016);
#3287=CYLINDRICAL_SURFACE('',#3623,0.016);
#3288=CYLINDRICAL_SURFACE('',#3626,0.016);
#3289=CYLINDRICAL_SURFACE('',#3629,0.016);
#3290=CYLINDRICAL_SURFACE('',#3632,0.016);
#3291=CYLINDRICAL_SURFACE('',#3635,0.016);
#3292=CYLINDRICAL_SURFACE('',#3638,0.016);
#3293=CYLINDRICAL_SURFACE('',#3641,0.016);
#3294=CYLINDRICAL_SURFACE('',#3644,0.016);
#3295=CYLINDRICAL_SURFACE('',#3647,0.016);
#3296=CYLINDRICAL_SURFACE('',#3650,0.016);
#3297=CYLINDRICAL_SURFACE('',#3653,0.016);
#3298=CYLINDRICAL_SURFACE('',#3656,0.016);
#3299=CYLINDRICAL_SURFACE('',#3659,0.016);
#3300=CYLINDRICAL_SURFACE('',#3662,0.016);
#3301=CYLINDRICAL_SURFACE('',#3665,0.016);
#3302=CYLINDRICAL_SURFACE('',#3668,0.016);
#3303=CYLINDRICAL_SURFACE('',#3671,0.016);
#3304=CYLINDRICAL_SURFACE('',#3674,0.016);
#3305=CYLINDRICAL_SURFACE('',#3677,0.016);
#3306=CYLINDRICAL_SURFACE('',#3680,0.016);
#3307=CYLINDRICAL_SURFACE('',#3683,0.016);
#3308=CYLINDRICAL_SURFACE('',#3686,0.016);
#3309=CYLINDRICAL_SURFACE('',#3689,0.016);
#3310=CYLINDRICAL_SURFACE('',#3785,0.016);
#3311=CYLINDRICAL_SURFACE('',#3878,0.0137500000000017);
#3312=CYLINDRICAL_SURFACE('',#3879,0.000367502542035657);
#3313=CYLINDRICAL_SURFACE('',#3880,0.000367502542035657);
#3314=CYLINDRICAL_SURFACE('',#3881,0.0137500000000017);
#3315=CYLINDRICAL_SURFACE('',#3882,0.000367502542035657);
#3316=CYLINDRICAL_SURFACE('',#3883,0.000367502542035657);
#3317=CYLINDRICAL_SURFACE('',#3884,0.0137500000000017);
#3318=CYLINDRICAL_SURFACE('',#3885,0.000367502542035657);
#3319=CYLINDRICAL_SURFACE('',#3886,0.000367502542035657);
#3320=CYLINDRICAL_SURFACE('',#3887,0.0137500000000017);
#3321=CYLINDRICAL_SURFACE('',#3888,0.000367502542035657);
#3322=CYLINDRICAL_SURFACE('',#3889,0.000367502542035657);
#3323=CYLINDRICAL_SURFACE('',#3890,0.0137500000000017);
#3324=CYLINDRICAL_SURFACE('',#3891,0.000367502542035657);
#3325=CYLINDRICAL_SURFACE('',#3892,0.000367502542035657);
#3326=CYLINDRICAL_SURFACE('',#3893,0.0137500000000017);
#3327=CYLINDRICAL_SURFACE('',#3894,0.000367502542035657);
#3328=CYLINDRICAL_SURFACE('',#3895,0.000367502542035657);
#3329=CYLINDRICAL_SURFACE('',#3896,0.0137500000000017);
#3330=CYLINDRICAL_SURFACE('',#3897,0.000367502542035657);
#3331=CYLINDRICAL_SURFACE('',#3898,0.000367502542035657);
#3332=CYLINDRICAL_SURFACE('',#3899,0.0137500000000017);
#3333=CYLINDRICAL_SURFACE('',#3900,0.000367502542035657);
#3334=CYLINDRICAL_SURFACE('',#3901,0.000367502542035657);
#3335=CYLINDRICAL_SURFACE('',#3902,0.0137500000000017);
#3336=CYLINDRICAL_SURFACE('',#3903,0.000367502542035657);
#3337=CYLINDRICAL_SURFACE('',#3904,0.000367502542035657);
#3338=CYLINDRICAL_SURFACE('',#3905,0.0137500000000017);
#3339=CYLINDRICAL_SURFACE('',#3906,0.000367502542035657);
#3340=CYLINDRICAL_SURFACE('',#3907,0.000367502542035657);
#3341=CYLINDRICAL_SURFACE('',#3908,0.0137500000000017);
#3342=CYLINDRICAL_SURFACE('',#3909,0.000367502542035657);
#3343=CYLINDRICAL_SURFACE('',#3910,0.000367502542035657);
#3344=CYLINDRICAL_SURFACE('',#3911,0.0137500000000017);
#3345=CYLINDRICAL_SURFACE('',#3912,0.000367502542035657);
#3346=CYLINDRICAL_SURFACE('',#3913,0.000367502542035657);
#3347=CYLINDRICAL_SURFACE('',#3914,0.0137500000000017);
#3348=CYLINDRICAL_SURFACE('',#3915,0.000367502542035657);
#3349=CYLINDRICAL_SURFACE('',#3916,0.000367502542035657);
#3350=CYLINDRICAL_SURFACE('',#3917,0.0137500000000017);
#3351=CYLINDRICAL_SURFACE('',#3918,0.000367502542035657);
#3352=CYLINDRICAL_SURFACE('',#3919,0.000367502542035657);
#3353=CYLINDRICAL_SURFACE('',#3920,0.0137500000000017);
#3354=CYLINDRICAL_SURFACE('',#3921,0.000367502542035657);
#3355=CYLINDRICAL_SURFACE('',#3922,0.000367502542035657);
#3356=CYLINDRICAL_SURFACE('',#3923,0.0137500000000017);
#3357=CYLINDRICAL_SURFACE('',#3924,0.000367502542035657);
#3358=CYLINDRICAL_SURFACE('',#3925,0.000367502542035657);
#3359=CYLINDRICAL_SURFACE('',#3926,0.0137500000000017);
#3360=CYLINDRICAL_SURFACE('',#3927,0.000367502542035657);
#3361=CYLINDRICAL_SURFACE('',#3928,0.000367502542035657);
#3362=CYLINDRICAL_SURFACE('',#3929,0.0137500000000017);
#3363=CYLINDRICAL_SURFACE('',#3930,0.000367502542035657);
#3364=CYLINDRICAL_SURFACE('',#3931,0.000367502542035657);
#3365=CYLINDRICAL_SURFACE('',#3932,0.0137500000000017);
#3366=CYLINDRICAL_SURFACE('',#3933,0.000367502542035657);
#3367=CYLINDRICAL_SURFACE('',#3934,0.000367502542035657);
#3368=CYLINDRICAL_SURFACE('',#3935,0.0137500000000017);
#3369=CYLINDRICAL_SURFACE('',#3936,0.000367502542035657);
#3370=CYLINDRICAL_SURFACE('',#3937,0.000367502542035657);
#3371=CYLINDRICAL_SURFACE('',#3938,0.0137500000000017);
#3372=CYLINDRICAL_SURFACE('',#3939,0.000367502542035657);
#3373=CYLINDRICAL_SURFACE('',#3940,0.000367502542035657);
#3374=CYLINDRICAL_SURFACE('',#3941,0.0137500000000017);
#3375=CYLINDRICAL_SURFACE('',#3942,0.000367502542035657);
#3376=CYLINDRICAL_SURFACE('',#3943,0.000367502542035657);
#3377=CYLINDRICAL_SURFACE('',#3944,0.0137500000000017);
#3378=CYLINDRICAL_SURFACE('',#3945,0.000367502542035657);
#3379=CYLINDRICAL_SURFACE('',#3946,0.000367502542035657);
#3380=CYLINDRICAL_SURFACE('',#3947,0.0137500000000017);
#3381=CYLINDRICAL_SURFACE('',#3948,0.000367502542035657);
#3382=CYLINDRICAL_SURFACE('',#3949,0.000367502542035657);
#3383=CYLINDRICAL_SURFACE('',#3950,0.0137500000000017);
#3384=CYLINDRICAL_SURFACE('',#3951,0.000367502542035657);
#3385=CYLINDRICAL_SURFACE('',#3952,0.000367502542035657);
#3386=CYLINDRICAL_SURFACE('',#3953,0.0137500000000017);
#3387=CYLINDRICAL_SURFACE('',#3954,0.000367502542035657);
#3388=CYLINDRICAL_SURFACE('',#3955,0.000367502542035657);
#3389=CYLINDRICAL_SURFACE('',#3956,0.0137500000000017);
#3390=CYLINDRICAL_SURFACE('',#3957,0.000367502542035657);
#3391=CYLINDRICAL_SURFACE('',#3958,0.000367502542035657);
#3392=CYLINDRICAL_SURFACE('',#3959,0.0137500000000017);
#3393=CYLINDRICAL_SURFACE('',#3960,0.000367502542035657);
#3394=CYLINDRICAL_SURFACE('',#3961,0.000367502542035657);
#3395=CYLINDRICAL_SURFACE('',#3962,0.0137500000000017);
#3396=CYLINDRICAL_SURFACE('',#3963,0.000367502542035657);
#3397=CYLINDRICAL_SURFACE('',#3964,0.000367502542035657);
#3398=CYLINDRICAL_SURFACE('',#3965,0.0137500000000017);
#3399=CYLINDRICAL_SURFACE('',#3966,0.000367502542035657);
#3400=CYLINDRICAL_SURFACE('',#3967,0.000367502542035657);
#3401=CYLINDRICAL_SURFACE('',#3974,0.005);
#3402=ADVANCED_FACE('',(#3087),#3281,.T.);
#3403=ADVANCED_FACE('',(#3088),#3282,.T.);
#3404=ADVANCED_FACE('',(#3089),#3283,.T.);
#3405=ADVANCED_FACE('',(#3090),#3284,.T.);
#3406=ADVANCED_FACE('',(#3091),#3285,.T.);
#3407=ADVANCED_FACE('',(#3092),#3286,.T.);
#3408=ADVANCED_FACE('',(#3093),#3287,.T.);
#3409=ADVANCED_FACE('',(#3094),#3288,.T.);
#3410=ADVANCED_FACE('',(#3095),#3289,.T.);
#3411=ADVANCED_FACE('',(#3096),#3290,.T.);
#3412=ADVANCED_FACE('',(#3097),#3291,.T.);
#3413=ADVANCED_FACE('',(#3098),#3292,.T.);
#3414=ADVANCED_FACE('',(#3099),#3293,.T.);
#3415=ADVANCED_FACE('',(#3100),#3294,.T.);
#3416=ADVANCED_FACE('',(#3101),#3295,.T.);
#3417=ADVANCED_FACE('',(#3102),#3296,.T.);
#3418=ADVANCED_FACE('',(#3103),#3297,.T.);
#3419=ADVANCED_FACE('',(#3104),#3298,.T.);
#3420=ADVANCED_FACE('',(#3105),#3299,.T.);
#3421=ADVANCED_FACE('',(#3106),#3300,.T.);
#3422=ADVANCED_FACE('',(#3107),#3301,.T.);
#3423=ADVANCED_FACE('',(#3108),#3302,.T.);
#3424=ADVANCED_FACE('',(#3109),#3303,.T.);
#3425=ADVANCED_FACE('',(#3110),#3304,.T.);
#3426=ADVANCED_FACE('',(#3111),#3305,.T.);
#3427=ADVANCED_FACE('',(#3112),#3306,.T.);
#3428=ADVANCED_FACE('',(#3113),#3307,.T.);
#3429=ADVANCED_FACE('',(#3114),#3308,.T.);
#3430=ADVANCED_FACE('',(#3115),#3309,.T.);
#3431=ADVANCED_FACE('',(#3116,#3117),#192,.T.);
#3432=ADVANCED_FACE('',(#3118),#3310,.T.);
#3433=ADVANCED_FACE('',(#3119,#3120),#193,.F.);
#3434=ADVANCED_FACE('',(#3121),#12,.F.);
#3435=ADVANCED_FACE('',(#3122),#13,.T.);
#3436=ADVANCED_FACE('',(#3123),#3311,.T.);
#3437=ADVANCED_FACE('',(#3124),#3312,.F.);
#3438=ADVANCED_FACE('',(#3125),#3313,.F.);
#3439=ADVANCED_FACE('',(#3126),#14,.F.);
#3440=ADVANCED_FACE('',(#3127),#15,.T.);
#3441=ADVANCED_FACE('',(#3128),#3314,.T.);
#3442=ADVANCED_FACE('',(#3129),#3315,.F.);
#3443=ADVANCED_FACE('',(#3130),#3316,.F.);
#3444=ADVANCED_FACE('',(#3131),#16,.F.);
#3445=ADVANCED_FACE('',(#3132),#17,.T.);
#3446=ADVANCED_FACE('',(#3133),#3317,.T.);
#3447=ADVANCED_FACE('',(#3134),#3318,.F.);
#3448=ADVANCED_FACE('',(#3135),#3319,.F.);
#3449=ADVANCED_FACE('',(#3136),#18,.F.);
#3450=ADVANCED_FACE('',(#3137),#19,.T.);
#3451=ADVANCED_FACE('',(#3138),#3320,.T.);
#3452=ADVANCED_FACE('',(#3139),#3321,.F.);
#3453=ADVANCED_FACE('',(#3140),#3322,.F.);
#3454=ADVANCED_FACE('',(#3141),#20,.F.);
#3455=ADVANCED_FACE('',(#3142),#21,.T.);
#3456=ADVANCED_FACE('',(#3143),#3323,.T.);
#3457=ADVANCED_FACE('',(#3144),#3324,.F.);
#3458=ADVANCED_FACE('',(#3145),#3325,.F.);
#3459=ADVANCED_FACE('',(#3146),#22,.F.);
#3460=ADVANCED_FACE('',(#3147),#23,.T.);
#3461=ADVANCED_FACE('',(#3148),#3326,.T.);
#3462=ADVANCED_FACE('',(#3149),#3327,.F.);
#3463=ADVANCED_FACE('',(#3150),#3328,.F.);
#3464=ADVANCED_FACE('',(#3151),#24,.F.);
#3465=ADVANCED_FACE('',(#3152),#25,.T.);
#3466=ADVANCED_FACE('',(#3153),#3329,.T.);
#3467=ADVANCED_FACE('',(#3154),#3330,.F.);
#3468=ADVANCED_FACE('',(#3155),#3331,.F.);
#3469=ADVANCED_FACE('',(#3156),#26,.F.);
#3470=ADVANCED_FACE('',(#3157),#27,.T.);
#3471=ADVANCED_FACE('',(#3158),#3332,.T.);
#3472=ADVANCED_FACE('',(#3159),#3333,.F.);
#3473=ADVANCED_FACE('',(#3160),#3334,.F.);
#3474=ADVANCED_FACE('',(#3161),#28,.F.);
#3475=ADVANCED_FACE('',(#3162),#29,.T.);
#3476=ADVANCED_FACE('',(#3163),#3335,.T.);
#3477=ADVANCED_FACE('',(#3164),#3336,.F.);
#3478=ADVANCED_FACE('',(#3165),#3337,.F.);
#3479=ADVANCED_FACE('',(#3166),#30,.F.);
#3480=ADVANCED_FACE('',(#3167),#31,.T.);
#3481=ADVANCED_FACE('',(#3168),#3338,.T.);
#3482=ADVANCED_FACE('',(#3169),#3339,.F.);
#3483=ADVANCED_FACE('',(#3170),#3340,.F.);
#3484=ADVANCED_FACE('',(#3171),#32,.F.);
#3485=ADVANCED_FACE('',(#3172),#33,.T.);
#3486=ADVANCED_FACE('',(#3173),#3341,.T.);
#3487=ADVANCED_FACE('',(#3174),#3342,.F.);
#3488=ADVANCED_FACE('',(#3175),#3343,.F.);
#3489=ADVANCED_FACE('',(#3176),#34,.F.);
#3490=ADVANCED_FACE('',(#3177),#35,.T.);
#3491=ADVANCED_FACE('',(#3178),#3344,.T.);
#3492=ADVANCED_FACE('',(#3179),#3345,.F.);
#3493=ADVANCED_FACE('',(#3180),#3346,.F.);
#3494=ADVANCED_FACE('',(#3181),#36,.F.);
#3495=ADVANCED_FACE('',(#3182),#37,.T.);
#3496=ADVANCED_FACE('',(#3183),#3347,.T.);
#3497=ADVANCED_FACE('',(#3184),#3348,.F.);
#3498=ADVANCED_FACE('',(#3185),#3349,.F.);
#3499=ADVANCED_FACE('',(#3186),#38,.F.);
#3500=ADVANCED_FACE('',(#3187),#39,.T.);
#3501=ADVANCED_FACE('',(#3188),#3350,.T.);
#3502=ADVANCED_FACE('',(#3189),#3351,.F.);
#3503=ADVANCED_FACE('',(#3190),#3352,.F.);
#3504=ADVANCED_FACE('',(#3191),#40,.F.);
#3505=ADVANCED_FACE('',(#3192),#41,.T.);
#3506=ADVANCED_FACE('',(#3193),#3353,.T.);
#3507=ADVANCED_FACE('',(#3194),#3354,.F.);
#3508=ADVANCED_FACE('',(#3195),#3355,.F.);
#3509=ADVANCED_FACE('',(#3196),#42,.F.);
#3510=ADVANCED_FACE('',(#3197),#43,.T.);
#3511=ADVANCED_FACE('',(#3198),#3356,.T.);
#3512=ADVANCED_FACE('',(#3199),#3357,.F.);
#3513=ADVANCED_FACE('',(#3200),#3358,.F.);
#3514=ADVANCED_FACE('',(#3201),#44,.F.);
#3515=ADVANCED_FACE('',(#3202),#45,.T.);
#3516=ADVANCED_FACE('',(#3203),#3359,.T.);
#3517=ADVANCED_FACE('',(#3204),#3360,.F.);
#3518=ADVANCED_FACE('',(#3205),#3361,.F.);
#3519=ADVANCED_FACE('',(#3206),#46,.F.);
#3520=ADVANCED_FACE('',(#3207),#47,.T.);
#3521=ADVANCED_FACE('',(#3208),#3362,.T.);
#3522=ADVANCED_FACE('',(#3209),#3363,.F.);
#3523=ADVANCED_FACE('',(#3210),#3364,.F.);
#3524=ADVANCED_FACE('',(#3211),#48,.F.);
#3525=ADVANCED_FACE('',(#3212),#49,.T.);
#3526=ADVANCED_FACE('',(#3213),#3365,.T.);
#3527=ADVANCED_FACE('',(#3214),#3366,.F.);
#3528=ADVANCED_FACE('',(#3215),#3367,.F.);
#3529=ADVANCED_FACE('',(#3216),#50,.F.);
#3530=ADVANCED_FACE('',(#3217),#51,.T.);
#3531=ADVANCED_FACE('',(#3218),#3368,.T.);
#3532=ADVANCED_FACE('',(#3219),#3369,.F.);
#3533=ADVANCED_FACE('',(#3220),#3370,.F.);
#3534=ADVANCED_FACE('',(#3221),#52,.F.);
#3535=ADVANCED_FACE('',(#3222),#53,.T.);
#3536=ADVANCED_FACE('',(#3223),#3371,.T.);
#3537=ADVANCED_FACE('',(#3224),#3372,.F.);
#3538=ADVANCED_FACE('',(#3225),#3373,.F.);
#3539=ADVANCED_FACE('',(#3226),#54,.F.);
#3540=ADVANCED_FACE('',(#3227),#55,.T.);
#3541=ADVANCED_FACE('',(#3228),#3374,.T.);
#3542=ADVANCED_FACE('',(#3229),#3375,.F.);
#3543=ADVANCED_FACE('',(#3230),#3376,.F.);
#3544=ADVANCED_FACE('',(#3231),#56,.F.);
#3545=ADVANCED_FACE('',(#3232),#57,.T.);
#3546=ADVANCED_FACE('',(#3233),#3377,.T.);
#3547=ADVANCED_FACE('',(#3234),#3378,.F.);
#3548=ADVANCED_FACE('',(#3235),#3379,.F.);
#3549=ADVANCED_FACE('',(#3236),#58,.F.);
#3550=ADVANCED_FACE('',(#3237),#59,.T.);
#3551=ADVANCED_FACE('',(#3238),#3380,.T.);
#3552=ADVANCED_FACE('',(#3239),#3381,.F.);
#3553=ADVANCED_FACE('',(#3240),#3382,.F.);
#3554=ADVANCED_FACE('',(#3241),#60,.F.);
#3555=ADVANCED_FACE('',(#3242),#61,.T.);
#3556=ADVANCED_FACE('',(#3243),#3383,.T.);
#3557=ADVANCED_FACE('',(#3244),#3384,.F.);
#3558=ADVANCED_FACE('',(#3245),#3385,.F.);
#3559=ADVANCED_FACE('',(#3246),#62,.F.);
#3560=ADVANCED_FACE('',(#3247),#63,.T.);
#3561=ADVANCED_FACE('',(#3248),#3386,.T.);
#3562=ADVANCED_FACE('',(#3249),#3387,.F.);
#3563=ADVANCED_FACE('',(#3250),#3388,.F.);
#3564=ADVANCED_FACE('',(#3251),#64,.F.);
#3565=ADVANCED_FACE('',(#3252),#65,.T.);
#3566=ADVANCED_FACE('',(#3253),#3389,.T.);
#3567=ADVANCED_FACE('',(#3254),#3390,.F.);
#3568=ADVANCED_FACE('',(#3255),#3391,.F.);
#3569=ADVANCED_FACE('',(#3256),#66,.F.);
#3570=ADVANCED_FACE('',(#3257),#67,.T.);
#3571=ADVANCED_FACE('',(#3258),#3392,.T.);
#3572=ADVANCED_FACE('',(#3259),#3393,.F.);
#3573=ADVANCED_FACE('',(#3260),#3394,.F.);
#3574=ADVANCED_FACE('',(#3261),#68,.F.);
#3575=ADVANCED_FACE('',(#3262),#69,.T.);
#3576=ADVANCED_FACE('',(#3263),#3395,.T.);
#3577=ADVANCED_FACE('',(#3264),#3396,.F.);
#3578=ADVANCED_FACE('',(#3265),#3397,.F.);
#3579=ADVANCED_FACE('',(#3266),#70,.F.);
#3580=ADVANCED_FACE('',(#3267),#71,.T.);
#3581=ADVANCED_FACE('',(#3268),#3398,.T.);
#3582=ADVANCED_FACE('',(#3269),#3399,.F.);
#3583=ADVANCED_FACE('',(#3270),#3400,.F.);
#3584=ADVANCED_FACE('',(#3271),#194,.F.);
#3585=ADVANCED_FACE('',(#3272),#195,.F.);
#3586=ADVANCED_FACE('',(#3273),#196,.F.);
#3587=ADVANCED_FACE('',(#3274),#197,.F.);
#3588=ADVANCED_FACE('',(#3275),#198,.F.);
#3589=ADVANCED_FACE('',(#3276),#199,.F.);
#3590=ADVANCED_FACE('',(#3277,#3278),#3401,.T.);
#3591=ADVANCED_FACE('',(#3279,#3280),#200,.T.);
#3592=CLOSED_SHELL('',(#3402,#3403,#3404,#3405,#3406,#3407,#3408,#3409,
#3410,#3411,#3412,#3413,#3414,#3415,#3416,#3417,#3418,#3419,#3420,#3421,
#3422,#3423,#3424,#3425,#3426,#3427,#3428,#3429,#3430,#3431,#3432,#3433,
#3434,#3435,#3436,#3437,#3438,#3439,#3440,#3441,#3442,#3443,#3444,#3445,
#3446,#3447,#3448,#3449,#3450,#3451,#3452,#3453,#3454,#3455,#3456,#3457,
#3458,#3459,#3460,#3461,#3462,#3463,#3464,#3465,#3466,#3467,#3468,#3469,
#3470,#3471,#3472,#3473,#3474,#3475,#3476,#3477,#3478,#3479,#3480,#3481,
#3482,#3483,#3484,#3485,#3486,#3487,#3488,#3489,#3490,#3491,#3492,#3493,
#3494,#3495,#3496,#3497,#3498,#3499,#3500,#3501,#3502,#3503,#3504,#3505,
#3506,#3507,#3508,#3509,#3510,#3511,#3512,#3513,#3514,#3515,#3516,#3517,
#3518,#3519,#3520,#3521,#3522,#3523,#3524,#3525,#3526,#3527,#3528,#3529,
#3530,#3531,#3532,#3533,#3534,#3535,#3536,#3537,#3538,#3539,#3540,#3541,
#3542,#3543,#3544,#3545,#3546,#3547,#3548,#3549,#3550,#3551,#3552,#3553,
#3554,#3555,#3556,#3557,#3558,#3559,#3560,#3561,#3562,#3563,#3564,#3565,
#3566,#3567,#3568,#3569,#3570,#3571,#3572,#3573,#3574,#3575,#3576,#3577,
#3578,#3579,#3580,#3581,#3582,#3583,#3584,#3585,#3586,#3587,#3588,#3589,
#3590,#3591));
#3593=STYLED_ITEM('',(#3594),#3601);
#3594=PRESENTATION_STYLE_ASSIGNMENT((#3595));
#3595=SURFACE_STYLE_USAGE(.BOTH.,#3596);
#3596=SURFACE_SIDE_STYLE('',(#3597));
#3597=SURFACE_STYLE_FILL_AREA(#3598);
#3598=FILL_AREA_STYLE('',(#3599));
#3599=FILL_AREA_STYLE_COLOUR('',#3600);
#3600=COLOUR_RGB('',0.537254901960784,0.854901960784314,0.827450980392157);
#3601=MANIFOLD_SOLID_BREP('Top Bevel Gear',#3592);
#3602=SHAPE_DEFINITION_REPRESENTATION(#10192,#3603);
#3603=SHAPE_REPRESENTATION('Top Bevel Gear',(#3604),#10187);
#3604=AXIS2_PLACEMENT_3D('',#4921,#3977,#3978);
#3605=AXIS2_PLACEMENT_3D('',#4922,#3979,#3980);
#3606=AXIS2_PLACEMENT_3D('',#4926,#3982,#3983);
#3607=AXIS2_PLACEMENT_3D('',#4930,#3985,#3986);
#3608=AXIS2_PLACEMENT_3D('',#4931,#3987,#3988);
#3609=AXIS2_PLACEMENT_3D('',#4935,#3990,#3991);
#3610=AXIS2_PLACEMENT_3D('',#4939,#3993,#3994);
#3611=AXIS2_PLACEMENT_3D('',#4940,#3995,#3996);
#3612=AXIS2_PLACEMENT_3D('',#4944,#3998,#3999);
#3613=AXIS2_PLACEMENT_3D('',#4948,#4001,#4002);
#3614=AXIS2_PLACEMENT_3D('',#4949,#4003,#4004);
#3615=AXIS2_PLACEMENT_3D('',#4953,#4006,#4007);
#3616=AXIS2_PLACEMENT_3D('',#4957,#4009,#4010);
#3617=AXIS2_PLACEMENT_3D('',#4958,#4011,#4012);
#3618=AXIS2_PLACEMENT_3D('',#4962,#4014,#4015);
#3619=AXIS2_PLACEMENT_3D('',#4966,#4017,#4018);
#3620=AXIS2_PLACEMENT_3D('',#4967,#4019,#4020);
#3621=AXIS2_PLACEMENT_3D('',#4968,#4021,#4022);
#3622=AXIS2_PLACEMENT_3D('',#4973,#4024,#4025);
#3623=AXIS2_PLACEMENT_3D('',#4976,#4027,#4028);
#3624=AXIS2_PLACEMENT_3D('',#4980,#4030,#4031);
#3625=AXIS2_PLACEMENT_3D('',#4984,#4033,#4034);
#3626=AXIS2_PLACEMENT_3D('',#4985,#4035,#4036);
#3627=AXIS2_PLACEMENT_3D('',#4989,#4038,#4039);
#3628=AXIS2_PLACEMENT_3D('',#4993,#4041,#4042);
#3629=AXIS2_PLACEMENT_3D('',#4994,#4043,#4044);
#3630=AXIS2_PLACEMENT_3D('',#4998,#4046,#4047);
#3631=AXIS2_PLACEMENT_3D('',#5002,#4049,#4050);
#3632=AXIS2_PLACEMENT_3D('',#5003,#4051,#4052);
#3633=AXIS2_PLACEMENT_3D('',#5004,#4053,#4054);
#3634=AXIS2_PLACEMENT_3D('',#5009,#4056,#4057);
#3635=AXIS2_PLACEMENT_3D('',#5012,#4059,#4060);
#3636=AXIS2_PLACEMENT_3D('',#5016,#4062,#4063);
#3637=AXIS2_PLACEMENT_3D('',#5020,#4065,#4066);
#3638=AXIS2_PLACEMENT_3D('',#5021,#4067,#4068);
#3639=AXIS2_PLACEMENT_3D('',#5022,#4069,#4070);
#3640=AXIS2_PLACEMENT_3D('',#5027,#4072,#4073);
#3641=AXIS2_PLACEMENT_3D('',#5030,#4075,#4076);
#3642=AXIS2_PLACEMENT_3D('',#5031,#4077,#4078);
#3643=AXIS2_PLACEMENT_3D('',#5036,#4080,#4081);
#3644=AXIS2_PLACEMENT_3D('',#5039,#4083,#4084);
#3645=AXIS2_PLACEMENT_3D('',#5040,#4085,#4086);
#3646=AXIS2_PLACEMENT_3D('',#5045,#4088,#4089);
#3647=AXIS2_PLACEMENT_3D('',#5048,#4091,#4092);
#3648=AXIS2_PLACEMENT_3D('',#5049,#4093,#4094);
#3649=AXIS2_PLACEMENT_3D('',#5054,#4096,#4097);
#3650=AXIS2_PLACEMENT_3D('',#5057,#4099,#4100);
#3651=AXIS2_PLACEMENT_3D('',#5058,#4101,#4102);
#3652=AXIS2_PLACEMENT_3D('',#5063,#4104,#4105);
#3653=AXIS2_PLACEMENT_3D('',#5066,#4107,#4108);
#3654=AXIS2_PLACEMENT_3D('',#5070,#4110,#4111);
#3655=AXIS2_PLACEMENT_3D('',#5074,#4113,#4114);
#3656=AXIS2_PLACEMENT_3D('',#5075,#4115,#4116);
#3657=AXIS2_PLACEMENT_3D('',#5076,#4117,#4118);
#3658=AXIS2_PLACEMENT_3D('',#5081,#4120,#4121);
#3659=AXIS2_PLACEMENT_3D('',#5084,#4123,#4124);
#3660=AXIS2_PLACEMENT_3D('',#5088,#4126,#4127);
#3661=AXIS2_PLACEMENT_3D('',#5092,#4129,#4130);
#3662=AXIS2_PLACEMENT_3D('',#5093,#4131,#4132);
#3663=AXIS2_PLACEMENT_3D('',#5094,#4133,#4134);
#3664=AXIS2_PLACEMENT_3D('',#5099,#4136,#4137);
#3665=AXIS2_PLACEMENT_3D('',#5102,#4139,#4140);
#3666=AXIS2_PLACEMENT_3D('',#5103,#4141,#4142);
#3667=AXIS2_PLACEMENT_3D('',#5108,#4144,#4145);
#3668=AXIS2_PLACEMENT_3D('',#5111,#4147,#4148);
#3669=AXIS2_PLACEMENT_3D('',#5112,#4149,#4150);
#3670=AXIS2_PLACEMENT_3D('',#5117,#4152,#4153);
#3671=AXIS2_PLACEMENT_3D('',#5120,#4155,#4156);
#3672=AXIS2_PLACEMENT_3D('',#5121,#4157,#4158);
#3673=AXIS2_PLACEMENT_3D('',#5126,#4160,#4161);
#3674=AXIS2_PLACEMENT_3D('',#5129,#4163,#4164);
#3675=AXIS2_PLACEMENT_3D('',#5130,#4165,#4166);
#3676=AXIS2_PLACEMENT_3D('',#5135,#4168,#4169);
#3677=AXIS2_PLACEMENT_3D('',#5138,#4171,#4172);
#3678=AXIS2_PLACEMENT_3D('',#5142,#4174,#4175);
#3679=AXIS2_PLACEMENT_3D('',#5146,#4177,#4178);
#3680=AXIS2_PLACEMENT_3D('',#5147,#4179,#4180);
#3681=AXIS2_PLACEMENT_3D('',#5151,#4182,#4183);
#3682=AXIS2_PLACEMENT_3D('',#5155,#4185,#4186);
#3683=AXIS2_PLACEMENT_3D('',#5156,#4187,#4188);
#3684=AXIS2_PLACEMENT_3D('',#5157,#4189,#4190);
#3685=AXIS2_PLACEMENT_3D('',#5162,#4192,#4193);
#3686=AXIS2_PLACEMENT_3D('',#5165,#4195,#4196);
#3687=AXIS2_PLACEMENT_3D('',#5166,#4197,#4198);
#3688=AXIS2_PLACEMENT_3D('',#5171,#4200,#4201);
#3689=AXIS2_PLACEMENT_3D('',#5174,#4203,#4204);
#3690=AXIS2_PLACEMENT_3D('',#5175,#4205,#4206);
#3691=AXIS2_PLACEMENT_3D('',#5180,#4208,#4209);
#3692=AXIS2_PLACEMENT_3D('',#5183,#4211,#4212);
#3693=AXIS2_PLACEMENT_3D('',#5184,#4213,#4214);
#3694=AXIS2_PLACEMENT_3D('',#5186,#4215,#4216);
#3695=AXIS2_PLACEMENT_3D('',#5189,#4217,#4218);
#3696=AXIS2_PLACEMENT_3D('',#5191,#4219,#4220);
#3697=AXIS2_PLACEMENT_3D('',#5254,#4221,#4222);
#3698=AXIS2_PLACEMENT_3D('',#5256,#4223,#4224);
#3699=AXIS2_PLACEMENT_3D('',#5258,#4225,#4226);
#3700=AXIS2_PLACEMENT_3D('',#5321,#4227,#4228);
#3701=AXIS2_PLACEMENT_3D('',#5323,#4229,#4230);
#3702=AXIS2_PLACEMENT_3D('',#5325,#4231,#4232);
#3703=AXIS2_PLACEMENT_3D('',#5388,#4233,#4234);
#3704=AXIS2_PLACEMENT_3D('',#5390,#4235,#4236);
#3705=AXIS2_PLACEMENT_3D('',#5392,#4237,#4238);
#3706=AXIS2_PLACEMENT_3D('',#5455,#4239,#4240);
#3707=AXIS2_PLACEMENT_3D('',#5457,#4241,#4242);
#3708=AXIS2_PLACEMENT_3D('',#5459,#4243,#4244);
#3709=AXIS2_PLACEMENT_3D('',#5522,#4245,#4246);
#3710=AXIS2_PLACEMENT_3D('',#5524,#4247,#4248);
#3711=AXIS2_PLACEMENT_3D('',#5526,#4249,#4250);
#3712=AXIS2_PLACEMENT_3D('',#5589,#4251,#4252);
#3713=AXIS2_PLACEMENT_3D('',#5591,#4253,#4254);
#3714=AXIS2_PLACEMENT_3D('',#5593,#4255,#4256);
#3715=AXIS2_PLACEMENT_3D('',#5656,#4257,#4258);
#3716=AXIS2_PLACEMENT_3D('',#5658,#4259,#4260);
#3717=AXIS2_PLACEMENT_3D('',#5660,#4261,#4262);
#3718=AXIS2_PLACEMENT_3D('',#5723,#4263,#4264);
#3719=AXIS2_PLACEMENT_3D('',#5725,#4265,#4266);
#3720=AXIS2_PLACEMENT_3D('',#5727,#4267,#4268);
#3721=AXIS2_PLACEMENT_3D('',#5760,#4269,#4270);
#3722=AXIS2_PLACEMENT_3D('',#5793,#4271,#4272);
#3723=AXIS2_PLACEMENT_3D('',#5795,#4273,#4274);
#3724=AXIS2_PLACEMENT_3D('',#5797,#4275,#4276);
#3725=AXIS2_PLACEMENT_3D('',#5860,#4277,#4278);
#3726=AXIS2_PLACEMENT_3D('',#5862,#4279,#4280);
#3727=AXIS2_PLACEMENT_3D('',#5864,#4281,#4282);
#3728=AXIS2_PLACEMENT_3D('',#5927,#4283,#4284);
#3729=AXIS2_PLACEMENT_3D('',#5929,#4285,#4286);
#3730=AXIS2_PLACEMENT_3D('',#5931,#4287,#4288);
#3731=AXIS2_PLACEMENT_3D('',#5994,#4289,#4290);
#3732=AXIS2_PLACEMENT_3D('',#5996,#4291,#4292);
#3733=AXIS2_PLACEMENT_3D('',#5998,#4293,#4294);
#3734=AXIS2_PLACEMENT_3D('',#6061,#4295,#4296);
#3735=AXIS2_PLACEMENT_3D('',#6063,#4297,#4298);
#3736=AXIS2_PLACEMENT_3D('',#6065,#4299,#4300);
#3737=AXIS2_PLACEMENT_3D('',#6128,#4301,#4302);
#3738=AXIS2_PLACEMENT_3D('',#6130,#4303,#4304);
#3739=AXIS2_PLACEMENT_3D('',#6132,#4305,#4306);
#3740=AXIS2_PLACEMENT_3D('',#6195,#4307,#4308);
#3741=AXIS2_PLACEMENT_3D('',#6197,#4309,#4310);
#3742=AXIS2_PLACEMENT_3D('',#6199,#4311,#4312);
#3743=AXIS2_PLACEMENT_3D('',#6262,#4313,#4314);
#3744=AXIS2_PLACEMENT_3D('',#6264,#4315,#4316);
#3745=AXIS2_PLACEMENT_3D('',#6266,#4317,#4318);
#3746=AXIS2_PLACEMENT_3D('',#6329,#4319,#4320);
#3747=AXIS2_PLACEMENT_3D('',#6331,#4321,#4322);
#3748=AXIS2_PLACEMENT_3D('',#6333,#4323,#4324);
#3749=AXIS2_PLACEMENT_3D('',#6396,#4325,#4326);
#3750=AXIS2_PLACEMENT_3D('',#6398,#4327,#4328);
#3751=AXIS2_PLACEMENT_3D('',#6400,#4329,#4330);
#3752=AXIS2_PLACEMENT_3D('',#6463,#4331,#4332);
#3753=AXIS2_PLACEMENT_3D('',#6465,#4333,#4334);
#3754=AXIS2_PLACEMENT_3D('',#6467,#4335,#4336);
#3755=AXIS2_PLACEMENT_3D('',#6530,#4337,#4338);
#3756=AXIS2_PLACEMENT_3D('',#6532,#4339,#4340);
#3757=AXIS2_PLACEMENT_3D('',#6534,#4341,#4342);
#3758=AXIS2_PLACEMENT_3D('',#6597,#4343,#4344);
#3759=AXIS2_PLACEMENT_3D('',#6599,#4345,#4346);
#3760=AXIS2_PLACEMENT_3D('',#6601,#4347,#4348);
#3761=AXIS2_PLACEMENT_3D('',#6664,#4349,#4350);
#3762=AXIS2_PLACEMENT_3D('',#6666,#4351,#4352);
#3763=AXIS2_PLACEMENT_3D('',#6668,#4353,#4354);
#3764=AXIS2_PLACEMENT_3D('',#6731,#4355,#4356);
#3765=AXIS2_PLACEMENT_3D('',#6733,#4357,#4358);
#3766=AXIS2_PLACEMENT_3D('',#6735,#4359,#4360);
#3767=AXIS2_PLACEMENT_3D('',#6798,#4361,#4362);
#3768=AXIS2_PLACEMENT_3D('',#6800,#4363,#4364);
#3769=AXIS2_PLACEMENT_3D('',#6802,#4365,#4366);
#3770=AXIS2_PLACEMENT_3D('',#6865,#4367,#4368);
#3771=AXIS2_PLACEMENT_3D('',#6867,#4369,#4370);
#3772=AXIS2_PLACEMENT_3D('',#6869,#4371,#4372);
#3773=AXIS2_PLACEMENT_3D('',#6932,#4373,#4374);
#3774=AXIS2_PLACEMENT_3D('',#6934,#4375,#4376);
#3775=AXIS2_PLACEMENT_3D('',#6936,#4377,#4378);
#3776=AXIS2_PLACEMENT_3D('',#6999,#4379,#4380);
#3777=AXIS2_PLACEMENT_3D('',#7001,#4381,#4382);
#3778=AXIS2_PLACEMENT_3D('',#7003,#4383,#4384);
#3779=AXIS2_PLACEMENT_3D('',#7066,#4385,#4386);
#3780=AXIS2_PLACEMENT_3D('',#7068,#4387,#4388);
#3781=AXIS2_PLACEMENT_3D('',#7070,#4389,#4390);
#3782=AXIS2_PLACEMENT_3D('',#7133,#4391,#4392);
#3783=AXIS2_PLACEMENT_3D('',#7135,#4393,#4394);
#3784=AXIS2_PLACEMENT_3D('',#7137,#4395,#4396);
#3785=AXIS2_PLACEMENT_3D('',#7199,#4397,#4398);
#3786=AXIS2_PLACEMENT_3D('',#7202,#4400,#4401);
#3787=AXIS2_PLACEMENT_3D('',#7205,#4403,#4404);
#3788=AXIS2_PLACEMENT_3D('',#7218,#4411,#4412);
#3789=AXIS2_PLACEMENT_3D('',#7221,#4413,#4414);
#3790=AXIS2_PLACEMENT_3D('',#7223,#4415,#4416);
#3791=AXIS2_PLACEMENT_3D('',#7286,#4417,#4418);
#3792=AXIS2_PLACEMENT_3D('',#7288,#4419,#4420);
#3793=AXIS2_PLACEMENT_3D('',#7290,#4421,#4422);
#3794=AXIS2_PLACEMENT_3D('',#7353,#4423,#4424);
#3795=AXIS2_PLACEMENT_3D('',#7355,#4425,#4426);
#3796=AXIS2_PLACEMENT_3D('',#7357,#4427,#4428);
#3797=AXIS2_PLACEMENT_3D('',#7420,#4429,#4430);
#3798=AXIS2_PLACEMENT_3D('',#7422,#4431,#4432);
#3799=AXIS2_PLACEMENT_3D('',#7424,#4433,#4434);
#3800=AXIS2_PLACEMENT_3D('',#7487,#4435,#4436);
#3801=AXIS2_PLACEMENT_3D('',#7489,#4437,#4438);
#3802=AXIS2_PLACEMENT_3D('',#7491,#4439,#4440);
#3803=AXIS2_PLACEMENT_3D('',#7554,#4441,#4442);
#3804=AXIS2_PLACEMENT_3D('',#7556,#4443,#4444);
#3805=AXIS2_PLACEMENT_3D('',#7558,#4445,#4446);
#3806=AXIS2_PLACEMENT_3D('',#7621,#4447,#4448);
#3807=AXIS2_PLACEMENT_3D('',#7623,#4449,#4450);
#3808=AXIS2_PLACEMENT_3D('',#7625,#4451,#4452);
#3809=AXIS2_PLACEMENT_3D('',#7688,#4453,#4454);
#3810=AXIS2_PLACEMENT_3D('',#7690,#4455,#4456);
#3811=AXIS2_PLACEMENT_3D('',#7692,#4457,#4458);
#3812=AXIS2_PLACEMENT_3D('',#7755,#4459,#4460);
#3813=AXIS2_PLACEMENT_3D('',#7757,#4461,#4462);
#3814=AXIS2_PLACEMENT_3D('',#7759,#4463,#4464);
#3815=AXIS2_PLACEMENT_3D('',#7822,#4465,#4466);
#3816=AXIS2_PLACEMENT_3D('',#7824,#4467,#4468);
#3817=AXIS2_PLACEMENT_3D('',#7826,#4469,#4470);
#3818=AXIS2_PLACEMENT_3D('',#7889,#4471,#4472);
#3819=AXIS2_PLACEMENT_3D('',#7891,#4473,#4474);
#3820=AXIS2_PLACEMENT_3D('',#7893,#4475,#4476);
#3821=AXIS2_PLACEMENT_3D('',#7956,#4477,#4478);
#3822=AXIS2_PLACEMENT_3D('',#7958,#4479,#4480);
#3823=AXIS2_PLACEMENT_3D('',#7960,#4481,#4482);
#3824=AXIS2_PLACEMENT_3D('',#8023,#4483,#4484);
#3825=AXIS2_PLACEMENT_3D('',#8025,#4485,#4486);
#3826=AXIS2_PLACEMENT_3D('',#8027,#4487,#4488);
#3827=AXIS2_PLACEMENT_3D('',#8090,#4489,#4490);
#3828=AXIS2_PLACEMENT_3D('',#8092,#4491,#4492);
#3829=AXIS2_PLACEMENT_3D('',#8094,#4493,#4494);
#3830=AXIS2_PLACEMENT_3D('',#8157,#4495,#4496);
#3831=AXIS2_PLACEMENT_3D('',#8159,#4497,#4498);
#3832=AXIS2_PLACEMENT_3D('',#8161,#4499,#4500);
#3833=AXIS2_PLACEMENT_3D('',#8224,#4501,#4502);
#3834=AXIS2_PLACEMENT_3D('',#8226,#4503,#4504);
#3835=AXIS2_PLACEMENT_3D('',#8228,#4505,#4506);
#3836=AXIS2_PLACEMENT_3D('',#8291,#4507,#4508);
#3837=AXIS2_PLACEMENT_3D('',#8293,#4509,#4510);
#3838=AXIS2_PLACEMENT_3D('',#8295,#4511,#4512);
#3839=AXIS2_PLACEMENT_3D('',#8358,#4513,#4514);
#3840=AXIS2_PLACEMENT_3D('',#8360,#4515,#4516);
#3841=AXIS2_PLACEMENT_3D('',#8362,#4517,#4518);
#3842=AXIS2_PLACEMENT_3D('',#8425,#4519,#4520);
#3843=AXIS2_PLACEMENT_3D('',#8427,#4521,#4522);
#3844=AXIS2_PLACEMENT_3D('',#8429,#4523,#4524);
#3845=AXIS2_PLACEMENT_3D('',#8492,#4525,#4526);
#3846=AXIS2_PLACEMENT_3D('',#8494,#4527,#4528);
#3847=AXIS2_PLACEMENT_3D('',#8496,#4529,#4530);
#3848=AXIS2_PLACEMENT_3D('',#8559,#4531,#4532);
#3849=AXIS2_PLACEMENT_3D('',#8561,#4533,#4534);
#3850=AXIS2_PLACEMENT_3D('',#8563,#4535,#4536);
#3851=AXIS2_PLACEMENT_3D('',#8626,#4537,#4538);
#3852=AXIS2_PLACEMENT_3D('',#8628,#4539,#4540);
#3853=AXIS2_PLACEMENT_3D('',#8630,#4541,#4542);
#3854=AXIS2_PLACEMENT_3D('',#8693,#4543,#4544);
#3855=AXIS2_PLACEMENT_3D('',#8695,#4545,#4546);
#3856=AXIS2_PLACEMENT_3D('',#8697,#4547,#4548);
#3857=AXIS2_PLACEMENT_3D('',#8760,#4549,#4550);
#3858=AXIS2_PLACEMENT_3D('',#8762,#4551,#4552);
#3859=AXIS2_PLACEMENT_3D('',#8764,#4553,#4554);
#3860=AXIS2_PLACEMENT_3D('',#8827,#4555,#4556);
#3861=AXIS2_PLACEMENT_3D('',#8829,#4557,#4558);
#3862=AXIS2_PLACEMENT_3D('',#8831,#4559,#4560);
#3863=AXIS2_PLACEMENT_3D('',#8894,#4561,#4562);
#3864=AXIS2_PLACEMENT_3D('',#8896,#4563,#4564);
#3865=AXIS2_PLACEMENT_3D('',#8898,#4565,#4566);
#3866=AXIS2_PLACEMENT_3D('',#8961,#4567,#4568);
#3867=AXIS2_PLACEMENT_3D('',#8963,#4569,#4570);
#3868=AXIS2_PLACEMENT_3D('',#8965,#4571,#4572);
#3869=AXIS2_PLACEMENT_3D('',#9028,#4573,#4574);
#3870=AXIS2_PLACEMENT_3D('',#9030,#4575,#4576);
#3871=AXIS2_PLACEMENT_3D('',#9032,#4577,#4578);
#3872=AXIS2_PLACEMENT_3D('',#9095,#4579,#4580);
#3873=AXIS2_PLACEMENT_3D('',#9097,#4581,#4582);
#3874=AXIS2_PLACEMENT_3D('',#9099,#4583,#4584);
#3875=AXIS2_PLACEMENT_3D('',#9162,#4585,#4586);
#3876=AXIS2_PLACEMENT_3D('',#9164,#4587,#4588);
#3877=AXIS2_PLACEMENT_3D('',#9166,#4589,#4590);
#3878=AXIS2_PLACEMENT_3D('',#9254,#4593,#4594);
#3879=AXIS2_PLACEMENT_3D('',#9257,#4597,#4598);
#3880=AXIS2_PLACEMENT_3D('',#9258,#4599,#4600);
#3881=AXIS2_PLACEMENT_3D('',#9285,#4603,#4604);
#3882=AXIS2_PLACEMENT_3D('',#9288,#4607,#4608);
#3883=AXIS2_PLACEMENT_3D('',#9289,#4609,#4610);
#3884=AXIS2_PLACEMENT_3D('',#9316,#4613,#4614);
#3885=AXIS2_PLACEMENT_3D('',#9319,#4617,#4618);
#3886=AXIS2_PLACEMENT_3D('',#9320,#4619,#4620);
#3887=AXIS2_PLACEMENT_3D('',#9347,#4623,#4624);
#3888=AXIS2_PLACEMENT_3D('',#9350,#4627,#4628);
#3889=AXIS2_PLACEMENT_3D('',#9351,#4629,#4630);
#3890=AXIS2_PLACEMENT_3D('',#9378,#4633,#4634);
#3891=AXIS2_PLACEMENT_3D('',#9381,#4637,#4638);
#3892=AXIS2_PLACEMENT_3D('',#9382,#4639,#4640);
#3893=AXIS2_PLACEMENT_3D('',#9409,#4643,#4644);
#3894=AXIS2_PLACEMENT_3D('',#9412,#4647,#4648);
#3895=AXIS2_PLACEMENT_3D('',#9413,#4649,#4650);
#3896=AXIS2_PLACEMENT_3D('',#9440,#4653,#4654);
#3897=AXIS2_PLACEMENT_3D('',#9443,#4657,#4658);
#3898=AXIS2_PLACEMENT_3D('',#9444,#4659,#4660);
#3899=AXIS2_PLACEMENT_3D('',#9471,#4663,#4664);
#3900=AXIS2_PLACEMENT_3D('',#9474,#4667,#4668);
#3901=AXIS2_PLACEMENT_3D('',#9475,#4669,#4670);
#3902=AXIS2_PLACEMENT_3D('',#9502,#4673,#4674);
#3903=AXIS2_PLACEMENT_3D('',#9505,#4677,#4678);
#3904=AXIS2_PLACEMENT_3D('',#9506,#4679,#4680);
#3905=AXIS2_PLACEMENT_3D('',#9533,#4683,#4684);
#3906=AXIS2_PLACEMENT_3D('',#9536,#4687,#4688);
#3907=AXIS2_PLACEMENT_3D('',#9537,#4689,#4690);
#3908=AXIS2_PLACEMENT_3D('',#9564,#4693,#4694);
#3909=AXIS2_PLACEMENT_3D('',#9567,#4697,#4698);
#3910=AXIS2_PLACEMENT_3D('',#9568,#4699,#4700);
#3911=AXIS2_PLACEMENT_3D('',#9595,#4703,#4704);
#3912=AXIS2_PLACEMENT_3D('',#9598,#4707,#4708);
#3913=AXIS2_PLACEMENT_3D('',#9599,#4709,#4710);
#3914=AXIS2_PLACEMENT_3D('',#9626,#4713,#4714);
#3915=AXIS2_PLACEMENT_3D('',#9629,#4717,#4718);
#3916=AXIS2_PLACEMENT_3D('',#9630,#4719,#4720);
#3917=AXIS2_PLACEMENT_3D('',#9657,#4723,#4724);
#3918=AXIS2_PLACEMENT_3D('',#9660,#4727,#4728);
#3919=AXIS2_PLACEMENT_3D('',#9661,#4729,#4730);
#3920=AXIS2_PLACEMENT_3D('',#9688,#4733,#4734);
#3921=AXIS2_PLACEMENT_3D('',#9691,#4737,#4738);
#3922=AXIS2_PLACEMENT_3D('',#9692,#4739,#4740);
#3923=AXIS2_PLACEMENT_3D('',#9719,#4743,#4744);
#3924=AXIS2_PLACEMENT_3D('',#9722,#4747,#4748);
#3925=AXIS2_PLACEMENT_3D('',#9723,#4749,#4750);
#3926=AXIS2_PLACEMENT_3D('',#9750,#4753,#4754);
#3927=AXIS2_PLACEMENT_3D('',#9753,#4757,#4758);
#3928=AXIS2_PLACEMENT_3D('',#9754,#4759,#4760);
#3929=AXIS2_PLACEMENT_3D('',#9781,#4763,#4764);
#3930=AXIS2_PLACEMENT_3D('',#9784,#4767,#4768);
#3931=AXIS2_PLACEMENT_3D('',#9785,#4769,#4770);
#3932=AXIS2_PLACEMENT_3D('',#9812,#4773,#4774);
#3933=AXIS2_PLACEMENT_3D('',#9815,#4777,#4778);
#3934=AXIS2_PLACEMENT_3D('',#9816,#4779,#4780);
#3935=AXIS2_PLACEMENT_3D('',#9843,#4783,#4784);
#3936=AXIS2_PLACEMENT_3D('',#9846,#4787,#4788);
#3937=AXIS2_PLACEMENT_3D('',#9847,#4789,#4790);
#3938=AXIS2_PLACEMENT_3D('',#9874,#4793,#4794);
#3939=AXIS2_PLACEMENT_3D('',#9877,#4797,#4798);
#3940=AXIS2_PLACEMENT_3D('',#9878,#4799,#4800);
#3941=AXIS2_PLACEMENT_3D('',#9905,#4803,#4804);
#3942=AXIS2_PLACEMENT_3D('',#9908,#4807,#4808);
#3943=AXIS2_PLACEMENT_3D('',#9909,#4809,#4810);
#3944=AXIS2_PLACEMENT_3D('',#9936,#4813,#4814);
#3945=AXIS2_PLACEMENT_3D('',#9939,#4817,#4818);
#3946=AXIS2_PLACEMENT_3D('',#9940,#4819,#4820);
#3947=AXIS2_PLACEMENT_3D('',#9967,#4823,#4824);
#3948=AXIS2_PLACEMENT_3D('',#9970,#4827,#4828);
#3949=AXIS2_PLACEMENT_3D('',#9971,#4829,#4830);
#3950=AXIS2_PLACEMENT_3D('',#9998,#4833,#4834);
#3951=AXIS2_PLACEMENT_3D('',#10001,#4837,#4838);
#3952=AXIS2_PLACEMENT_3D('',#10002,#4839,#4840);
#3953=AXIS2_PLACEMENT_3D('',#10029,#4843,#4844);
#3954=AXIS2_PLACEMENT_3D('',#10032,#4847,#4848);
#3955=AXIS2_PLACEMENT_3D('',#10033,#4849,#4850);
#3956=AXIS2_PLACEMENT_3D('',#10060,#4853,#4854);
#3957=AXIS2_PLACEMENT_3D('',#10063,#4857,#4858);
#3958=AXIS2_PLACEMENT_3D('',#10064,#4859,#4860);
#3959=AXIS2_PLACEMENT_3D('',#10091,#4863,#4864);
#3960=AXIS2_PLACEMENT_3D('',#10094,#4867,#4868);
#3961=AXIS2_PLACEMENT_3D('',#10095,#4869,#4870);
#3962=AXIS2_PLACEMENT_3D('',#10122,#4873,#4874);
#3963=AXIS2_PLACEMENT_3D('',#10125,#4877,#4878);
#3964=AXIS2_PLACEMENT_3D('',#10126,#4879,#4880);
#3965=AXIS2_PLACEMENT_3D('',#10153,#4883,#4884);
#3966=AXIS2_PLACEMENT_3D('',#10156,#4887,#4888);
#3967=AXIS2_PLACEMENT_3D('',#10157,#4889,#4890);
#3968=AXIS2_PLACEMENT_3D('',#10158,#4891,#4892);
#3969=AXIS2_PLACEMENT_3D('',#10164,#4896,#4897);
#3970=AXIS2_PLACEMENT_3D('',#10168,#4900,#4901);
#3971=AXIS2_PLACEMENT_3D('',#10172,#4904,#4905);
#3972=AXIS2_PLACEMENT_3D('',#10176,#4908,#4909);
#3973=AXIS2_PLACEMENT_3D('',#10180,#4912,#4913);
#3974=AXIS2_PLACEMENT_3D('',#10182,#4915,#4916);
#3975=AXIS2_PLACEMENT_3D('',#10183,#4917,#4918);
#3976=AXIS2_PLACEMENT_3D('',#10185,#4919,#4920);
#3977=DIRECTION('',(0.,0.,1.));
#3978=DIRECTION('',(1.,0.,0.));
#3979=DIRECTION('',(0.,0.,-1.));
#3980=DIRECTION('',(1.,0.,0.));
#3981=DIRECTION('',(0.,0.,-1.));
#3982=DIRECTION('',(0.,0.,-1.));
#3983=DIRECTION('',(-1.,0.,0.));
#3984=DIRECTION('',(0.,0.,-1.));
#3985=DIRECTION('',(0.,0.,-1.));
#3986=DIRECTION('',(-1.,0.,0.));
#3987=DIRECTION('',(0.,0.,-1.));
#3988=DIRECTION('',(1.,0.,0.));
#3989=DIRECTION('',(0.,0.,-1.));
#3990=DIRECTION('',(0.,0.,-1.));
#3991=DIRECTION('',(-1.,0.,0.));
#3992=DIRECTION('',(0.,0.,-1.));
#3993=DIRECTION('',(0.,0.,-1.));
#3994=DIRECTION('',(-1.,0.,0.));
#3995=DIRECTION('',(0.,0.,-1.));
#3996=DIRECTION('',(1.,0.,0.));
#3997=DIRECTION('',(0.,0.,-1.));
#3998=DIRECTION('',(0.,0.,-1.));
#3999=DIRECTION('',(-1.,0.,0.));
#4000=DIRECTION('',(0.,0.,-1.));
#4001=DIRECTION('',(0.,0.,-1.));
#4002=DIRECTION('',(-1.,0.,0.));
#4003=DIRECTION('',(0.,0.,-1.));
#4004=DIRECTION('',(1.,0.,0.));
#4005=DIRECTION('',(0.,0.,-1.));
#4006=DIRECTION('',(0.,0.,-1.));
#4007=DIRECTION('',(-1.,0.,0.));
#4008=DIRECTION('',(0.,0.,-1.));
#4009=DIRECTION('',(0.,0.,-1.));
#4010=DIRECTION('',(-1.,0.,0.));
#4011=DIRECTION('',(0.,0.,-1.));
#4012=DIRECTION('',(1.,0.,0.));
#4013=DIRECTION('',(0.,0.,-1.));
#4014=DIRECTION('',(0.,0.,-1.));
#4015=DIRECTION('',(-1.,0.,0.));
#4016=DIRECTION('',(0.,0.,-1.));
#4017=DIRECTION('',(0.,0.,-1.));
#4018=DIRECTION('',(-1.,0.,0.));
#4019=DIRECTION('',(0.,0.,-1.));
#4020=DIRECTION('',(1.,0.,0.));
#4021=DIRECTION('',(0.,0.,-1.));
#4022=DIRECTION('',(-1.,0.,0.));
#4023=DIRECTION('',(0.,0.,-1.));
#4024=DIRECTION('',(0.,0.,-1.));
#4025=DIRECTION('',(-1.,0.,0.));
#4026=DIRECTION('',(0.,0.,-1.));
#4027=DIRECTION('',(0.,0.,-1.));
#4028=DIRECTION('',(1.,0.,0.));
#4029=DIRECTION('',(0.,0.,-1.));
#4030=DIRECTION('',(0.,0.,-1.));
#4031=DIRECTION('',(-1.,0.,0.));
#4032=DIRECTION('',(0.,0.,-1.));
#4033=DIRECTION('',(0.,0.,-1.));
#4034=DIRECTION('',(-1.,0.,0.));
#4035=DIRECTION('',(0.,0.,-1.));
#4036=DIRECTION('',(1.,0.,0.));
#4037=DIRECTION('',(0.,0.,-1.));
#4038=DIRECTION('',(0.,0.,-1.));
#4039=DIRECTION('',(-1.,0.,0.));
#4040=DIRECTION('',(0.,0.,-1.));
#4041=DIRECTION('',(0.,0.,-1.));
#4042=DIRECTION('',(-1.,0.,0.));
#4043=DIRECTION('',(0.,0.,-1.));
#4044=DIRECTION('',(1.,0.,0.));
#4045=DIRECTION('',(0.,0.,-1.));
#4046=DIRECTION('',(0.,0.,-1.));
#4047=DIRECTION('',(-1.,0.,0.));
#4048=DIRECTION('',(0.,0.,-1.));
#4049=DIRECTION('',(0.,0.,-1.));
#4050=DIRECTION('',(-1.,0.,0.));
#4051=DIRECTION('',(0.,0.,-1.));
#4052=DIRECTION('',(1.,0.,0.));
#4053=DIRECTION('',(0.,0.,-1.));
#4054=DIRECTION('',(-1.,0.,0.));
#4055=DIRECTION('',(0.,0.,-1.));
#4056=DIRECTION('',(0.,0.,-1.));
#4057=DIRECTION('',(-1.,0.,0.));
#4058=DIRECTION('',(0.,0.,-1.));
#4059=DIRECTION('',(0.,0.,-1.));
#4060=DIRECTION('',(1.,0.,0.));
#4061=DIRECTION('',(0.,0.,-1.));
#4062=DIRECTION('',(0.,0.,-1.));
#4063=DIRECTION('',(-1.,0.,0.));
#4064=DIRECTION('',(0.,0.,-1.));
#4065=DIRECTION('',(0.,0.,-1.));
#4066=DIRECTION('',(-1.,0.,0.));
#4067=DIRECTION('',(0.,0.,-1.));
#4068=DIRECTION('',(1.,0.,0.));
#4069=DIRECTION('',(0.,0.,-1.));
#4070=DIRECTION('',(-1.,0.,0.));
#4071=DIRECTION('',(0.,0.,-1.));
#4072=DIRECTION('',(0.,0.,-1.));
#4073=DIRECTION('',(-1.,0.,0.));
#4074=DIRECTION('',(0.,0.,-1.));
#4075=DIRECTION('',(0.,0.,-1.));
#4076=DIRECTION('',(1.,0.,0.));
#4077=DIRECTION('',(0.,0.,-1.));
#4078=DIRECTION('',(-1.,0.,0.));
#4079=DIRECTION('',(0.,0.,-1.));
#4080=DIRECTION('',(0.,0.,-1.));
#4081=DIRECTION('',(-1.,0.,0.));
#4082=DIRECTION('',(0.,0.,-1.));
#4083=DIRECTION('',(0.,0.,-1.));
#4084=DIRECTION('',(1.,0.,0.));
#4085=DIRECTION('',(0.,0.,-1.));
#4086=DIRECTION('',(-1.,0.,0.));
#4087=DIRECTION('',(0.,0.,-1.));
#4088=DIRECTION('',(0.,0.,-1.));
#4089=DIRECTION('',(-1.,0.,0.));
#4090=DIRECTION('',(0.,0.,-1.));
#4091=DIRECTION('',(0.,0.,-1.));
#4092=DIRECTION('',(1.,0.,0.));
#4093=DIRECTION('',(0.,0.,-1.));
#4094=DIRECTION('',(-1.,0.,0.));
#4095=DIRECTION('',(0.,0.,-1.));
#4096=DIRECTION('',(0.,0.,-1.));
#4097=DIRECTION('',(-1.,0.,0.));
#4098=DIRECTION('',(0.,0.,-1.));
#4099=DIRECTION('',(0.,0.,-1.));
#4100=DIRECTION('',(1.,0.,0.));
#4101=DIRECTION('',(0.,0.,-1.));
#4102=DIRECTION('',(-1.,0.,0.));
#4103=DIRECTION('',(0.,0.,-1.));
#4104=DIRECTION('',(0.,0.,-1.));
#4105=DIRECTION('',(-1.,0.,0.));
#4106=DIRECTION('',(0.,0.,-1.));
#4107=DIRECTION('',(0.,0.,-1.));
#4108=DIRECTION('',(1.,0.,0.));
#4109=DIRECTION('',(0.,0.,-1.));
#4110=DIRECTION('',(0.,0.,-1.));
#4111=DIRECTION('',(-1.,0.,0.));
#4112=DIRECTION('',(0.,0.,-1.));
#4113=DIRECTION('',(0.,0.,-1.));
#4114=DIRECTION('',(-1.,0.,0.));
#4115=DIRECTION('',(0.,0.,-1.));
#4116=DIRECTION('',(1.,0.,0.));
#4117=DIRECTION('',(0.,0.,-1.));
#4118=DIRECTION('',(-1.,0.,0.));
#4119=DIRECTION('',(0.,0.,-1.));
#4120=DIRECTION('',(0.,0.,-1.));
#4121=DIRECTION('',(-1.,0.,0.));
#4122=DIRECTION('',(0.,0.,-1.));
#4123=DIRECTION('',(0.,0.,-1.));
#4124=DIRECTION('',(1.,0.,0.));
#4125=DIRECTION('',(0.,0.,-1.));
#4126=DIRECTION('',(0.,0.,-1.));
#4127=DIRECTION('',(-1.,0.,0.));
#4128=DIRECTION('',(0.,0.,-1.));
#4129=DIRECTION('',(0.,0.,-1.));
#4130=DIRECTION('',(-1.,0.,0.));
#4131=DIRECTION('',(0.,0.,-1.));
#4132=DIRECTION('',(1.,0.,0.));
#4133=DIRECTION('',(0.,0.,-1.));
#4134=DIRECTION('',(-1.,0.,0.));
#4135=DIRECTION('',(0.,0.,-1.));
#4136=DIRECTION('',(0.,0.,-1.));
#4137=DIRECTION('',(-1.,0.,0.));
#4138=DIRECTION('',(0.,0.,-1.));
#4139=DIRECTION('',(0.,0.,-1.));
#4140=DIRECTION('',(1.,0.,0.));
#4141=DIRECTION('',(0.,0.,-1.));
#4142=DIRECTION('',(-1.,0.,0.));
#4143=DIRECTION('',(0.,0.,-1.));
#4144=DIRECTION('',(0.,0.,-1.));
#4145=DIRECTION('',(-1.,0.,0.));
#4146=DIRECTION('',(0.,0.,-1.));
#4147=DIRECTION('',(0.,0.,-1.));
#4148=DIRECTION('',(1.,0.,0.));
#4149=DIRECTION('',(0.,0.,-1.));
#4150=DIRECTION('',(-1.,0.,0.));
#4151=DIRECTION('',(0.,0.,-1.));
#4152=DIRECTION('',(0.,0.,-1.));
#4153=DIRECTION('',(-1.,0.,0.));
#4154=DIRECTION('',(0.,0.,-1.));
#4155=DIRECTION('',(0.,0.,-1.));
#4156=DIRECTION('',(1.,0.,0.));
#4157=DIRECTION('',(0.,0.,-1.));
#4158=DIRECTION('',(-1.,0.,0.));
#4159=DIRECTION('',(0.,0.,-1.));
#4160=DIRECTION('',(0.,0.,-1.));
#4161=DIRECTION('',(-1.,0.,0.));
#4162=DIRECTION('',(0.,0.,-1.));
#4163=DIRECTION('',(0.,0.,-1.));
#4164=DIRECTION('',(1.,0.,0.));
#4165=DIRECTION('',(0.,0.,-1.));
#4166=DIRECTION('',(-1.,0.,0.));
#4167=DIRECTION('',(0.,0.,-1.));
#4168=DIRECTION('',(0.,0.,-1.));
#4169=DIRECTION('',(-1.,0.,0.));
#4170=DIRECTION('',(0.,0.,-1.));
#4171=DIRECTION('',(0.,0.,-1.));
#4172=DIRECTION('',(1.,0.,0.));
#4173=DIRECTION('',(0.,0.,-1.));
#4174=DIRECTION('',(0.,0.,-1.));
#4175=DIRECTION('',(-1.,0.,0.));
#4176=DIRECTION('',(0.,0.,-1.));
#4177=DIRECTION('',(0.,0.,-1.));
#4178=DIRECTION('',(-1.,0.,0.));
#4179=DIRECTION('',(0.,0.,-1.));
#4180=DIRECTION('',(1.,0.,0.));
#4181=DIRECTION('',(0.,0.,-1.));
#4182=DIRECTION('',(0.,0.,-1.));
#4183=DIRECTION('',(-1.,0.,0.));
#4184=DIRECTION('',(0.,0.,-1.));
#4185=DIRECTION('',(0.,0.,-1.));
#4186=DIRECTION('',(-1.,0.,0.));
#4187=DIRECTION('',(0.,0.,-1.));
#4188=DIRECTION('',(1.,0.,0.));
#4189=DIRECTION('',(0.,0.,-1.));
#4190=DIRECTION('',(-1.,0.,0.));
#4191=DIRECTION('',(0.,0.,-1.));
#4192=DIRECTION('',(0.,0.,-1.));
#4193=DIRECTION('',(-1.,0.,0.));
#4194=DIRECTION('',(0.,0.,-1.));
#4195=DIRECTION('',(0.,0.,-1.));
#4196=DIRECTION('',(1.,0.,0.));
#4197=DIRECTION('',(0.,0.,-1.));
#4198=DIRECTION('',(-1.,0.,0.));
#4199=DIRECTION('',(0.,0.,-1.));
#4200=DIRECTION('',(0.,0.,-1.));
#4201=DIRECTION('',(-1.,0.,0.));
#4202=DIRECTION('',(0.,0.,-1.));
#4203=DIRECTION('',(0.,0.,-1.));
#4204=DIRECTION('',(1.,0.,0.));
#4205=DIRECTION('',(0.,0.,-1.));
#4206=DIRECTION('',(-1.,0.,0.));
#4207=DIRECTION('',(0.,0.,-1.));
#4208=DIRECTION('',(0.,0.,-1.));
#4209=DIRECTION('',(-1.,0.,0.));
#4210=DIRECTION('',(0.,0.,-1.));
#4211=DIRECTION('',(0.,0.,1.));
#4212=DIRECTION('',(-1.,0.,0.));
#4213=DIRECTION('',(0.,0.,-1.));
#4214=DIRECTION('',(-1.,0.,0.));
#4215=DIRECTION('',(0.,0.,-1.));
#4216=DIRECTION('',(0.104528463267654,0.994521895368273,0.));
#4217=DIRECTION('',(0.,0.,-1.));
#4218=DIRECTION('',(0.104528463267654,0.994521895368273,0.));
#4219=DIRECTION('',(0.,0.,-1.));
#4220=DIRECTION('',(0.104528463267654,0.994521895368273,0.));
#4221=DIRECTION('',(0.,0.,-1.));
#4222=DIRECTION('',(-0.104528463267653,0.994521895368273,0.));
#4223=DIRECTION('',(0.,0.,-1.));
#4224=DIRECTION('',(-0.104528463267653,0.994521895368273,0.));
#4225=DIRECTION('',(0.,0.,-1.));
#4226=DIRECTION('',(-0.104528463267653,0.994521895368273,0.));
#4227=DIRECTION('',(0.,0.,-1.));
#4228=DIRECTION('',(-0.309016994374948,0.951056516295154,0.));
#4229=DIRECTION('',(0.,0.,-1.));
#4230=DIRECTION('',(-0.309016994374948,0.951056516295154,0.));
#4231=DIRECTION('',(0.,0.,-1.));
#4232=DIRECTION('',(-0.309016994374948,0.951056516295154,0.));
#4233=DIRECTION('',(0.,0.,-1.));
#4234=DIRECTION('',(-0.5,0.866025403784439,0.));
#4235=DIRECTION('',(0.,0.,-1.));
#4236=DIRECTION('',(-0.5,0.866025403784439,0.));
#4237=DIRECTION('',(0.,0.,-1.));
#4238=DIRECTION('',(-0.5,0.866025403784439,0.));
#4239=DIRECTION('',(0.,0.,-1.));
#4240=DIRECTION('',(-0.669130606358858,0.743144825477394,0.));
#4241=DIRECTION('',(0.,0.,-1.));
#4242=DIRECTION('',(-0.669130606358858,0.743144825477394,0.));
#4243=DIRECTION('',(0.,0.,-1.));
#4244=DIRECTION('',(-0.669130606358858,0.743144825477394,0.));
#4245=DIRECTION('',(0.,0.,-1.));
#4246=DIRECTION('',(-0.809016994374948,0.587785252292473,0.));
#4247=DIRECTION('',(0.,0.,-1.));
#4248=DIRECTION('',(-0.809016994374948,0.587785252292473,0.));
#4249=DIRECTION('',(0.,0.,-1.));
#4250=DIRECTION('',(-0.809016994374948,0.587785252292473,0.));
#4251=DIRECTION('',(0.,0.,-1.));
#4252=DIRECTION('',(-0.913545457642601,0.4067366430758,0.));
#4253=DIRECTION('',(0.,0.,-1.));
#4254=DIRECTION('',(-0.913545457642601,0.4067366430758,0.));
#4255=DIRECTION('',(0.,0.,-1.));
#4256=DIRECTION('',(-0.913545457642601,0.4067366430758,0.));
#4257=DIRECTION('',(0.,0.,-1.));
#4258=DIRECTION('',(-0.978147600733806,0.207911690817759,0.));
#4259=DIRECTION('',(0.,0.,-1.));
#4260=DIRECTION('',(-0.978147600733806,0.207911690817759,0.));
#4261=DIRECTION('',(0.,0.,-1.));
#4262=DIRECTION('',(-0.978147600733806,0.207911690817759,0.));
#4263=DIRECTION('',(0.,0.,-1.));
#4264=DIRECTION('',(-1.,0.,0.));
#4265=DIRECTION('',(0.,0.,-1.));
#4266=DIRECTION('',(-1.,0.,0.));
#4267=DIRECTION('',(0.,0.,-1.));
#4268=DIRECTION('',(-1.,0.,0.));
#4269=DIRECTION('',(0.,0.,-1.));
#4270=DIRECTION('',(-1.,0.,0.));
#4271=DIRECTION('',(0.,0.,-1.));
#4272=DIRECTION('',(-0.978147600733806,-0.20791169081776,0.));
#4273=DIRECTION('',(0.,0.,-1.));
#4274=DIRECTION('',(-0.978147600733806,-0.20791169081776,0.));
#4275=DIRECTION('',(0.,0.,-1.));
#4276=DIRECTION('',(-0.978147600733806,-0.20791169081776,0.));
#4277=DIRECTION('',(0.,0.,-1.));
#4278=DIRECTION('',(-0.913545457642601,-0.4067366430758,0.));
#4279=DIRECTION('',(0.,0.,-1.));
#4280=DIRECTION('',(-0.913545457642601,-0.4067366430758,0.));
#4281=DIRECTION('',(0.,0.,-1.));
#4282=DIRECTION('',(-0.913545457642601,-0.4067366430758,0.));
#4283=DIRECTION('',(0.,0.,-1.));
#4284=DIRECTION('',(-0.809016994374947,-0.587785252292473,0.));
#4285=DIRECTION('',(0.,0.,-1.));
#4286=DIRECTION('',(-0.809016994374947,-0.587785252292473,0.));
#4287=DIRECTION('',(0.,0.,-1.));
#4288=DIRECTION('',(-0.809016994374947,-0.587785252292473,0.));
#4289=DIRECTION('',(0.,0.,-1.));
#4290=DIRECTION('',(-0.669130606358858,-0.743144825477395,0.));
#4291=DIRECTION('',(0.,0.,-1.));
#4292=DIRECTION('',(-0.669130606358858,-0.743144825477395,0.));
#4293=DIRECTION('',(0.,0.,-1.));
#4294=DIRECTION('',(-0.669130606358858,-0.743144825477395,0.));
#4295=DIRECTION('',(0.,0.,-1.));
#4296=DIRECTION('',(-0.5,-0.866025403784439,0.));
#4297=DIRECTION('',(0.,0.,-1.));
#4298=DIRECTION('',(-0.5,-0.866025403784439,0.));
#4299=DIRECTION('',(0.,0.,-1.));
#4300=DIRECTION('',(-0.5,-0.866025403784439,0.));
#4301=DIRECTION('',(0.,0.,-1.));
#4302=DIRECTION('',(-0.309016994374948,-0.951056516295154,0.));
#4303=DIRECTION('',(0.,0.,-1.));
#4304=DIRECTION('',(-0.309016994374948,-0.951056516295154,0.));
#4305=DIRECTION('',(0.,0.,-1.));
#4306=DIRECTION('',(-0.309016994374948,-0.951056516295154,0.));
#4307=DIRECTION('',(0.,0.,-1.));
#4308=DIRECTION('',(-0.104528463267653,-0.994521895368273,0.));
#4309=DIRECTION('',(0.,0.,-1.));
#4310=DIRECTION('',(-0.104528463267653,-0.994521895368273,0.));
#4311=DIRECTION('',(0.,0.,-1.));
#4312=DIRECTION('',(-0.104528463267653,-0.994521895368273,0.));
#4313=DIRECTION('',(0.,0.,-1.));
#4314=DIRECTION('',(0.104528463267653,-0.994521895368273,0.));
#4315=DIRECTION('',(0.,0.,-1.));
#4316=DIRECTION('',(0.104528463267653,-0.994521895368273,0.));
#4317=DIRECTION('',(0.,0.,-1.));
#4318=DIRECTION('',(0.104528463267653,-0.994521895368273,0.));
#4319=DIRECTION('',(0.,0.,-1.));
#4320=DIRECTION('',(0.309016994374948,-0.951056516295154,0.));
#4321=DIRECTION('',(0.,0.,-1.));
#4322=DIRECTION('',(0.309016994374948,-0.951056516295154,0.));
#4323=DIRECTION('',(0.,0.,-1.));
#4324=DIRECTION('',(0.309016994374948,-0.951056516295154,0.));
#4325=DIRECTION('',(0.,0.,-1.));
#4326=DIRECTION('',(0.5,-0.866025403784438,0.));
#4327=DIRECTION('',(0.,0.,-1.));
#4328=DIRECTION('',(0.5,-0.866025403784438,0.));
#4329=DIRECTION('',(0.,0.,-1.));
#4330=DIRECTION('',(0.5,-0.866025403784438,0.));
#4331=DIRECTION('',(0.,0.,-1.));
#4332=DIRECTION('',(0.669130606358858,-0.743144825477394,0.));
#4333=DIRECTION('',(0.,0.,-1.));
#4334=DIRECTION('',(0.669130606358858,-0.743144825477394,0.));
#4335=DIRECTION('',(0.,0.,-1.));
#4336=DIRECTION('',(0.669130606358858,-0.743144825477394,0.));
#4337=DIRECTION('',(0.,0.,-1.));
#4338=DIRECTION('',(0.809016994374948,-0.587785252292473,0.));
#4339=DIRECTION('',(0.,0.,-1.));
#4340=DIRECTION('',(0.809016994374948,-0.587785252292473,0.));
#4341=DIRECTION('',(0.,0.,-1.));
#4342=DIRECTION('',(0.809016994374948,-0.587785252292473,0.));
#4343=DIRECTION('',(0.,0.,-1.));
#4344=DIRECTION('',(0.913545457642601,-0.4067366430758,0.));
#4345=DIRECTION('',(0.,0.,-1.));
#4346=DIRECTION('',(0.913545457642601,-0.4067366430758,0.));
#4347=DIRECTION('',(0.,0.,-1.));
#4348=DIRECTION('',(0.913545457642601,-0.4067366430758,0.));
#4349=DIRECTION('',(0.,0.,-1.));
#4350=DIRECTION('',(0.978147600733806,-0.207911690817759,0.));
#4351=DIRECTION('',(0.,0.,-1.));
#4352=DIRECTION('',(0.978147600733806,-0.207911690817759,0.));
#4353=DIRECTION('',(0.,0.,-1.));
#4354=DIRECTION('',(0.978147600733806,-0.207911690817759,0.));
#4355=DIRECTION('',(0.,0.,-1.));
#4356=DIRECTION('',(1.,1.22464679914735E-16,0.));
#4357=DIRECTION('',(0.,0.,-1.));
#4358=DIRECTION('',(1.,1.22464679914735E-16,0.));
#4359=DIRECTION('',(0.,0.,-1.));
#4360=DIRECTION('',(1.,1.22464679914735E-16,0.));
#4361=DIRECTION('',(0.,0.,-1.));
#4362=DIRECTION('',(0.978147600733806,0.207911690817759,0.));
#4363=DIRECTION('',(0.,0.,-1.));
#4364=DIRECTION('',(0.978147600733806,0.207911690817759,0.));
#4365=DIRECTION('',(0.,0.,-1.));
#4366=DIRECTION('',(0.978147600733806,0.207911690817759,0.));
#4367=DIRECTION('',(0.,0.,-1.));
#4368=DIRECTION('',(0.913545457642601,0.4067366430758,0.));
#4369=DIRECTION('',(0.,0.,-1.));
#4370=DIRECTION('',(0.913545457642601,0.4067366430758,0.));
#4371=DIRECTION('',(0.,0.,-1.));
#4372=DIRECTION('',(0.913545457642601,0.4067366430758,0.));
#4373=DIRECTION('',(0.,0.,-1.));
#4374=DIRECTION('',(0.809016994374947,0.587785252292473,0.));
#4375=DIRECTION('',(0.,0.,-1.));
#4376=DIRECTION('',(0.809016994374947,0.587785252292473,0.));
#4377=DIRECTION('',(0.,0.,-1.));
#4378=DIRECTION('',(0.809016994374947,0.587785252292473,0.));
#4379=DIRECTION('',(0.,0.,-1.));
#4380=DIRECTION('',(0.669130606358858,0.743144825477394,0.));
#4381=DIRECTION('',(0.,0.,-1.));
#4382=DIRECTION('',(0.669130606358858,0.743144825477394,0.));
#4383=DIRECTION('',(0.,0.,-1.));
#4384=DIRECTION('',(0.669130606358858,0.743144825477394,0.));
#4385=DIRECTION('',(0.,0.,-1.));
#4386=DIRECTION('',(0.5,0.866025403784439,0.));
#4387=DIRECTION('',(0.,0.,-1.));
#4388=DIRECTION('',(0.5,0.866025403784439,0.));
#4389=DIRECTION('',(0.,0.,-1.));
#4390=DIRECTION('',(0.5,0.866025403784439,0.));
#4391=DIRECTION('',(0.,0.,-1.));
#4392=DIRECTION('',(0.309016994374948,0.951056516295154,0.));
#4393=DIRECTION('',(0.,0.,-1.));
#4394=DIRECTION('',(0.309016994374948,0.951056516295154,0.));
#4395=DIRECTION('',(0.,0.,-1.));
#4396=DIRECTION('',(0.309016994374948,0.951056516295154,0.));
#4397=DIRECTION('',(0.,0.,-1.));
#4398=DIRECTION('',(1.,0.,0.));
#4399=DIRECTION('',(0.,0.,-1.));
#4400=DIRECTION('',(0.,0.,-1.));
#4401=DIRECTION('',(-1.,0.,0.));
#4402=DIRECTION('',(0.,0.,-1.));
#4403=DIRECTION('',(0.,0.,1.));
#4404=DIRECTION('',(-1.,0.,0.));
#4405=DIRECTION('',(-0.5,0.866025403784438,0.));
#4406=DIRECTION('',(-1.,0.,0.));
#4407=DIRECTION('',(-0.5,-0.866025403784439,0.));
#4408=DIRECTION('',(0.5,-0.866025403784438,0.));
#4409=DIRECTION('',(1.,0.,0.));
#4410=DIRECTION('',(0.5,0.866025403784438,0.));
#4411=DIRECTION('',(0.,0.,-1.));
#4412=DIRECTION('',(0.104528463267654,0.994521895368273,0.));
#4413=DIRECTION('',(0.,0.,-1.));
#4414=DIRECTION('',(0.104528463267654,0.994521895368273,0.));
#4415=DIRECTION('',(0.,0.,-1.));
#4416=DIRECTION('',(0.104528463267654,0.994521895368273,0.));
#4417=DIRECTION('',(0.,0.,-1.));
#4418=DIRECTION('',(0.309016994374948,0.951056516295154,0.));
#4419=DIRECTION('',(0.,0.,-1.));
#4420=DIRECTION('',(0.309016994374948,0.951056516295154,0.));
#4421=DIRECTION('',(0.,0.,-1.));
#4422=DIRECTION('',(0.309016994374948,0.951056516295154,0.));
#4423=DIRECTION('',(0.,0.,-1.));
#4424=DIRECTION('',(0.5,0.866025403784439,0.));
#4425=DIRECTION('',(0.,0.,-1.));
#4426=DIRECTION('',(0.5,0.866025403784439,0.));
#4427=DIRECTION('',(0.,0.,-1.));
#4428=DIRECTION('',(0.5,0.866025403784439,0.));
#4429=DIRECTION('',(0.,0.,-1.));
#4430=DIRECTION('',(0.669130606358858,0.743144825477394,0.));
#4431=DIRECTION('',(0.,0.,-1.));
#4432=DIRECTION('',(0.669130606358858,0.743144825477394,0.));
#4433=DIRECTION('',(0.,0.,-1.));
#4434=DIRECTION('',(0.669130606358858,0.743144825477394,0.));
#4435=DIRECTION('',(0.,0.,-1.));
#4436=DIRECTION('',(0.809016994374947,0.587785252292473,0.));
#4437=DIRECTION('',(0.,0.,-1.));
#4438=DIRECTION('',(0.809016994374947,0.587785252292473,0.));
#4439=DIRECTION('',(0.,0.,-1.));
#4440=DIRECTION('',(0.809016994374947,0.587785252292473,0.));
#4441=DIRECTION('',(0.,0.,-1.));
#4442=DIRECTION('',(0.913545457642601,0.4067366430758,0.));
#4443=DIRECTION('',(0.,0.,-1.));
#4444=DIRECTION('',(0.913545457642601,0.4067366430758,0.));
#4445=DIRECTION('',(0.,0.,-1.));
#4446=DIRECTION('',(0.913545457642601,0.4067366430758,0.));
#4447=DIRECTION('',(0.,0.,-1.));
#4448=DIRECTION('',(0.978147600733806,0.207911690817759,0.));
#4449=DIRECTION('',(0.,0.,-1.));
#4450=DIRECTION('',(0.978147600733806,0.207911690817759,0.));
#4451=DIRECTION('',(0.,0.,-1.));
#4452=DIRECTION('',(0.978147600733806,0.207911690817759,0.));
#4453=DIRECTION('',(0.,0.,-1.));
#4454=DIRECTION('',(1.,1.22464679914735E-16,0.));
#4455=DIRECTION('',(0.,0.,-1.));
#4456=DIRECTION('',(1.,1.22464679914735E-16,0.));
#4457=DIRECTION('',(0.,0.,-1.));
#4458=DIRECTION('',(1.,1.22464679914735E-16,0.));
#4459=DIRECTION('',(0.,0.,-1.));
#4460=DIRECTION('',(0.978147600733806,-0.207911690817759,0.));
#4461=DIRECTION('',(0.,0.,-1.));
#4462=DIRECTION('',(0.978147600733806,-0.207911690817759,0.));
#4463=DIRECTION('',(0.,0.,-1.));
#4464=DIRECTION('',(0.978147600733806,-0.207911690817759,0.));
#4465=DIRECTION('',(0.,0.,-1.));
#4466=DIRECTION('',(0.913545457642601,-0.4067366430758,0.));
#4467=DIRECTION('',(0.,0.,-1.));
#4468=DIRECTION('',(0.913545457642601,-0.4067366430758,0.));
#4469=DIRECTION('',(0.,0.,-1.));
#4470=DIRECTION('',(0.913545457642601,-0.4067366430758,0.));
#4471=DIRECTION('',(0.,0.,-1.));
#4472=DIRECTION('',(0.809016994374948,-0.587785252292473,0.));
#4473=DIRECTION('',(0.,0.,-1.));
#4474=DIRECTION('',(0.809016994374948,-0.587785252292473,0.));
#4475=DIRECTION('',(0.,0.,-1.));
#4476=DIRECTION('',(0.809016994374948,-0.587785252292473,0.));
#4477=DIRECTION('',(0.,0.,-1.));
#4478=DIRECTION('',(0.669130606358858,-0.743144825477394,0.));
#4479=DIRECTION('',(0.,0.,-1.));
#4480=DIRECTION('',(0.669130606358858,-0.743144825477394,0.));
#4481=DIRECTION('',(0.,0.,-1.));
#4482=DIRECTION('',(0.669130606358858,-0.743144825477394,0.));
#4483=DIRECTION('',(0.,0.,-1.));
#4484=DIRECTION('',(0.5,-0.866025403784438,0.));
#4485=DIRECTION('',(0.,0.,-1.));
#4486=DIRECTION('',(0.5,-0.866025403784438,0.));
#4487=DIRECTION('',(0.,0.,-1.));
#4488=DIRECTION('',(0.5,-0.866025403784438,0.));
#4489=DIRECTION('',(0.,0.,-1.));
#4490=DIRECTION('',(0.309016994374948,-0.951056516295154,0.));
#4491=DIRECTION('',(0.,0.,-1.));
#4492=DIRECTION('',(0.309016994374948,-0.951056516295154,0.));
#4493=DIRECTION('',(0.,0.,-1.));
#4494=DIRECTION('',(0.309016994374948,-0.951056516295154,0.));
#4495=DIRECTION('',(0.,0.,-1.));
#4496=DIRECTION('',(0.104528463267653,-0.994521895368273,0.));
#4497=DIRECTION('',(0.,0.,-1.));
#4498=DIRECTION('',(0.104528463267653,-0.994521895368273,0.));
#4499=DIRECTION('',(0.,0.,-1.));
#4500=DIRECTION('',(0.104528463267653,-0.994521895368273,0.));
#4501=DIRECTION('',(0.,0.,-1.));
#4502=DIRECTION('',(-0.104528463267653,-0.994521895368273,0.));
#4503=DIRECTION('',(0.,0.,-1.));
#4504=DIRECTION('',(-0.104528463267653,-0.994521895368273,0.));
#4505=DIRECTION('',(0.,0.,-1.));
#4506=DIRECTION('',(-0.104528463267653,-0.994521895368273,0.));
#4507=DIRECTION('',(0.,0.,-1.));
#4508=DIRECTION('',(-0.309016994374948,-0.951056516295154,0.));
#4509=DIRECTION('',(0.,0.,-1.));
#4510=DIRECTION('',(-0.309016994374948,-0.951056516295154,0.));
#4511=DIRECTION('',(0.,0.,-1.));
#4512=DIRECTION('',(-0.309016994374948,-0.951056516295154,0.));
#4513=DIRECTION('',(0.,0.,-1.));
#4514=DIRECTION('',(-0.5,-0.866025403784439,0.));
#4515=DIRECTION('',(0.,0.,-1.));
#4516=DIRECTION('',(-0.5,-0.866025403784439,0.));
#4517=DIRECTION('',(0.,0.,-1.));
#4518=DIRECTION('',(-0.5,-0.866025403784439,0.));
#4519=DIRECTION('',(0.,0.,-1.));
#4520=DIRECTION('',(-0.669130606358858,-0.743144825477395,0.));
#4521=DIRECTION('',(0.,0.,-1.));
#4522=DIRECTION('',(-0.669130606358858,-0.743144825477395,0.));
#4523=DIRECTION('',(0.,0.,-1.));
#4524=DIRECTION('',(-0.669130606358858,-0.743144825477395,0.));
#4525=DIRECTION('',(0.,0.,-1.));
#4526=DIRECTION('',(-0.809016994374947,-0.587785252292473,0.));
#4527=DIRECTION('',(0.,0.,-1.));
#4528=DIRECTION('',(-0.809016994374947,-0.587785252292473,0.));
#4529=DIRECTION('',(0.,0.,-1.));
#4530=DIRECTION('',(-0.809016994374947,-0.587785252292473,0.));
#4531=DIRECTION('',(0.,0.,-1.));
#4532=DIRECTION('',(-0.913545457642601,-0.4067366430758,0.));
#4533=DIRECTION('',(0.,0.,-1.));
#4534=DIRECTION('',(-0.913545457642601,-0.4067366430758,0.));
#4535=DIRECTION('',(0.,0.,-1.));
#4536=DIRECTION('',(-0.913545457642601,-0.4067366430758,0.));
#4537=DIRECTION('',(0.,0.,-1.));
#4538=DIRECTION('',(-0.978147600733806,-0.20791169081776,0.));
#4539=DIRECTION('',(0.,0.,-1.));
#4540=DIRECTION('',(-0.978147600733806,-0.20791169081776,0.));
#4541=DIRECTION('',(0.,0.,-1.));
#4542=DIRECTION('',(-0.978147600733806,-0.20791169081776,0.));
#4543=DIRECTION('',(0.,0.,-1.));
#4544=DIRECTION('',(-1.,0.,0.));
#4545=DIRECTION('',(0.,0.,-1.));
#4546=DIRECTION('',(-1.,0.,0.));
#4547=DIRECTION('',(0.,0.,-1.));
#4548=DIRECTION('',(-1.,0.,0.));
#4549=DIRECTION('',(0.,0.,-1.));
#4550=DIRECTION('',(-0.978147600733806,0.207911690817759,0.));
#4551=DIRECTION('',(0.,0.,-1.));
#4552=DIRECTION('',(-0.978147600733806,0.207911690817759,0.));
#4553=DIRECTION('',(0.,0.,-1.));
#4554=DIRECTION('',(-0.978147600733806,0.207911690817759,0.));
#4555=DIRECTION('',(0.,0.,-1.));
#4556=DIRECTION('',(-0.913545457642601,0.4067366430758,0.));
#4557=DIRECTION('',(0.,0.,-1.));
#4558=DIRECTION('',(-0.913545457642601,0.4067366430758,0.));
#4559=DIRECTION('',(0.,0.,-1.));
#4560=DIRECTION('',(-0.913545457642601,0.4067366430758,0.));
#4561=DIRECTION('',(0.,0.,-1.));
#4562=DIRECTION('',(-0.809016994374948,0.587785252292473,0.));
#4563=DIRECTION('',(0.,0.,-1.));
#4564=DIRECTION('',(-0.809016994374948,0.587785252292473,0.));
#4565=DIRECTION('',(0.,0.,-1.));
#4566=DIRECTION('',(-0.809016994374948,0.587785252292473,0.));
#4567=DIRECTION('',(0.,0.,-1.));
#4568=DIRECTION('',(-0.669130606358858,0.743144825477394,0.));
#4569=DIRECTION('',(0.,0.,-1.));
#4570=DIRECTION('',(-0.669130606358858,0.743144825477394,0.));
#4571=DIRECTION('',(0.,0.,-1.));
#4572=DIRECTION('',(-0.669130606358858,0.743144825477394,0.));
#4573=DIRECTION('',(0.,0.,-1.));
#4574=DIRECTION('',(-0.5,0.866025403784439,0.));
#4575=DIRECTION('',(0.,0.,-1.));
#4576=DIRECTION('',(-0.5,0.866025403784439,0.));
#4577=DIRECTION('',(0.,0.,-1.));
#4578=DIRECTION('',(-0.5,0.866025403784439,0.));
#4579=DIRECTION('',(0.,0.,-1.));
#4580=DIRECTION('',(-0.309016994374948,0.951056516295154,0.));
#4581=DIRECTION('',(0.,0.,-1.));
#4582=DIRECTION('',(-0.309016994374948,0.951056516295154,0.));
#4583=DIRECTION('',(0.,0.,-1.));
#4584=DIRECTION('',(-0.309016994374948,0.951056516295154,0.));
#4585=DIRECTION('',(0.,0.,-1.));
#4586=DIRECTION('',(-0.104528463267653,0.994521895368273,0.));
#4587=DIRECTION('',(0.,0.,-1.));
#4588=DIRECTION('',(-0.104528463267653,0.994521895368273,0.));
#4589=DIRECTION('',(0.,0.,-1.));
#4590=DIRECTION('',(-0.104528463267653,0.994521895368273,0.));
#4591=DIRECTION('',(0.,0.,-1.));
#4592=DIRECTION('',(0.,0.,-1.));
#4593=DIRECTION('',(0.,0.,-1.));
#4594=DIRECTION('',(1.,0.,0.));
#4595=DIRECTION('',(0.,0.,-1.));
#4596=DIRECTION('',(0.,0.,-1.));
#4597=DIRECTION('',(0.,0.,-1.));
#4598=DIRECTION('',(1.,0.,0.));
#4599=DIRECTION('',(0.,0.,-1.));
#4600=DIRECTION('',(1.,0.,0.));
#4601=DIRECTION('',(0.,0.,-1.));
#4602=DIRECTION('',(0.,0.,-1.));
#4603=DIRECTION('',(0.,0.,-1.));
#4604=DIRECTION('',(0.978147600733806,0.20791169081776,0.));
#4605=DIRECTION('',(0.,0.,-1.));
#4606=DIRECTION('',(0.,0.,-1.));
#4607=DIRECTION('',(0.,0.,-1.));
#4608=DIRECTION('',(0.978147600733806,0.20791169081776,0.));
#4609=DIRECTION('',(0.,0.,-1.));
#4610=DIRECTION('',(0.978147600733806,0.20791169081776,0.));
#4611=DIRECTION('',(0.,0.,-1.));
#4612=DIRECTION('',(0.,0.,-1.));
#4613=DIRECTION('',(0.,0.,-1.));
#4614=DIRECTION('',(0.669130606358858,0.743144825477395,0.));
#4615=DIRECTION('',(0.,0.,-1.));
#4616=DIRECTION('',(0.,0.,-1.));
#4617=DIRECTION('',(0.,0.,-1.));
#4618=DIRECTION('',(0.669130606358858,0.743144825477395,0.));
#4619=DIRECTION('',(0.,0.,-1.));
#4620=DIRECTION('',(0.669130606358858,0.743144825477395,0.));
#4621=DIRECTION('',(0.,0.,-1.));
#4622=DIRECTION('',(0.,0.,-1.));
#4623=DIRECTION('',(0.,0.,-1.));
#4624=DIRECTION('',(0.5,0.866025403784439,0.));
#4625=DIRECTION('',(0.,0.,-1.));
#4626=DIRECTION('',(0.,0.,-1.));
#4627=DIRECTION('',(0.,0.,-1.));
#4628=DIRECTION('',(0.5,0.866025403784439,0.));
#4629=DIRECTION('',(0.,0.,-1.));
#4630=DIRECTION('',(0.5,0.866025403784439,0.));
#4631=DIRECTION('',(0.,0.,-1.));
#4632=DIRECTION('',(0.,0.,-1.));
#4633=DIRECTION('',(0.,0.,-1.));
#4634=DIRECTION('',(0.809016994374947,0.587785252292473,0.));
#4635=DIRECTION('',(0.,0.,-1.));
#4636=DIRECTION('',(0.,0.,-1.));
#4637=DIRECTION('',(0.,0.,-1.));
#4638=DIRECTION('',(0.809016994374947,0.587785252292473,0.));
#4639=DIRECTION('',(0.,0.,-1.));
#4640=DIRECTION('',(0.809016994374947,0.587785252292473,0.));
#4641=DIRECTION('',(0.,0.,-1.));
#4642=DIRECTION('',(0.,0.,-1.));
#4643=DIRECTION('',(0.,0.,-1.));
#4644=DIRECTION('',(0.913545457642601,0.4067366430758,0.));
#4645=DIRECTION('',(0.,0.,-1.));
#4646=DIRECTION('',(0.,0.,-1.));
#4647=DIRECTION('',(0.,0.,-1.));
#4648=DIRECTION('',(0.913545457642601,0.4067366430758,0.));
#4649=DIRECTION('',(0.,0.,-1.));
#4650=DIRECTION('',(0.913545457642601,0.4067366430758,0.));
#4651=DIRECTION('',(0.,0.,-1.));
#4652=DIRECTION('',(0.,0.,-1.));
#4653=DIRECTION('',(0.,0.,-1.));
#4654=DIRECTION('',(0.309016994374948,0.951056516295154,0.));
#4655=DIRECTION('',(0.,0.,-1.));
#4656=DIRECTION('',(0.,0.,-1.));
#4657=DIRECTION('',(0.,0.,-1.));
#4658=DIRECTION('',(0.309016994374948,0.951056516295154,0.));
#4659=DIRECTION('',(0.,0.,-1.));
#4660=DIRECTION('',(0.309016994374948,0.951056516295154,0.));
#4661=DIRECTION('',(0.,0.,-1.));
#4662=DIRECTION('',(0.,0.,-1.));
#4663=DIRECTION('',(0.,0.,-1.));
#4664=DIRECTION('',(0.104528463267653,0.994521895368273,0.));
#4665=DIRECTION('',(0.,0.,-1.));
#4666=DIRECTION('',(0.,0.,-1.));
#4667=DIRECTION('',(0.,0.,-1.));
#4668=DIRECTION('',(0.104528463267653,0.994521895368273,0.));
#4669=DIRECTION('',(0.,0.,-1.));
#4670=DIRECTION('',(0.104528463267653,0.994521895368273,0.));
#4671=DIRECTION('',(0.,0.,-1.));
#4672=DIRECTION('',(0.,0.,-1.));
#4673=DIRECTION('',(0.,0.,-1.));
#4674=DIRECTION('',(-0.104528463267653,0.994521895368273,0.));
#4675=DIRECTION('',(0.,0.,-1.));
#4676=DIRECTION('',(0.,0.,-1.));
#4677=DIRECTION('',(0.,0.,-1.));
#4678=DIRECTION('',(-0.104528463267653,0.994521895368273,0.));
#4679=DIRECTION('',(0.,0.,-1.));
#4680=DIRECTION('',(-0.104528463267653,0.994521895368273,0.));
#4681=DIRECTION('',(0.,0.,-1.));
#4682=DIRECTION('',(0.,0.,-1.));
#4683=DIRECTION('',(0.,0.,-1.));
#4684=DIRECTION('',(-0.309016994374948,0.951056516295154,0.));
#4685=DIRECTION('',(0.,0.,-1.));
#4686=DIRECTION('',(0.,0.,-1.));
#4687=DIRECTION('',(0.,0.,-1.));
#4688=DIRECTION('',(-0.309016994374948,0.951056516295154,0.));
#4689=DIRECTION('',(0.,0.,-1.));
#4690=DIRECTION('',(-0.309016994374948,0.951056516295154,0.));
#4691=DIRECTION('',(0.,0.,-1.));
#4692=DIRECTION('',(0.,0.,-1.));
#4693=DIRECTION('',(0.,0.,-1.));
#4694=DIRECTION('',(-0.913545457642601,0.4067366430758,0.));
#4695=DIRECTION('',(0.,0.,-1.));
#4696=DIRECTION('',(0.,0.,-1.));
#4697=DIRECTION('',(0.,0.,-1.));
#4698=DIRECTION('',(-0.913545457642601,0.4067366430758,0.));
#4699=DIRECTION('',(0.,0.,-1.));
#4700=DIRECTION('',(-0.913545457642601,0.4067366430758,0.));
#4701=DIRECTION('',(0.,0.,-1.));
#4702=DIRECTION('',(0.,0.,-1.));
#4703=DIRECTION('',(0.,0.,-1.));
#4704=DIRECTION('',(-0.809016994374948,0.587785252292473,0.));
#4705=DIRECTION('',(0.,0.,-1.));
#4706=DIRECTION('',(0.,0.,-1.));
#4707=DIRECTION('',(0.,0.,-1.));
#4708=DIRECTION('',(-0.809016994374948,0.587785252292473,0.));
#4709=DIRECTION('',(0.,0.,-1.));
#4710=DIRECTION('',(-0.809016994374948,0.587785252292473,0.));
#4711=DIRECTION('',(0.,0.,-1.));
#4712=DIRECTION('',(0.,0.,-1.));
#4713=DIRECTION('',(0.,0.,-1.));
#4714=DIRECTION('',(-0.5,0.866025403784438,0.));
#4715=DIRECTION('',(0.,0.,-1.));
#4716=DIRECTION('',(0.,0.,-1.));
#4717=DIRECTION('',(0.,0.,-1.));
#4718=DIRECTION('',(-0.5,0.866025403784438,0.));
#4719=DIRECTION('',(0.,0.,-1.));
#4720=DIRECTION('',(-0.5,0.866025403784438,0.));
#4721=DIRECTION('',(0.,0.,-1.));
#4722=DIRECTION('',(0.,0.,-1.));
#4723=DIRECTION('',(0.,0.,-1.));
#4724=DIRECTION('',(-0.669130606358858,0.743144825477394,0.));
#4725=DIRECTION('',(0.,0.,-1.));
#4726=DIRECTION('',(0.,0.,-1.));
#4727=DIRECTION('',(0.,0.,-1.));
#4728=DIRECTION('',(-0.669130606358858,0.743144825477394,0.));
#4729=DIRECTION('',(0.,0.,-1.));
#4730=DIRECTION('',(-0.669130606358858,0.743144825477394,0.));
#4731=DIRECTION('',(0.,0.,-1.));
#4732=DIRECTION('',(0.,0.,-1.));
#4733=DIRECTION('',(0.,0.,-1.));
#4734=DIRECTION('',(-0.978147600733806,0.207911690817759,0.));
#4735=DIRECTION('',(0.,0.,-1.));
#4736=DIRECTION('',(0.,0.,-1.));
#4737=DIRECTION('',(0.,0.,-1.));
#4738=DIRECTION('',(-0.978147600733806,0.207911690817759,0.));
#4739=DIRECTION('',(0.,0.,-1.));
#4740=DIRECTION('',(-0.978147600733806,0.207911690817759,0.));
#4741=DIRECTION('',(0.,0.,-1.));
#4742=DIRECTION('',(0.,0.,-1.));
#4743=DIRECTION('',(0.,0.,-1.));
#4744=DIRECTION('',(-1.,-1.22464679914735E-16,0.));
#4745=DIRECTION('',(0.,0.,-1.));
#4746=DIRECTION('',(0.,0.,-1.));
#4747=DIRECTION('',(0.,0.,-1.));
#4748=DIRECTION('',(-1.,-1.22464679914735E-16,0.));
#4749=DIRECTION('',(0.,0.,-1.));
#4750=DIRECTION('',(-1.,-1.22464679914735E-16,0.));
#4751=DIRECTION('',(0.,0.,-1.));
#4752=DIRECTION('',(0.,0.,-1.));
#4753=DIRECTION('',(0.,0.,-1.));
#4754=DIRECTION('',(-0.978147600733806,-0.207911690817759,0.));
#4755=DIRECTION('',(0.,0.,-1.));
#4756=DIRECTION('',(0.,0.,-1.));
#4757=DIRECTION('',(0.,0.,-1.));
#4758=DIRECTION('',(-0.978147600733806,-0.207911690817759,0.));
#4759=DIRECTION('',(0.,0.,-1.));
#4760=DIRECTION('',(-0.978147600733806,-0.207911690817759,0.));
#4761=DIRECTION('',(0.,0.,-1.));
#4762=DIRECTION('',(0.,0.,-1.));
#4763=DIRECTION('',(0.,0.,-1.));
#4764=DIRECTION('',(-0.913545457642601,-0.4067366430758,0.));
#4765=DIRECTION('',(0.,0.,-1.));
#4766=DIRECTION('',(0.,0.,-1.));
#4767=DIRECTION('',(0.,0.,-1.));
#4768=DIRECTION('',(-0.913545457642601,-0.4067366430758,0.));
#4769=DIRECTION('',(0.,0.,-1.));
#4770=DIRECTION('',(-0.913545457642601,-0.4067366430758,0.));
#4771=DIRECTION('',(0.,0.,-1.));
#4772=DIRECTION('',(0.,0.,-1.));
#4773=DIRECTION('',(0.,0.,-1.));
#4774=DIRECTION('',(-0.309016994374948,-0.951056516295154,0.));
#4775=DIRECTION('',(0.,0.,-1.));
#4776=DIRECTION('',(0.,0.,-1.));
#4777=DIRECTION('',(0.,0.,-1.));
#4778=DIRECTION('',(-0.309016994374948,-0.951056516295154,0.));
#4779=DIRECTION('',(0.,0.,-1.));
#4780=DIRECTION('',(-0.309016994374948,-0.951056516295154,0.));
#4781=DIRECTION('',(0.,0.,-1.));
#4782=DIRECTION('',(0.,0.,-1.));
#4783=DIRECTION('',(0.,0.,-1.));
#4784=DIRECTION('',(-0.5,-0.866025403784439,0.));
#4785=DIRECTION('',(0.,0.,-1.));
#4786=DIRECTION('',(0.,0.,-1.));
#4787=DIRECTION('',(0.,0.,-1.));
#4788=DIRECTION('',(-0.5,-0.866025403784439,0.));
#4789=DIRECTION('',(0.,0.,-1.));
#4790=DIRECTION('',(-0.5,-0.866025403784439,0.));
#4791=DIRECTION('',(0.,0.,-1.));
#4792=DIRECTION('',(0.,0.,-1.));
#4793=DIRECTION('',(0.,0.,-1.));
#4794=DIRECTION('',(-0.809016994374947,-0.587785252292473,0.));
#4795=DIRECTION('',(0.,0.,-1.));
#4796=DIRECTION('',(0.,0.,-1.));
#4797=DIRECTION('',(0.,0.,-1.));
#4798=DIRECTION('',(-0.809016994374947,-0.587785252292473,0.));
#4799=DIRECTION('',(0.,0.,-1.));
#4800=DIRECTION('',(-0.809016994374947,-0.587785252292473,0.));
#4801=DIRECTION('',(0.,0.,-1.));
#4802=DIRECTION('',(0.,0.,-1.));
#4803=DIRECTION('',(0.,0.,-1.));
#4804=DIRECTION('',(-0.669130606358858,-0.743144825477394,0.));
#4805=DIRECTION('',(0.,0.,-1.));
#4806=DIRECTION('',(0.,0.,-1.));
#4807=DIRECTION('',(0.,0.,-1.));
#4808=DIRECTION('',(-0.669130606358858,-0.743144825477394,0.));
#4809=DIRECTION('',(0.,0.,-1.));
#4810=DIRECTION('',(-0.669130606358858,-0.743144825477394,0.));
#4811=DIRECTION('',(0.,0.,-1.));
#4812=DIRECTION('',(0.,0.,-1.));
#4813=DIRECTION('',(0.,0.,-1.));
#4814=DIRECTION('',(0.978147600733806,-0.207911690817759,0.));
#4815=DIRECTION('',(0.,0.,-1.));
#4816=DIRECTION('',(0.,0.,-1.));
#4817=DIRECTION('',(0.,0.,-1.));
#4818=DIRECTION('',(0.978147600733806,-0.207911690817759,0.));
#4819=DIRECTION('',(0.,0.,-1.));
#4820=DIRECTION('',(0.978147600733806,-0.207911690817759,0.));
#4821=DIRECTION('',(0.,0.,-1.));
#4822=DIRECTION('',(0.,0.,-1.));
#4823=DIRECTION('',(0.,0.,-1.));
#4824=DIRECTION('',(0.913545457642601,-0.4067366430758,0.));
#4825=DIRECTION('',(0.,0.,-1.));
#4826=DIRECTION('',(0.,0.,-1.));
#4827=DIRECTION('',(0.,0.,-1.));
#4828=DIRECTION('',(0.913545457642601,-0.4067366430758,0.));
#4829=DIRECTION('',(0.,0.,-1.));
#4830=DIRECTION('',(0.913545457642601,-0.4067366430758,0.));
#4831=DIRECTION('',(0.,0.,-1.));
#4832=DIRECTION('',(0.,0.,-1.));
#4833=DIRECTION('',(0.,0.,-1.));
#4834=DIRECTION('',(0.669130606358858,-0.743144825477394,0.));
#4835=DIRECTION('',(0.,0.,-1.));
#4836=DIRECTION('',(0.,0.,-1.));
#4837=DIRECTION('',(0.,0.,-1.));
#4838=DIRECTION('',(0.669130606358858,-0.743144825477394,0.));
#4839=DIRECTION('',(0.,0.,-1.));
#4840=DIRECTION('',(0.669130606358858,-0.743144825477394,0.));
#4841=DIRECTION('',(0.,0.,-1.));
#4842=DIRECTION('',(0.,0.,-1.));
#4843=DIRECTION('',(0.,0.,-1.));
#4844=DIRECTION('',(0.809016994374948,-0.587785252292473,0.));
#4845=DIRECTION('',(0.,0.,-1.));
#4846=DIRECTION('',(0.,0.,-1.));
#4847=DIRECTION('',(0.,0.,-1.));
#4848=DIRECTION('',(0.809016994374948,-0.587785252292473,0.));
#4849=DIRECTION('',(0.,0.,-1.));
#4850=DIRECTION('',(0.809016994374948,-0.587785252292473,0.));
#4851=DIRECTION('',(0.,0.,-1.));
#4852=DIRECTION('',(0.,0.,-1.));
#4853=DIRECTION('',(0.,0.,-1.));
#4854=DIRECTION('',(0.5,-0.866025403784439,0.));
#4855=DIRECTION('',(0.,0.,-1.));
#4856=DIRECTION('',(0.,0.,-1.));
#4857=DIRECTION('',(0.,0.,-1.));
#4858=DIRECTION('',(0.5,-0.866025403784439,0.));
#4859=DIRECTION('',(0.,0.,-1.));
#4860=DIRECTION('',(0.5,-0.866025403784439,0.));
#4861=DIRECTION('',(0.,0.,-1.));
#4862=DIRECTION('',(0.,0.,-1.));
#4863=DIRECTION('',(0.,0.,-1.));
#4864=DIRECTION('',(0.309016994374948,-0.951056516295154,0.));
#4865=DIRECTION('',(0.,0.,-1.));
#4866=DIRECTION('',(0.,0.,-1.));
#4867=DIRECTION('',(0.,0.,-1.));
#4868=DIRECTION('',(0.309016994374948,-0.951056516295154,0.));
#4869=DIRECTION('',(0.,0.,-1.));
#4870=DIRECTION('',(0.309016994374948,-0.951056516295154,0.));
#4871=DIRECTION('',(0.,0.,-1.));
#4872=DIRECTION('',(0.,0.,-1.));
#4873=DIRECTION('',(0.,0.,-1.));
#4874=DIRECTION('',(0.104528463267653,-0.994521895368273,0.));
#4875=DIRECTION('',(0.,0.,-1.));
#4876=DIRECTION('',(0.,0.,-1.));
#4877=DIRECTION('',(0.,0.,-1.));
#4878=DIRECTION('',(0.104528463267653,-0.994521895368273,0.));
#4879=DIRECTION('',(0.,0.,-1.));
#4880=DIRECTION('',(0.104528463267653,-0.994521895368273,0.));
#4881=DIRECTION('',(0.,0.,-1.));
#4882=DIRECTION('',(0.,0.,-1.));
#4883=DIRECTION('',(0.,0.,-1.));
#4884=DIRECTION('',(-0.104528463267654,-0.994521895368273,0.));
#4885=DIRECTION('',(0.,0.,-1.));
#4886=DIRECTION('',(0.,0.,-1.));
#4887=DIRECTION('',(0.,0.,-1.));
#4888=DIRECTION('',(-0.104528463267654,-0.994521895368273,0.));
#4889=DIRECTION('',(0.,0.,-1.));
#4890=DIRECTION('',(-0.104528463267654,-0.994521895368273,0.));
#4891=DIRECTION('',(-0.866025403784438,0.5,0.));
#4892=DIRECTION('',(0.5,0.866025403784438,0.));
#4893=DIRECTION('',(0.,0.,1.));
#4894=DIRECTION('',(0.,0.,1.));
#4895=DIRECTION('',(0.5,0.866025403784438,0.));
#4896=DIRECTION('',(0.,1.,0.));
#4897=DIRECTION('',(0.,0.,1.));
#4898=DIRECTION('',(0.,0.,1.));
#4899=DIRECTION('',(1.,0.,0.));
#4900=DIRECTION('',(0.866025403784438,0.5,0.));
#4901=DIRECTION('',(0.5,-0.866025403784438,0.));
#4902=DIRECTION('',(0.,0.,1.));
#4903=DIRECTION('',(0.5,-0.866025403784438,0.));
#4904=DIRECTION('',(0.866025403784439,-0.5,0.));
#4905=DIRECTION('',(-0.5,-0.866025403784439,0.));
#4906=DIRECTION('',(0.,0.,1.));
#4907=DIRECTION('',(-0.5,-0.866025403784439,0.));
#4908=DIRECTION('',(0.,-1.,0.));
#4909=DIRECTION('',(0.,0.,-1.));
#4910=DIRECTION('',(0.,0.,1.));
#4911=DIRECTION('',(-1.,0.,0.));
#4912=DIRECTION('',(-0.866025403784438,-0.5,0.));
#4913=DIRECTION('',(-0.5,0.866025403784438,0.));
#4914=DIRECTION('',(-0.5,0.866025403784438,0.));
#4915=DIRECTION('',(0.,0.,-1.));
#4916=DIRECTION('',(1.,0.,0.));
#4917=DIRECTION('',(0.,0.,-1.));
#4918=DIRECTION('',(-1.,0.,0.));
#4919=DIRECTION('',(0.,0.,1.));
#4920=DIRECTION('',(-1.,0.,0.));
#4921=CARTESIAN_POINT('',(0.,0.,0.));
#4922=CARTESIAN_POINT('',(0.0615862597582795,0.159686694301447,0.005));
#4923=CARTESIAN_POINT('',(0.0619548184663368,0.175682448878163,0.005));
#4924=CARTESIAN_POINT('',(0.0619548184663368,0.175682448878163,0.005));
#4925=CARTESIAN_POINT('',(0.0619548184663368,0.175682448878163,0.));
#4926=CARTESIAN_POINT('',(0.0615862597582795,0.159686694301447,0.));
#4927=CARTESIAN_POINT('',(0.0612177010502221,0.175682448878163,0.));
#4928=CARTESIAN_POINT('',(0.0612177010502221,0.175682448878163,0.005));
#4929=CARTESIAN_POINT('',(0.0612177010502221,0.175682448878163,0.005));
#4930=CARTESIAN_POINT('',(0.0615862597582795,0.159686694301447,0.005));
#4931=CARTESIAN_POINT('',(0.0615862597582795,0.159686694301447,0.005));
#4932=CARTESIAN_POINT('',(0.0586210601943444,0.175409530926746,0.005));
#4933=CARTESIAN_POINT('',(0.0586210601943444,0.175409530926746,0.005));
#4934=CARTESIAN_POINT('',(0.0586210601943444,0.175409530926746,0.));
#4935=CARTESIAN_POINT('',(0.0615862597582795,0.159686694301447,0.));
#4936=CARTESIAN_POINT('',(0.0579000505623128,0.17525627559843,0.));
#4937=CARTESIAN_POINT('',(0.0579000505623128,0.17525627559843,0.005));
#4938=CARTESIAN_POINT('',(0.0579000505623128,0.17525627559843,0.005));
#4939=CARTESIAN_POINT('',(0.0615862597582795,0.159686694301447,0.005));
#4940=CARTESIAN_POINT('',(0.0615862597582795,0.159686694301447,0.005));
#4941=CARTESIAN_POINT('',(0.0554168953719021,0.174449449568263,0.005));
#4942=CARTESIAN_POINT('',(0.0554168953719021,0.174449449568263,0.005));
#4943=CARTESIAN_POINT('',(0.0554168953719021,0.174449449568263,0.));
#4944=CARTESIAN_POINT('',(0.0615862597582795,0.159686694301447,0.));
#4945=CARTESIAN_POINT('',(0.0547435051046614,0.17414963690488,0.));
#4946=CARTESIAN_POINT('',(0.0547435051046614,0.17414963690488,0.005));
#4947=CARTESIAN_POINT('',(0.0547435051046614,0.17414963690488,0.005));
#4948=CARTESIAN_POINT('',(0.0615862597582795,0.159686694301447,0.005));
#4949=CARTESIAN_POINT('',(0.0615862597582795,0.159686694301447,0.005));
#4950=CARTESIAN_POINT('',(0.0524823613770393,0.172844164965061,0.005));
#4951=CARTESIAN_POINT('',(0.0524823613770393,0.172844164965061,0.005));
#4952=CARTESIAN_POINT('',(0.0524823613770393,0.172844164965061,0.));
#4953=CARTESIAN_POINT('',(0.0615862597582795,0.159686694301447,0.));
#4954=CARTESIAN_POINT('',(0.0518860208605529,0.17241089821866,0.));
#4955=CARTESIAN_POINT('',(0.0518860208605529,0.17241089821866,0.005));
#4956=CARTESIAN_POINT('',(0.0518860208605529,0.17241089821866,0.005));
#4957=CARTESIAN_POINT('',(0.0615862597582795,0.159686694301447,0.005));
#4958=CARTESIAN_POINT('',(0.0615862597582795,0.159686694301447,0.005));
#4959=CARTESIAN_POINT('',(0.0479178092961711,0.168003752793768,0.005));
#4960=CARTESIAN_POINT('',(0.0479178092961711,0.168003752793768,0.005));
#4961=CARTESIAN_POINT('',(0.0479178092961711,0.168003752793768,0.));
#4962=CARTESIAN_POINT('',(0.0615862597582795,0.159686694301447,0.));
#4963=CARTESIAN_POINT('',(0.0475492505881139,0.167365390385841,0.));
#4964=CARTESIAN_POINT('',(0.0475492505881139,0.167365390385841,0.005));
#4965=CARTESIAN_POINT('',(0.0475492505881139,0.167365390385841,0.005));
#4966=CARTESIAN_POINT('',(0.0615862597582795,0.159686694301447,0.005));
#4967=CARTESIAN_POINT('',(0.0615862597582795,0.159686694301447,0.005));
#4968=CARTESIAN_POINT('',(0.0615862597582795,0.159686694301447,0.005));
#4969=CARTESIAN_POINT('',(0.0494524836031857,0.170116050763754,0.005));
#4970=CARTESIAN_POINT('',(0.0499457114267881,0.170663835757309,0.005));
#4971=CARTESIAN_POINT('',(0.0499457114267881,0.170663835757309,0.005));
#4972=CARTESIAN_POINT('',(0.0499457114267881,0.170663835757309,0.));
#4973=CARTESIAN_POINT('',(0.0615862597582795,0.159686694301447,0.));
#4974=CARTESIAN_POINT('',(0.0494524836031857,0.170116050763754,0.));
#4975=CARTESIAN_POINT('',(0.0494524836031857,0.170116050763754,0.005));
#4976=CARTESIAN_POINT('',(0.0615862597582795,0.159686694301447,0.005));
#4977=CARTESIAN_POINT('',(0.0464872840392506,0.164980174464438,0.005));
#4978=CARTESIAN_POINT('',(0.0464872840392506,0.164980174464438,0.005));
#4979=CARTESIAN_POINT('',(0.0464872840392506,0.164980174464438,0.));
#4980=CARTESIAN_POINT('',(0.0615862597582795,0.159686694301447,0.));
#4981=CARTESIAN_POINT('',(0.0462595022308214,0.164279134142568,0.));
#4982=CARTESIAN_POINT('',(0.0462595022308214,0.164279134142568,0.005));
#4983=CARTESIAN_POINT('',(0.0462595022308214,0.164279134142568,0.005));
#4984=CARTESIAN_POINT('',(0.0615862597582795,0.159686694301447,0.005));
#4985=CARTESIAN_POINT('',(0.0615862597582795,0.159686694301447,0.005));
#4986=CARTESIAN_POINT('',(0.0457166564741756,0.161725245651049,0.005));
#4987=CARTESIAN_POINT('',(0.0457166564741756,0.161725245651049,0.005));
#4988=CARTESIAN_POINT('',(0.0457166564741756,0.161725245651049,0.));
#4989=CARTESIAN_POINT('',(0.0615862597582795,0.159686694301447,0.));
#4990=CARTESIAN_POINT('',(0.0456396067234213,0.160992166241265,0.));
#4991=CARTESIAN_POINT('',(0.0456396067234213,0.160992166241265,0.005));
#4992=CARTESIAN_POINT('',(0.0456396067234213,0.160992166241265,0.005));
#4993=CARTESIAN_POINT('',(0.0615862597582795,0.159686694301447,0.005));
#4994=CARTESIAN_POINT('',(0.0615862597582795,0.159686694301447,0.005));
#4995=CARTESIAN_POINT('',(0.071286498656006,0.17241089821866,0.005));
#4996=CARTESIAN_POINT('',(0.071286498656006,0.17241089821866,0.005));
#4997=CARTESIAN_POINT('',(0.071286498656006,0.17241089821866,0.));
#4998=CARTESIAN_POINT('',(0.0615862597582795,0.159686694301447,0.));
#4999=CARTESIAN_POINT('',(0.0706901581395195,0.172844164965061,0.));
#5000=CARTESIAN_POINT('',(0.0706901581395195,0.172844164965061,0.005));
#5001=CARTESIAN_POINT('',(0.0706901581395195,0.172844164965061,0.005));
#5002=CARTESIAN_POINT('',(0.0615862597582795,0.159686694301447,0.005));
#5003=CARTESIAN_POINT('',(0.0615862597582795,0.159686694301447,0.005));
#5004=CARTESIAN_POINT('',(0.0615862597582795,0.159686694301447,0.005));
#5005=CARTESIAN_POINT('',(0.0732268080897708,0.170663835757309,0.005));
#5006=CARTESIAN_POINT('',(0.0737200359133732,0.170116050763754,0.005));
#5007=CARTESIAN_POINT('',(0.0737200359133732,0.170116050763754,0.005));
#5008=CARTESIAN_POINT('',(0.0737200359133732,0.170116050763754,0.));
#5009=CARTESIAN_POINT('',(0.0615862597582795,0.159686694301447,0.));
#5010=CARTESIAN_POINT('',(0.0732268080897708,0.170663835757309,0.));
#5011=CARTESIAN_POINT('',(0.0732268080897708,0.170663835757309,0.005));
#5012=CARTESIAN_POINT('',(0.0615862597582795,0.159686694301447,0.005));
#5013=CARTESIAN_POINT('',(0.0684290144118975,0.17414963690488,0.005));
#5014=CARTESIAN_POINT('',(0.0684290144118975,0.17414963690488,0.005));
#5015=CARTESIAN_POINT('',(0.0684290144118975,0.17414963690488,0.));
#5016=CARTESIAN_POINT('',(0.0615862597582795,0.159686694301447,0.));
#5017=CARTESIAN_POINT('',(0.0677556241446567,0.174449449568263,0.));
#5018=CARTESIAN_POINT('',(0.0677556241446567,0.174449449568263,0.005));
#5019=CARTESIAN_POINT('',(0.0677556241446567,0.174449449568263,0.005));
#5020=CARTESIAN_POINT('',(0.0615862597582795,0.159686694301447,0.005));
#5021=CARTESIAN_POINT('',(0.0615862597582795,0.159686694301447,0.005));
#5022=CARTESIAN_POINT('',(0.0615862597582795,0.159686694301447,0.005));
#5023=CARTESIAN_POINT('',(0.0645514593222145,0.175409530926746,0.005));
#5024=CARTESIAN_POINT('',(0.0652724689542461,0.17525627559843,0.005));
#5025=CARTESIAN_POINT('',(0.0652724689542461,0.17525627559843,0.005));
#5026=CARTESIAN_POINT('',(0.0652724689542461,0.17525627559843,0.));
#5027=CARTESIAN_POINT('',(0.0615862597582795,0.159686694301447,0.));
#5028=CARTESIAN_POINT('',(0.0645514593222145,0.175409530926746,0.));
#5029=CARTESIAN_POINT('',(0.0645514593222145,0.175409530926746,0.005));
#5030=CARTESIAN_POINT('',(0.0615862597582795,0.159686694301447,0.005));
#5031=CARTESIAN_POINT('',(0.0615862597582795,0.159686694301447,0.005));
#5032=CARTESIAN_POINT('',(0.0752547102203877,0.168003752793768,0.005));
#5033=CARTESIAN_POINT('',(0.075623268928445,0.167365390385841,0.005));
#5034=CARTESIAN_POINT('',(0.075623268928445,0.167365390385841,0.005));
#5035=CARTESIAN_POINT('',(0.075623268928445,0.167365390385841,0.));
#5036=CARTESIAN_POINT('',(0.0615862597582795,0.159686694301447,0.));
#5037=CARTESIAN_POINT('',(0.0752547102203877,0.168003752793768,0.));
#5038=CARTESIAN_POINT('',(0.0752547102203877,0.168003752793768,0.005));
#5039=CARTESIAN_POINT('',(0.0615862597582795,0.159686694301447,0.005));
#5040=CARTESIAN_POINT('',(0.0615862597582795,0.159686694301447,0.005));
#5041=CARTESIAN_POINT('',(0.0766852354773083,0.164980174464438,0.005));
#5042=CARTESIAN_POINT('',(0.0769130172857375,0.164279134142568,0.005));
#5043=CARTESIAN_POINT('',(0.0769130172857375,0.164279134142568,0.005));
#5044=CARTESIAN_POINT('',(0.0769130172857375,0.164279134142568,0.));
#5045=CARTESIAN_POINT('',(0.0615862597582795,0.159686694301447,0.));
#5046=CARTESIAN_POINT('',(0.0766852354773083,0.164980174464438,0.));
#5047=CARTESIAN_POINT('',(0.0766852354773083,0.164980174464438,0.005));
#5048=CARTESIAN_POINT('',(0.0615862597582795,0.159686694301447,0.005));
#5049=CARTESIAN_POINT('',(0.0615862597582795,0.159686694301447,0.005));
#5050=CARTESIAN_POINT('',(0.0774558630423833,0.161725245651049,0.005));
#5051=CARTESIAN_POINT('',(0.0775329127931376,0.160992166241266,0.005));
#5052=CARTESIAN_POINT('',(0.0775329127931376,0.160992166241266,0.005));
#5053=CARTESIAN_POINT('',(0.0775329127931376,0.160992166241266,0.));
#5054=CARTESIAN_POINT('',(0.0615862597582795,0.159686694301447,0.));
#5055=CARTESIAN_POINT('',(0.0774558630423833,0.161725245651049,0.));
#5056=CARTESIAN_POINT('',(0.0774558630423833,0.161725245651049,0.005));
#5057=CARTESIAN_POINT('',(0.0615862597582795,0.159686694301447,0.005));
#5058=CARTESIAN_POINT('',(0.0615862597582795,0.159686694301447,0.005));
#5059=CARTESIAN_POINT('',(0.0775329127931376,0.158381222361628,0.005));
#5060=CARTESIAN_POINT('',(0.0774558630423833,0.157648142951845,0.005));
#5061=CARTESIAN_POINT('',(0.0774558630423833,0.157648142951845,0.005));
#5062=CARTESIAN_POINT('',(0.0774558630423833,0.157648142951845,0.));
#5063=CARTESIAN_POINT('',(0.0615862597582795,0.159686694301447,0.));
#5064=CARTESIAN_POINT('',(0.0775329127931376,0.158381222361628,0.));
#5065=CARTESIAN_POINT('',(0.0775329127931376,0.158381222361628,0.005));
#5066=CARTESIAN_POINT('',(0.0615862597582795,0.159686694301447,0.005));
#5067=CARTESIAN_POINT('',(0.0732268080897708,0.148709552845584,0.005));
#5068=CARTESIAN_POINT('',(0.0732268080897708,0.148709552845584,0.005));
#5069=CARTESIAN_POINT('',(0.0732268080897708,0.148709552845584,0.));
#5070=CARTESIAN_POINT('',(0.0615862597582795,0.159686694301447,0.));
#5071=CARTESIAN_POINT('',(0.0737200359133733,0.149257337839139,0.));
#5072=CARTESIAN_POINT('',(0.0737200359133733,0.149257337839139,0.005));
#5073=CARTESIAN_POINT('',(0.0737200359133733,0.149257337839139,0.005));
#5074=CARTESIAN_POINT('',(0.0615862597582795,0.159686694301447,0.005));
#5075=CARTESIAN_POINT('',(0.0615862597582795,0.159686694301447,0.005));
#5076=CARTESIAN_POINT('',(0.0615862597582795,0.159686694301447,0.005));
#5077=CARTESIAN_POINT('',(0.071286498656006,0.146962490384233,0.005));
#5078=CARTESIAN_POINT('',(0.0706901581395196,0.146529223637833,0.005));
#5079=CARTESIAN_POINT('',(0.0706901581395196,0.146529223637833,0.005));
#5080=CARTESIAN_POINT('',(0.0706901581395196,0.146529223637833,0.));
#5081=CARTESIAN_POINT('',(0.0615862597582795,0.159686694301447,0.));
#5082=CARTESIAN_POINT('',(0.071286498656006,0.146962490384233,0.));
#5083=CARTESIAN_POINT('',(0.071286498656006,0.146962490384233,0.005));
#5084=CARTESIAN_POINT('',(0.0615862597582795,0.159686694301447,0.005));
#5085=CARTESIAN_POINT('',(0.0752547102203878,0.151369635809126,0.005));
#5086=CARTESIAN_POINT('',(0.0752547102203878,0.151369635809126,0.005));
#5087=CARTESIAN_POINT('',(0.0752547102203878,0.151369635809126,0.));
#5088=CARTESIAN_POINT('',(0.0615862597582795,0.159686694301447,0.));
#5089=CARTESIAN_POINT('',(0.0756232689284451,0.152007998217052,0.));
#5090=CARTESIAN_POINT('',(0.0756232689284451,0.152007998217052,0.005));
#5091=CARTESIAN_POINT('',(0.0756232689284451,0.152007998217052,0.005));
#5092=CARTESIAN_POINT('',(0.0615862597582795,0.159686694301447,0.005));
#5093=CARTESIAN_POINT('',(0.0615862597582795,0.159686694301447,0.005));
#5094=CARTESIAN_POINT('',(0.0615862597582795,0.159686694301447,0.005));
#5095=CARTESIAN_POINT('',(0.0769130172857375,0.155094254460326,0.005));
#5096=CARTESIAN_POINT('',(0.0766852354773083,0.154393214138455,0.005));
#5097=CARTESIAN_POINT('',(0.0766852354773083,0.154393214138455,0.005));
#5098=CARTESIAN_POINT('',(0.0766852354773083,0.154393214138455,0.));
#5099=CARTESIAN_POINT('',(0.0615862597582795,0.159686694301447,0.));
#5100=CARTESIAN_POINT('',(0.0769130172857375,0.155094254460326,0.));
#5101=CARTESIAN_POINT('',(0.0769130172857375,0.155094254460326,0.005));
#5102=CARTESIAN_POINT('',(0.0615862597582795,0.159686694301447,0.005));
#5103=CARTESIAN_POINT('',(0.0615862597582795,0.159686694301447,0.005));
#5104=CARTESIAN_POINT('',(0.0684290144118976,0.145223751698014,0.005));
#5105=CARTESIAN_POINT('',(0.0677556241446568,0.144923939034631,0.005));
#5106=CARTESIAN_POINT('',(0.0677556241446568,0.144923939034631,0.005));
#5107=CARTESIAN_POINT('',(0.0677556241446568,0.144923939034631,0.));
#5108=CARTESIAN_POINT('',(0.0615862597582795,0.159686694301447,0.));
#5109=CARTESIAN_POINT('',(0.0684290144118976,0.145223751698014,0.));
#5110=CARTESIAN_POINT('',(0.0684290144118976,0.145223751698014,0.005));
#5111=CARTESIAN_POINT('',(0.0615862597582795,0.159686694301447,0.005));
#5112=CARTESIAN_POINT('',(0.0615862597582795,0.159686694301447,0.005));
#5113=CARTESIAN_POINT('',(0.0652724689542461,0.144117113004463,0.005));
#5114=CARTESIAN_POINT('',(0.0645514593222146,0.143963857676148,0.005));
#5115=CARTESIAN_POINT('',(0.0645514593222146,0.143963857676148,0.005));
#5116=CARTESIAN_POINT('',(0.0645514593222146,0.143963857676148,0.));
#5117=CARTESIAN_POINT('',(0.0615862597582795,0.159686694301447,0.));
#5118=CARTESIAN_POINT('',(0.0652724689542461,0.144117113004463,0.));
#5119=CARTESIAN_POINT('',(0.0652724689542461,0.144117113004463,0.005));
#5120=CARTESIAN_POINT('',(0.0615862597582795,0.159686694301447,0.005));
#5121=CARTESIAN_POINT('',(0.0615862597582795,0.159686694301447,0.005));
#5122=CARTESIAN_POINT('',(0.0619548184663368,0.143690939724731,0.005));
#5123=CARTESIAN_POINT('',(0.0612177010502222,0.143690939724731,0.005));
#5124=CARTESIAN_POINT('',(0.0612177010502222,0.143690939724731,0.005));
#5125=CARTESIAN_POINT('',(0.0612177010502222,0.143690939724731,0.));
#5126=CARTESIAN_POINT('',(0.0615862597582795,0.159686694301447,0.));
#5127=CARTESIAN_POINT('',(0.0619548184663368,0.143690939724731,0.));
#5128=CARTESIAN_POINT('',(0.0619548184663368,0.143690939724731,0.005));
#5129=CARTESIAN_POINT('',(0.0615862597582795,0.159686694301447,0.005));
#5130=CARTESIAN_POINT('',(0.0615862597582795,0.159686694301447,0.005));
#5131=CARTESIAN_POINT('',(0.0586210601943444,0.143963857676148,0.005));
#5132=CARTESIAN_POINT('',(0.0579000505623128,0.144117113004463,0.005));
#5133=CARTESIAN_POINT('',(0.0579000505623128,0.144117113004463,0.005));
#5134=CARTESIAN_POINT('',(0.0579000505623128,0.144117113004463,0.));
#5135=CARTESIAN_POINT('',(0.0615862597582795,0.159686694301447,0.));
#5136=CARTESIAN_POINT('',(0.0586210601943444,0.143963857676148,0.));
#5137=CARTESIAN_POINT('',(0.0586210601943444,0.143963857676148,0.005));
#5138=CARTESIAN_POINT('',(0.0615862597582795,0.159686694301447,0.005));
#5139=CARTESIAN_POINT('',(0.0475492505881139,0.152007998217052,0.005));
#5140=CARTESIAN_POINT('',(0.0475492505881139,0.152007998217052,0.005));
#5141=CARTESIAN_POINT('',(0.0475492505881139,0.152007998217052,0.));
#5142=CARTESIAN_POINT('',(0.0615862597582795,0.159686694301447,0.));
#5143=CARTESIAN_POINT('',(0.0479178092961712,0.151369635809126,0.));
#5144=CARTESIAN_POINT('',(0.0479178092961712,0.151369635809126,0.005));
#5145=CARTESIAN_POINT('',(0.0479178092961712,0.151369635809126,0.005));
#5146=CARTESIAN_POINT('',(0.0615862597582795,0.159686694301447,0.005));
#5147=CARTESIAN_POINT('',(0.0615862597582795,0.159686694301447,0.005));
#5148=CARTESIAN_POINT('',(0.0494524836031857,0.149257337839139,0.005));
#5149=CARTESIAN_POINT('',(0.0494524836031857,0.149257337839139,0.005));
#5150=CARTESIAN_POINT('',(0.0494524836031857,0.149257337839139,0.));
#5151=CARTESIAN_POINT('',(0.0615862597582795,0.159686694301447,0.));
#5152=CARTESIAN_POINT('',(0.0499457114267881,0.148709552845584,0.));
#5153=CARTESIAN_POINT('',(0.0499457114267881,0.148709552845584,0.005));
#5154=CARTESIAN_POINT('',(0.0499457114267881,0.148709552845584,0.005));
#5155=CARTESIAN_POINT('',(0.0615862597582795,0.159686694301447,0.005));
#5156=CARTESIAN_POINT('',(0.0615862597582795,0.159686694301447,0.005));
#5157=CARTESIAN_POINT('',(0.0615862597582795,0.159686694301447,0.005));
#5158=CARTESIAN_POINT('',(0.0554168953719022,0.144923939034631,0.005));
#5159=CARTESIAN_POINT('',(0.0547435051046614,0.145223751698014,0.005));
#5160=CARTESIAN_POINT('',(0.0547435051046614,0.145223751698014,0.005));
#5161=CARTESIAN_POINT('',(0.0547435051046614,0.145223751698014,0.));
#5162=CARTESIAN_POINT('',(0.0615862597582795,0.159686694301447,0.));
#5163=CARTESIAN_POINT('',(0.0554168953719022,0.144923939034631,0.));
#5164=CARTESIAN_POINT('',(0.0554168953719022,0.144923939034631,0.005));
#5165=CARTESIAN_POINT('',(0.0615862597582795,0.159686694301447,0.005));
#5166=CARTESIAN_POINT('',(0.0615862597582795,0.159686694301447,0.005));
#5167=CARTESIAN_POINT('',(0.0524823613770394,0.146529223637833,0.005));
#5168=CARTESIAN_POINT('',(0.051886020860553,0.146962490384233,0.005));
#5169=CARTESIAN_POINT('',(0.051886020860553,0.146962490384233,0.005));
#5170=CARTESIAN_POINT('',(0.051886020860553,0.146962490384233,0.));
#5171=CARTESIAN_POINT('',(0.0615862597582795,0.159686694301447,0.));
#5172=CARTESIAN_POINT('',(0.0524823613770394,0.146529223637833,0.));
#5173=CARTESIAN_POINT('',(0.0524823613770394,0.146529223637833,0.005));
#5174=CARTESIAN_POINT('',(0.0615862597582795,0.159686694301447,0.005));
#5175=CARTESIAN_POINT('',(0.0615862597582795,0.159686694301447,0.005));
#5176=CARTESIAN_POINT('',(0.0464872840392506,0.154393214138455,0.005));
#5177=CARTESIAN_POINT('',(0.0462595022308215,0.155094254460326,0.005));
#5178=CARTESIAN_POINT('',(0.0462595022308215,0.155094254460326,0.005));
#5179=CARTESIAN_POINT('',(0.0462595022308215,0.155094254460326,0.));
#5180=CARTESIAN_POINT('',(0.0615862597582795,0.159686694301447,0.));
#5181=CARTESIAN_POINT('',(0.0464872840392506,0.154393214138455,0.));
#5182=CARTESIAN_POINT('',(0.0464872840392506,0.154393214138455,0.005));
#5183=CARTESIAN_POINT('',(0.0615862597582795,0.159686694301447,0.005));
#5184=CARTESIAN_POINT('',(0.0615862597582795,0.159686694301447,0.005));
#5185=CARTESIAN_POINT('',(0.0565862597582795,0.159686694301447,0.005));
#5186=CARTESIAN_POINT('',(0.0632224560371177,0.173709059999189,0.005));
#5187=CARTESIAN_POINT('',(0.0635846205751348,0.173646650338036,0.005));
#5188=CARTESIAN_POINT('',(0.0631798630721129,0.173344034030623,0.005));
#5189=CARTESIAN_POINT('',(0.0615862597582793,0.159686694301445,0.005));
#5190=CARTESIAN_POINT('',(0.0628670010954971,0.173376917149419,0.005));
#5191=CARTESIAN_POINT('',(0.0629012320552876,0.173742822000159,0.005));
#5192=CARTESIAN_POINT('',(0.0625340059831808,0.173757074381284,0.005));
#5193=CARTESIAN_POINT('',(0.0625104460743085,0.173405600221864,0.005));
#5194=CARTESIAN_POINT('',(0.0625213526591671,0.17356481789664,0.005));
#5195=CARTESIAN_POINT('',(0.062533958974339,0.173748848756455,0.005));
#5196=CARTESIAN_POINT('',(0.0625340892864413,0.173760644489974,0.005));
#5197=CARTESIAN_POINT('',(0.0625344406221085,0.173776531104842,0.005));
#5198=CARTESIAN_POINT('',(0.0625343486062529,0.173795626267876,0.005));
#5199=CARTESIAN_POINT('',(0.0625337840395686,0.173821194164431,0.005));
#5200=CARTESIAN_POINT('',(0.062532455311103,0.173852111190486,0.005));
#5201=CARTESIAN_POINT('',(0.062530158748356,0.17388870720051,0.005));
#5202=CARTESIAN_POINT('',(0.0625266636582016,0.173930844217274,0.005));
#5203=CARTESIAN_POINT('',(0.0625217486517413,0.173978519403362,0.005));
#5204=CARTESIAN_POINT('',(0.0625151907761246,0.174031680722341,0.005));
#5205=CARTESIAN_POINT('',(0.0625067689992322,0.174090282103439,0.005));
#5206=CARTESIAN_POINT('',(0.0624962634108513,0.174154267164212,0.005));
#5207=CARTESIAN_POINT('',(0.0624834556846671,0.174223573991233,0.005));
#5208=CARTESIAN_POINT('',(0.0624681291720921,0.174298133798804,0.005));
#5209=CARTESIAN_POINT('',(0.0624500691010958,0.174377871365471,0.005));
#5210=CARTESIAN_POINT('',(0.0624290627443887,0.174462704967641,0.005));
#5211=CARTESIAN_POINT('',(0.0624048995916439,0.174552546464115,0.005));
#5212=CARTESIAN_POINT('',(0.0623773715315009,0.174647301340329,0.005));
#5213=CARTESIAN_POINT('',(0.0623462729800186,0.174746868783591,0.005));
#5214=CARTESIAN_POINT('',(0.0623114012130403,0.174851141701636,0.005));
#5215=CARTESIAN_POINT('',(0.0622725558986775,0.174960006970796,0.005));
#5216=CARTESIAN_POINT('',(0.0622295417214721,0.175073344818635,0.005));
#5217=CARTESIAN_POINT('',(0.0621821590396527,0.175191031574089,0.005));
#5218=CARTESIAN_POINT('',(0.0621302407453347,0.17531292943404,0.005));
#5219=CARTESIAN_POINT('',(0.0620735109614315,0.175438926313114,0.005));
#5220=CARTESIAN_POINT('',(0.0620151568653,0.175562378817265,0.005));
#5221=CARTESIAN_POINT('',(0.0619740493211307,0.175644281668066,0.005));
#5222=CARTESIAN_POINT('',(0.0619548184663368,0.175682448878163,0.005));
#5223=CARTESIAN_POINT('',(0.0606620734422505,0.173405600221864,0.005));
#5224=CARTESIAN_POINT('',(0.0606511668573918,0.17356481789664,0.005));
#5225=CARTESIAN_POINT('',(0.06063856054222,0.173748848756455,0.005));
#5226=CARTESIAN_POINT('',(0.0606384302301177,0.173760644489974,0.005));
#5227=CARTESIAN_POINT('',(0.0606380788944505,0.173776531104842,0.005));
#5228=CARTESIAN_POINT('',(0.060638170910306,0.173795626267876,0.005));
#5229=CARTESIAN_POINT('',(0.0606387354769904,0.173821194164431,0.005));
#5230=CARTESIAN_POINT('',(0.0606400642054559,0.173852111190486,0.005));
#5231=CARTESIAN_POINT('',(0.060642360768203,0.17388870720051,0.005));
#5232=CARTESIAN_POINT('',(0.0606458558583573,0.173930844217274,0.005));
#5233=CARTESIAN_POINT('',(0.0606507708648177,0.173978519403362,0.005));
#5234=CARTESIAN_POINT('',(0.0606573287404344,0.174031680722341,0.005));
#5235=CARTESIAN_POINT('',(0.0606657505173267,0.174090282103439,0.005));
#5236=CARTESIAN_POINT('',(0.0606762561057076,0.174154267164212,0.005));
#5237=CARTESIAN_POINT('',(0.0606890638318918,0.174223573991233,0.005));
#5238=CARTESIAN_POINT('',(0.0607043903444669,0.174298133798804,0.005));
#5239=CARTESIAN_POINT('',(0.0607224504154631,0.174377871365471,0.005));
#5240=CARTESIAN_POINT('',(0.0607434567721703,0.174462704967641,0.005));
#5241=CARTESIAN_POINT('',(0.060767619924915,0.174552546464115,0.005));
#5242=CARTESIAN_POINT('',(0.060795147985058,0.174647301340329,0.005));
#5243=CARTESIAN_POINT('',(0.0608262465365404,0.174746868783591,0.005));
#5244=CARTESIAN_POINT('',(0.0608611183035187,0.174851141701636,0.005));
#5245=CARTESIAN_POINT('',(0.0608999636178815,0.174960006970796,0.005));
#5246=CARTESIAN_POINT('',(0.0609429777950869,0.175073344818635,0.005));
#5247=CARTESIAN_POINT('',(0.0609903604769062,0.175191031574089,0.005));
#5248=CARTESIAN_POINT('',(0.0610422787712243,0.17531292943404,0.005));
#5249=CARTESIAN_POINT('',(0.0610990085551275,0.175438926313114,0.005));
#5250=CARTESIAN_POINT('',(0.0611573626512589,0.175562378817265,0.005));
#5251=CARTESIAN_POINT('',(0.0611984701954282,0.175644281668066,0.005));
#5252=CARTESIAN_POINT('',(0.0612177010502221,0.175682448878163,0.005));
#5253=CARTESIAN_POINT('',(0.0606385135333781,0.173757074381283,0.005));
#5254=CARTESIAN_POINT('',(0.060271287461272,0.173742822000148,0.005));
#5255=CARTESIAN_POINT('',(0.0603055184210615,0.173376917149419,0.005));
#5256=CARTESIAN_POINT('',(0.0615862597582797,0.159686694301445,0.005));
#5257=CARTESIAN_POINT('',(0.0599926564444457,0.173344034030623,0.005));
#5258=CARTESIAN_POINT('',(0.0599500634794398,0.173709059999199,0.005));
#5259=CARTESIAN_POINT('',(0.0595878989414238,0.173646650338038,0.005));
#5260=CARTESIAN_POINT('',(0.0596379294598505,0.173297958351792,0.005));
#5261=CARTESIAN_POINT('',(0.0596154944936914,0.173455964344867,0.005));
#5262=CARTESIAN_POINT('',(0.0595895631634042,0.173638594689158,0.005));
#5263=CARTESIAN_POINT('',(0.059587238156974,0.173650159751009,0.005));
#5264=CARTESIAN_POINT('',(0.0595842788021552,0.173665772252019,0.005));
#5265=CARTESIAN_POINT('',(0.0595802186894342,0.173684431008753,0.005));
#5266=CARTESIAN_POINT('',(0.0595743505952829,0.173709322805412,0.005));
#5267=CARTESIAN_POINT('',(0.0595666228915604,0.173739287962086,0.005));
#5268=CARTESIAN_POINT('',(0.059556767775898,0.173774606779244,0.005));
#5269=CARTESIAN_POINT('',(0.0595445882834477,0.17381509633099,0.005));
#5270=CARTESIAN_POINT('',(0.0595298684531214,0.173860707812573,0.005));
#5271=CARTESIAN_POINT('',(0.059512401023106,0.173911343970176,0.005));
#5272=CARTESIAN_POINT('',(0.0594919793700163,0.173966913784625,0.005));
#5273=CARTESIAN_POINT('',(0.059468400111775,0.174027316383659,0.005));
#5274=CARTESIAN_POINT('',(0.0594414625655459,0.174092445814217,0.005));
#5275=CARTESIAN_POINT('',(0.0594109691183839,0.17416218974996,0.005));
#5276=CARTESIAN_POINT('',(0.0593767253309624,0.174236429959586,0.005));
#5277=CARTESIAN_POINT('',(0.0593385401158837,0.174315042276871,0.005));
#5278=CARTESIAN_POINT('',(0.0592962258885627,0.17439789671915,0.005));
#5279=CARTESIAN_POINT('',(0.0592495987360542,0.174484857568447,0.005));
#5280=CARTESIAN_POINT('',(0.0591984785270563,0.174575783471765,0.005));
#5281=CARTESIAN_POINT('',(0.0591426892331559,0.174670527528338,0.005));
#5282=CARTESIAN_POINT('',(0.05908205841993,0.174768937435179,0.005));
#5283=CARTESIAN_POINT('',(0.0590164199421212,0.174870855428803,0.005));
#5284=CARTESIAN_POINT('',(0.0589456042332699,0.174976119032797,0.005));
#5285=CARTESIAN_POINT('',(0.0588694764880791,0.175084558711686,0.005));
#5286=CARTESIAN_POINT('',(0.0587877901618979,0.175196007471361,0.005));
#5287=CARTESIAN_POINT('',(0.0587050440239001,0.175304629743309,0.005));
#5288=CARTESIAN_POINT('',(0.0586478062180061,0.1753761960813,0.005));
#5289=CARTESIAN_POINT('',(0.0586210601943444,0.175409530926746,0.005));
#5290=CARTESIAN_POINT('',(0.0578299482045409,0.1729136600726,0.005));
#5291=CARTESIAN_POINT('',(0.0577861767387585,0.173067130852677,0.005));
#5292=CARTESIAN_POINT('',(0.0577355837345924,0.173244519196363,0.005));
#5293=CARTESIAN_POINT('',(0.0577330037992217,0.173256030071395,0.005));
#5294=CARTESIAN_POINT('',(0.0577293571281231,0.17327149647882,0.005));
#5295=CARTESIAN_POINT('',(0.0577254770255787,0.173290193497898,0.005));
#5296=CARTESIAN_POINT('',(0.0577207133905229,0.173315320054584,0.005));
#5297=CARTESIAN_POINT('',(0.0577155850719216,0.173345837727622,0.005));
#5298=CARTESIAN_POINT('',(0.0577102227109413,0.173382111509268,0.005));
#5299=CARTESIAN_POINT('',(0.0577048806465885,0.173424054401222,0.005));
#5300=CARTESIAN_POINT('',(0.0576997760198158,0.173471709657411,0.005));
#5301=CARTESIAN_POINT('',(0.0576951377304012,0.17352507273303,0.005));
#5302=CARTESIAN_POINT('',(0.0576911915590339,0.173584144519225,0.005));
#5303=CARTESIAN_POINT('',(0.0576881643329306,0.173648915587545,0.005));
#5304=CARTESIAN_POINT('',(0.0576862824799776,0.173719370770116,0.005));
#5305=CARTESIAN_POINT('',(0.0576857722158212,0.173795487828148,0.005));
#5306=CARTESIAN_POINT('',(0.0576868592586278,0.173877237837569,0.005));
#5307=CARTESIAN_POINT('',(0.0576897686783756,0.173964585089134,0.005));
#5308=CARTESIAN_POINT('',(0.0576947247108216,0.174057487135299,0.005));
#5309=CARTESIAN_POINT('',(0.0577019505702765,0.174155894795655,0.005));
#5310=CARTESIAN_POINT('',(0.0577116683083161,0.174259752203814,0.005));
#5311=CARTESIAN_POINT('',(0.0577240984848221,0.174368996756455,0.005));
#5312=CARTESIAN_POINT('',(0.0577394605736836,0.174483559453276,0.005));
#5313=CARTESIAN_POINT('',(0.0577579705243368,0.174603363747524,0.005));
#5314=CARTESIAN_POINT('',(0.0577798493285615,0.174728330178502,0.005));
#5315=CARTESIAN_POINT('',(0.0578052890934134,0.174858358698104,0.005));
#5316=CARTESIAN_POINT('',(0.0578345829712623,0.174993397028361,0.005));
#5317=CARTESIAN_POINT('',(0.0578659946715125,0.175126284297894,0.005));
#5318=CARTESIAN_POINT('',(0.057889175357021,0.175214944113912,0.005));
#5319=CARTESIAN_POINT('',(0.0579000505623128,0.17525627559843,0.005));
#5320=CARTESIAN_POINT('',(0.0577338275494405,0.173252555297865,0.005));
#5321=CARTESIAN_POINT('',(0.0573775894847427,0.173162263771891,0.005));
#5322=CARTESIAN_POINT('',(0.0574871483121252,0.172811471836781,0.005));
#5323=CARTESIAN_POINT('',(0.06158625975828,0.159686694301445,0.005));
#5324=CARTESIAN_POINT('',(0.0571879599051659,0.172714259630475,0.005));
#5325=CARTESIAN_POINT('',(0.0570704045323181,0.173062453330473,0.005));
#5326=CARTESIAN_POINT('',(0.0567291298565626,0.172926109228691,0.005));
#5327=CARTESIAN_POINT('',(0.0568505642285599,0.172595438928628,0.005));
#5328=CARTESIAN_POINT('',(0.0567957682270591,0.172745327619909,0.005));
#5329=CARTESIAN_POINT('',(0.0567324325748788,0.172918575626274,0.005));
#5330=CARTESIAN_POINT('',(0.0567277538638536,0.172929404567756,0.005));
#5331=CARTESIAN_POINT('',(0.0567216131565549,0.172944060613697,0.005));
#5332=CARTESIAN_POINT('',(0.056713762393377,0.172961467486929,0.005));
#5333=CARTESIAN_POINT('',(0.0567028472356314,0.172984595292731,0.005));
#5334=CARTESIAN_POINT('',(0.0566890582943862,0.173012298958891,0.005));
#5335=CARTESIAN_POINT('',(0.0566720753416531,0.173044796981394,0.005));
#5336=CARTESIAN_POINT('',(0.0566517437491706,0.173081869480421,0.005));
#5337=CARTESIAN_POINT('',(0.0566278624221972,0.173123423816885,0.005));
#5338=CARTESIAN_POINT('',(0.0566002488482927,0.173169321770046,0.005));
#5339=CARTESIAN_POINT('',(0.0565687198432397,0.173219431350299,0.005));
#5340=CARTESIAN_POINT('',(0.056533097441869,0.173273611604173,0.005));
#5341=CARTESIAN_POINT('',(0.056493207375626,0.173331717169628,0.005));
#5342=CARTESIAN_POINT('',(0.0564488797038418,0.173393597088883,0.005));
#5343=CARTESIAN_POINT('',(0.0563999488178252,0.173459095288063,0.005));
#5344=CARTESIAN_POINT('',(0.0563462536215068,0.173528050584972,0.005));
#5345=CARTESIAN_POINT('',(0.0562876376543898,0.17360029683635,0.005));
#5346=CARTESIAN_POINT('',(0.0562239492398223,0.173675663052332,0.005));
#5347=CARTESIAN_POINT('',(0.056155041571744,0.173753973517419,0.005));
#5348=CARTESIAN_POINT('',(0.0560807730107718,0.173835047942615,0.005));
#5349=CARTESIAN_POINT('',(0.0560010065561596,0.173918701501987,0.005));
#5350=CARTESIAN_POINT('',(0.0559156124941961,0.174004745336018,0.005));
#5351=CARTESIAN_POINT('',(0.0558244587446012,0.174092985263944,0.005));
#5352=CARTESIAN_POINT('',(0.0557274486963038,0.174183227427454,0.005));
#5353=CARTESIAN_POINT('',(0.0556243759122733,0.174275257222143,0.005));
#5354=CARTESIAN_POINT('',(0.0555208541356996,0.174364301947374,0.005));
#5355=CARTESIAN_POINT('',(0.0554499876348559,0.174422403980171,0.005));
#5356=CARTESIAN_POINT('',(0.0554168953719021,0.174449449568263,0.005));
#5357=CARTESIAN_POINT('',(0.0551619918065124,0.171843638049112,0.005));
#5358=CARTESIAN_POINT('',(0.0550872684828997,0.171984654524968,0.005));
#5359=CARTESIAN_POINT('',(0.0550008999467935,0.172147647630702,0.005));
#5360=CARTESIAN_POINT('',(0.0549959831437101,0.172158370566771,0.005));
#5361=CARTESIAN_POINT('',(0.0549892005142057,0.172172740810532,0.005));
#5362=CARTESIAN_POINT('',(0.0549815178723614,0.172190222536205,0.005));
#5363=CARTESIAN_POINT('',(0.0549716342292759,0.172213809601922,0.005));
#5364=CARTESIAN_POINT('',(0.054960272995739,0.172242594153193,0.005));
#5365=CARTESIAN_POINT('',(0.0549474860719375,0.172276960368141,0.005));
#5366=CARTESIAN_POINT('',(0.054933540326924,0.172316876029642,0.005));
#5367=CARTESIAN_POINT('',(0.054918639163603,0.172362428592563,0.005));
#5368=CARTESIAN_POINT('',(0.0549030074246613,0.172413661202352,0.005));
#5369=CARTESIAN_POINT('',(0.0548868657716589,0.172470621673129,0.005));
#5370=CARTESIAN_POINT('',(0.0548704380353785,0.172533347942505,0.005));
#5371=CARTESIAN_POINT('',(0.0548539488492923,0.172601872251068,0.005));
#5372=CARTESIAN_POINT('',(0.0548376241093968,0.172676219878871,0.005));
#5373=CARTESIAN_POINT('',(0.054821690615027,0.172756409463354,0.005));
#5374=CARTESIAN_POINT('',(0.0548063759422115,0.172842452870283,0.005));
#5375=CARTESIAN_POINT('',(0.054791908251959,0.172934355200929,0.005));
#5376=CARTESIAN_POINT('',(0.0547785161059941,0.173032114758456,0.005));
#5377=CARTESIAN_POINT('',(0.0547664283188079,0.173135723064412,0.005));
#5378=CARTESIAN_POINT('',(0.0547558736464816,0.173245164740486,0.005));
#5379=CARTESIAN_POINT('',(0.0547470811128431,0.173360417925385,0.005));
#5380=CARTESIAN_POINT('',(0.05474027786328,0.173481452643498,0.005));
#5381=CARTESIAN_POINT('',(0.0547356965811791,0.17360823711731,0.005));
#5382=CARTESIAN_POINT('',(0.0547335459767673,0.17374071342631,0.005));
#5383=CARTESIAN_POINT('',(0.0547341236655324,0.173878891384733,0.005));
#5384=CARTESIAN_POINT('',(0.0547372201278703,0.174015405608306,0.005));
#5385=CARTESIAN_POINT('',(0.054741460847528,0.174106947530143,0.005));
#5386=CARTESIAN_POINT('',(0.0547435051046614,0.17414963690488,0.005));
#5387=CARTESIAN_POINT('',(0.0549975113390499,0.172155142992682,0.005));
#5388=CARTESIAN_POINT('',(0.0546678305946077,0.171992758494817,0.005));
#5389=CARTESIAN_POINT('',(0.054847929043105,0.171672410766179,0.005));
#5390=CARTESIAN_POINT('',(0.0615862597582803,0.159686694301445,0.005));
#5391=CARTESIAN_POINT('',(0.0545754901748515,0.171515118112255,0.005));
#5392=CARTESIAN_POINT('',(0.0543881101280485,0.171831261808164,0.005));
#5393=CARTESIAN_POINT('',(0.0540826406555014,0.171626942157263,0.005));
#5394=CARTESIAN_POINT('',(0.0542701716163064,0.171328745422228,0.005));
#5395=CARTESIAN_POINT('',(0.05418540942767,0.171463965956659,0.005));
#5396=CARTESIAN_POINT('',(0.0540874375255149,0.171620259855883,0.005));
#5397=CARTESIAN_POINT('',(0.0540806095920176,0.171629879400292,0.005));
#5398=CARTESIAN_POINT('',(0.0540715559106143,0.171642938451629,0.005));
#5399=CARTESIAN_POINT('',(0.0540602576130024,0.171658332677469,0.005));
#5400=CARTESIAN_POINT('',(0.0540447724364328,0.171678685696322,0.005));
#5401=CARTESIAN_POINT('',(0.0540255249005641,0.17170291708882,0.005));
#5402=CARTESIAN_POINT('',(0.0540021563472879,0.171731173997142,0.005));
#5403=CARTESIAN_POINT('',(0.0539745612429264,0.171763209197348,0.005));
#5404=CARTESIAN_POINT('',(0.0539425621478901,0.171798890264791,0.005));
#5405=CARTESIAN_POINT('',(0.0539060092757808,0.171838044052714,0.005));
#5406=CARTESIAN_POINT('',(0.0538647508875782,0.171880503369661,0.005));
#5407=CARTESIAN_POINT('',(0.0538186422129531,0.171926093341295,0.005));
#5408=CARTESIAN_POINT('',(0.0537675430140049,0.171974635549615,0.005));
#5409=CARTESIAN_POINT('',(0.0537113184495631,0.172025947002977,0.005));
#5410=CARTESIAN_POINT('',(0.053649838979467,0.172079840606114,0.005));
#5411=CARTESIAN_POINT('',(0.0535829805396462,0.172136125205287,0.005));
#5412=CARTESIAN_POINT('',(0.0535106246317666,0.172194605757902,0.005));
#5413=CARTESIAN_POINT('',(0.0534326584444677,0.172255083475283,0.005));
#5414=CARTESIAN_POINT('',(0.0533489749130598,0.172317355959039,0.005));
#5415=CARTESIAN_POINT('',(0.0532594729775102,0.172381217411439,0.005));
#5416=CARTESIAN_POINT('',(0.0531640570583402,0.172446458561384,0.005));
#5417=CARTESIAN_POINT('',(0.053062639542496,0.17251286770739,0.005));
#5418=CARTESIAN_POINT('',(0.0529551316084189,0.172580227450978,0.005));
#5419=CARTESIAN_POINT('',(0.0528414790616314,0.172648328083531,0.005));
#5420=CARTESIAN_POINT('',(0.0527215245950117,0.172716916769597,0.005));
#5421=CARTESIAN_POINT('',(0.0526017515782512,0.172782492266337,0.005));
#5422=CARTESIAN_POINT('',(0.0525203535885998,0.172824590656301,0.005));
#5423=CARTESIAN_POINT('',(0.0524823613770393,0.172844164965061,0.005));
#5424=CARTESIAN_POINT('',(0.052774806745034,0.170242299248363,0.005));
#5425=CARTESIAN_POINT('',(0.0526723973313951,0.170364698323329,0.005));
#5426=CARTESIAN_POINT('',(0.052554027982819,0.170506172610265,0.005));
#5427=CARTESIAN_POINT('',(0.052546989199911,0.170515638963611,0.005));
#5428=CARTESIAN_POINT('',(0.0525373670454568,0.170528284995099,0.005));
#5429=CARTESIAN_POINT('',(0.0525262176326267,0.170543787392066,0.005));
#5430=CARTESIAN_POINT('',(0.0525116459441412,0.170564804098861,0.005));
#5431=CARTESIAN_POINT('',(0.0524945483360916,0.17059059750535,0.005));
#5432=CARTESIAN_POINT('',(0.0524748956993975,0.1706215541851,0.005));
#5433=CARTESIAN_POINT('',(0.0524529557696994,0.170657698110204,0.005));
#5434=CARTESIAN_POINT('',(0.0524289093221709,0.17069915711427,0.005));
#5435=CARTESIAN_POINT('',(0.0524029673157034,0.170746020147341,0.005));
#5436=CARTESIAN_POINT('',(0.0523753356487583,0.1707983798568,0.005));
#5437=CARTESIAN_POINT('',(0.0523462253732053,0.170856319888267,0.005));
#5438=CARTESIAN_POINT('',(0.0523158495105418,0.17091991848172,0.005));
#5439=CARTESIAN_POINT('',(0.0522844237643754,0.170989247331203,0.005));
#5440=CARTESIAN_POINT('',(0.0522521661029904,0.171064371821114,0.005));
#5441=CARTESIAN_POINT('',(0.0522192966623016,0.171145350873641,0.005));
#5442=CARTESIAN_POINT('',(0.0521860375568384,0.17123223691592,0.005));
#5443=CARTESIAN_POINT('',(0.0521526127064951,0.171325075808854,0.005));
#5444=CARTESIAN_POINT('',(0.0521192476883867,0.171423906832468,0.005));
#5445=CARTESIAN_POINT('',(0.0520861694570558,0.171528762505571,0.005));
#5446=CARTESIAN_POINT('',(0.0520536065768284,0.171639669061321,0.005));
#5447=CARTESIAN_POINT('',(0.0520217874617005,0.171756644405329,0.005));
#5448=CARTESIAN_POINT('',(0.0519909463172854,0.171879705832092,0.005));
#5449=CARTESIAN_POINT('',(0.0519612993353425,0.172008840080094,0.005));
#5450=CARTESIAN_POINT('',(0.0519331355872525,0.172144118626848,0.005));
#5451=CARTESIAN_POINT('',(0.0519077814814155,0.172278293477822,0.005));
#5452=CARTESIAN_POINT('',(0.0518928968954241,0.172368716684228,0.005));
#5453=CARTESIAN_POINT('',(0.0518860208605529,0.17241089821866,0.005));
#5454=CARTESIAN_POINT('',(0.0525491550509024,0.170512799649435,0.005));
#5455=CARTESIAN_POINT('',(0.0522604402572315,0.170285419161447,0.005));
#5456=CARTESIAN_POINT('',(0.0525032071604361,0.170009516372219,0.005));
#5457=CARTESIAN_POINT('',(0.0615862597582807,0.159686694301445,0.005));
#5458=CARTESIAN_POINT('',(0.0522694247167378,0.169799017714426,0.005));
#5459=CARTESIAN_POINT('',(0.0520204094031741,0.170069294409711,0.005));
#5460=CARTESIAN_POINT('',(0.051764095615591,0.169805928958869,0.005));
#5461=CARTESIAN_POINT('',(0.0520095271623431,0.16955323841709,0.005));
#5462=CARTESIAN_POINT('',(0.0518985033009485,0.169667881008457,0.005));
#5463=CARTESIAN_POINT('',(0.0517701769910642,0.169800390007161,0.005));
#5464=CARTESIAN_POINT('',(0.0517614982485526,0.169808379734249,0.005));
#5465=CARTESIAN_POINT('',(0.0517499272823665,0.169819271047772,0.005));
#5466=CARTESIAN_POINT('',(0.0517356752401416,0.169831979824684,0.005));
#5467=CARTESIAN_POINT('',(0.0517162968212701,0.169848668531999,0.005));
#5468=CARTESIAN_POINT('',(0.0516924319004552,0.169868368622706,0.005));
#5469=CARTESIAN_POINT('',(0.0516636990645488,0.169891149454362,0.005));
#5470=CARTESIAN_POINT('',(0.051630046486785,0.169916747263777,0.005));
#5471=CARTESIAN_POINT('',(0.0515913281376875,0.169944995628334,0.005));
#5472=CARTESIAN_POINT('',(0.0515474335032847,0.169975694042607,0.005));
#5473=CARTESIAN_POINT('',(0.0514982489214768,0.170008647420355,0.005));
#5474=CARTESIAN_POINT('',(0.0514436691439325,0.170043654609224,0.005));
#5475=CARTESIAN_POINT('',(0.0513835940924742,0.170080511932974,0.005));
#5476=CARTESIAN_POINT('',(0.0513179299186364,0.170119012363711,0.005));
#5477=CARTESIAN_POINT('',(0.051246588812315,0.170158945961736,0.005));
#5478=CARTESIAN_POINT('',(0.0511694891636343,0.170200099956107,0.005));
#5479=CARTESIAN_POINT('',(0.0510865556153688,0.170242258929189,0.005));
#5480=CARTESIAN_POINT('',(0.0509977191518466,0.170285204981514,0.005));
#5481=CARTESIAN_POINT('',(0.0509029171289898,0.170328717877584,0.005));
#5482=CARTESIAN_POINT('',(0.0508020934829244,0.170372575305277,0.005));
#5483=CARTESIAN_POINT('',(0.0506951982327207,0.170416552694479,0.005));
#5484=CARTESIAN_POINT('',(0.0505821896950933,0.170460424754114,0.005));
#5485=CARTESIAN_POINT('',(0.0504630261891335,0.17050396036934,0.005));
#5486=CARTESIAN_POINT('',(0.0503376983055161,0.170546943146513,0.005));
#5487=CARTESIAN_POINT('',(0.0502061047421039,0.170589093069249,0.005));
#5488=CARTESIAN_POINT('',(0.0500753151407235,0.170628333373623,0.005));
#5489=CARTESIAN_POINT('',(0.0499869431450032,0.170652588219104,0.005));
#5490=CARTESIAN_POINT('',(0.0499457114267881,0.170663835757309,0.005));
#5491=CARTESIAN_POINT('',(0.050772724462277,0.168179629860022,0.005));
#5492=CARTESIAN_POINT('',(0.0506471047414029,0.168278062107186,0.005));
#5493=CARTESIAN_POINT('',(0.0505019078888888,0.168391834470114,0.005));
#5494=CARTESIAN_POINT('',(0.0504930547547451,0.168399630515672,0.005));
#5495=CARTESIAN_POINT('',(0.0504810136096631,0.16840999964263,0.005));
#5496=CARTESIAN_POINT('',(0.0504668847086884,0.168422845181755,0.005));
#5497=CARTESIAN_POINT('',(0.0504482618275127,0.168440372998691,0.005));
#5498=CARTESIAN_POINT('',(0.0504261750924654,0.168462047964764,0.005));
#5499=CARTESIAN_POINT('',(0.0504005156574061,0.168488242153864,0.005));
#5500=CARTESIAN_POINT('',(0.0503715404232307,0.168519034679605,0.005));
#5501=CARTESIAN_POINT('',(0.0503393996366393,0.168554588167398,0.005));
#5502=CARTESIAN_POINT('',(0.0503042811528123,0.168595033484332,0.005));
#5503=CARTESIAN_POINT('',(0.0502663671083615,0.168640504061919,0.005));
#5504=CARTESIAN_POINT('',(0.0502258465522641,0.168691125598076,0.005));
#5505=CARTESIAN_POINT('',(0.0501829115839813,0.168747018912704,0.005));
#5506=CARTESIAN_POINT('',(0.0501377582874488,0.168808298980467,0.005));
#5507=CARTESIAN_POINT('',(0.0500905862736407,0.16887507507511,0.005));
#5508=CARTESIAN_POINT('',(0.0500415986173617,0.168947450600059,0.005));
#5509=CARTESIAN_POINT('',(0.0499910016791915,0.169025523017,0.005));
#5510=CARTESIAN_POINT('',(0.04993900495082,0.169109383740227,0.005));
#5511=CARTESIAN_POINT('',(0.0498858209131837,0.169199118091525,0.005));
#5512=CARTESIAN_POINT('',(0.0498316648002843,0.169294805065588,0.005));
#5513=CARTESIAN_POINT('',(0.0497767547275882,0.169396517843515,0.005));
#5514=CARTESIAN_POINT('',(0.0497213103949116,0.169504321429575,0.005));
#5515=CARTESIAN_POINT('',(0.0496655572941853,0.169618281434423,0.005));
#5516=CARTESIAN_POINT('',(0.0496097096500842,0.169738429835137,0.005));
#5517=CARTESIAN_POINT('',(0.0495540353560755,0.169864896648589,0.005));
#5518=CARTESIAN_POINT('',(0.0495013387781511,0.169990868042134,0.005));
#5519=CARTESIAN_POINT('',(0.0494679794143426,0.17007622060509,0.005));
#5520=CARTESIAN_POINT('',(0.0494524836031857,0.170116050763754,0.005));
#5521=CARTESIAN_POINT('',(0.0504957636033068,0.168397303553066,0.005));
#5522=CARTESIAN_POINT('',(0.050260632982298,0.16811486469337,0.005));
#5523=CARTESIAN_POINT('',(0.050555458261615,0.16789546511937,0.005));
#5524=CARTESIAN_POINT('',(0.0615862597582809,0.159686694301445,0.005));
#5525=CARTESIAN_POINT('',(0.0503705496570742,0.16764096025914,0.005));
#5526=CARTESIAN_POINT('',(0.0500707822408606,0.167853557565285,0.005));
#5527=CARTESIAN_POINT('',(0.0498748262806889,0.167542656648471,0.005));
#5528=CARTESIAN_POINT('',(0.0501674318770837,0.167346516089167,0.005));
#5529=CARTESIAN_POINT('',(0.0500349986184255,0.167435570306111,0.005));
#5530=CARTESIAN_POINT('',(0.0498819263763319,0.167538503125205,0.005));
#5531=CARTESIAN_POINT('',(0.049871776127499,0.167544513845555,0.005));
#5532=CARTESIAN_POINT('',(0.0498581935832761,0.167552761418603,0.005));
#5533=CARTESIAN_POINT('',(0.0498416106790722,0.167562229312051,0.005));
#5534=CARTESIAN_POINT('',(0.0498191859477915,0.167574524331238,0.005));
#5535=CARTESIAN_POINT('',(0.0497917466535866,0.167588832131659,0.005));
#5536=CARTESIAN_POINT('',(0.0497589052978547,0.167605141254991,0.005));
#5537=CARTESIAN_POINT('',(0.0497206660258198,0.167623182926511,0.005));
#5538=CARTESIAN_POINT('',(0.0496769206003079,0.1676427639991,0.005));
#5539=CARTESIAN_POINT('',(0.0496276026097649,0.167663665371711,0.005));
#5540=CARTESIAN_POINT('',(0.0495726414365903,0.167685672589526,0.005));
#5541=CARTESIAN_POINT('',(0.0495119759543083,0.167708567013493,0.005));
#5542=CARTESIAN_POINT('',(0.0494455506183607,0.167732128610763,0.005));
#5543=CARTESIAN_POINT('',(0.0493733166746153,0.167756135365308,0.005));
#5544=CARTESIAN_POINT('',(0.0492952318807475,0.167780363668364,0.005));
#5545=CARTESIAN_POINT('',(0.0492112606478195,0.1678045884309,0.005));
#5546=CARTESIAN_POINT('',(0.0491213740531866,0.167828583275024,0.005));
#5547=CARTESIAN_POINT('',(0.0490255498931817,0.16785212071373,0.005));
#5548=CARTESIAN_POINT('',(0.0489237726821853,0.167874972299758,0.005));
#5549=CARTESIAN_POINT('',(0.0488160338027427,0.167896908922702,0.005));
#5550=CARTESIAN_POINT('',(0.0487023310568795,0.167917700528225,0.005));
#5551=CARTESIAN_POINT('',(0.0485826705128384,0.167937118081961,0.005));
#5552=CARTESIAN_POINT('',(0.0484570594520164,0.167954926853534,0.005));
#5553=CARTESIAN_POINT('',(0.0483255336614729,0.167970913221708,0.005));
#5554=CARTESIAN_POINT('',(0.0481880522714453,0.167984782227234,0.005));
#5555=CARTESIAN_POINT('',(0.0480519622186236,0.167995972349646,0.005));
#5556=CARTESIAN_POINT('',(0.0479604784971032,0.168001323597508,0.005));
#5557=CARTESIAN_POINT('',(0.0479178092961711,0.168003752793768,0.005));
#5558=CARTESIAN_POINT('',(0.0492432455610547,0.165745778434144,0.005));
#5559=CARTESIAN_POINT('',(0.0490999057175379,0.165815941891977,0.005));
#5560=CARTESIAN_POINT('',(0.0489342271602724,0.165897039932696,0.005));
#5561=CARTESIAN_POINT('',(0.0489239465993372,0.165902824945866,0.005));
#5562=CARTESIAN_POINT('',(0.0489100127194471,0.165910463987686,0.005));
#5563=CARTESIAN_POINT('',(0.0488935218310987,0.165920091257272,0.005));
#5564=CARTESIAN_POINT('',(0.0488716616665024,0.16593336413464,0.005));
#5565=CARTESIAN_POINT('',(0.0488455511007631,0.165949973360273,0.005));
#5566=CARTESIAN_POINT('',(0.0488150063077783,0.165970260246965,0.005));
#5567=CARTESIAN_POINT('',(0.0487802621258977,0.16599435559221,0.005));
#5568=CARTESIAN_POINT('',(0.048741431706846,0.166022449705708,0.005));
#5569=CARTESIAN_POINT('',(0.0486986715919198,0.166054709652076,0.005));
#5570=CARTESIAN_POINT('',(0.0486521321956376,0.16609130381536,0.005));
#5571=CARTESIAN_POINT('',(0.0486019723017365,0.166132394452165,0.005));
#5572=CARTESIAN_POINT('',(0.0485483546919731,0.166178139681916,0.005));
#5573=CARTESIAN_POINT('',(0.0484914472608027,0.166228692734943,0.005));
#5574=CARTESIAN_POINT('',(0.0484314225379312,0.166284201998554,0.005));
#5575=CARTESIAN_POINT('',(0.0483684576617103,0.166344810838188,0.005));
#5576=CARTESIAN_POINT('',(0.0483027342198222,0.166410657490538,0.005));
#5577=CARTESIAN_POINT('',(0.0482344381199603,0.166481874928045,0.005));
#5578=CARTESIAN_POINT('',(0.0481637594604462,0.166558590785281,0.005));
#5579=CARTESIAN_POINT('',(0.0480908923479819,0.166640927080382,0.005));
#5580=CARTESIAN_POINT('',(0.0480160349164815,0.166729000744018,0.005));
#5581=CARTESIAN_POINT('',(0.0479393885496458,0.16682292103812,0.005));
#5582=CARTESIAN_POINT('',(0.0478611601706431,0.166922799022002,0.005));
#5583=CARTESIAN_POINT('',(0.0477815526744177,0.167028710513778,0.005));
#5584=CARTESIAN_POINT('',(0.0477008010682933,0.167140838387326,0.005));
#5585=CARTESIAN_POINT('',(0.047623065111603,0.167253100769066,0.005));
#5586=CARTESIAN_POINT('',(0.0475726889342519,0.167329652372005,0.005));
#5587=CARTESIAN_POINT('',(0.0475492505881139,0.167365390385841,0.005));
#5588=CARTESIAN_POINT('',(0.0489270800557886,0.165901112034259,0.005));
#5589=CARTESIAN_POINT('',(0.0487558099438618,0.165575958736317,0.005));
#5590=CARTESIAN_POINT('',(0.0490898083198564,0.165422651191726,0.005));
#5591=CARTESIAN_POINT('',(0.0615862597582811,0.159686694301446,0.005));
#5592=CARTESIAN_POINT('',(0.0489618549477814,0.1651352632127,0.005));
#5593=CARTESIAN_POINT('',(0.0486244367034501,0.16528088960727,0.005));
#5594=CARTESIAN_POINT('',(0.0484974027864503,0.164936041086418,0.005));
#5595=CARTESIAN_POINT('',(0.048824394163848,0.164805022793217,0.005));
#5596=CARTESIAN_POINT('',(0.0486763394768148,0.164864596539128,0.005));
#5597=CARTESIAN_POINT('',(0.0485052112940135,0.164933454520491,0.005));
#5598=CARTESIAN_POINT('',(0.0484940331534396,0.164937223536784,0.005));
#5599=CARTESIAN_POINT('',(0.0484790326535387,0.164942466910836,0.005));
#5600=CARTESIAN_POINT('',(0.0484608436398431,0.164948280128446,0.005));
#5601=CARTESIAN_POINT('',(0.0484363526645161,0.164955644108167,0.005));
#5602=CARTESIAN_POINT('',(0.0484065382257463,0.164963934298768,0.005));
#5603=CARTESIAN_POINT('',(0.0483710236750246,0.164973058926826,0.005));
#5604=CARTESIAN_POINT('',(0.0483298689483989,0.164982755952832,0.005));
#5605=CARTESIAN_POINT('',(0.0482830083314813,0.164992813946622,0.005));
#5606=CARTESIAN_POINT('',(0.0482304224176387,0.165003004787291,0.005));
#5607=CARTESIAN_POINT('',(0.0481720867200983,0.165013104024153,0.005));
#5608=CARTESIAN_POINT('',(0.0481079869057596,0.16502288508703,0.005));
#5609=CARTESIAN_POINT('',(0.0480381143912477,0.165032121202959,0.005));
#5610=CARTESIAN_POINT('',(0.0479624676475533,0.165040585070939,0.005));
#5611=CARTESIAN_POINT('',(0.0478810518463236,0.165048049185924,0.005));
#5612=CARTESIAN_POINT('',(0.0477938789749659,0.165054285978258,0.005));
#5613=CARTESIAN_POINT('',(0.0477009678094747,0.165059068003597,0.005));
#5614=CARTESIAN_POINT('',(0.0476023439285947,0.165062168129667,0.005));
#5615=CARTESIAN_POINT('',(0.0474980396819606,0.165063359681687,0.005));
#5616=CARTESIAN_POINT('',(0.0473880942751608,0.165062416764197,0.005));
#5617=CARTESIAN_POINT('',(0.0472725533892387,0.165059113893111,0.005));
#5618=CARTESIAN_POINT('',(0.0471514705787534,0.165053228300675,0.005));
#5619=CARTESIAN_POINT('',(0.0470249017691758,0.16504453189982,0.005));
#5620=CARTESIAN_POINT('',(0.0468929263798838,0.165032823177997,0.005));
#5621=CARTESIAN_POINT('',(0.046755565759694,0.165017805124219,0.005));
#5622=CARTESIAN_POINT('',(0.0466201230437717,0.165000456002622,0.005));
#5623=CARTESIAN_POINT('',(0.0465295258740692,0.164986669777656,0.005));
#5624=CARTESIAN_POINT('',(0.0464872840392506,0.164980174464438,0.005));
#5625=CARTESIAN_POINT('',(0.0482532156086045,0.163047115956957,0.005));
#5626=CARTESIAN_POINT('',(0.0480984202814275,0.163085944145667,0.005));
#5627=CARTESIAN_POINT('',(0.0479195009673771,0.163130823490649,0.005));
#5628=CARTESIAN_POINT('',(0.0479082422894949,0.163134344638593,0.005));
#5629=CARTESIAN_POINT('',(0.0478930246522102,0.163138919732495,0.005));
#5630=CARTESIAN_POINT('',(0.0478748925074408,0.163144907974661,0.005));
#5631=CARTESIAN_POINT('',(0.0478507504535136,0.163153345824031,0.005));
#5632=CARTESIAN_POINT('',(0.0478217572140974,0.163164163406363,0.005));
#5633=CARTESIAN_POINT('',(0.0477876620172106,0.163177656356353,0.005));
#5634=CARTESIAN_POINT('',(0.0477486673750941,0.163194001438892,0.005));
#5635=CARTESIAN_POINT('',(0.0477048443992238,0.163213408330525,0.005));
#5636=CARTESIAN_POINT('',(0.0476563114754064,0.163236072991871,0.005));
#5637=CARTESIAN_POINT('',(0.0476031807222311,0.163262191400317,0.005));
#5638=CARTESIAN_POINT('',(0.0475455737185836,0.163291955279768,0.005));
#5639=CARTESIAN_POINT('',(0.0474836168141722,0.16332555313859,0.005));
#5640=CARTESIAN_POINT('',(0.0474174423761781,0.163363169765883,0.005));
#5641=CARTESIAN_POINT('',(0.0473471883126634,0.163404986177279,0.005));
#5642=CARTESIAN_POINT('',(0.0472729980837305,0.163451179434475,0.005));
#5643=CARTESIAN_POINT('',(0.0471950205679109,0.163501922507557,0.005));
#5644=CARTESIAN_POINT('',(0.0471134099638437,0.163557384115587,0.005));
#5645=CARTESIAN_POINT('',(0.0470283256790265,0.163617728627676,0.005));
#5646=CARTESIAN_POINT('',(0.0469399322094671,0.163683115752624,0.005));
#5647=CARTESIAN_POINT('',(0.0468483990481248,0.163753701060244,0.005));
#5648=CARTESIAN_POINT('',(0.0467539004611506,0.163829633294857,0.005));
#5649=CARTESIAN_POINT('',(0.0466566157594155,0.163911064110608,0.005));
#5650=CARTESIAN_POINT('',(0.04655672764065,0.163998109853038,0.005));
#5651=CARTESIAN_POINT('',(0.0464544279550868,0.164090998260559,0.005));
#5652=CARTESIAN_POINT('',(0.0463550500539565,0.164184645225718,0.005));
#5653=CARTESIAN_POINT('',(0.0462898587437447,0.164249050196254,0.005));
#5654=CARTESIAN_POINT('',(0.0462595022308214,0.164279134142568,0.005));
#5655=CARTESIAN_POINT('',(0.047911663406753,0.163133320640444,0.005));
#5656=CARTESIAN_POINT('',(0.0478117391296447,0.162779663663634,0.005));
#5657=CARTESIAN_POINT('',(0.0481703132705838,0.1626991484238,0.005));
#5658=CARTESIAN_POINT('',(0.0615862597582812,0.159686694301446,0.005));
#5659=CARTESIAN_POINT('',(0.0481049073073228,0.162391437559703,0.005));
#5660=CARTESIAN_POINT('',(0.0477445850312634,0.162463728470465,0.005));
#5661=CARTESIAN_POINT('',(0.0476920251491847,0.162100003880701,0.005));
#5662=CARTESIAN_POINT('',(0.0480391112153144,0.162039833981712,0.005));
#5663=CARTESIAN_POINT('',(0.0478819058001748,0.162067323598027,0.005));
#5664=CARTESIAN_POINT('',(0.0477002007994183,0.162099097317456,0.005));
#5665=CARTESIAN_POINT('',(0.0476884833054852,0.162100459905592,0.005));
#5666=CARTESIAN_POINT('',(0.0476727204437323,0.162102469920045,0.005));
#5667=CARTESIAN_POINT('',(0.0476537202677241,0.162104374396309,0.005));
#5668=CARTESIAN_POINT('',(0.0476282334214932,0.162106485495317,0.005));
#5669=CARTESIAN_POINT('',(0.0475973468721983,0.162108395754986,0.005));
#5670=CARTESIAN_POINT('',(0.0475607112827711,0.162109937097741,0.005));
#5671=CARTESIAN_POINT('',(0.0475184397605905,0.162110865671664,0.005));
#5672=CARTESIAN_POINT('',(0.0474705119860886,0.162110961004061,0.005));
#5673=CARTESIAN_POINT('',(0.0474169564057167,0.162109995924152,0.005));
#5674=CARTESIAN_POINT('',(0.0473577957337186,0.162107745794946,0.005));
#5675=CARTESIAN_POINT('',(0.0472930630567948,0.162103986017352,0.005));
#5676=CARTESIAN_POINT('',(0.0472227971278884,0.162098492989354,0.005));
#5677=CARTESIAN_POINT('',(0.0471470437099377,0.162091044059126,0.005));
#5678=CARTESIAN_POINT('',(0.0470658551625362,0.162081417768397,0.005));
#5679=CARTESIAN_POINT('',(0.046979290525529,0.162069394012778,0.005));
#5680=CARTESIAN_POINT('',(0.0468874154529487,0.162054754221876,0.005));
#5681=CARTESIAN_POINT('',(0.046790302188038,0.162037281544925,0.005));
#5682=CARTESIAN_POINT('',(0.0466880295018512,0.162016760986397,0.005));
#5683=CARTESIAN_POINT('',(0.0465806827095481,0.161992979738491,0.005));
#5684=CARTESIAN_POINT('',(0.0464683533747085,0.161965726742113,0.005));
#5685=CARTESIAN_POINT('',(0.0463511401976172,0.161934795232135,0.005));
#5686=CARTESIAN_POINT('',(0.046229145303607,0.1618999737333,0.005));
#5687=CARTESIAN_POINT('',(0.0461024882733668,0.161861081648806,0.005));
#5688=CARTESIAN_POINT('',(0.0459712517412463,0.161817832896741,0.005));
#5689=CARTESIAN_POINT('',(0.0458423758588356,0.161772702771,0.005));
#5690=CARTESIAN_POINT('',(0.0457566247720005,0.16174038159739,0.005));
#5691=CARTESIAN_POINT('',(0.0457166564741756,0.161725245651049,0.005));
#5692=CARTESIAN_POINT('',(0.0478459036645394,0.160201586928331,0.005));
#5693=CARTESIAN_POINT('',(0.0476864181522902,0.160207382869754,0.005));
#5694=CARTESIAN_POINT('',(0.047502077714029,0.160214082076267,0.005));
#5695=CARTESIAN_POINT('',(0.0474903329774482,0.160215185467925,0.005));
#5696=CARTESIAN_POINT('',(0.0474744966665406,0.160216496660351,0.005));
#5697=CARTESIAN_POINT('',(0.0474555157270844,0.160218584160182,0.005));
#5698=CARTESIAN_POINT('',(0.0474301469074293,0.160221818207047,0.005));
#5699=CARTESIAN_POINT('',(0.0473995381380237,0.16022637136582,0.005));
#5700=CARTESIAN_POINT('',(0.0473633826609459,0.160232480672446,0.005));
#5701=CARTESIAN_POINT('',(0.0473218418115709,0.16024036113374,0.005));
#5702=CARTESIAN_POINT('',(0.0472749415532136,0.160250232629218,0.005));
#5703=CARTESIAN_POINT('',(0.0472227569421627,0.160262311451084,0.005));
#5704=CARTESIAN_POINT('',(0.0471653569009577,0.160276812604913,0.005));
#5705=CARTESIAN_POINT('',(0.0471028204900523,0.160293948902656,0.005));
#5706=CARTESIAN_POINT('',(0.0470352321050178,0.160313931002899,0.005));
#5707=CARTESIAN_POINT('',(0.0469626828006805,0.160336967177341,0.005));
#5708=CARTESIAN_POINT('',(0.0468852698362145,0.160363263158687,0.005));
#5709=CARTESIAN_POINT('',(0.0468030967235782,0.160393021966443,0.005));
#5710=CARTESIAN_POINT('',(0.0467162731254462,0.160426443744473,0.005));
#5711=CARTESIAN_POINT('',(0.0466249147921824,0.16046372558462,0.005));
#5712=CARTESIAN_POINT('',(0.0465291434735883,0.160505061406819,0.005));
#5713=CARTESIAN_POINT('',(0.0464290868657125,0.160550641630493,0.005));
#5714=CARTESIAN_POINT('',(0.0463248784129039,0.160600653665448,0.005));
#5715=CARTESIAN_POINT('',(0.0462166576474965,0.160655279237554,0.005));
#5716=CARTESIAN_POINT('',(0.0461045684313186,0.16071470396778,0.005));
#5717=CARTESIAN_POINT('',(0.0459887652801194,0.160779079644226,0.005));
#5718=CARTESIAN_POINT('',(0.0458693885022647,0.160848668916583,0.005));
#5719=CARTESIAN_POINT('',(0.045752711947842,0.160919607643415,0.005));
#5720=CARTESIAN_POINT('',(0.0456755546778484,0.160969051175288,0.005));
#5721=CARTESIAN_POINT('',(0.0456396067234213,0.160992166241265,0.005));
#5722=CARTESIAN_POINT('',(0.0474938922362727,0.160214895136867,0.005));
#5723=CARTESIAN_POINT('',(0.0474696809643823,0.159848190988109,0.005));
#5724=CARTESIAN_POINT('',(0.0478371594596773,0.159843986955371,0.005));
#5725=CARTESIAN_POINT('',(0.0615862597582812,0.159686694301447,0.005));
#5726=CARTESIAN_POINT('',(0.0478371594596773,0.159529401647523,0.005));
#5727=CARTESIAN_POINT('',(0.0474696809643718,0.159525197614784,0.005));
#5728=CARTESIAN_POINT('',(0.0474938922362714,0.159158493466026,0.005));
#5729=CARTESIAN_POINT('',(0.0478459036645394,0.159171801674562,0.005));
#5730=CARTESIAN_POINT('',(0.0476864181522902,0.159166005733139,0.005));
#5731=CARTESIAN_POINT('',(0.047502077714029,0.159159306526627,0.005));
#5732=CARTESIAN_POINT('',(0.0474903329774482,0.159158203134968,0.005));
#5733=CARTESIAN_POINT('',(0.0474744966665406,0.159156891942543,0.005));
#5734=CARTESIAN_POINT('',(0.0474555157270844,0.159154804442712,0.005));
#5735=CARTESIAN_POINT('',(0.0474301469074293,0.159151570395847,0.005));
#5736=CARTESIAN_POINT('',(0.0473995381380237,0.159147017237073,0.005));
#5737=CARTESIAN_POINT('',(0.0473633826609459,0.159140907930447,0.005));
#5738=CARTESIAN_POINT('',(0.0473218418115709,0.159133027469153,0.005));
#5739=CARTESIAN_POINT('',(0.0472749415532136,0.159123155973675,0.005));
#5740=CARTESIAN_POINT('',(0.0472227569421627,0.159111077151809,0.005));
#5741=CARTESIAN_POINT('',(0.0471653569009577,0.15909657599798,0.005));
#5742=CARTESIAN_POINT('',(0.0471028204900523,0.159079439700237,0.005));
#5743=CARTESIAN_POINT('',(0.0470352321050178,0.159059457599995,0.005));
#5744=CARTESIAN_POINT('',(0.0469626828006805,0.159036421425552,0.005));
#5745=CARTESIAN_POINT('',(0.0468852698362145,0.159010125444206,0.005));
#5746=CARTESIAN_POINT('',(0.0468030967235782,0.158980366636451,0.005));
#5747=CARTESIAN_POINT('',(0.0467162731254462,0.15894694485842,0.005));
#5748=CARTESIAN_POINT('',(0.0466249147921824,0.158909663018274,0.005));
#5749=CARTESIAN_POINT('',(0.0465291434735883,0.158868327196075,0.005));
#5750=CARTESIAN_POINT('',(0.0464290868657125,0.158822746972401,0.005));
#5751=CARTESIAN_POINT('',(0.0463248784129039,0.158772734937446,0.005));
#5752=CARTESIAN_POINT('',(0.0462166576474965,0.158718109365339,0.005));
#5753=CARTESIAN_POINT('',(0.0461045684313186,0.158658684635114,0.005));
#5754=CARTESIAN_POINT('',(0.0459887652801194,0.158594308958668,0.005));
#5755=CARTESIAN_POINT('',(0.0458693885022647,0.158524719686311,0.005));
#5756=CARTESIAN_POINT('',(0.045752711947842,0.158453780959478,0.005));
#5757=CARTESIAN_POINT('',(0.0456755546778484,0.158404337427606,0.005));
#5758=CARTESIAN_POINT('',(0.0456396067234213,0.158381222361628,0.005));
#5759=CARTESIAN_POINT('',(0.0456396067234213,0.158381222361628,0.005));
#5760=CARTESIAN_POINT('',(0.0615862597582795,0.159686694301447,0.005));
#5761=CARTESIAN_POINT('',(0.0457166564741756,0.157648142951845,0.005));
#5762=CARTESIAN_POINT('',(0.0480391112153144,0.157333554621182,0.005));
#5763=CARTESIAN_POINT('',(0.0478819058001748,0.157306065004866,0.005));
#5764=CARTESIAN_POINT('',(0.0477002007994183,0.157274291285438,0.005));
#5765=CARTESIAN_POINT('',(0.0476884833054852,0.157272928697301,0.005));
#5766=CARTESIAN_POINT('',(0.0476727204437323,0.157270918682849,0.005));
#5767=CARTESIAN_POINT('',(0.0476537202677241,0.157269014206584,0.005));
#5768=CARTESIAN_POINT('',(0.0476282334214932,0.157266903107577,0.005));
#5769=CARTESIAN_POINT('',(0.0475973468721983,0.157264992847907,0.005));
#5770=CARTESIAN_POINT('',(0.0475607112827711,0.157263451505153,0.005));
#5771=CARTESIAN_POINT('',(0.0475184397605905,0.157262522931229,0.005));
#5772=CARTESIAN_POINT('',(0.0474705119860886,0.157262427598832,0.005));
#5773=CARTESIAN_POINT('',(0.0474169564057167,0.157263392678742,0.005));
#5774=CARTESIAN_POINT('',(0.0473577957337186,0.157265642807947,0.005));
#5775=CARTESIAN_POINT('',(0.0472930630567949,0.157269402585541,0.005));
#5776=CARTESIAN_POINT('',(0.0472227971278884,0.157274895613539,0.005));
#5777=CARTESIAN_POINT('',(0.0471470437099377,0.157282344543767,0.005));
#5778=CARTESIAN_POINT('',(0.0470658551625362,0.157291970834497,0.005));
#5779=CARTESIAN_POINT('',(0.0469792905255289,0.157303994590115,0.005));
#5780=CARTESIAN_POINT('',(0.0468874154529487,0.157318634381018,0.005));
#5781=CARTESIAN_POINT('',(0.046790302188038,0.157336107057969,0.005));
#5782=CARTESIAN_POINT('',(0.0466880295018512,0.157356627616496,0.005));
#5783=CARTESIAN_POINT('',(0.0465806827095481,0.157380408864403,0.005));
#5784=CARTESIAN_POINT('',(0.0464683533747085,0.157407661860781,0.005));
#5785=CARTESIAN_POINT('',(0.0463511401976172,0.157438593370758,0.005));
#5786=CARTESIAN_POINT('',(0.046229145303607,0.157473414869594,0.005));
#5787=CARTESIAN_POINT('',(0.0461024882733668,0.157512306954088,0.005));
#5788=CARTESIAN_POINT('',(0.0459712517412463,0.157555555706152,0.005));
#5789=CARTESIAN_POINT('',(0.0458423758588356,0.157600685831894,0.005));
#5790=CARTESIAN_POINT('',(0.0457566247720005,0.157633007005504,0.005));
#5791=CARTESIAN_POINT('',(0.0457166564741756,0.157648142951845,0.005));
#5792=CARTESIAN_POINT('',(0.047692025149186,0.157273384722192,0.005));
#5793=CARTESIAN_POINT('',(0.0477445850312737,0.156909660132431,0.005));
#5794=CARTESIAN_POINT('',(0.0481049073073228,0.15698195104319,0.005));
#5795=CARTESIAN_POINT('',(0.0615862597582812,0.159686694301447,0.005));
#5796=CARTESIAN_POINT('',(0.0481703132705839,0.156674240179093,0.005));
#5797=CARTESIAN_POINT('',(0.0478117391296346,0.156593724939257,0.005));
#5798=CARTESIAN_POINT('',(0.0479116634067518,0.156240067962449,0.005));
#5799=CARTESIAN_POINT('',(0.0482532156086046,0.156326272645937,0.005));
#5800=CARTESIAN_POINT('',(0.0480984202814275,0.156287444457227,0.005));
#5801=CARTESIAN_POINT('',(0.0479195009673771,0.156242565112245,0.005));
#5802=CARTESIAN_POINT('',(0.0479082422894949,0.156239043964301,0.005));
#5803=CARTESIAN_POINT('',(0.0478930246522102,0.156234468870398,0.005));
#5804=CARTESIAN_POINT('',(0.0478748925074408,0.156228480628232,0.005));
#5805=CARTESIAN_POINT('',(0.0478507504535136,0.156220042778862,0.005));
#5806=CARTESIAN_POINT('',(0.0478217572140974,0.15620922519653,0.005));
#5807=CARTESIAN_POINT('',(0.0477876620172106,0.15619573224654,0.005));
#5808=CARTESIAN_POINT('',(0.0477486673750941,0.156179387164002,0.005));
#5809=CARTESIAN_POINT('',(0.0477048443992238,0.156159980272369,0.005));
#5810=CARTESIAN_POINT('',(0.0476563114754065,0.156137315611023,0.005));
#5811=CARTESIAN_POINT('',(0.0476031807222312,0.156111197202577,0.005));
#5812=CARTESIAN_POINT('',(0.0475455737185837,0.156081433323125,0.005));
#5813=CARTESIAN_POINT('',(0.0474836168141722,0.156047835464304,0.005));
#5814=CARTESIAN_POINT('',(0.0474174423761781,0.15601021883701,0.005));
#5815=CARTESIAN_POINT('',(0.0473471883126634,0.155968402425614,0.005));
#5816=CARTESIAN_POINT('',(0.0472729980837305,0.155922209168419,0.005));
#5817=CARTESIAN_POINT('',(0.0471950205679109,0.155871466095336,0.005));
#5818=CARTESIAN_POINT('',(0.0471134099638437,0.155816004487307,0.005));
#5819=CARTESIAN_POINT('',(0.0470283256790265,0.155755659975218,0.005));
#5820=CARTESIAN_POINT('',(0.0469399322094671,0.155690272850269,0.005));
#5821=CARTESIAN_POINT('',(0.0468483990481248,0.155619687542649,0.005));
#5822=CARTESIAN_POINT('',(0.0467539004611506,0.155543755308037,0.005));
#5823=CARTESIAN_POINT('',(0.0466566157594155,0.155462324492285,0.005));
#5824=CARTESIAN_POINT('',(0.04655672764065,0.155375278749857,0.005));
#5825=CARTESIAN_POINT('',(0.0464544279550868,0.155282390342335,0.005));
#5826=CARTESIAN_POINT('',(0.0463550500539565,0.155188743377175,0.005));
#5827=CARTESIAN_POINT('',(0.0462898587437447,0.15512433840664,0.005));
#5828=CARTESIAN_POINT('',(0.0462595022308215,0.155094254460326,0.005));
#5829=CARTESIAN_POINT('',(0.048824394163848,0.154568365809677,0.005));
#5830=CARTESIAN_POINT('',(0.0486763394768148,0.154508792063765,0.005));
#5831=CARTESIAN_POINT('',(0.0485052112940135,0.154439934082403,0.005));
#5832=CARTESIAN_POINT('',(0.0484940331534396,0.15443616506611,0.005));
#5833=CARTESIAN_POINT('',(0.0484790326535387,0.154430921692057,0.005));
#5834=CARTESIAN_POINT('',(0.0484608436398431,0.154425108474448,0.005));
#5835=CARTESIAN_POINT('',(0.048436352664516,0.154417744494726,0.005));
#5836=CARTESIAN_POINT('',(0.0484065382257463,0.154409454304126,0.005));
#5837=CARTESIAN_POINT('',(0.0483710236750246,0.154400329676068,0.005));
#5838=CARTESIAN_POINT('',(0.0483298689483989,0.154390632650061,0.005));
#5839=CARTESIAN_POINT('',(0.0482830083314813,0.154380574656272,0.005));
#5840=CARTESIAN_POINT('',(0.0482304224176388,0.154370383815603,0.005));
#5841=CARTESIAN_POINT('',(0.0481720867200983,0.154360284578741,0.005));
#5842=CARTESIAN_POINT('',(0.0481079869057596,0.154350503515864,0.005));
#5843=CARTESIAN_POINT('',(0.0480381143912477,0.154341267399935,0.005));
#5844=CARTESIAN_POINT('',(0.0479624676475533,0.154332803531954,0.005));
#5845=CARTESIAN_POINT('',(0.0478810518463236,0.15432533941697,0.005));
#5846=CARTESIAN_POINT('',(0.0477938789749659,0.154319102624635,0.005));
#5847=CARTESIAN_POINT('',(0.0477009678094747,0.154314320599296,0.005));
#5848=CARTESIAN_POINT('',(0.0476023439285947,0.154311220473227,0.005));
#5849=CARTESIAN_POINT('',(0.0474980396819605,0.154310028921207,0.005));
#5850=CARTESIAN_POINT('',(0.0473880942751608,0.154310971838697,0.005));
#5851=CARTESIAN_POINT('',(0.0472725533892387,0.154314274709782,0.005));
#5852=CARTESIAN_POINT('',(0.0471514705787534,0.154320160302218,0.005));
#5853=CARTESIAN_POINT('',(0.0470249017691758,0.154328856703074,0.005));
#5854=CARTESIAN_POINT('',(0.0468929263798838,0.154340565424897,0.005));
#5855=CARTESIAN_POINT('',(0.046755565759694,0.154355583478674,0.005));
#5856=CARTESIAN_POINT('',(0.0466201230437717,0.154372932600272,0.005));
#5857=CARTESIAN_POINT('',(0.0465295258740693,0.154386718825237,0.005));
#5858=CARTESIAN_POINT('',(0.0464872840392506,0.154393214138455,0.005));
#5859=CARTESIAN_POINT('',(0.0484974027864515,0.154437347516476,0.005));
#5860=CARTESIAN_POINT('',(0.0486244367034598,0.154092498995627,0.005));
#5861=CARTESIAN_POINT('',(0.0489618549477815,0.154238125390193,0.005));
#5862=CARTESIAN_POINT('',(0.0615862597582811,0.159686694301447,0.005));
#5863=CARTESIAN_POINT('',(0.0490898083198565,0.153950737411168,0.005));
#5864=CARTESIAN_POINT('',(0.0487558099438525,0.153797429866572,0.005));
#5865=CARTESIAN_POINT('',(0.0489270800557875,0.153472276568633,0.005));
#5866=CARTESIAN_POINT('',(0.0492432455610547,0.153627610168749,0.005));
#5867=CARTESIAN_POINT('',(0.0490999057175379,0.153557446710917,0.005));
#5868=CARTESIAN_POINT('',(0.0489342271602724,0.153476348670197,0.005));
#5869=CARTESIAN_POINT('',(0.0489239465993372,0.153470563657028,0.005));
#5870=CARTESIAN_POINT('',(0.0489100127194471,0.153462924615207,0.005));
#5871=CARTESIAN_POINT('',(0.0488935218310987,0.153453297345622,0.005));
#5872=CARTESIAN_POINT('',(0.0488716616665024,0.153440024468253,0.005));
#5873=CARTESIAN_POINT('',(0.0488455511007631,0.15342341524262,0.005));
#5874=CARTESIAN_POINT('',(0.0488150063077782,0.153403128355928,0.005));
#5875=CARTESIAN_POINT('',(0.0487802621258977,0.153379033010684,0.005));
#5876=CARTESIAN_POINT('',(0.048741431706846,0.153350938897186,0.005));
#5877=CARTESIAN_POINT('',(0.0486986715919198,0.153318678950817,0.005));
#5878=CARTESIAN_POINT('',(0.0486521321956376,0.153282084787533,0.005));
#5879=CARTESIAN_POINT('',(0.0486019723017365,0.153240994150728,0.005));
#5880=CARTESIAN_POINT('',(0.0485483546919731,0.153195248920977,0.005));
#5881=CARTESIAN_POINT('',(0.0484914472608026,0.153144695867951,0.005));
#5882=CARTESIAN_POINT('',(0.0484314225379312,0.15308918660434,0.005));
#5883=CARTESIAN_POINT('',(0.0483684576617103,0.153028577764705,0.005));
#5884=CARTESIAN_POINT('',(0.0483027342198222,0.152962731112356,0.005));
#5885=CARTESIAN_POINT('',(0.0482344381199603,0.152891513674848,0.005));
#5886=CARTESIAN_POINT('',(0.0481637594604462,0.152814797817613,0.005));
#5887=CARTESIAN_POINT('',(0.0480908923479819,0.152732461522512,0.005));
#5888=CARTESIAN_POINT('',(0.0480160349164815,0.152644387858876,0.005));
#5889=CARTESIAN_POINT('',(0.0479393885496457,0.152550467564774,0.005));
#5890=CARTESIAN_POINT('',(0.0478611601706431,0.152450589580892,0.005));
#5891=CARTESIAN_POINT('',(0.0477815526744177,0.152344678089116,0.005));
#5892=CARTESIAN_POINT('',(0.0477008010682933,0.152232550215568,0.005));
#5893=CARTESIAN_POINT('',(0.047623065111603,0.152120287833827,0.005));
#5894=CARTESIAN_POINT('',(0.0475726889342519,0.152043736230888,0.005));
#5895=CARTESIAN_POINT('',(0.0475492505881139,0.152007998217052,0.005));
#5896=CARTESIAN_POINT('',(0.0501674318770837,0.152026872513727,0.005));
#5897=CARTESIAN_POINT('',(0.0500349986184255,0.151937818296783,0.005));
#5898=CARTESIAN_POINT('',(0.0498819263763319,0.151834885477689,0.005));
#5899=CARTESIAN_POINT('',(0.049871776127499,0.151828874757338,0.005));
#5900=CARTESIAN_POINT('',(0.0498581935832761,0.15182062718429,0.005));
#5901=CARTESIAN_POINT('',(0.0498416106790722,0.151811159290842,0.005));
#5902=CARTESIAN_POINT('',(0.0498191859477915,0.151798864271655,0.005));
#5903=CARTESIAN_POINT('',(0.0497917466535866,0.151784556471234,0.005));
#5904=CARTESIAN_POINT('',(0.0497589052978547,0.151768247347902,0.005));
#5905=CARTESIAN_POINT('',(0.0497206660258198,0.151750205676383,0.005));
#5906=CARTESIAN_POINT('',(0.0496769206003079,0.151730624603793,0.005));
#5907=CARTESIAN_POINT('',(0.0496276026097649,0.151709723231183,0.005));
#5908=CARTESIAN_POINT('',(0.0495726414365903,0.151687716013367,0.005));
#5909=CARTESIAN_POINT('',(0.0495119759543083,0.1516648215894,0.005));
#5910=CARTESIAN_POINT('',(0.0494455506183607,0.15164125999213,0.005));
#5911=CARTESIAN_POINT('',(0.0493733166746153,0.151617253237586,0.005));
#5912=CARTESIAN_POINT('',(0.0492952318807475,0.15159302493453,0.005));
#5913=CARTESIAN_POINT('',(0.0492112606478195,0.151568800171994,0.005));
#5914=CARTESIAN_POINT('',(0.0491213740531866,0.151544805327869,0.005));
#5915=CARTESIAN_POINT('',(0.0490255498931817,0.151521267889163,0.005));
#5916=CARTESIAN_POINT('',(0.0489237726821853,0.151498416303136,0.005));
#5917=CARTESIAN_POINT('',(0.0488160338027427,0.151476479680192,0.005));
#5918=CARTESIAN_POINT('',(0.0487023310568795,0.151455688074668,0.005));
#5919=CARTESIAN_POINT('',(0.0485826705128383,0.151436270520932,0.005));
#5920=CARTESIAN_POINT('',(0.0484570594520164,0.15141846174936,0.005));
#5921=CARTESIAN_POINT('',(0.0483255336614729,0.151402475381185,0.005));
#5922=CARTESIAN_POINT('',(0.0481880522714453,0.151388606375659,0.005));
#5923=CARTESIAN_POINT('',(0.0480519622186235,0.151377416253248,0.005));
#5924=CARTESIAN_POINT('',(0.0479604784971032,0.151372065005385,0.005));
#5925=CARTESIAN_POINT('',(0.0479178092961712,0.151369635809126,0.005));
#5926=CARTESIAN_POINT('',(0.04987482628069,0.151830731954423,0.005));
#5927=CARTESIAN_POINT('',(0.0500707822408693,0.151519831037614,0.005));
#5928=CARTESIAN_POINT('',(0.0503705496570743,0.151732428343753,0.005));
#5929=CARTESIAN_POINT('',(0.0615862597582809,0.159686694301448,0.005));
#5930=CARTESIAN_POINT('',(0.0505554582616152,0.151477923483523,0.005));
#5931=CARTESIAN_POINT('',(0.0502606329822898,0.151258523909517,0.005));
#5932=CARTESIAN_POINT('',(0.0504957636033059,0.150976085049827,0.005));
#5933=CARTESIAN_POINT('',(0.050772724462277,0.151193758742872,0.005));
#5934=CARTESIAN_POINT('',(0.0506471047414029,0.151095326495707,0.005));
#5935=CARTESIAN_POINT('',(0.0505019078888888,0.150981554132779,0.005));
#5936=CARTESIAN_POINT('',(0.0504930547547451,0.150973758087222,0.005));
#5937=CARTESIAN_POINT('',(0.050481013609663,0.150963388960264,0.005));
#5938=CARTESIAN_POINT('',(0.0504668847086884,0.150950543421139,0.005));
#5939=CARTESIAN_POINT('',(0.0504482618275126,0.150933015604202,0.005));
#5940=CARTESIAN_POINT('',(0.0504261750924654,0.150911340638129,0.005));
#5941=CARTESIAN_POINT('',(0.0504005156574061,0.150885146449029,0.005));
#5942=CARTESIAN_POINT('',(0.0503715404232307,0.150854353923288,0.005));
#5943=CARTESIAN_POINT('',(0.0503393996366393,0.150818800435496,0.005));
#5944=CARTESIAN_POINT('',(0.0503042811528123,0.150778355118562,0.005));
#5945=CARTESIAN_POINT('',(0.0502663671083615,0.150732884540974,0.005));
#5946=CARTESIAN_POINT('',(0.0502258465522641,0.150682263004818,0.005));
#5947=CARTESIAN_POINT('',(0.0501829115839813,0.150626369690189,0.005));
#5948=CARTESIAN_POINT('',(0.0501377582874488,0.150565089622426,0.005));
#5949=CARTESIAN_POINT('',(0.0500905862736407,0.150498313527784,0.005));
#5950=CARTESIAN_POINT('',(0.0500415986173617,0.150425938002835,0.005));
#5951=CARTESIAN_POINT('',(0.0499910016791915,0.150347865585893,0.005));
#5952=CARTESIAN_POINT('',(0.04993900495082,0.150264004862667,0.005));
#5953=CARTESIAN_POINT('',(0.0498858209131837,0.150174270511369,0.005));
#5954=CARTESIAN_POINT('',(0.0498316648002843,0.150078583537305,0.005));
#5955=CARTESIAN_POINT('',(0.0497767547275881,0.149976870759379,0.005));
#5956=CARTESIAN_POINT('',(0.0497213103949116,0.149869067173319,0.005));
#5957=CARTESIAN_POINT('',(0.0496655572941853,0.14975510716847,0.005));
#5958=CARTESIAN_POINT('',(0.0496097096500842,0.149634958767757,0.005));
#5959=CARTESIAN_POINT('',(0.0495540353560755,0.149508491954305,0.005));
#5960=CARTESIAN_POINT('',(0.0495013387781511,0.14938252056076,0.005));
#5961=CARTESIAN_POINT('',(0.0494679794143426,0.149297167997803,0.005));
#5962=CARTESIAN_POINT('',(0.0494524836031857,0.149257337839139,0.005));
#5963=CARTESIAN_POINT('',(0.0520095271623431,0.149820150185804,0.005));
#5964=CARTESIAN_POINT('',(0.0518985033009485,0.149705507594436,0.005));
#5965=CARTESIAN_POINT('',(0.0517701769910642,0.149572998595732,0.005));
#5966=CARTESIAN_POINT('',(0.0517614982485526,0.149565008868645,0.005));
#5967=CARTESIAN_POINT('',(0.0517499272823665,0.149554117555122,0.005));
#5968=CARTESIAN_POINT('',(0.0517356752401416,0.14954140877821,0.005));
#5969=CARTESIAN_POINT('',(0.0517162968212701,0.149524720070894,0.005));
#5970=CARTESIAN_POINT('',(0.0516924319004552,0.149505019980188,0.005));
#5971=CARTESIAN_POINT('',(0.0516636990645488,0.149482239148532,0.005));
#5972=CARTESIAN_POINT('',(0.051630046486785,0.149456641339117,0.005));
#5973=CARTESIAN_POINT('',(0.0515913281376875,0.14942839297456,0.005));
#5974=CARTESIAN_POINT('',(0.0515474335032847,0.149397694560287,0.005));
#5975=CARTESIAN_POINT('',(0.0514982489214767,0.149364741182538,0.005));
#5976=CARTESIAN_POINT('',(0.0514436691439325,0.149329733993669,0.005));
#5977=CARTESIAN_POINT('',(0.0513835940924741,0.14929287666992,0.005));
#5978=CARTESIAN_POINT('',(0.0513179299186364,0.149254376239183,0.005));
#5979=CARTESIAN_POINT('',(0.051246588812315,0.149214442641158,0.005));
#5980=CARTESIAN_POINT('',(0.0511694891636343,0.149173288646787,0.005));
#5981=CARTESIAN_POINT('',(0.0510865556153688,0.149131129673704,0.005));
#5982=CARTESIAN_POINT('',(0.0509977191518466,0.149088183621379,0.005));
#5983=CARTESIAN_POINT('',(0.0509029171289898,0.149044670725309,0.005));
#5984=CARTESIAN_POINT('',(0.0508020934829244,0.149000813297616,0.005));
#5985=CARTESIAN_POINT('',(0.0506951982327207,0.148956835908415,0.005));
#5986=CARTESIAN_POINT('',(0.0505821896950932,0.14891296384878,0.005));
#5987=CARTESIAN_POINT('',(0.0504630261891335,0.148869428233553,0.005));
#5988=CARTESIAN_POINT('',(0.050337698305516,0.148826445456381,0.005));
#5989=CARTESIAN_POINT('',(0.0502061047421039,0.148784295533644,0.005));
#5990=CARTESIAN_POINT('',(0.0500753151407235,0.148745055229271,0.005));
#5991=CARTESIAN_POINT('',(0.0499869431450032,0.148720800383789,0.005));
#5992=CARTESIAN_POINT('',(0.0499457114267881,0.148709552845584,0.005));
#5993=CARTESIAN_POINT('',(0.051764095615592,0.149567459644026,0.005));
#5994=CARTESIAN_POINT('',(0.0520204094031814,0.14930409419319,0.005));
#5995=CARTESIAN_POINT('',(0.052269424716738,0.149574370888467,0.005));
#5996=CARTESIAN_POINT('',(0.0615862597582806,0.159686694301448,0.005));
#5997=CARTESIAN_POINT('',(0.0525032071604363,0.149363872230675,0.005));
#5998=CARTESIAN_POINT('',(0.0522604402572248,0.149087969441439,0.005));
#5999=CARTESIAN_POINT('',(0.0525491550509016,0.148860588953457,0.005));
#6000=CARTESIAN_POINT('',(0.052774806745034,0.14913108935453,0.005));
#6001=CARTESIAN_POINT('',(0.0526723973313951,0.149008690279564,0.005));
#6002=CARTESIAN_POINT('',(0.0525540279828189,0.148867215992629,0.005));
#6003=CARTESIAN_POINT('',(0.052546989199911,0.148857749639283,0.005));
#6004=CARTESIAN_POINT('',(0.0525373670454568,0.148845103607794,0.005));
#6005=CARTESIAN_POINT('',(0.0525262176326266,0.148829601210827,0.005));
#6006=CARTESIAN_POINT('',(0.0525116459441412,0.148808584504032,0.005));
#6007=CARTESIAN_POINT('',(0.0524945483360916,0.148782791097543,0.005));
#6008=CARTESIAN_POINT('',(0.0524748956993974,0.148751834417793,0.005));
#6009=CARTESIAN_POINT('',(0.0524529557696994,0.14871569049269,0.005));
#6010=CARTESIAN_POINT('',(0.0524289093221708,0.148674231488623,0.005));
#6011=CARTESIAN_POINT('',(0.0524029673157034,0.148627368455552,0.005));
#6012=CARTESIAN_POINT('',(0.0523753356487583,0.148575008746094,0.005));
#6013=CARTESIAN_POINT('',(0.0523462253732053,0.148517068714626,0.005));
#6014=CARTESIAN_POINT('',(0.0523158495105418,0.148453470121173,0.005));
#6015=CARTESIAN_POINT('',(0.0522844237643754,0.14838414127169,0.005));
#6016=CARTESIAN_POINT('',(0.0522521661029904,0.14830901678178,0.005));
#6017=CARTESIAN_POINT('',(0.0522192966623016,0.148228037729253,0.005));
#6018=CARTESIAN_POINT('',(0.0521860375568384,0.148141151686973,0.005));
#6019=CARTESIAN_POINT('',(0.0521526127064951,0.14804831279404,0.005));
#6020=CARTESIAN_POINT('',(0.0521192476883866,0.147949481770425,0.005));
#6021=CARTESIAN_POINT('',(0.0520861694570557,0.147844626097323,0.005));
#6022=CARTESIAN_POINT('',(0.0520536065768284,0.147733719541572,0.005));
#6023=CARTESIAN_POINT('',(0.0520217874617005,0.147616744197564,0.005));
#6024=CARTESIAN_POINT('',(0.0519909463172853,0.147493682770801,0.005));
#6025=CARTESIAN_POINT('',(0.0519612993353424,0.147364548522799,0.005));
#6026=CARTESIAN_POINT('',(0.0519331355872525,0.147229269976045,0.005));
#6027=CARTESIAN_POINT('',(0.0519077814814155,0.147095095125072,0.005));
#6028=CARTESIAN_POINT('',(0.0518928968954241,0.147004671918666,0.005));
#6029=CARTESIAN_POINT('',(0.051886020860553,0.146962490384233,0.005));
#6030=CARTESIAN_POINT('',(0.0542701716163064,0.148044643180666,0.005));
#6031=CARTESIAN_POINT('',(0.05418540942767,0.147909422646234,0.005));
#6032=CARTESIAN_POINT('',(0.0540874375255149,0.147753128747011,0.005));
#6033=CARTESIAN_POINT('',(0.0540806095920176,0.147743509202601,0.005));
#6034=CARTESIAN_POINT('',(0.0540715559106143,0.147730450151265,0.005));
#6035=CARTESIAN_POINT('',(0.0540602576130024,0.147715055925424,0.005));
#6036=CARTESIAN_POINT('',(0.0540447724364328,0.147694702906571,0.005));
#6037=CARTESIAN_POINT('',(0.0540255249005641,0.147670471514074,0.005));
#6038=CARTESIAN_POINT('',(0.0540021563472879,0.147642214605752,0.005));
#6039=CARTESIAN_POINT('',(0.0539745612429264,0.147610179405545,0.005));
#6040=CARTESIAN_POINT('',(0.0539425621478901,0.147574498338103,0.005));
#6041=CARTESIAN_POINT('',(0.0539060092757808,0.147535344550179,0.005));
#6042=CARTESIAN_POINT('',(0.0538647508875782,0.147492885233232,0.005));
#6043=CARTESIAN_POINT('',(0.0538186422129532,0.147447295261598,0.005));
#6044=CARTESIAN_POINT('',(0.0537675430140049,0.147398753053278,0.005));
#6045=CARTESIAN_POINT('',(0.0537113184495631,0.147347441599917,0.005));
#6046=CARTESIAN_POINT('',(0.053649838979467,0.14729354799678,0.005));
#6047=CARTESIAN_POINT('',(0.0535829805396462,0.147237263397607,0.005));
#6048=CARTESIAN_POINT('',(0.0535106246317666,0.147178782844991,0.005));
#6049=CARTESIAN_POINT('',(0.0534326584444677,0.147118305127611,0.005));
#6050=CARTESIAN_POINT('',(0.0533489749130598,0.147056032643854,0.005));
#6051=CARTESIAN_POINT('',(0.0532594729775103,0.146992171191454,0.005));
#6052=CARTESIAN_POINT('',(0.0531640570583402,0.14692693004151,0.005));
#6053=CARTESIAN_POINT('',(0.053062639542496,0.146860520895504,0.005));
#6054=CARTESIAN_POINT('',(0.0529551316084189,0.146793161151916,0.005));
#6055=CARTESIAN_POINT('',(0.0528414790616315,0.146725060519362,0.005));
#6056=CARTESIAN_POINT('',(0.0527215245950118,0.146656471833296,0.005));
#6057=CARTESIAN_POINT('',(0.0526017515782512,0.146590896336557,0.005));
#6058=CARTESIAN_POINT('',(0.0525203535885999,0.146548797946592,0.005));
#6059=CARTESIAN_POINT('',(0.0524823613770394,0.146529223637833,0.005));
#6060=CARTESIAN_POINT('',(0.0540826406555022,0.147746446445632,0.005));
#6061=CARTESIAN_POINT('',(0.0543881101280541,0.147542126794738,0.005));
#6062=CARTESIAN_POINT('',(0.0545754901748518,0.147858270490639,0.005));
#6063=CARTESIAN_POINT('',(0.0615862597582803,0.159686694301448,0.005));
#6064=CARTESIAN_POINT('',(0.0548479290431053,0.147700977836715,0.005));
#6065=CARTESIAN_POINT('',(0.0546678305946028,0.147380630108067,0.005));
#6066=CARTESIAN_POINT('',(0.0549975113390494,0.147218245610211,0.005));
#6067=CARTESIAN_POINT('',(0.0551619918065124,0.147529750553781,0.005));
#6068=CARTESIAN_POINT('',(0.0550872684828997,0.147388734077926,0.005));
#6069=CARTESIAN_POINT('',(0.0550008999467935,0.147225740972191,0.005));
#6070=CARTESIAN_POINT('',(0.0549959831437101,0.147215018036122,0.005));
#6071=CARTESIAN_POINT('',(0.0549892005142057,0.147200647792361,0.005));
#6072=CARTESIAN_POINT('',(0.0549815178723614,0.147183166066689,0.005));
#6073=CARTESIAN_POINT('',(0.054971634229276,0.147159579000971,0.005));
#6074=CARTESIAN_POINT('',(0.0549602729957391,0.1471307944497,0.005));
#6075=CARTESIAN_POINT('',(0.0549474860719375,0.147096428234752,0.005));
#6076=CARTESIAN_POINT('',(0.054933540326924,0.147056512573252,0.005));
#6077=CARTESIAN_POINT('',(0.054918639163603,0.147010960010331,0.005));
#6078=CARTESIAN_POINT('',(0.0549030074246614,0.146959727400541,0.005));
#6079=CARTESIAN_POINT('',(0.0548868657716589,0.146902766929765,0.005));
#6080=CARTESIAN_POINT('',(0.0548704380353786,0.146840040660388,0.005));
#6081=CARTESIAN_POINT('',(0.0548539488492923,0.146771516351826,0.005));
#6082=CARTESIAN_POINT('',(0.0548376241093969,0.146697168724022,0.005));
#6083=CARTESIAN_POINT('',(0.054821690615027,0.146616979139539,0.005));
#6084=CARTESIAN_POINT('',(0.0548063759422115,0.14653093573261,0.005));
#6085=CARTESIAN_POINT('',(0.054791908251959,0.146439033401965,0.005));
#6086=CARTESIAN_POINT('',(0.0547785161059942,0.146341273844438,0.005));
#6087=CARTESIAN_POINT('',(0.0547664283188079,0.146237665538482,0.005));
#6088=CARTESIAN_POINT('',(0.0547558736464817,0.146128223862408,0.005));
#6089=CARTESIAN_POINT('',(0.0547470811128431,0.146012970677509,0.005));
#6090=CARTESIAN_POINT('',(0.05474027786328,0.145891935959396,0.005));
#6091=CARTESIAN_POINT('',(0.0547356965811791,0.145765151485583,0.005));
#6092=CARTESIAN_POINT('',(0.0547335459767674,0.145632675176583,0.005));
#6093=CARTESIAN_POINT('',(0.0547341236655324,0.145494497218161,0.005));
#6094=CARTESIAN_POINT('',(0.0547372201278703,0.145357982994588,0.005));
#6095=CARTESIAN_POINT('',(0.054741460847528,0.145266441072751,0.005));
#6096=CARTESIAN_POINT('',(0.0547435051046614,0.145223751698014,0.005));
#6097=CARTESIAN_POINT('',(0.0568505642285599,0.146777949674265,0.005));
#6098=CARTESIAN_POINT('',(0.0567957682270591,0.146628060982984,0.005));
#6099=CARTESIAN_POINT('',(0.0567324325748788,0.14645481297662,0.005));
#6100=CARTESIAN_POINT('',(0.0567277538638536,0.146443984035137,0.005));
#6101=CARTESIAN_POINT('',(0.0567216131565549,0.146429327989196,0.005));
#6102=CARTESIAN_POINT('',(0.056713762393377,0.146411921115964,0.005));
#6103=CARTESIAN_POINT('',(0.0567028472356314,0.146388793310163,0.005));
#6104=CARTESIAN_POINT('',(0.0566890582943862,0.146361089644003,0.005));
#6105=CARTESIAN_POINT('',(0.0566720753416531,0.1463285916215,0.005));
#6106=CARTESIAN_POINT('',(0.0566517437491705,0.146291519122472,0.005));
#6107=CARTESIAN_POINT('',(0.0566278624221972,0.146249964786008,0.005));
#6108=CARTESIAN_POINT('',(0.0566002488482927,0.146204066832847,0.005));
#6109=CARTESIAN_POINT('',(0.0565687198432397,0.146153957252594,0.005));
#6110=CARTESIAN_POINT('',(0.056533097441869,0.14609977699872,0.005));
#6111=CARTESIAN_POINT('',(0.056493207375626,0.146041671433266,0.005));
#6112=CARTESIAN_POINT('',(0.0564488797038418,0.145979791514011,0.005));
#6113=CARTESIAN_POINT('',(0.0563999488178253,0.14591429331483,0.005));
#6114=CARTESIAN_POINT('',(0.0563462536215069,0.145845338017921,0.005));
#6115=CARTESIAN_POINT('',(0.0562876376543898,0.145773091766543,0.005));
#6116=CARTESIAN_POINT('',(0.0562239492398223,0.145697725550562,0.005));
#6117=CARTESIAN_POINT('',(0.0561550415717441,0.145619415085475,0.005));
#6118=CARTESIAN_POINT('',(0.0560807730107718,0.145538340660279,0.005));
#6119=CARTESIAN_POINT('',(0.0560010065561596,0.145454687100906,0.005));
#6120=CARTESIAN_POINT('',(0.0559156124941961,0.145368643266876,0.005));
#6121=CARTESIAN_POINT('',(0.0558244587446012,0.145280403338949,0.005));
#6122=CARTESIAN_POINT('',(0.0557274486963038,0.14519016117544,0.005));
#6123=CARTESIAN_POINT('',(0.0556243759122732,0.145098131380751,0.005));
#6124=CARTESIAN_POINT('',(0.0555208541356996,0.145009086655519,0.005));
#6125=CARTESIAN_POINT('',(0.0554499876348559,0.144950984622723,0.005));
#6126=CARTESIAN_POINT('',(0.0554168953719022,0.144923939034631,0.005));
#6127=CARTESIAN_POINT('',(0.0567291298565631,0.146447279374204,0.005));
#6128=CARTESIAN_POINT('',(0.0570704045323217,0.146310935272431,0.005));
#6129=CARTESIAN_POINT('',(0.0571879599051662,0.146659128972418,0.005));
#6130=CARTESIAN_POINT('',(0.06158625975828,0.159686694301448,0.005));
#6131=CARTESIAN_POINT('',(0.0574871483121256,0.146561916766113,0.005));
#6132=CARTESIAN_POINT('',(0.05737758948474,0.146211124830993,0.005));
#6133=CARTESIAN_POINT('',(0.0577338275494403,0.146120833305027,0.005));
#6134=CARTESIAN_POINT('',(0.0578299482045409,0.146459728530294,0.005));
#6135=CARTESIAN_POINT('',(0.0577861767387585,0.146306257750216,0.005));
#6136=CARTESIAN_POINT('',(0.0577355837345923,0.14612886940653,0.005));
#6137=CARTESIAN_POINT('',(0.0577330037992217,0.146117358531499,0.005));
#6138=CARTESIAN_POINT('',(0.0577293571281231,0.146101892124074,0.005));
#6139=CARTESIAN_POINT('',(0.0577254770255787,0.146083195104995,0.005));
#6140=CARTESIAN_POINT('',(0.057720713390523,0.14605806854831,0.005));
#6141=CARTESIAN_POINT('',(0.0577155850719217,0.146027550875271,0.005));
#6142=CARTESIAN_POINT('',(0.0577102227109412,0.145991277093625,0.005));
#6143=CARTESIAN_POINT('',(0.0577048806465885,0.145949334201672,0.005));
#6144=CARTESIAN_POINT('',(0.0576997760198158,0.145901678945482,0.005));
#6145=CARTESIAN_POINT('',(0.0576951377304012,0.145848315869863,0.005));
#6146=CARTESIAN_POINT('',(0.0576911915590339,0.145789244083668,0.005));
#6147=CARTESIAN_POINT('',(0.0576881643329306,0.145724473015348,0.005));
#6148=CARTESIAN_POINT('',(0.0576862824799775,0.145654017832777,0.005));
#6149=CARTESIAN_POINT('',(0.0576857722158212,0.145577900774746,0.005));
#6150=CARTESIAN_POINT('',(0.0576868592586279,0.145496150765325,0.005));
#6151=CARTESIAN_POINT('',(0.0576897686783756,0.145408803513759,0.005));
#6152=CARTESIAN_POINT('',(0.0576947247108216,0.145315901467594,0.005));
#6153=CARTESIAN_POINT('',(0.0577019505702765,0.145217493807239,0.005));
#6154=CARTESIAN_POINT('',(0.0577116683083161,0.14511363639908,0.005));
#6155=CARTESIAN_POINT('',(0.0577240984848221,0.145004391846439,0.005));
#6156=CARTESIAN_POINT('',(0.0577394605736836,0.144889829149618,0.005));
#6157=CARTESIAN_POINT('',(0.0577579705243368,0.14477002485537,0.005));
#6158=CARTESIAN_POINT('',(0.0577798493285615,0.144645058424392,0.005));
#6159=CARTESIAN_POINT('',(0.0578052890934134,0.14451502990479,0.005));
#6160=CARTESIAN_POINT('',(0.0578345829712623,0.144379991574533,0.005));
#6161=CARTESIAN_POINT('',(0.0578659946715125,0.144247104304999,0.005));
#6162=CARTESIAN_POINT('',(0.057889175357021,0.144158444488982,0.005));
#6163=CARTESIAN_POINT('',(0.0579000505623128,0.144117113004463,0.005));
#6164=CARTESIAN_POINT('',(0.0596379294598505,0.146075430251101,0.005));
#6165=CARTESIAN_POINT('',(0.0596154944936914,0.145917424258026,0.005));
#6166=CARTESIAN_POINT('',(0.0595895631634043,0.145734793913735,0.005));
#6167=CARTESIAN_POINT('',(0.059587238156974,0.145723228851885,0.005));
#6168=CARTESIAN_POINT('',(0.0595842788021551,0.145707616350874,0.005));
#6169=CARTESIAN_POINT('',(0.0595802186894342,0.14568895759414,0.005));
#6170=CARTESIAN_POINT('',(0.0595743505952829,0.145664065797482,0.005));
#6171=CARTESIAN_POINT('',(0.0595666228915603,0.145634100640808,0.005));
#6172=CARTESIAN_POINT('',(0.059556767775898,0.14559878182365,0.005));
#6173=CARTESIAN_POINT('',(0.0595445882834477,0.145558292271903,0.005));
#6174=CARTESIAN_POINT('',(0.0595298684531214,0.14551268079032,0.005));
#6175=CARTESIAN_POINT('',(0.059512401023106,0.145462044632717,0.005));
#6176=CARTESIAN_POINT('',(0.0594919793700163,0.145406474818269,0.005));
#6177=CARTESIAN_POINT('',(0.059468400111775,0.145346072219235,0.005));
#6178=CARTESIAN_POINT('',(0.0594414625655459,0.145280942788677,0.005));
#6179=CARTESIAN_POINT('',(0.059410969118384,0.145211198852934,0.005));
#6180=CARTESIAN_POINT('',(0.0593767253309624,0.145136958643307,0.005));
#6181=CARTESIAN_POINT('',(0.0593385401158837,0.145058346326023,0.005));
#6182=CARTESIAN_POINT('',(0.0592962258885627,0.144975491883743,0.005));
#6183=CARTESIAN_POINT('',(0.0592495987360542,0.144888531034446,0.005));
#6184=CARTESIAN_POINT('',(0.0591984785270563,0.144797605131129,0.005));
#6185=CARTESIAN_POINT('',(0.0591426892331559,0.144702861074556,0.005));
#6186=CARTESIAN_POINT('',(0.05908205841993,0.144604451167714,0.005));
#6187=CARTESIAN_POINT('',(0.0590164199421212,0.14450253317409,0.005));
#6188=CARTESIAN_POINT('',(0.05894560423327,0.144397269570097,0.005));
#6189=CARTESIAN_POINT('',(0.0588694764880791,0.144288829891207,0.005));
#6190=CARTESIAN_POINT('',(0.0587877901618979,0.144177381131532,0.005));
#6191=CARTESIAN_POINT('',(0.0587050440239001,0.144068758859584,0.005));
#6192=CARTESIAN_POINT('',(0.0586478062180061,0.143997192521594,0.005));
#6193=CARTESIAN_POINT('',(0.0586210601943444,0.143963857676148,0.005));
#6194=CARTESIAN_POINT('',(0.0595878989414241,0.145726738264857,0.005));
#6195=CARTESIAN_POINT('',(0.0599500634794413,0.145664328603704,0.005));
#6196=CARTESIAN_POINT('',(0.059992656444446,0.14602935457227,0.005));
#6197=CARTESIAN_POINT('',(0.0615862597582796,0.159686694301448,0.005));
#6198=CARTESIAN_POINT('',(0.0603055184210618,0.145996471453474,0.005));
#6199=CARTESIAN_POINT('',(0.0602712874612714,0.145630566602734,0.005));
#6200=CARTESIAN_POINT('',(0.0606385135333781,0.14561631422161,0.005));
#6201=CARTESIAN_POINT('',(0.0606620734422505,0.145967788381029,0.005));
#6202=CARTESIAN_POINT('',(0.0606511668573919,0.145808570706253,0.005));
#6203=CARTESIAN_POINT('',(0.0606385605422199,0.145624539846439,0.005));
#6204=CARTESIAN_POINT('',(0.0606384302301177,0.145612744112919,0.005));
#6205=CARTESIAN_POINT('',(0.0606380788944505,0.145596857498051,0.005));
#6206=CARTESIAN_POINT('',(0.060638170910306,0.145577762335018,0.005));
#6207=CARTESIAN_POINT('',(0.0606387354769904,0.145552194438462,0.005));
#6208=CARTESIAN_POINT('',(0.0606400642054559,0.145521277412408,0.005));
#6209=CARTESIAN_POINT('',(0.060642360768203,0.145484681402384,0.005));
#6210=CARTESIAN_POINT('',(0.0606458558583573,0.145442544385619,0.005));
#6211=CARTESIAN_POINT('',(0.0606507708648177,0.145394869199532,0.005));
#6212=CARTESIAN_POINT('',(0.0606573287404344,0.145341707880553,0.005));
#6213=CARTESIAN_POINT('',(0.0606657505173268,0.145283106499454,0.005));
#6214=CARTESIAN_POINT('',(0.0606762561057076,0.145219121438681,0.005));
#6215=CARTESIAN_POINT('',(0.0606890638318919,0.145149814611661,0.005));
#6216=CARTESIAN_POINT('',(0.0607043903444668,0.14507525480409,0.005));
#6217=CARTESIAN_POINT('',(0.0607224504154631,0.144995517237423,0.005));
#6218=CARTESIAN_POINT('',(0.0607434567721703,0.144910683635252,0.005));
#6219=CARTESIAN_POINT('',(0.0607676199249151,0.144820842138778,0.005));
#6220=CARTESIAN_POINT('',(0.060795147985058,0.144726087262564,0.005));
#6221=CARTESIAN_POINT('',(0.0608262465365404,0.144626519819302,0.005));
#6222=CARTESIAN_POINT('',(0.0608611183035187,0.144522246901257,0.005));
#6223=CARTESIAN_POINT('',(0.0608999636178814,0.144413381632098,0.005));
#6224=CARTESIAN_POINT('',(0.0609429777950869,0.144300043784259,0.005));
#6225=CARTESIAN_POINT('',(0.0609903604769062,0.144182357028805,0.005));
#6226=CARTESIAN_POINT('',(0.0610422787712243,0.144060459168854,0.005));
#6227=CARTESIAN_POINT('',(0.0610990085551275,0.14393446228978,0.005));
#6228=CARTESIAN_POINT('',(0.061157362651259,0.143811009785628,0.005));
#6229=CARTESIAN_POINT('',(0.0611984701954282,0.143729106934827,0.005));
#6230=CARTESIAN_POINT('',(0.0612177010502222,0.143690939724731,0.005));
#6231=CARTESIAN_POINT('',(0.0625104460743085,0.145967788381029,0.005));
#6232=CARTESIAN_POINT('',(0.0625213526591671,0.145808570706253,0.005));
#6233=CARTESIAN_POINT('',(0.062533958974339,0.145624539846439,0.005));
#6234=CARTESIAN_POINT('',(0.0625340892864413,0.145612744112919,0.005));
#6235=CARTESIAN_POINT('',(0.0625344406221084,0.145596857498051,0.005));
#6236=CARTESIAN_POINT('',(0.0625343486062529,0.145577762335018,0.005));
#6237=CARTESIAN_POINT('',(0.0625337840395686,0.145552194438462,0.005));
#6238=CARTESIAN_POINT('',(0.062532455311103,0.145521277412408,0.005));
#6239=CARTESIAN_POINT('',(0.0625301587483559,0.145484681402384,0.005));
#6240=CARTESIAN_POINT('',(0.0625266636582016,0.145442544385619,0.005));
#6241=CARTESIAN_POINT('',(0.0625217486517413,0.145394869199532,0.005));
#6242=CARTESIAN_POINT('',(0.0625151907761245,0.145341707880553,0.005));
#6243=CARTESIAN_POINT('',(0.0625067689992322,0.145283106499454,0.005));
#6244=CARTESIAN_POINT('',(0.0624962634108513,0.145219121438681,0.005));
#6245=CARTESIAN_POINT('',(0.0624834556846671,0.145149814611661,0.005));
#6246=CARTESIAN_POINT('',(0.0624681291720921,0.14507525480409,0.005));
#6247=CARTESIAN_POINT('',(0.0624500691010958,0.144995517237423,0.005));
#6248=CARTESIAN_POINT('',(0.0624290627443886,0.144910683635252,0.005));
#6249=CARTESIAN_POINT('',(0.0624048995916439,0.144820842138778,0.005));
#6250=CARTESIAN_POINT('',(0.0623773715315009,0.144726087262564,0.005));
#6251=CARTESIAN_POINT('',(0.0623462729800186,0.144626519819302,0.005));
#6252=CARTESIAN_POINT('',(0.0623114012130402,0.144522246901257,0.005));
#6253=CARTESIAN_POINT('',(0.0622725558986775,0.144413381632098,0.005));
#6254=CARTESIAN_POINT('',(0.0622295417214721,0.144300043784259,0.005));
#6255=CARTESIAN_POINT('',(0.0621821590396527,0.144182357028805,0.005));
#6256=CARTESIAN_POINT('',(0.0621302407453346,0.144060459168854,0.005));
#6257=CARTESIAN_POINT('',(0.0620735109614314,0.14393446228978,0.005));
#6258=CARTESIAN_POINT('',(0.0620151568653,0.143811009785628,0.005));
#6259=CARTESIAN_POINT('',(0.0619740493211307,0.143729106934827,0.005));
#6260=CARTESIAN_POINT('',(0.0619548184663368,0.143690939724731,0.005));
#6261=CARTESIAN_POINT('',(0.0625340059831808,0.145616314221611,0.005));
#6262=CARTESIAN_POINT('',(0.0629012320552869,0.145630566602745,0.005));
#6263=CARTESIAN_POINT('',(0.0628670010954975,0.145996471453474,0.005));
#6264=CARTESIAN_POINT('',(0.0615862597582793,0.159686694301448,0.005));
#6265=CARTESIAN_POINT('',(0.0631798630721132,0.14602935457227,0.005));
#6266=CARTESIAN_POINT('',(0.0632224560371192,0.145664328603694,0.005));
#6267=CARTESIAN_POINT('',(0.0635846205751351,0.145726738264856,0.005));
#6268=CARTESIAN_POINT('',(0.0635345900567084,0.146075430251101,0.005));
#6269=CARTESIAN_POINT('',(0.0635570250228676,0.145917424258026,0.005));
#6270=CARTESIAN_POINT('',(0.0635829563531547,0.145734793913735,0.005));
#6271=CARTESIAN_POINT('',(0.0635852813595849,0.145723228851885,0.005));
#6272=CARTESIAN_POINT('',(0.0635882407144038,0.145707616350874,0.005));
#6273=CARTESIAN_POINT('',(0.0635923008271248,0.14568895759414,0.005));
#6274=CARTESIAN_POINT('',(0.0635981689212761,0.145664065797482,0.005));
#6275=CARTESIAN_POINT('',(0.0636058966249986,0.145634100640808,0.005));
#6276=CARTESIAN_POINT('',(0.063615751740661,0.14559878182365,0.005));
#6277=CARTESIAN_POINT('',(0.0636279312331113,0.145558292271903,0.005));
#6278=CARTESIAN_POINT('',(0.0636426510634375,0.14551268079032,0.005));
#6279=CARTESIAN_POINT('',(0.063660118493453,0.145462044632717,0.005));
#6280=CARTESIAN_POINT('',(0.0636805401465427,0.145406474818269,0.005));
#6281=CARTESIAN_POINT('',(0.063704119404784,0.145346072219235,0.005));
#6282=CARTESIAN_POINT('',(0.063731056951013,0.145280942788677,0.005));
#6283=CARTESIAN_POINT('',(0.063761550398175,0.145211198852934,0.005));
#6284=CARTESIAN_POINT('',(0.0637957941855965,0.145136958643307,0.005));
#6285=CARTESIAN_POINT('',(0.0638339794006752,0.145058346326023,0.005));
#6286=CARTESIAN_POINT('',(0.0638762936279963,0.144975491883743,0.005));
#6287=CARTESIAN_POINT('',(0.0639229207805047,0.144888531034446,0.005));
#6288=CARTESIAN_POINT('',(0.0639740409895026,0.144797605131129,0.005));
#6289=CARTESIAN_POINT('',(0.064029830283403,0.144702861074556,0.005));
#6290=CARTESIAN_POINT('',(0.0640904610966289,0.144604451167714,0.005));
#6291=CARTESIAN_POINT('',(0.0641560995744377,0.14450253317409,0.005));
#6292=CARTESIAN_POINT('',(0.064226915283289,0.144397269570097,0.005));
#6293=CARTESIAN_POINT('',(0.0643030430284798,0.144288829891207,0.005));
#6294=CARTESIAN_POINT('',(0.064384729354661,0.144177381131532,0.005));
#6295=CARTESIAN_POINT('',(0.0644674754926589,0.144068758859584,0.005));
#6296=CARTESIAN_POINT('',(0.0645247132985528,0.143997192521594,0.005));
#6297=CARTESIAN_POINT('',(0.0645514593222146,0.143963857676148,0.005));
#6298=CARTESIAN_POINT('',(0.065342571312018,0.146459728530294,0.005));
#6299=CARTESIAN_POINT('',(0.0653863427778004,0.146306257750216,0.005));
#6300=CARTESIAN_POINT('',(0.0654369357819666,0.14612886940653,0.005));
#6301=CARTESIAN_POINT('',(0.0654395157173372,0.146117358531499,0.005));
#6302=CARTESIAN_POINT('',(0.0654431623884358,0.146101892124074,0.005));
#6303=CARTESIAN_POINT('',(0.0654470424909802,0.146083195104995,0.005));
#6304=CARTESIAN_POINT('',(0.065451806126036,0.14605806854831,0.005));
#6305=CARTESIAN_POINT('',(0.0654569344446372,0.146027550875271,0.005));
#6306=CARTESIAN_POINT('',(0.0654622968056176,0.145991277093625,0.005));
#6307=CARTESIAN_POINT('',(0.0654676388699704,0.145949334201672,0.005));
#6308=CARTESIAN_POINT('',(0.0654727434967431,0.145901678945482,0.005));
#6309=CARTESIAN_POINT('',(0.0654773817861577,0.145848315869863,0.005));
#6310=CARTESIAN_POINT('',(0.065481327957525,0.145789244083668,0.005));
#6311=CARTESIAN_POINT('',(0.0654843551836283,0.145724473015348,0.005));
#6312=CARTESIAN_POINT('',(0.0654862370365814,0.145654017832777,0.005));
#6313=CARTESIAN_POINT('',(0.0654867473007377,0.145577900774746,0.005));
#6314=CARTESIAN_POINT('',(0.065485660257931,0.145496150765325,0.005));
#6315=CARTESIAN_POINT('',(0.0654827508381833,0.145408803513759,0.005));
#6316=CARTESIAN_POINT('',(0.0654777948057373,0.145315901467594,0.005));
#6317=CARTESIAN_POINT('',(0.0654705689462824,0.145217493807239,0.005));
#6318=CARTESIAN_POINT('',(0.0654608512082427,0.14511363639908,0.005));
#6319=CARTESIAN_POINT('',(0.0654484210317368,0.145004391846439,0.005));
#6320=CARTESIAN_POINT('',(0.0654330589428753,0.144889829149618,0.005));
#6321=CARTESIAN_POINT('',(0.065414548992222,0.14477002485537,0.005));
#6322=CARTESIAN_POINT('',(0.0653926701879974,0.144645058424392,0.005));
#6323=CARTESIAN_POINT('',(0.0653672304231455,0.14451502990479,0.005));
#6324=CARTESIAN_POINT('',(0.0653379365452966,0.144379991574533,0.005));
#6325=CARTESIAN_POINT('',(0.0653065248450464,0.144247104304999,0.005));
#6326=CARTESIAN_POINT('',(0.0652833441595379,0.144158444488982,0.005));
#6327=CARTESIAN_POINT('',(0.0652724689542461,0.144117113004463,0.005));
#6328=CARTESIAN_POINT('',(0.0654386919671184,0.146120833305028,0.005));
#6329=CARTESIAN_POINT('',(0.0657949300318162,0.146211124831003,0.005));
#6330=CARTESIAN_POINT('',(0.0656853712044337,0.146561916766113,0.005));
#6331=CARTESIAN_POINT('',(0.0615862597582789,0.159686694301448,0.005));
#6332=CARTESIAN_POINT('',(0.065984559611393,0.146659128972418,0.005));
#6333=CARTESIAN_POINT('',(0.0661021149842409,0.146310935272421,0.005));
#6334=CARTESIAN_POINT('',(0.0664433896599964,0.146447279374203,0.005));
#6335=CARTESIAN_POINT('',(0.066321955287999,0.146777949674265,0.005));
#6336=CARTESIAN_POINT('',(0.0663767512894998,0.146628060982984,0.005));
#6337=CARTESIAN_POINT('',(0.0664400869416801,0.14645481297662,0.005));
#6338=CARTESIAN_POINT('',(0.0664447656527053,0.146443984035137,0.005));
#6339=CARTESIAN_POINT('',(0.066450906360004,0.146429327989196,0.005));
#6340=CARTESIAN_POINT('',(0.0664587571231819,0.146411921115964,0.005));
#6341=CARTESIAN_POINT('',(0.0664696722809275,0.146388793310163,0.005));
#6342=CARTESIAN_POINT('',(0.0664834612221727,0.146361089644003,0.005));
#6343=CARTESIAN_POINT('',(0.0665004441749058,0.1463285916215,0.005));
#6344=CARTESIAN_POINT('',(0.0665207757673884,0.146291519122472,0.005));
#6345=CARTESIAN_POINT('',(0.0665446570943617,0.146249964786008,0.005));
#6346=CARTESIAN_POINT('',(0.0665722706682662,0.146204066832847,0.005));
#6347=CARTESIAN_POINT('',(0.0666037996733192,0.146153957252594,0.005));
#6348=CARTESIAN_POINT('',(0.0666394220746899,0.14609977699872,0.005));
#6349=CARTESIAN_POINT('',(0.0666793121409329,0.146041671433266,0.005));
#6350=CARTESIAN_POINT('',(0.0667236398127171,0.145979791514011,0.005));
#6351=CARTESIAN_POINT('',(0.0667725706987336,0.14591429331483,0.005));
#6352=CARTESIAN_POINT('',(0.066826265895052,0.145845338017921,0.005));
#6353=CARTESIAN_POINT('',(0.0668848818621692,0.145773091766543,0.005));
#6354=CARTESIAN_POINT('',(0.0669485702767366,0.145697725550562,0.005));
#6355=CARTESIAN_POINT('',(0.0670174779448148,0.145619415085475,0.005));
#6356=CARTESIAN_POINT('',(0.0670917465057871,0.145538340660279,0.005));
#6357=CARTESIAN_POINT('',(0.0671715129603993,0.145454687100906,0.005));
#6358=CARTESIAN_POINT('',(0.0672569070223628,0.145368643266876,0.005));
#6359=CARTESIAN_POINT('',(0.0673480607719577,0.145280403338949,0.005));
#6360=CARTESIAN_POINT('',(0.0674450708202551,0.14519016117544,0.005));
#6361=CARTESIAN_POINT('',(0.0675481436042857,0.145098131380751,0.005));
#6362=CARTESIAN_POINT('',(0.0676516653808593,0.145009086655519,0.005));
#6363=CARTESIAN_POINT('',(0.067722531881703,0.144950984622723,0.005));
#6364=CARTESIAN_POINT('',(0.0677556241446568,0.144923939034631,0.005));
#6365=CARTESIAN_POINT('',(0.0680105277100465,0.147529750553781,0.005));
#6366=CARTESIAN_POINT('',(0.0680852510336593,0.147388734077926,0.005));
#6367=CARTESIAN_POINT('',(0.0681716195697654,0.147225740972191,0.005));
#6368=CARTESIAN_POINT('',(0.0681765363728488,0.147215018036122,0.005));
#6369=CARTESIAN_POINT('',(0.0681833190023532,0.147200647792361,0.005));
#6370=CARTESIAN_POINT('',(0.0681910016441975,0.147183166066689,0.005));
#6371=CARTESIAN_POINT('',(0.068200885287283,0.147159579000971,0.005));
#6372=CARTESIAN_POINT('',(0.0682122465208199,0.1471307944497,0.005));
#6373=CARTESIAN_POINT('',(0.0682250334446214,0.147096428234752,0.005));
#6374=CARTESIAN_POINT('',(0.068238979189635,0.147056512573252,0.005));
#6375=CARTESIAN_POINT('',(0.068253880352956,0.147010960010331,0.005));
#6376=CARTESIAN_POINT('',(0.0682695120918976,0.146959727400541,0.005));
#6377=CARTESIAN_POINT('',(0.0682856537449,0.146902766929765,0.005));
#6378=CARTESIAN_POINT('',(0.0683020814811804,0.146840040660388,0.005));
#6379=CARTESIAN_POINT('',(0.0683185706672666,0.146771516351826,0.005));
#6380=CARTESIAN_POINT('',(0.0683348954071621,0.146697168724022,0.005));
#6381=CARTESIAN_POINT('',(0.0683508289015319,0.146616979139539,0.005));
#6382=CARTESIAN_POINT('',(0.0683661435743475,0.14653093573261,0.005));
#6383=CARTESIAN_POINT('',(0.0683806112645999,0.146439033401965,0.005));
#6384=CARTESIAN_POINT('',(0.0683940034105648,0.146341273844438,0.005));
#6385=CARTESIAN_POINT('',(0.068406091197751,0.146237665538482,0.005));
#6386=CARTESIAN_POINT('',(0.0684166458700773,0.146128223862408,0.005));
#6387=CARTESIAN_POINT('',(0.0684254384037158,0.146012970677509,0.005));
#6388=CARTESIAN_POINT('',(0.0684322416532789,0.145891935959396,0.005));
#6389=CARTESIAN_POINT('',(0.0684368229353798,0.145765151485583,0.005));
#6390=CARTESIAN_POINT('',(0.0684389735397916,0.145632675176583,0.005));
#6391=CARTESIAN_POINT('',(0.0684383958510265,0.145494497218161,0.005));
#6392=CARTESIAN_POINT('',(0.0684352993886886,0.145357982994588,0.005));
#6393=CARTESIAN_POINT('',(0.068431058669031,0.145266441072751,0.005));
#6394=CARTESIAN_POINT('',(0.0684290144118976,0.145223751698014,0.005));
#6395=CARTESIAN_POINT('',(0.068175008177509,0.147218245610212,0.005));
#6396=CARTESIAN_POINT('',(0.0685046889219513,0.147380630108076,0.005));
#6397=CARTESIAN_POINT('',(0.0683245904734539,0.147700977836715,0.005));
#6398=CARTESIAN_POINT('',(0.0615862597582786,0.159686694301448,0.005));
#6399=CARTESIAN_POINT('',(0.0685970293417074,0.147858270490639,0.005));
#6400=CARTESIAN_POINT('',(0.0687844093885105,0.14754212679473,0.005));
#6401=CARTESIAN_POINT('',(0.0690898788610575,0.147746446445631,0.005));
#6402=CARTESIAN_POINT('',(0.0689023479002525,0.148044643180666,0.005));
#6403=CARTESIAN_POINT('',(0.068987110088889,0.147909422646234,0.005));
#6404=CARTESIAN_POINT('',(0.069085081991044,0.147753128747011,0.005));
#6405=CARTESIAN_POINT('',(0.0690919099245414,0.147743509202601,0.005));
#6406=CARTESIAN_POINT('',(0.0691009636059446,0.147730450151265,0.005));
#6407=CARTESIAN_POINT('',(0.0691122619035565,0.147715055925424,0.005));
#6408=CARTESIAN_POINT('',(0.0691277470801262,0.147694702906571,0.005));
#6409=CARTESIAN_POINT('',(0.0691469946159949,0.147670471514074,0.005));
#6410=CARTESIAN_POINT('',(0.0691703631692711,0.147642214605752,0.005));
#6411=CARTESIAN_POINT('',(0.0691979582736326,0.147610179405545,0.005));
#6412=CARTESIAN_POINT('',(0.0692299573686689,0.147574498338103,0.005));
#6413=CARTESIAN_POINT('',(0.0692665102407782,0.147535344550179,0.005));
#6414=CARTESIAN_POINT('',(0.0693077686289808,0.147492885233232,0.005));
#6415=CARTESIAN_POINT('',(0.0693538773036058,0.147447295261598,0.005));
#6416=CARTESIAN_POINT('',(0.069404976502554,0.147398753053278,0.005));
#6417=CARTESIAN_POINT('',(0.0694612010669958,0.147347441599917,0.005));
#6418=CARTESIAN_POINT('',(0.0695226805370919,0.14729354799678,0.005));
#6419=CARTESIAN_POINT('',(0.0695895389769128,0.147237263397607,0.005));
#6420=CARTESIAN_POINT('',(0.0696618948847923,0.147178782844991,0.005));
#6421=CARTESIAN_POINT('',(0.0697398610720913,0.147118305127611,0.005));
#6422=CARTESIAN_POINT('',(0.0698235446034992,0.147056032643854,0.005));
#6423=CARTESIAN_POINT('',(0.0699130465390487,0.146992171191454,0.005));
#6424=CARTESIAN_POINT('',(0.0700084624582187,0.14692693004151,0.005));
#6425=CARTESIAN_POINT('',(0.070109879974063,0.146860520895504,0.005));
#6426=CARTESIAN_POINT('',(0.07021738790814,0.146793161151916,0.005));
#6427=CARTESIAN_POINT('',(0.0703310404549275,0.146725060519362,0.005));
#6428=CARTESIAN_POINT('',(0.0704509949215472,0.146656471833296,0.005));
#6429=CARTESIAN_POINT('',(0.0705707679383078,0.146590896336557,0.005));
#6430=CARTESIAN_POINT('',(0.0706521659279591,0.146548797946592,0.005));
#6431=CARTESIAN_POINT('',(0.0706901581395196,0.146529223637833,0.005));
#6432=CARTESIAN_POINT('',(0.070397712771525,0.14913108935453,0.005));
#6433=CARTESIAN_POINT('',(0.0705001221851638,0.149008690279564,0.005));
#6434=CARTESIAN_POINT('',(0.07061849153374,0.148867215992629,0.005));
#6435=CARTESIAN_POINT('',(0.0706255303166479,0.148857749639283,0.005));
#6436=CARTESIAN_POINT('',(0.0706351524711021,0.148845103607794,0.005));
#6437=CARTESIAN_POINT('',(0.0706463018839323,0.148829601210827,0.005));
#6438=CARTESIAN_POINT('',(0.0706608735724177,0.148808584504032,0.005));
#6439=CARTESIAN_POINT('',(0.0706779711804673,0.148782791097543,0.005));
#6440=CARTESIAN_POINT('',(0.0706976238171615,0.148751834417793,0.005));
#6441=CARTESIAN_POINT('',(0.0707195637468595,0.14871569049269,0.005));
#6442=CARTESIAN_POINT('',(0.0707436101943881,0.148674231488623,0.005));
#6443=CARTESIAN_POINT('',(0.0707695522008555,0.148627368455552,0.005));
#6444=CARTESIAN_POINT('',(0.0707971838678006,0.148575008746094,0.005));
#6445=CARTESIAN_POINT('',(0.0708262941433536,0.148517068714626,0.005));
#6446=CARTESIAN_POINT('',(0.0708566700060171,0.148453470121173,0.005));
#6447=CARTESIAN_POINT('',(0.0708880957521835,0.14838414127169,0.005));
#6448=CARTESIAN_POINT('',(0.0709203534135685,0.14830901678178,0.005));
#6449=CARTESIAN_POINT('',(0.0709532228542574,0.148228037729253,0.005));
#6450=CARTESIAN_POINT('',(0.0709864819597205,0.148141151686973,0.005));
#6451=CARTESIAN_POINT('',(0.0710199068100638,0.14804831279404,0.005));
#6452=CARTESIAN_POINT('',(0.0710532718281723,0.147949481770425,0.005));
#6453=CARTESIAN_POINT('',(0.0710863500595032,0.147844626097323,0.005));
#6454=CARTESIAN_POINT('',(0.0711189129397305,0.147733719541572,0.005));
#6455=CARTESIAN_POINT('',(0.0711507320548584,0.147616744197564,0.005));
#6456=CARTESIAN_POINT('',(0.0711815731992736,0.147493682770801,0.005));
#6457=CARTESIAN_POINT('',(0.0712112201812165,0.147364548522799,0.005));
#6458=CARTESIAN_POINT('',(0.0712393839293064,0.147229269976045,0.005));
#6459=CARTESIAN_POINT('',(0.0712647380351434,0.147095095125072,0.005));
#6460=CARTESIAN_POINT('',(0.0712796226211348,0.147004671918666,0.005));
#6461=CARTESIAN_POINT('',(0.071286498656006,0.146962490384233,0.005));
#6462=CARTESIAN_POINT('',(0.0706233644656565,0.148860588953458,0.005));
#6463=CARTESIAN_POINT('',(0.0709120792593274,0.149087969441447,0.005));
#6464=CARTESIAN_POINT('',(0.0706693123561228,0.149363872230675,0.005));
#6465=CARTESIAN_POINT('',(0.0615862597582783,0.159686694301448,0.005));
#6466=CARTESIAN_POINT('',(0.0709030947998211,0.149574370888467,0.005));
#6467=CARTESIAN_POINT('',(0.0711521101133848,0.149304094193182,0.005));
#6468=CARTESIAN_POINT('',(0.0714084239009679,0.149567459644025,0.005));
#6469=CARTESIAN_POINT('',(0.0711629923542158,0.149820150185804,0.005));
#6470=CARTESIAN_POINT('',(0.0712740162156104,0.149705507594436,0.005));
#6471=CARTESIAN_POINT('',(0.0714023425254947,0.149572998595732,0.005));
#6472=CARTESIAN_POINT('',(0.0714110212680063,0.149565008868645,0.005));
#6473=CARTESIAN_POINT('',(0.0714225922341924,0.149554117555122,0.005));
#6474=CARTESIAN_POINT('',(0.0714368442764174,0.14954140877821,0.005));
#6475=CARTESIAN_POINT('',(0.0714562226952888,0.149524720070894,0.005));
#6476=CARTESIAN_POINT('',(0.0714800876161038,0.149505019980188,0.005));
#6477=CARTESIAN_POINT('',(0.0715088204520101,0.149482239148532,0.005));
#6478=CARTESIAN_POINT('',(0.0715424730297739,0.149456641339117,0.005));
#6479=CARTESIAN_POINT('',(0.0715811913788715,0.14942839297456,0.005));
#6480=CARTESIAN_POINT('',(0.0716250860132742,0.149397694560287,0.005));
#6481=CARTESIAN_POINT('',(0.0716742705950822,0.149364741182538,0.005));
#6482=CARTESIAN_POINT('',(0.0717288503726264,0.149329733993669,0.005));
#6483=CARTESIAN_POINT('',(0.0717889254240848,0.14929287666992,0.005));
#6484=CARTESIAN_POINT('',(0.0718545895979225,0.149254376239183,0.005));
#6485=CARTESIAN_POINT('',(0.0719259307042439,0.149214442641158,0.005));
#6486=CARTESIAN_POINT('',(0.0720030303529246,0.149173288646787,0.005));
#6487=CARTESIAN_POINT('',(0.0720859639011901,0.149131129673704,0.005));
#6488=CARTESIAN_POINT('',(0.0721748003647123,0.149088183621379,0.005));
#6489=CARTESIAN_POINT('',(0.0722696023875691,0.149044670725309,0.005));
#6490=CARTESIAN_POINT('',(0.0723704260336345,0.149000813297616,0.005));
#6491=CARTESIAN_POINT('',(0.0724773212838382,0.148956835908415,0.005));
#6492=CARTESIAN_POINT('',(0.0725903298214657,0.14891296384878,0.005));
#6493=CARTESIAN_POINT('',(0.0727094933274254,0.148869428233553,0.005));
#6494=CARTESIAN_POINT('',(0.0728348212110428,0.148826445456381,0.005));
#6495=CARTESIAN_POINT('',(0.072966414774455,0.148784295533644,0.005));
#6496=CARTESIAN_POINT('',(0.0730972043758355,0.148745055229271,0.005));
#6497=CARTESIAN_POINT('',(0.0731855763715557,0.148720800383789,0.005));
#6498=CARTESIAN_POINT('',(0.0732268080897708,0.148709552845584,0.005));
#6499=CARTESIAN_POINT('',(0.0723997950542819,0.151193758742872,0.005));
#6500=CARTESIAN_POINT('',(0.072525414775156,0.151095326495707,0.005));
#6501=CARTESIAN_POINT('',(0.0726706116276702,0.150981554132779,0.005));
#6502=CARTESIAN_POINT('',(0.0726794647618138,0.150973758087222,0.005));
#6503=CARTESIAN_POINT('',(0.0726915059068959,0.150963388960264,0.005));
#6504=CARTESIAN_POINT('',(0.0727056348078705,0.150950543421139,0.005));
#6505=CARTESIAN_POINT('',(0.0727242576890463,0.150933015604202,0.005));
#6506=CARTESIAN_POINT('',(0.0727463444240935,0.150911340638129,0.005));
#6507=CARTESIAN_POINT('',(0.0727720038591528,0.150885146449029,0.005));
#6508=CARTESIAN_POINT('',(0.0728009790933282,0.150854353923288,0.005));
#6509=CARTESIAN_POINT('',(0.0728331198799196,0.150818800435496,0.005));
#6510=CARTESIAN_POINT('',(0.0728682383637467,0.150778355118562,0.005));
#6511=CARTESIAN_POINT('',(0.0729061524081974,0.150732884540974,0.005));
#6512=CARTESIAN_POINT('',(0.0729466729642948,0.150682263004818,0.005));
#6513=CARTESIAN_POINT('',(0.0729896079325776,0.150626369690189,0.005));
#6514=CARTESIAN_POINT('',(0.0730347612291101,0.150565089622426,0.005));
#6515=CARTESIAN_POINT('',(0.0730819332429182,0.150498313527784,0.005));
#6516=CARTESIAN_POINT('',(0.0731309208991972,0.150425938002835,0.005));
#6517=CARTESIAN_POINT('',(0.0731815178373674,0.150347865585893,0.005));
#6518=CARTESIAN_POINT('',(0.0732335145657389,0.150264004862667,0.005));
#6519=CARTESIAN_POINT('',(0.0732866986033752,0.150174270511369,0.005));
#6520=CARTESIAN_POINT('',(0.0733408547162746,0.150078583537305,0.005));
#6521=CARTESIAN_POINT('',(0.0733957647889708,0.149976870759379,0.005));
#6522=CARTESIAN_POINT('',(0.0734512091216473,0.149869067173319,0.005));
#6523=CARTESIAN_POINT('',(0.0735069622223736,0.14975510716847,0.005));
#6524=CARTESIAN_POINT('',(0.0735628098664747,0.149634958767757,0.005));
#6525=CARTESIAN_POINT('',(0.0736184841604834,0.149508491954305,0.005));
#6526=CARTESIAN_POINT('',(0.0736711807384078,0.14938252056076,0.005));
#6527=CARTESIAN_POINT('',(0.0737045401022163,0.149297167997803,0.005));
#6528=CARTESIAN_POINT('',(0.0737200359133733,0.149257337839139,0.005));
#6529=CARTESIAN_POINT('',(0.0726767559132521,0.150976085049828,0.005));
#6530=CARTESIAN_POINT('',(0.0729118865342609,0.151258523909524,0.005));
#6531=CARTESIAN_POINT('',(0.0726170612549439,0.151477923483523,0.005));
#6532=CARTESIAN_POINT('',(0.061586259758278,0.159686694301448,0.005));
#6533=CARTESIAN_POINT('',(0.0728019698594848,0.151732428343754,0.005));
#6534=CARTESIAN_POINT('',(0.0731017372756984,0.151519831037609,0.005));
#6535=CARTESIAN_POINT('',(0.07329769323587,0.151830731954423,0.005));
#6536=CARTESIAN_POINT('',(0.0730050876394752,0.152026872513727,0.005));
#6537=CARTESIAN_POINT('',(0.0731375208981334,0.151937818296783,0.005));
#6538=CARTESIAN_POINT('',(0.073290593140227,0.151834885477689,0.005));
#6539=CARTESIAN_POINT('',(0.0733007433890599,0.151828874757338,0.005));
#6540=CARTESIAN_POINT('',(0.0733143259332828,0.15182062718429,0.005));
#6541=CARTESIAN_POINT('',(0.0733309088374868,0.151811159290842,0.005));
#6542=CARTESIAN_POINT('',(0.0733533335687674,0.151798864271655,0.005));
#6543=CARTESIAN_POINT('',(0.0733807728629723,0.151784556471234,0.005));
#6544=CARTESIAN_POINT('',(0.0734136142187042,0.151768247347902,0.005));
#6545=CARTESIAN_POINT('',(0.0734518534907391,0.151750205676383,0.005));
#6546=CARTESIAN_POINT('',(0.0734955989162511,0.151730624603793,0.005));
#6547=CARTESIAN_POINT('',(0.073544916906794,0.151709723231183,0.005));
#6548=CARTESIAN_POINT('',(0.0735998780799686,0.151687716013367,0.005));
#6549=CARTESIAN_POINT('',(0.0736605435622506,0.1516648215894,0.005));
#6550=CARTESIAN_POINT('',(0.0737269688981982,0.15164125999213,0.005));
#6551=CARTESIAN_POINT('',(0.0737992028419436,0.151617253237586,0.005));
#6552=CARTESIAN_POINT('',(0.0738772876358114,0.15159302493453,0.005));
#6553=CARTESIAN_POINT('',(0.0739612588687394,0.151568800171994,0.005));
#6554=CARTESIAN_POINT('',(0.0740511454633723,0.151544805327869,0.005));
#6555=CARTESIAN_POINT('',(0.0741469696233772,0.151521267889163,0.005));
#6556=CARTESIAN_POINT('',(0.0742487468343736,0.151498416303136,0.005));
#6557=CARTESIAN_POINT('',(0.0743564857138163,0.151476479680192,0.005));
#6558=CARTESIAN_POINT('',(0.0744701884596794,0.151455688074668,0.005));
#6559=CARTESIAN_POINT('',(0.0745898490037206,0.151436270520932,0.005));
#6560=CARTESIAN_POINT('',(0.0747154600645426,0.15141846174936,0.005));
#6561=CARTESIAN_POINT('',(0.074846985855086,0.151402475381185,0.005));
#6562=CARTESIAN_POINT('',(0.0749844672451136,0.151388606375659,0.005));
#6563=CARTESIAN_POINT('',(0.0751205572979354,0.151377416253248,0.005));
#6564=CARTESIAN_POINT('',(0.0752120410194558,0.151372065005385,0.005));
#6565=CARTESIAN_POINT('',(0.0752547102203878,0.151369635809126,0.005));
#6566=CARTESIAN_POINT('',(0.0739292739555042,0.153627610168749,0.005));
#6567=CARTESIAN_POINT('',(0.074072613799021,0.153557446710917,0.005));
#6568=CARTESIAN_POINT('',(0.0742382923562866,0.153476348670197,0.005));
#6569=CARTESIAN_POINT('',(0.0742485729172217,0.153470563657028,0.005));
#6570=CARTESIAN_POINT('',(0.0742625067971118,0.153462924615207,0.005));
#6571=CARTESIAN_POINT('',(0.0742789976854602,0.153453297345622,0.005));
#6572=CARTESIAN_POINT('',(0.0743008578500565,0.153440024468253,0.005));
#6573=CARTESIAN_POINT('',(0.0743269684157958,0.15342341524262,0.005));
#6574=CARTESIAN_POINT('',(0.0743575132087807,0.153403128355928,0.005));
#6575=CARTESIAN_POINT('',(0.0743922573906613,0.153379033010684,0.005));
#6576=CARTESIAN_POINT('',(0.0744310878097129,0.153350938897186,0.005));
#6577=CARTESIAN_POINT('',(0.0744738479246392,0.153318678950817,0.005));
#6578=CARTESIAN_POINT('',(0.0745203873209213,0.153282084787533,0.005));
#6579=CARTESIAN_POINT('',(0.0745705472148225,0.153240994150728,0.005));
#6580=CARTESIAN_POINT('',(0.0746241648245859,0.153195248920977,0.005));
#6581=CARTESIAN_POINT('',(0.0746810722557563,0.153144695867951,0.005));
#6582=CARTESIAN_POINT('',(0.0747410969786277,0.15308918660434,0.005));
#6583=CARTESIAN_POINT('',(0.0748040618548486,0.153028577764705,0.005));
#6584=CARTESIAN_POINT('',(0.0748697852967368,0.152962731112356,0.005));
#6585=CARTESIAN_POINT('',(0.0749380813965987,0.152891513674848,0.005));
#6586=CARTESIAN_POINT('',(0.0750087600561127,0.152814797817613,0.005));
#6587=CARTESIAN_POINT('',(0.0750816271685771,0.152732461522512,0.005));
#6588=CARTESIAN_POINT('',(0.0751564846000774,0.152644387858876,0.005));
#6589=CARTESIAN_POINT('',(0.0752331309669132,0.152550467564774,0.005));
#6590=CARTESIAN_POINT('',(0.0753113593459158,0.152450589580892,0.005));
#6591=CARTESIAN_POINT('',(0.0753909668421413,0.152344678089116,0.005));
#6592=CARTESIAN_POINT('',(0.0754717184482656,0.152232550215568,0.005));
#6593=CARTESIAN_POINT('',(0.0755494544049559,0.152120287833827,0.005));
#6594=CARTESIAN_POINT('',(0.075599830582307,0.152043736230888,0.005));
#6595=CARTESIAN_POINT('',(0.0756232689284451,0.152007998217052,0.005));
#6596=CARTESIAN_POINT('',(0.0742454394607703,0.153472276568634,0.005));
#6597=CARTESIAN_POINT('',(0.0744167095726971,0.153797429866577,0.005));
#6598=CARTESIAN_POINT('',(0.0740827111967026,0.153950737411168,0.005));
#6599=CARTESIAN_POINT('',(0.0615862597582779,0.159686694301447,0.005));
#6600=CARTESIAN_POINT('',(0.0742106645687775,0.154238125390193,0.005));
#6601=CARTESIAN_POINT('',(0.0745480828131088,0.154092498995623,0.005));
#6602=CARTESIAN_POINT('',(0.0746751167301087,0.154437347516476,0.005));
#6603=CARTESIAN_POINT('',(0.0743481253527109,0.154568365809677,0.005));
#6604=CARTESIAN_POINT('',(0.0744961800397441,0.154508792063765,0.005));
#6605=CARTESIAN_POINT('',(0.0746673082225454,0.154439934082403,0.005));
#6606=CARTESIAN_POINT('',(0.0746784863631193,0.15443616506611,0.005));
#6607=CARTESIAN_POINT('',(0.0746934868630202,0.154430921692057,0.005));
#6608=CARTESIAN_POINT('',(0.0747116758767158,0.154425108474448,0.005));
#6609=CARTESIAN_POINT('',(0.0747361668520429,0.154417744494726,0.005));
#6610=CARTESIAN_POINT('',(0.0747659812908126,0.154409454304126,0.005));
#6611=CARTESIAN_POINT('',(0.0748014958415343,0.154400329676068,0.005));
#6612=CARTESIAN_POINT('',(0.07484265056816,0.154390632650061,0.005));
#6613=CARTESIAN_POINT('',(0.0748895111850777,0.154380574656272,0.005));
#6614=CARTESIAN_POINT('',(0.0749420970989202,0.154370383815603,0.005));
#6615=CARTESIAN_POINT('',(0.0750004327964606,0.154360284578741,0.005));
#6616=CARTESIAN_POINT('',(0.0750645326107993,0.154350503515864,0.005));
#6617=CARTESIAN_POINT('',(0.0751344051253112,0.154341267399935,0.005));
#6618=CARTESIAN_POINT('',(0.0752100518690057,0.154332803531954,0.005));
#6619=CARTESIAN_POINT('',(0.0752914676702353,0.15432533941697,0.005));
#6620=CARTESIAN_POINT('',(0.075378640541593,0.154319102624635,0.005));
#6621=CARTESIAN_POINT('',(0.0754715517070842,0.154314320599296,0.005));
#6622=CARTESIAN_POINT('',(0.0755701755879642,0.154311220473227,0.005));
#6623=CARTESIAN_POINT('',(0.0756744798345984,0.154310028921207,0.005));
#6624=CARTESIAN_POINT('',(0.0757844252413981,0.154310971838697,0.005));
#6625=CARTESIAN_POINT('',(0.0758999661273203,0.154314274709782,0.005));
#6626=CARTESIAN_POINT('',(0.0760210489378055,0.154320160302218,0.005));
#6627=CARTESIAN_POINT('',(0.0761476177473831,0.154328856703074,0.005));
#6628=CARTESIAN_POINT('',(0.0762795931366751,0.154340565424897,0.005));
#6629=CARTESIAN_POINT('',(0.0764169537568649,0.154355583478674,0.005));
#6630=CARTESIAN_POINT('',(0.0765523964727872,0.154372932600272,0.005));
#6631=CARTESIAN_POINT('',(0.0766429936424897,0.154386718825237,0.005));
#6632=CARTESIAN_POINT('',(0.0766852354773083,0.154393214138455,0.005));
#6633=CARTESIAN_POINT('',(0.0749193039079544,0.156326272645937,0.005));
#6634=CARTESIAN_POINT('',(0.0750740992351314,0.156287444457227,0.005));
#6635=CARTESIAN_POINT('',(0.0752530185491818,0.156242565112245,0.005));
#6636=CARTESIAN_POINT('',(0.0752642772270641,0.156239043964301,0.005));
#6637=CARTESIAN_POINT('',(0.0752794948643488,0.156234468870398,0.005));
#6638=CARTESIAN_POINT('',(0.0752976270091181,0.156228480628232,0.005));
#6639=CARTESIAN_POINT('',(0.0753217690630453,0.156220042778862,0.005));
#6640=CARTESIAN_POINT('',(0.0753507623024615,0.15620922519653,0.005));
#6641=CARTESIAN_POINT('',(0.0753848574993483,0.15619573224654,0.005));
#6642=CARTESIAN_POINT('',(0.0754238521414648,0.156179387164002,0.005));
#6643=CARTESIAN_POINT('',(0.0754676751173351,0.156159980272369,0.005));
#6644=CARTESIAN_POINT('',(0.0755162080411525,0.156137315611023,0.005));
#6645=CARTESIAN_POINT('',(0.0755693387943278,0.156111197202577,0.005));
#6646=CARTESIAN_POINT('',(0.0756269457979753,0.156081433323125,0.005));
#6647=CARTESIAN_POINT('',(0.0756889027023867,0.156047835464304,0.005));
#6648=CARTESIAN_POINT('',(0.0757550771403808,0.15601021883701,0.005));
#6649=CARTESIAN_POINT('',(0.0758253312038955,0.155968402425614,0.005));
#6650=CARTESIAN_POINT('',(0.0758995214328284,0.155922209168419,0.005));
#6651=CARTESIAN_POINT('',(0.075977498948648,0.155871466095336,0.005));
#6652=CARTESIAN_POINT('',(0.0760591095527153,0.155816004487307,0.005));
#6653=CARTESIAN_POINT('',(0.0761441938375325,0.155755659975218,0.005));
#6654=CARTESIAN_POINT('',(0.0762325873070918,0.155690272850269,0.005));
#6655=CARTESIAN_POINT('',(0.0763241204684341,0.155619687542649,0.005));
#6656=CARTESIAN_POINT('',(0.0764186190554083,0.155543755308037,0.005));
#6657=CARTESIAN_POINT('',(0.0765159037571434,0.155462324492285,0.005));
#6658=CARTESIAN_POINT('',(0.0766157918759089,0.155375278749857,0.005));
#6659=CARTESIAN_POINT('',(0.0767180915614722,0.155282390342335,0.005));
#6660=CARTESIAN_POINT('',(0.0768174694626024,0.155188743377175,0.005));
#6661=CARTESIAN_POINT('',(0.0768826607728142,0.15512433840664,0.005));
#6662=CARTESIAN_POINT('',(0.0769130172857375,0.155094254460326,0.005));
#6663=CARTESIAN_POINT('',(0.0752608561098059,0.156240067962449,0.005));
#6664=CARTESIAN_POINT('',(0.0753607803869142,0.15659372493926,0.005));
#6665=CARTESIAN_POINT('',(0.0750022062459751,0.156674240179093,0.005));
#6666=CARTESIAN_POINT('',(0.0615862597582778,0.159686694301447,0.005));
#6667=CARTESIAN_POINT('',(0.0750676122092362,0.156981951043191,0.005));
#6668=CARTESIAN_POINT('',(0.0754279344852955,0.156909660132429,0.005));
#6669=CARTESIAN_POINT('',(0.0754804943673742,0.157273384722192,0.005));
#6670=CARTESIAN_POINT('',(0.0751334083012445,0.157333554621182,0.005));
#6671=CARTESIAN_POINT('',(0.0752906137163842,0.157306065004866,0.005));
#6672=CARTESIAN_POINT('',(0.0754723187171406,0.157274291285438,0.005));
#6673=CARTESIAN_POINT('',(0.0754840362110738,0.157272928697301,0.005));
#6674=CARTESIAN_POINT('',(0.0754997990728266,0.157270918682849,0.005));
#6675=CARTESIAN_POINT('',(0.0755187992488348,0.157269014206584,0.005));
#6676=CARTESIAN_POINT('',(0.0755442860950658,0.157266903107577,0.005));
#6677=CARTESIAN_POINT('',(0.0755751726443606,0.157264992847907,0.005));
#6678=CARTESIAN_POINT('',(0.0756118082337878,0.157263451505153,0.005));
#6679=CARTESIAN_POINT('',(0.0756540797559684,0.157262522931229,0.005));
#6680=CARTESIAN_POINT('',(0.0757020075304703,0.157262427598832,0.005));
#6681=CARTESIAN_POINT('',(0.0757555631108422,0.157263392678742,0.005));
#6682=CARTESIAN_POINT('',(0.0758147237828403,0.157265642807947,0.005));
#6683=CARTESIAN_POINT('',(0.0758794564597641,0.157269402585541,0.005));
#6684=CARTESIAN_POINT('',(0.0759497223886705,0.157274895613539,0.005));
#6685=CARTESIAN_POINT('',(0.0760254758066212,0.157282344543767,0.005));
#6686=CARTESIAN_POINT('',(0.0761066643540227,0.157291970834497,0.005));
#6687=CARTESIAN_POINT('',(0.07619322899103,0.157303994590115,0.005));
#6688=CARTESIAN_POINT('',(0.0762851040636102,0.157318634381018,0.005));
#6689=CARTESIAN_POINT('',(0.0763822173285209,0.157336107057968,0.005));
#6690=CARTESIAN_POINT('',(0.0764844900147077,0.157356627616496,0.005));
#6691=CARTESIAN_POINT('',(0.0765918368070108,0.157380408864403,0.005));
#6692=CARTESIAN_POINT('',(0.0767041661418504,0.15740766186078,0.005));
#6693=CARTESIAN_POINT('',(0.0768213793189417,0.157438593370758,0.005));
#6694=CARTESIAN_POINT('',(0.0769433742129519,0.157473414869594,0.005));
#6695=CARTESIAN_POINT('',(0.0770700312431921,0.157512306954088,0.005));
#6696=CARTESIAN_POINT('',(0.0772012677753126,0.157555555706152,0.005));
#6697=CARTESIAN_POINT('',(0.0773301436577233,0.157600685831894,0.005));
#6698=CARTESIAN_POINT('',(0.0774158947445584,0.157633007005504,0.005));
#6699=CARTESIAN_POINT('',(0.0774558630423833,0.157648142951845,0.005));
#6700=CARTESIAN_POINT('',(0.0753266158520195,0.159171801674562,0.005));
#6701=CARTESIAN_POINT('',(0.0754861013642687,0.159166005733139,0.005));
#6702=CARTESIAN_POINT('',(0.0756704418025299,0.159159306526627,0.005));
#6703=CARTESIAN_POINT('',(0.0756821865391107,0.159158203134968,0.005));
#6704=CARTESIAN_POINT('',(0.0756980228500183,0.159156891942543,0.005));
#6705=CARTESIAN_POINT('',(0.0757170037894745,0.159154804442712,0.005));
#6706=CARTESIAN_POINT('',(0.0757423726091296,0.159151570395847,0.005));
#6707=CARTESIAN_POINT('',(0.0757729813785353,0.159147017237073,0.005));
#6708=CARTESIAN_POINT('',(0.075809136855613,0.159140907930447,0.005));
#6709=CARTESIAN_POINT('',(0.075850677704988,0.159133027469153,0.005));
#6710=CARTESIAN_POINT('',(0.0758975779633453,0.159123155973675,0.005));
#6711=CARTESIAN_POINT('',(0.0759497625743962,0.159111077151809,0.005));
#6712=CARTESIAN_POINT('',(0.0760071626156012,0.15909657599798,0.005));
#6713=CARTESIAN_POINT('',(0.0760696990265067,0.159079439700237,0.005));
#6714=CARTESIAN_POINT('',(0.0761372874115411,0.159059457599995,0.005));
#6715=CARTESIAN_POINT('',(0.0762098367158784,0.159036421425552,0.005));
#6716=CARTESIAN_POINT('',(0.0762872496803444,0.159010125444206,0.005));
#6717=CARTESIAN_POINT('',(0.0763694227929807,0.158980366636451,0.005));
#6718=CARTESIAN_POINT('',(0.0764562463911127,0.15894694485842,0.005));
#6719=CARTESIAN_POINT('',(0.0765476047243765,0.158909663018274,0.005));
#6720=CARTESIAN_POINT('',(0.0766433760429707,0.158868327196075,0.005));
#6721=CARTESIAN_POINT('',(0.0767434326508464,0.158822746972401,0.005));
#6722=CARTESIAN_POINT('',(0.076847641103655,0.158772734937446,0.005));
#6723=CARTESIAN_POINT('',(0.0769558618690624,0.158718109365339,0.005));
#6724=CARTESIAN_POINT('',(0.0770679510852404,0.158658684635114,0.005));
#6725=CARTESIAN_POINT('',(0.0771837542364396,0.158594308958668,0.005));
#6726=CARTESIAN_POINT('',(0.0773031310142942,0.158524719686311,0.005));
#6727=CARTESIAN_POINT('',(0.0774198075687169,0.158453780959478,0.005));
#6728=CARTESIAN_POINT('',(0.0774969648387105,0.158404337427606,0.005));
#6729=CARTESIAN_POINT('',(0.0775329127931376,0.158381222361628,0.005));
#6730=CARTESIAN_POINT('',(0.0756786272802862,0.159158493466027,0.005));
#6731=CARTESIAN_POINT('',(0.0757028385521766,0.159525197614784,0.005));
#6732=CARTESIAN_POINT('',(0.0753353600568816,0.159529401647523,0.005));
#6733=CARTESIAN_POINT('',(0.0615862597582777,0.159686694301446,0.005));
#6734=CARTESIAN_POINT('',(0.0753353600568816,0.159843986955371,0.005));
#6735=CARTESIAN_POINT('',(0.0757028385521871,0.15984819098811,0.005));
#6736=CARTESIAN_POINT('',(0.0756786272802875,0.160214895136867,0.005));
#6737=CARTESIAN_POINT('',(0.0753266158520195,0.160201586928331,0.005));
#6738=CARTESIAN_POINT('',(0.0754861013642687,0.160207382869754,0.005));
#6739=CARTESIAN_POINT('',(0.0756704418025299,0.160214082076267,0.005));
#6740=CARTESIAN_POINT('',(0.0756821865391107,0.160215185467925,0.005));
#6741=CARTESIAN_POINT('',(0.0756980228500183,0.160216496660351,0.005));
#6742=CARTESIAN_POINT('',(0.0757170037894745,0.160218584160182,0.005));
#6743=CARTESIAN_POINT('',(0.0757423726091296,0.160221818207047,0.005));
#6744=CARTESIAN_POINT('',(0.0757729813785353,0.16022637136582,0.005));
#6745=CARTESIAN_POINT('',(0.075809136855613,0.160232480672446,0.005));
#6746=CARTESIAN_POINT('',(0.075850677704988,0.16024036113374,0.005));
#6747=CARTESIAN_POINT('',(0.0758975779633453,0.160250232629218,0.005));
#6748=CARTESIAN_POINT('',(0.0759497625743962,0.160262311451084,0.005));
#6749=CARTESIAN_POINT('',(0.0760071626156012,0.160276812604913,0.005));
#6750=CARTESIAN_POINT('',(0.0760696990265067,0.160293948902656,0.005));
#6751=CARTESIAN_POINT('',(0.0761372874115411,0.160313931002899,0.005));
#6752=CARTESIAN_POINT('',(0.0762098367158784,0.160336967177341,0.005));
#6753=CARTESIAN_POINT('',(0.0762872496803444,0.160363263158687,0.005));
#6754=CARTESIAN_POINT('',(0.0763694227929807,0.160393021966443,0.005));
#6755=CARTESIAN_POINT('',(0.0764562463911127,0.160426443744473,0.005));
#6756=CARTESIAN_POINT('',(0.0765476047243765,0.16046372558462,0.005));
#6757=CARTESIAN_POINT('',(0.0766433760429707,0.160505061406819,0.005));
#6758=CARTESIAN_POINT('',(0.0767434326508464,0.160550641630493,0.005));
#6759=CARTESIAN_POINT('',(0.076847641103655,0.160600653665448,0.005));
#6760=CARTESIAN_POINT('',(0.0769558618690624,0.160655279237554,0.005));
#6761=CARTESIAN_POINT('',(0.0770679510852404,0.16071470396778,0.005));
#6762=CARTESIAN_POINT('',(0.0771837542364396,0.160779079644226,0.005));
#6763=CARTESIAN_POINT('',(0.0773031310142942,0.160848668916583,0.005));
#6764=CARTESIAN_POINT('',(0.0774198075687169,0.160919607643415,0.005));
#6765=CARTESIAN_POINT('',(0.0774969648387105,0.160969051175288,0.005));
#6766=CARTESIAN_POINT('',(0.0775329127931376,0.160992166241266,0.005));
#6767=CARTESIAN_POINT('',(0.0751334083012445,0.162039833981712,0.005));
#6768=CARTESIAN_POINT('',(0.0752906137163842,0.162067323598027,0.005));
#6769=CARTESIAN_POINT('',(0.0754723187171406,0.162099097317456,0.005));
#6770=CARTESIAN_POINT('',(0.0754840362110738,0.162100459905592,0.005));
#6771=CARTESIAN_POINT('',(0.0754997990728266,0.162102469920045,0.005));
#6772=CARTESIAN_POINT('',(0.0755187992488348,0.162104374396309,0.005));
#6773=CARTESIAN_POINT('',(0.0755442860950658,0.162106485495317,0.005));
#6774=CARTESIAN_POINT('',(0.0755751726443606,0.162108395754987,0.005));
#6775=CARTESIAN_POINT('',(0.0756118082337878,0.162109937097741,0.005));
#6776=CARTESIAN_POINT('',(0.0756540797559685,0.162110865671664,0.005));
#6777=CARTESIAN_POINT('',(0.0757020075304703,0.162110961004061,0.005));
#6778=CARTESIAN_POINT('',(0.0757555631108422,0.162109995924152,0.005));
#6779=CARTESIAN_POINT('',(0.0758147237828403,0.162107745794946,0.005));
#6780=CARTESIAN_POINT('',(0.0758794564597641,0.162103986017352,0.005));
#6781=CARTESIAN_POINT('',(0.0759497223886705,0.162098492989354,0.005));
#6782=CARTESIAN_POINT('',(0.0760254758066212,0.162091044059126,0.005));
#6783=CARTESIAN_POINT('',(0.0761066643540227,0.162081417768397,0.005));
#6784=CARTESIAN_POINT('',(0.07619322899103,0.162069394012778,0.005));
#6785=CARTESIAN_POINT('',(0.0762851040636102,0.162054754221876,0.005));
#6786=CARTESIAN_POINT('',(0.0763822173285209,0.162037281544925,0.005));
#6787=CARTESIAN_POINT('',(0.0764844900147077,0.162016760986397,0.005));
#6788=CARTESIAN_POINT('',(0.0765918368070108,0.161992979738491,0.005));
#6789=CARTESIAN_POINT('',(0.0767041661418504,0.161965726742113,0.005));
#6790=CARTESIAN_POINT('',(0.0768213793189418,0.161934795232135,0.005));
#6791=CARTESIAN_POINT('',(0.0769433742129519,0.1618999737333,0.005));
#6792=CARTESIAN_POINT('',(0.0770700312431922,0.161861081648806,0.005));
#6793=CARTESIAN_POINT('',(0.0772012677753126,0.161817832896741,0.005));
#6794=CARTESIAN_POINT('',(0.0773301436577233,0.161772702771,0.005));
#6795=CARTESIAN_POINT('',(0.0774158947445584,0.16174038159739,0.005));
#6796=CARTESIAN_POINT('',(0.0774558630423833,0.161725245651049,0.005));
#6797=CARTESIAN_POINT('',(0.0754804943673729,0.162100003880701,0.005));
#6798=CARTESIAN_POINT('',(0.0754279344852852,0.162463728470463,0.005));
#6799=CARTESIAN_POINT('',(0.0750676122092361,0.162391437559704,0.005));
#6800=CARTESIAN_POINT('',(0.0615862597582778,0.159686694301446,0.005));
#6801=CARTESIAN_POINT('',(0.075002206245975,0.162699148423801,0.005));
#6802=CARTESIAN_POINT('',(0.0753607803869243,0.162779663663636,0.005));
#6803=CARTESIAN_POINT('',(0.0752608561098071,0.163133320640445,0.005));
#6804=CARTESIAN_POINT('',(0.0749193039079544,0.163047115956957,0.005));
#6805=CARTESIAN_POINT('',(0.0750740992351314,0.163085944145667,0.005));
#6806=CARTESIAN_POINT('',(0.0752530185491818,0.163130823490649,0.005));
#6807=CARTESIAN_POINT('',(0.0752642772270641,0.163134344638593,0.005));
#6808=CARTESIAN_POINT('',(0.0752794948643488,0.163138919732495,0.005));
#6809=CARTESIAN_POINT('',(0.0752976270091181,0.163144907974661,0.005));
#6810=CARTESIAN_POINT('',(0.0753217690630454,0.163153345824031,0.005));
#6811=CARTESIAN_POINT('',(0.0753507623024616,0.163164163406363,0.005));
#6812=CARTESIAN_POINT('',(0.0753848574993483,0.163177656356353,0.005));
#6813=CARTESIAN_POINT('',(0.0754238521414649,0.163194001438892,0.005));
#6814=CARTESIAN_POINT('',(0.0754676751173351,0.163213408330525,0.005));
#6815=CARTESIAN_POINT('',(0.0755162080411525,0.163236072991871,0.005));
#6816=CARTESIAN_POINT('',(0.0755693387943278,0.163262191400317,0.005));
#6817=CARTESIAN_POINT('',(0.0756269457979753,0.163291955279768,0.005));
#6818=CARTESIAN_POINT('',(0.0756889027023867,0.16332555313859,0.005));
#6819=CARTESIAN_POINT('',(0.0757550771403808,0.163363169765883,0.005));
#6820=CARTESIAN_POINT('',(0.0758253312038955,0.163404986177279,0.005));
#6821=CARTESIAN_POINT('',(0.0758995214328284,0.163451179434475,0.005));
#6822=CARTESIAN_POINT('',(0.075977498948648,0.163501922507557,0.005));
#6823=CARTESIAN_POINT('',(0.0760591095527153,0.163557384115587,0.005));
#6824=CARTESIAN_POINT('',(0.0761441938375325,0.163617728627676,0.005));
#6825=CARTESIAN_POINT('',(0.0762325873070919,0.163683115752624,0.005));
#6826=CARTESIAN_POINT('',(0.0763241204684341,0.163753701060244,0.005));
#6827=CARTESIAN_POINT('',(0.0764186190554083,0.163829633294857,0.005));
#6828=CARTESIAN_POINT('',(0.0765159037571434,0.163911064110608,0.005));
#6829=CARTESIAN_POINT('',(0.0766157918759089,0.163998109853038,0.005));
#6830=CARTESIAN_POINT('',(0.0767180915614722,0.164090998260559,0.005));
#6831=CARTESIAN_POINT('',(0.0768174694626024,0.164184645225718,0.005));
#6832=CARTESIAN_POINT('',(0.0768826607728142,0.164249050196254,0.005));
#6833=CARTESIAN_POINT('',(0.0769130172857375,0.164279134142568,0.005));
#6834=CARTESIAN_POINT('',(0.0743481253527109,0.164805022793217,0.005));
#6835=CARTESIAN_POINT('',(0.0744961800397441,0.164864596539128,0.005));
#6836=CARTESIAN_POINT('',(0.0746673082225454,0.164933454520491,0.005));
#6837=CARTESIAN_POINT('',(0.0746784863631193,0.164937223536784,0.005));
#6838=CARTESIAN_POINT('',(0.0746934868630202,0.164942466910836,0.005));
#6839=CARTESIAN_POINT('',(0.0747116758767158,0.164948280128445,0.005));
#6840=CARTESIAN_POINT('',(0.0747361668520429,0.164955644108167,0.005));
#6841=CARTESIAN_POINT('',(0.0747659812908126,0.164963934298768,0.005));
#6842=CARTESIAN_POINT('',(0.0748014958415343,0.164973058926826,0.005));
#6843=CARTESIAN_POINT('',(0.07484265056816,0.164982755952832,0.005));
#6844=CARTESIAN_POINT('',(0.0748895111850776,0.164992813946622,0.005));
#6845=CARTESIAN_POINT('',(0.0749420970989202,0.165003004787291,0.005));
#6846=CARTESIAN_POINT('',(0.0750004327964606,0.165013104024152,0.005));
#6847=CARTESIAN_POINT('',(0.0750645326107993,0.16502288508703,0.005));
#6848=CARTESIAN_POINT('',(0.0751344051253112,0.165032121202959,0.005));
#6849=CARTESIAN_POINT('',(0.0752100518690057,0.165040585070939,0.005));
#6850=CARTESIAN_POINT('',(0.0752914676702353,0.165048049185924,0.005));
#6851=CARTESIAN_POINT('',(0.075378640541593,0.165054285978258,0.005));
#6852=CARTESIAN_POINT('',(0.0754715517070842,0.165059068003597,0.005));
#6853=CARTESIAN_POINT('',(0.0755701755879642,0.165062168129667,0.005));
#6854=CARTESIAN_POINT('',(0.0756744798345984,0.165063359681687,0.005));
#6855=CARTESIAN_POINT('',(0.0757844252413981,0.165062416764197,0.005));
#6856=CARTESIAN_POINT('',(0.0758999661273203,0.165059113893111,0.005));
#6857=CARTESIAN_POINT('',(0.0760210489378055,0.165053228300675,0.005));
#6858=CARTESIAN_POINT('',(0.0761476177473831,0.16504453189982,0.005));
#6859=CARTESIAN_POINT('',(0.0762795931366751,0.165032823177997,0.005));
#6860=CARTESIAN_POINT('',(0.0764169537568649,0.165017805124219,0.005));
#6861=CARTESIAN_POINT('',(0.0765523964727872,0.165000456002622,0.005));
#6862=CARTESIAN_POINT('',(0.0766429936424897,0.164986669777656,0.005));
#6863=CARTESIAN_POINT('',(0.0766852354773083,0.164980174464438,0.005));
#6864=CARTESIAN_POINT('',(0.0746751167301074,0.164936041086418,0.005));
#6865=CARTESIAN_POINT('',(0.0745480828130991,0.165280889607267,0.005));
#6866=CARTESIAN_POINT('',(0.0742106645687774,0.1651352632127,0.005));
#6867=CARTESIAN_POINT('',(0.0615862597582779,0.159686694301446,0.005));
#6868=CARTESIAN_POINT('',(0.0740827111967024,0.165422651191726,0.005));
#6869=CARTESIAN_POINT('',(0.0744167095727064,0.165575958736321,0.005));
#6870=CARTESIAN_POINT('',(0.0742454394607714,0.16590111203426,0.005));
#6871=CARTESIAN_POINT('',(0.0739292739555042,0.165745778434144,0.005));
#6872=CARTESIAN_POINT('',(0.074072613799021,0.165815941891977,0.005));
#6873=CARTESIAN_POINT('',(0.0742382923562865,0.165897039932696,0.005));
#6874=CARTESIAN_POINT('',(0.0742485729172217,0.165902824945865,0.005));
#6875=CARTESIAN_POINT('',(0.0742625067971118,0.165910463987686,0.005));
#6876=CARTESIAN_POINT('',(0.0742789976854602,0.165920091257272,0.005));
#6877=CARTESIAN_POINT('',(0.0743008578500565,0.16593336413464,0.005));
#6878=CARTESIAN_POINT('',(0.0743269684157958,0.165949973360273,0.005));
#6879=CARTESIAN_POINT('',(0.0743575132087807,0.165970260246965,0.005));
#6880=CARTESIAN_POINT('',(0.0743922573906613,0.16599435559221,0.005));
#6881=CARTESIAN_POINT('',(0.0744310878097129,0.166022449705708,0.005));
#6882=CARTESIAN_POINT('',(0.0744738479246391,0.166054709652076,0.005));
#6883=CARTESIAN_POINT('',(0.0745203873209213,0.16609130381536,0.005));
#6884=CARTESIAN_POINT('',(0.0745705472148225,0.166132394452165,0.005));
#6885=CARTESIAN_POINT('',(0.0746241648245858,0.166178139681916,0.005));
#6886=CARTESIAN_POINT('',(0.0746810722557563,0.166228692734943,0.005));
#6887=CARTESIAN_POINT('',(0.0747410969786277,0.166284201998554,0.005));
#6888=CARTESIAN_POINT('',(0.0748040618548486,0.166344810838188,0.005));
#6889=CARTESIAN_POINT('',(0.0748697852967367,0.166410657490537,0.005));
#6890=CARTESIAN_POINT('',(0.0749380813965987,0.166481874928045,0.005));
#6891=CARTESIAN_POINT('',(0.0750087600561127,0.166558590785281,0.005));
#6892=CARTESIAN_POINT('',(0.075081627168577,0.166640927080382,0.005));
#6893=CARTESIAN_POINT('',(0.0751564846000774,0.166729000744018,0.005));
#6894=CARTESIAN_POINT('',(0.0752331309669132,0.16682292103812,0.005));
#6895=CARTESIAN_POINT('',(0.0753113593459158,0.166922799022002,0.005));
#6896=CARTESIAN_POINT('',(0.0753909668421412,0.167028710513778,0.005));
#6897=CARTESIAN_POINT('',(0.0754717184482656,0.167140838387326,0.005));
#6898=CARTESIAN_POINT('',(0.0755494544049559,0.167253100769066,0.005));
#6899=CARTESIAN_POINT('',(0.075599830582307,0.167329652372005,0.005));
#6900=CARTESIAN_POINT('',(0.075623268928445,0.167365390385841,0.005));
#6901=CARTESIAN_POINT('',(0.0730050876394752,0.167346516089167,0.005));
#6902=CARTESIAN_POINT('',(0.0731375208981334,0.167435570306111,0.005));
#6903=CARTESIAN_POINT('',(0.073290593140227,0.167538503125205,0.005));
#6904=CARTESIAN_POINT('',(0.0733007433890599,0.167544513845555,0.005));
#6905=CARTESIAN_POINT('',(0.0733143259332828,0.167552761418603,0.005));
#6906=CARTESIAN_POINT('',(0.0733309088374868,0.167562229312051,0.005));
#6907=CARTESIAN_POINT('',(0.0733533335687674,0.167574524331238,0.005));
#6908=CARTESIAN_POINT('',(0.0733807728629723,0.167588832131659,0.005));
#6909=CARTESIAN_POINT('',(0.0734136142187042,0.167605141254991,0.005));
#6910=CARTESIAN_POINT('',(0.0734518534907391,0.167623182926511,0.005));
#6911=CARTESIAN_POINT('',(0.0734955989162511,0.1676427639991,0.005));
#6912=CARTESIAN_POINT('',(0.073544916906794,0.167663665371711,0.005));
#6913=CARTESIAN_POINT('',(0.0735998780799686,0.167685672589526,0.005));
#6914=CARTESIAN_POINT('',(0.0736605435622506,0.167708567013493,0.005));
#6915=CARTESIAN_POINT('',(0.0737269688981982,0.167732128610764,0.005));
#6916=CARTESIAN_POINT('',(0.0737992028419436,0.167756135365308,0.005));
#6917=CARTESIAN_POINT('',(0.0738772876358114,0.167780363668364,0.005));
#6918=CARTESIAN_POINT('',(0.0739612588687394,0.1678045884309,0.005));
#6919=CARTESIAN_POINT('',(0.0740511454633723,0.167828583275024,0.005));
#6920=CARTESIAN_POINT('',(0.0741469696233772,0.16785212071373,0.005));
#6921=CARTESIAN_POINT('',(0.0742487468343736,0.167874972299758,0.005));
#6922=CARTESIAN_POINT('',(0.0743564857138162,0.167896908922702,0.005));
#6923=CARTESIAN_POINT('',(0.0744701884596794,0.167917700528225,0.005));
#6924=CARTESIAN_POINT('',(0.0745898490037206,0.167937118081961,0.005));
#6925=CARTESIAN_POINT('',(0.0747154600645426,0.167954926853534,0.005));
#6926=CARTESIAN_POINT('',(0.074846985855086,0.167970913221708,0.005));
#6927=CARTESIAN_POINT('',(0.0749844672451136,0.167984782227234,0.005));
#6928=CARTESIAN_POINT('',(0.0751205572979354,0.167995972349646,0.005));
#6929=CARTESIAN_POINT('',(0.0752120410194557,0.168001323597508,0.005));
#6930=CARTESIAN_POINT('',(0.0752547102203877,0.168003752793768,0.005));
#6931=CARTESIAN_POINT('',(0.0732976932358689,0.16754265664847,0.005));
#6932=CARTESIAN_POINT('',(0.0731017372756896,0.167853557565279,0.005));
#6933=CARTESIAN_POINT('',(0.0728019698594846,0.16764096025914,0.005));
#6934=CARTESIAN_POINT('',(0.0615862597582781,0.159686694301445,0.005));
#6935=CARTESIAN_POINT('',(0.0726170612549437,0.16789546511937,0.005));
#6936=CARTESIAN_POINT('',(0.0729118865342691,0.168114864693376,0.005));
#6937=CARTESIAN_POINT('',(0.072676755913253,0.168397303553067,0.005));
#6938=CARTESIAN_POINT('',(0.0723997950542819,0.168179629860022,0.005));
#6939=CARTESIAN_POINT('',(0.072525414775156,0.168278062107186,0.005));
#6940=CARTESIAN_POINT('',(0.0726706116276702,0.168391834470114,0.005));
#6941=CARTESIAN_POINT('',(0.0726794647618138,0.168399630515672,0.005));
#6942=CARTESIAN_POINT('',(0.0726915059068959,0.16840999964263,0.005));
#6943=CARTESIAN_POINT('',(0.0727056348078705,0.168422845181755,0.005));
#6944=CARTESIAN_POINT('',(0.0727242576890463,0.168440372998691,0.005));
#6945=CARTESIAN_POINT('',(0.0727463444240935,0.168462047964764,0.005));
#6946=CARTESIAN_POINT('',(0.0727720038591528,0.168488242153864,0.005));
#6947=CARTESIAN_POINT('',(0.0728009790933282,0.168519034679605,0.005));
#6948=CARTESIAN_POINT('',(0.0728331198799196,0.168554588167398,0.005));
#6949=CARTESIAN_POINT('',(0.0728682383637467,0.168595033484332,0.005));
#6950=CARTESIAN_POINT('',(0.0729061524081974,0.168640504061919,0.005));
#6951=CARTESIAN_POINT('',(0.0729466729642948,0.168691125598076,0.005));
#6952=CARTESIAN_POINT('',(0.0729896079325777,0.168747018912704,0.005));
#6953=CARTESIAN_POINT('',(0.0730347612291101,0.168808298980467,0.005));
#6954=CARTESIAN_POINT('',(0.0730819332429183,0.16887507507511,0.005));
#6955=CARTESIAN_POINT('',(0.0731309208991972,0.168947450600059,0.005));
#6956=CARTESIAN_POINT('',(0.0731815178373674,0.169025523017,0.005));
#6957=CARTESIAN_POINT('',(0.0732335145657389,0.169109383740227,0.005));
#6958=CARTESIAN_POINT('',(0.0732866986033752,0.169199118091525,0.005));
#6959=CARTESIAN_POINT('',(0.0733408547162746,0.169294805065588,0.005));
#6960=CARTESIAN_POINT('',(0.0733957647889708,0.169396517843515,0.005));
#6961=CARTESIAN_POINT('',(0.0734512091216473,0.169504321429575,0.005));
#6962=CARTESIAN_POINT('',(0.0735069622223736,0.169618281434423,0.005));
#6963=CARTESIAN_POINT('',(0.0735628098664747,0.169738429835137,0.005));
#6964=CARTESIAN_POINT('',(0.0736184841604834,0.169864896648589,0.005));
#6965=CARTESIAN_POINT('',(0.0736711807384078,0.169990868042134,0.005));
#6966=CARTESIAN_POINT('',(0.0737045401022163,0.17007622060509,0.005));
#6967=CARTESIAN_POINT('',(0.0737200359133732,0.170116050763754,0.005));
#6968=CARTESIAN_POINT('',(0.0711629923542158,0.16955323841709,0.005));
#6969=CARTESIAN_POINT('',(0.0712740162156104,0.169667881008457,0.005));
#6970=CARTESIAN_POINT('',(0.0714023425254947,0.169800390007161,0.005));
#6971=CARTESIAN_POINT('',(0.0714110212680063,0.169808379734249,0.005));
#6972=CARTESIAN_POINT('',(0.0714225922341924,0.169819271047772,0.005));
#6973=CARTESIAN_POINT('',(0.0714368442764174,0.169831979824684,0.005));
#6974=CARTESIAN_POINT('',(0.0714562226952889,0.169848668531999,0.005));
#6975=CARTESIAN_POINT('',(0.0714800876161037,0.169868368622706,0.005));
#6976=CARTESIAN_POINT('',(0.0715088204520101,0.169891149454362,0.005));
#6977=CARTESIAN_POINT('',(0.0715424730297739,0.169916747263777,0.005));
#6978=CARTESIAN_POINT('',(0.0715811913788715,0.169944995628334,0.005));
#6979=CARTESIAN_POINT('',(0.0716250860132742,0.169975694042607,0.005));
#6980=CARTESIAN_POINT('',(0.0716742705950822,0.170008647420355,0.005));
#6981=CARTESIAN_POINT('',(0.0717288503726265,0.170043654609224,0.005));
#6982=CARTESIAN_POINT('',(0.0717889254240848,0.170080511932974,0.005));
#6983=CARTESIAN_POINT('',(0.0718545895979226,0.170119012363711,0.005));
#6984=CARTESIAN_POINT('',(0.0719259307042439,0.170158945961736,0.005));
#6985=CARTESIAN_POINT('',(0.0720030303529246,0.170200099956107,0.005));
#6986=CARTESIAN_POINT('',(0.0720859639011901,0.170242258929189,0.005));
#6987=CARTESIAN_POINT('',(0.0721748003647123,0.170285204981514,0.005));
#6988=CARTESIAN_POINT('',(0.0722696023875692,0.170328717877584,0.005));
#6989=CARTESIAN_POINT('',(0.0723704260336345,0.170372575305277,0.005));
#6990=CARTESIAN_POINT('',(0.0724773212838383,0.170416552694479,0.005));
#6991=CARTESIAN_POINT('',(0.0725903298214657,0.170460424754114,0.005));
#6992=CARTESIAN_POINT('',(0.0727094933274254,0.17050396036934,0.005));
#6993=CARTESIAN_POINT('',(0.0728348212110429,0.170546943146513,0.005));
#6994=CARTESIAN_POINT('',(0.072966414774455,0.170589093069249,0.005));
#6995=CARTESIAN_POINT('',(0.0730972043758355,0.170628333373623,0.005));
#6996=CARTESIAN_POINT('',(0.0731855763715557,0.170652588219104,0.005));
#6997=CARTESIAN_POINT('',(0.0732268080897708,0.170663835757309,0.005));
#6998=CARTESIAN_POINT('',(0.071408423900967,0.169805928958868,0.005));
#6999=CARTESIAN_POINT('',(0.0711521101133775,0.170069294409704,0.005));
#7000=CARTESIAN_POINT('',(0.0709030947998209,0.169799017714427,0.005));
#7001=CARTESIAN_POINT('',(0.0615862597582783,0.159686694301445,0.005));
#7002=CARTESIAN_POINT('',(0.0706693123561226,0.170009516372219,0.005));
#7003=CARTESIAN_POINT('',(0.0709120792593341,0.170285419161455,0.005));
#7004=CARTESIAN_POINT('',(0.0706233644656573,0.170512799649436,0.005));
#7005=CARTESIAN_POINT('',(0.070397712771525,0.170242299248363,0.005));
#7006=CARTESIAN_POINT('',(0.0705001221851638,0.170364698323329,0.005));
#7007=CARTESIAN_POINT('',(0.07061849153374,0.170506172610265,0.005));
#7008=CARTESIAN_POINT('',(0.0706255303166479,0.170515638963611,0.005));
#7009=CARTESIAN_POINT('',(0.0706351524711021,0.170528284995099,0.005));
#7010=CARTESIAN_POINT('',(0.0706463018839323,0.170543787392066,0.005));
#7011=CARTESIAN_POINT('',(0.0706608735724177,0.170564804098861,0.005));
#7012=CARTESIAN_POINT('',(0.0706779711804674,0.17059059750535,0.005));
#7013=CARTESIAN_POINT('',(0.0706976238171615,0.1706215541851,0.005));
#7014=CARTESIAN_POINT('',(0.0707195637468596,0.170657698110204,0.005));
#7015=CARTESIAN_POINT('',(0.0707436101943881,0.17069915711427,0.005));
#7016=CARTESIAN_POINT('',(0.0707695522008555,0.170746020147341,0.005));
#7017=CARTESIAN_POINT('',(0.0707971838678006,0.1707983798568,0.005));
#7018=CARTESIAN_POINT('',(0.0708262941433536,0.170856319888267,0.005));
#7019=CARTESIAN_POINT('',(0.0708566700060171,0.17091991848172,0.005));
#7020=CARTESIAN_POINT('',(0.0708880957521835,0.170989247331203,0.005));
#7021=CARTESIAN_POINT('',(0.0709203534135685,0.171064371821114,0.005));
#7022=CARTESIAN_POINT('',(0.0709532228542574,0.171145350873641,0.005));
#7023=CARTESIAN_POINT('',(0.0709864819597205,0.17123223691592,0.005));
#7024=CARTESIAN_POINT('',(0.0710199068100638,0.171325075808854,0.005));
#7025=CARTESIAN_POINT('',(0.0710532718281723,0.171423906832468,0.005));
#7026=CARTESIAN_POINT('',(0.0710863500595032,0.171528762505571,0.005));
#7027=CARTESIAN_POINT('',(0.0711189129397305,0.171639669061321,0.005));
#7028=CARTESIAN_POINT('',(0.0711507320548584,0.171756644405329,0.005));
#7029=CARTESIAN_POINT('',(0.0711815731992736,0.171879705832092,0.005));
#7030=CARTESIAN_POINT('',(0.0712112201812165,0.172008840080094,0.005));
#7031=CARTESIAN_POINT('',(0.0712393839293064,0.172144118626848,0.005));
#7032=CARTESIAN_POINT('',(0.0712647380351435,0.172278293477822,0.005));
#7033=CARTESIAN_POINT('',(0.0712796226211348,0.172368716684228,0.005));
#7034=CARTESIAN_POINT('',(0.071286498656006,0.17241089821866,0.005));
#7035=CARTESIAN_POINT('',(0.0689023479002525,0.171328745422228,0.005));
#7036=CARTESIAN_POINT('',(0.0689871100888889,0.171463965956659,0.005));
#7037=CARTESIAN_POINT('',(0.069085081991044,0.171620259855883,0.005));
#7038=CARTESIAN_POINT('',(0.0690919099245414,0.171629879400292,0.005));
#7039=CARTESIAN_POINT('',(0.0691009636059446,0.171642938451629,0.005));
#7040=CARTESIAN_POINT('',(0.0691122619035565,0.171658332677469,0.005));
#7041=CARTESIAN_POINT('',(0.0691277470801261,0.171678685696322,0.005));
#7042=CARTESIAN_POINT('',(0.0691469946159949,0.17170291708882,0.005));
#7043=CARTESIAN_POINT('',(0.069170363169271,0.171731173997142,0.005));
#7044=CARTESIAN_POINT('',(0.0691979582736325,0.171763209197348,0.005));
#7045=CARTESIAN_POINT('',(0.0692299573686688,0.171798890264791,0.005));
#7046=CARTESIAN_POINT('',(0.0692665102407781,0.171838044052714,0.005));
#7047=CARTESIAN_POINT('',(0.0693077686289807,0.171880503369661,0.005));
#7048=CARTESIAN_POINT('',(0.0693538773036058,0.171926093341295,0.005));
#7049=CARTESIAN_POINT('',(0.069404976502554,0.171974635549615,0.005));
#7050=CARTESIAN_POINT('',(0.0694612010669957,0.172025947002977,0.005));
#7051=CARTESIAN_POINT('',(0.0695226805370919,0.172079840606114,0.005));
#7052=CARTESIAN_POINT('',(0.0695895389769128,0.172136125205287,0.005));
#7053=CARTESIAN_POINT('',(0.0696618948847923,0.172194605757902,0.005));
#7054=CARTESIAN_POINT('',(0.0697398610720912,0.172255083475283,0.005));
#7055=CARTESIAN_POINT('',(0.0698235446034991,0.172317355959039,0.005));
#7056=CARTESIAN_POINT('',(0.0699130465390487,0.172381217411439,0.005));
#7057=CARTESIAN_POINT('',(0.0700084624582187,0.172446458561384,0.005));
#7058=CARTESIAN_POINT('',(0.070109879974063,0.17251286770739,0.005));
#7059=CARTESIAN_POINT('',(0.07021738790814,0.172580227450978,0.005));
#7060=CARTESIAN_POINT('',(0.0703310404549275,0.172648328083531,0.005));
#7061=CARTESIAN_POINT('',(0.0704509949215471,0.172716916769597,0.005));
#7062=CARTESIAN_POINT('',(0.0705707679383078,0.172782492266337,0.005));
#7063=CARTESIAN_POINT('',(0.070652165927959,0.172824590656301,0.005));
#7064=CARTESIAN_POINT('',(0.0706901581395195,0.172844164965061,0.005));
#7065=CARTESIAN_POINT('',(0.0690898788610567,0.171626942157262,0.005));
#7066=CARTESIAN_POINT('',(0.0687844093885048,0.171831261808155,0.005));
#7067=CARTESIAN_POINT('',(0.0685970293417071,0.171515118112255,0.005));
#7068=CARTESIAN_POINT('',(0.0615862597582786,0.159686694301445,0.005));
#7069=CARTESIAN_POINT('',(0.0683245904734536,0.171672410766179,0.005));
#7070=CARTESIAN_POINT('',(0.0685046889219561,0.171992758494827,0.005));
#7071=CARTESIAN_POINT('',(0.0681750081775095,0.172155142992683,0.005));
#7072=CARTESIAN_POINT('',(0.0680105277100465,0.171843638049112,0.005));
#7073=CARTESIAN_POINT('',(0.0680852510336592,0.171984654524968,0.005));
#7074=CARTESIAN_POINT('',(0.0681716195697654,0.172147647630702,0.005));
#7075=CARTESIAN_POINT('',(0.0681765363728488,0.172158370566771,0.005));
#7076=CARTESIAN_POINT('',(0.0681833190023532,0.172172740810532,0.005));
#7077=CARTESIAN_POINT('',(0.0681910016441975,0.172190222536205,0.005));
#7078=CARTESIAN_POINT('',(0.068200885287283,0.172213809601922,0.005));
#7079=CARTESIAN_POINT('',(0.0682122465208199,0.172242594153193,0.005));
#7080=CARTESIAN_POINT('',(0.0682250334446214,0.172276960368141,0.005));
#7081=CARTESIAN_POINT('',(0.0682389791896349,0.172316876029642,0.005));
#7082=CARTESIAN_POINT('',(0.068253880352956,0.172362428592563,0.005));
#7083=CARTESIAN_POINT('',(0.0682695120918976,0.172413661202352,0.005));
#7084=CARTESIAN_POINT('',(0.0682856537449,0.172470621673129,0.005));
#7085=CARTESIAN_POINT('',(0.0683020814811804,0.172533347942505,0.005));
#7086=CARTESIAN_POINT('',(0.0683185706672666,0.172601872251068,0.005));
#7087=CARTESIAN_POINT('',(0.0683348954071621,0.172676219878871,0.005));
#7088=CARTESIAN_POINT('',(0.0683508289015319,0.172756409463354,0.005));
#7089=CARTESIAN_POINT('',(0.0683661435743475,0.172842452870283,0.005));
#7090=CARTESIAN_POINT('',(0.0683806112645999,0.172934355200929,0.005));
#7091=CARTESIAN_POINT('',(0.0683940034105647,0.173032114758456,0.005));
#7092=CARTESIAN_POINT('',(0.068406091197751,0.173135723064412,0.005));
#7093=CARTESIAN_POINT('',(0.0684166458700772,0.173245164740486,0.005));
#7094=CARTESIAN_POINT('',(0.0684254384037158,0.173360417925385,0.005));
#7095=CARTESIAN_POINT('',(0.0684322416532789,0.173481452643498,0.005));
#7096=CARTESIAN_POINT('',(0.0684368229353798,0.17360823711731,0.005));
#7097=CARTESIAN_POINT('',(0.0684389735397916,0.17374071342631,0.005));
#7098=CARTESIAN_POINT('',(0.0684383958510265,0.173878891384733,0.005));
#7099=CARTESIAN_POINT('',(0.0684352993886886,0.174015405608306,0.005));
#7100=CARTESIAN_POINT('',(0.0684310586690309,0.174106947530143,0.005));
#7101=CARTESIAN_POINT('',(0.0684290144118975,0.17414963690488,0.005));
#7102=CARTESIAN_POINT('',(0.066321955287999,0.172595438928628,0.005));
#7103=CARTESIAN_POINT('',(0.0663767512894998,0.172745327619909,0.005));
#7104=CARTESIAN_POINT('',(0.0664400869416801,0.172918575626274,0.005));
#7105=CARTESIAN_POINT('',(0.0664447656527053,0.172929404567756,0.005));
#7106=CARTESIAN_POINT('',(0.066450906360004,0.172944060613697,0.005));
#7107=CARTESIAN_POINT('',(0.0664587571231819,0.172961467486929,0.005));
#7108=CARTESIAN_POINT('',(0.0664696722809275,0.172984595292731,0.005));
#7109=CARTESIAN_POINT('',(0.0664834612221727,0.173012298958891,0.005));
#7110=CARTESIAN_POINT('',(0.0665004441749058,0.173044796981394,0.005));
#7111=CARTESIAN_POINT('',(0.0665207757673884,0.173081869480421,0.005));
#7112=CARTESIAN_POINT('',(0.0665446570943617,0.173123423816885,0.005));
#7113=CARTESIAN_POINT('',(0.0665722706682662,0.173169321770046,0.005));
#7114=CARTESIAN_POINT('',(0.0666037996733192,0.173219431350299,0.005));
#7115=CARTESIAN_POINT('',(0.0666394220746899,0.173273611604173,0.005));
#7116=CARTESIAN_POINT('',(0.0666793121409329,0.173331717169628,0.005));
#7117=CARTESIAN_POINT('',(0.0667236398127171,0.173393597088883,0.005));
#7118=CARTESIAN_POINT('',(0.0667725706987336,0.173459095288063,0.005));
#7119=CARTESIAN_POINT('',(0.066826265895052,0.173528050584972,0.005));
#7120=CARTESIAN_POINT('',(0.0668848818621691,0.17360029683635,0.005));
#7121=CARTESIAN_POINT('',(0.0669485702767366,0.173675663052332,0.005));
#7122=CARTESIAN_POINT('',(0.0670174779448148,0.173753973517419,0.005));
#7123=CARTESIAN_POINT('',(0.0670917465057871,0.173835047942615,0.005));
#7124=CARTESIAN_POINT('',(0.0671715129603993,0.173918701501987,0.005));
#7125=CARTESIAN_POINT('',(0.0672569070223628,0.174004745336018,0.005));
#7126=CARTESIAN_POINT('',(0.0673480607719578,0.174092985263944,0.005));
#7127=CARTESIAN_POINT('',(0.0674450708202551,0.174183227427454,0.005));
#7128=CARTESIAN_POINT('',(0.0675481436042857,0.174275257222143,0.005));
#7129=CARTESIAN_POINT('',(0.0676516653808593,0.174364301947374,0.005));
#7130=CARTESIAN_POINT('',(0.067722531881703,0.174422403980171,0.005));
#7131=CARTESIAN_POINT('',(0.0677556241446567,0.174449449568263,0.005));
#7132=CARTESIAN_POINT('',(0.0664433896599958,0.17292610922869,0.005));
#7133=CARTESIAN_POINT('',(0.0661021149842372,0.173062453330462,0.005));
#7134=CARTESIAN_POINT('',(0.0659845596113927,0.172714259630475,0.005));
#7135=CARTESIAN_POINT('',(0.0615862597582789,0.159686694301445,0.005));
#7136=CARTESIAN_POINT('',(0.0656853712044333,0.172811471836781,0.005));
#7137=CARTESIAN_POINT('',(0.065794930031819,0.173162263771901,0.005));
#7138=CARTESIAN_POINT('',(0.0654386919671186,0.173252555297866,0.005));
#7139=CARTESIAN_POINT('',(0.065342571312018,0.1729136600726,0.005));
#7140=CARTESIAN_POINT('',(0.0653863427778004,0.173067130852677,0.005));
#7141=CARTESIAN_POINT('',(0.0654369357819666,0.173244519196363,0.005));
#7142=CARTESIAN_POINT('',(0.0654395157173372,0.173256030071395,0.005));
#7143=CARTESIAN_POINT('',(0.0654431623884358,0.17327149647882,0.005));
#7144=CARTESIAN_POINT('',(0.0654470424909802,0.173290193497898,0.005));
#7145=CARTESIAN_POINT('',(0.065451806126036,0.173315320054584,0.005));
#7146=CARTESIAN_POINT('',(0.0654569344446373,0.173345837727622,0.005));
#7147=CARTESIAN_POINT('',(0.0654622968056177,0.173382111509268,0.005));
#7148=CARTESIAN_POINT('',(0.0654676388699704,0.173424054401222,0.005));
#7149=CARTESIAN_POINT('',(0.0654727434967431,0.173471709657411,0.005));
#7150=CARTESIAN_POINT('',(0.0654773817861577,0.17352507273303,0.005));
#7151=CARTESIAN_POINT('',(0.065481327957525,0.173584144519225,0.005));
#7152=CARTESIAN_POINT('',(0.0654843551836283,0.173648915587545,0.005));
#7153=CARTESIAN_POINT('',(0.0654862370365813,0.173719370770116,0.005));
#7154=CARTESIAN_POINT('',(0.0654867473007377,0.173795487828148,0.005));
#7155=CARTESIAN_POINT('',(0.0654856602579311,0.173877237837568,0.005));
#7156=CARTESIAN_POINT('',(0.0654827508381833,0.173964585089134,0.005));
#7157=CARTESIAN_POINT('',(0.0654777948057373,0.174057487135299,0.005));
#7158=CARTESIAN_POINT('',(0.0654705689462824,0.174155894795655,0.005));
#7159=CARTESIAN_POINT('',(0.0654608512082428,0.174259752203814,0.005));
#7160=CARTESIAN_POINT('',(0.0654484210317368,0.174368996756455,0.005));
#7161=CARTESIAN_POINT('',(0.0654330589428753,0.174483559453276,0.005));
#7162=CARTESIAN_POINT('',(0.0654145489922221,0.174603363747524,0.005));
#7163=CARTESIAN_POINT('',(0.0653926701879974,0.174728330178502,0.005));
#7164=CARTESIAN_POINT('',(0.0653672304231455,0.174858358698103,0.005));
#7165=CARTESIAN_POINT('',(0.0653379365452966,0.174993397028361,0.005));
#7166=CARTESIAN_POINT('',(0.0653065248450464,0.175126284297894,0.005));
#7167=CARTESIAN_POINT('',(0.0652833441595379,0.175214944113912,0.005));
#7168=CARTESIAN_POINT('',(0.0652724689542461,0.17525627559843,0.005));
#7169=CARTESIAN_POINT('',(0.0635345900567085,0.173297958351792,0.005));
#7170=CARTESIAN_POINT('',(0.0635570250228676,0.173455964344867,0.005));
#7171=CARTESIAN_POINT('',(0.0635829563531547,0.173638594689158,0.005));
#7172=CARTESIAN_POINT('',(0.063585281359585,0.173650159751009,0.005));
#7173=CARTESIAN_POINT('',(0.0635882407144038,0.173665772252019,0.005));
#7174=CARTESIAN_POINT('',(0.0635923008271248,0.173684431008753,0.005));
#7175=CARTESIAN_POINT('',(0.0635981689212761,0.173709322805412,0.005));
#7176=CARTESIAN_POINT('',(0.0636058966249986,0.173739287962086,0.005));
#7177=CARTESIAN_POINT('',(0.063615751740661,0.173774606779244,0.005));
#7178=CARTESIAN_POINT('',(0.0636279312331113,0.17381509633099,0.005));
#7179=CARTESIAN_POINT('',(0.0636426510634375,0.173860707812573,0.005));
#7180=CARTESIAN_POINT('',(0.063660118493453,0.173911343970176,0.005));
#7181=CARTESIAN_POINT('',(0.0636805401465427,0.173966913784625,0.005));
#7182=CARTESIAN_POINT('',(0.063704119404784,0.174027316383659,0.005));
#7183=CARTESIAN_POINT('',(0.063731056951013,0.174092445814217,0.005));
#7184=CARTESIAN_POINT('',(0.063761550398175,0.17416218974996,0.005));
#7185=CARTESIAN_POINT('',(0.0637957941855965,0.174236429959586,0.005));
#7186=CARTESIAN_POINT('',(0.0638339794006753,0.174315042276871,0.005));
#7187=CARTESIAN_POINT('',(0.0638762936279963,0.17439789671915,0.005));
#7188=CARTESIAN_POINT('',(0.0639229207805047,0.174484857568447,0.005));
#7189=CARTESIAN_POINT('',(0.0639740409895026,0.174575783471765,0.005));
#7190=CARTESIAN_POINT('',(0.064029830283403,0.174670527528338,0.005));
#7191=CARTESIAN_POINT('',(0.064090461096629,0.174768937435179,0.005));
#7192=CARTESIAN_POINT('',(0.0641560995744377,0.174870855428803,0.005));
#7193=CARTESIAN_POINT('',(0.064226915283289,0.174976119032797,0.005));
#7194=CARTESIAN_POINT('',(0.0643030430284799,0.175084558711686,0.005));
#7195=CARTESIAN_POINT('',(0.064384729354661,0.175196007471361,0.005));
#7196=CARTESIAN_POINT('',(0.0644674754926588,0.175304629743309,0.005));
#7197=CARTESIAN_POINT('',(0.0645247132985529,0.1753761960813,0.005));
#7198=CARTESIAN_POINT('',(0.0645514593222145,0.175409530926746,0.005));
#7199=CARTESIAN_POINT('',(0.0615862597582795,0.159686694301447,0.005));
#7200=CARTESIAN_POINT('',(0.0456396067234213,0.158381222361628,0.005));
#7201=CARTESIAN_POINT('',(0.0456396067234213,0.158381222361628,0.));
#7202=CARTESIAN_POINT('',(0.0615862597582795,0.159686694301447,0.));
#7203=CARTESIAN_POINT('',(0.0457166564741756,0.157648142951845,0.));
#7204=CARTESIAN_POINT('',(0.0457166564741756,0.157648142951845,0.005));
#7205=CARTESIAN_POINT('',(0.0615862597582795,0.159686694301447,0.));
#7206=CARTESIAN_POINT('',(0.0584685683046555,0.157886694301447,0.));
#7207=CARTESIAN_POINT('',(0.0595077987891968,0.156086694301447,0.));
#7208=CARTESIAN_POINT('',(0.0574293378201141,0.159686694301447,0.));
#7209=CARTESIAN_POINT('',(0.0615862597582795,0.156086694301447,0.));
#7210=CARTESIAN_POINT('',(0.0636647207273621,0.156086694301447,0.));
#7211=CARTESIAN_POINT('',(0.0647039512119035,0.157886694301447,0.));
#7212=CARTESIAN_POINT('',(0.0657431816964448,0.159686694301447,0.));
#7213=CARTESIAN_POINT('',(0.0647039512119034,0.161486694301447,0.));
#7214=CARTESIAN_POINT('',(0.0636647207273621,0.163286694301447,0.));
#7215=CARTESIAN_POINT('',(0.0615862597582795,0.163286694301447,0.));
#7216=CARTESIAN_POINT('',(0.0595077987891968,0.163286694301447,0.));
#7217=CARTESIAN_POINT('',(0.0584685683046555,0.161486694301447,0.));
#7218=CARTESIAN_POINT('',(0.0629012320552876,0.173742822000159,0.));
#7219=CARTESIAN_POINT('',(0.0625340059831808,0.173757074381284,0.));
#7220=CARTESIAN_POINT('',(0.0628670010954971,0.173376917149419,0.));
#7221=CARTESIAN_POINT('',(0.0615862597582793,0.159686694301445,0.));
#7222=CARTESIAN_POINT('',(0.0631798630721118,0.173344034030614,0.));
#7223=CARTESIAN_POINT('',(0.0632224560371177,0.173709059999189,0.));
#7224=CARTESIAN_POINT('',(0.0635846205751349,0.173646650338036,0.));
#7225=CARTESIAN_POINT('',(0.0635345900567085,0.173297958351792,0.));
#7226=CARTESIAN_POINT('',(0.0635570250228676,0.173455964344867,0.));
#7227=CARTESIAN_POINT('',(0.0635829563531547,0.173638594689158,0.));
#7228=CARTESIAN_POINT('',(0.063585281359585,0.173650159751009,0.));
#7229=CARTESIAN_POINT('',(0.0635882407144038,0.173665772252019,0.));
#7230=CARTESIAN_POINT('',(0.0635923008271248,0.173684431008753,0.));
#7231=CARTESIAN_POINT('',(0.0635981689212761,0.173709322805412,0.));
#7232=CARTESIAN_POINT('',(0.0636058966249986,0.173739287962086,0.));
#7233=CARTESIAN_POINT('',(0.063615751740661,0.173774606779244,0.));
#7234=CARTESIAN_POINT('',(0.0636279312331113,0.17381509633099,0.));
#7235=CARTESIAN_POINT('',(0.0636426510634375,0.173860707812573,0.));
#7236=CARTESIAN_POINT('',(0.063660118493453,0.173911343970176,0.));
#7237=CARTESIAN_POINT('',(0.0636805401465427,0.173966913784625,0.));
#7238=CARTESIAN_POINT('',(0.063704119404784,0.174027316383659,0.));
#7239=CARTESIAN_POINT('',(0.063731056951013,0.174092445814217,0.));
#7240=CARTESIAN_POINT('',(0.063761550398175,0.17416218974996,0.));
#7241=CARTESIAN_POINT('',(0.0637957941855965,0.174236429959586,0.));
#7242=CARTESIAN_POINT('',(0.0638339794006753,0.174315042276871,0.));
#7243=CARTESIAN_POINT('',(0.0638762936279963,0.17439789671915,0.));
#7244=CARTESIAN_POINT('',(0.0639229207805047,0.174484857568447,0.));
#7245=CARTESIAN_POINT('',(0.0639740409895026,0.174575783471765,0.));
#7246=CARTESIAN_POINT('',(0.064029830283403,0.174670527528338,0.));
#7247=CARTESIAN_POINT('',(0.064090461096629,0.174768937435179,0.));
#7248=CARTESIAN_POINT('',(0.0641560995744377,0.174870855428803,0.));
#7249=CARTESIAN_POINT('',(0.064226915283289,0.174976119032797,0.));
#7250=CARTESIAN_POINT('',(0.0643030430284799,0.175084558711686,0.));
#7251=CARTESIAN_POINT('',(0.064384729354661,0.175196007471361,0.));
#7252=CARTESIAN_POINT('',(0.0644674754926588,0.175304629743309,0.));
#7253=CARTESIAN_POINT('',(0.0645247132985529,0.1753761960813,0.));
#7254=CARTESIAN_POINT('',(0.0645514593222145,0.175409530926746,0.));
#7255=CARTESIAN_POINT('',(0.065342571312018,0.1729136600726,0.));
#7256=CARTESIAN_POINT('',(0.0653863427778004,0.173067130852677,0.));
#7257=CARTESIAN_POINT('',(0.0654369357819666,0.173244519196363,0.));
#7258=CARTESIAN_POINT('',(0.0654395157173372,0.173256030071395,0.));
#7259=CARTESIAN_POINT('',(0.0654431623884358,0.17327149647882,0.));
#7260=CARTESIAN_POINT('',(0.0654470424909802,0.173290193497898,0.));
#7261=CARTESIAN_POINT('',(0.065451806126036,0.173315320054584,0.));
#7262=CARTESIAN_POINT('',(0.0654569344446373,0.173345837727622,0.));
#7263=CARTESIAN_POINT('',(0.0654622968056177,0.173382111509268,0.));
#7264=CARTESIAN_POINT('',(0.0654676388699704,0.173424054401222,0.));
#7265=CARTESIAN_POINT('',(0.0654727434967431,0.173471709657411,0.));
#7266=CARTESIAN_POINT('',(0.0654773817861577,0.17352507273303,0.));
#7267=CARTESIAN_POINT('',(0.065481327957525,0.173584144519225,0.));
#7268=CARTESIAN_POINT('',(0.0654843551836283,0.173648915587545,0.));
#7269=CARTESIAN_POINT('',(0.0654862370365813,0.173719370770116,0.));
#7270=CARTESIAN_POINT('',(0.0654867473007377,0.173795487828148,0.));
#7271=CARTESIAN_POINT('',(0.0654856602579311,0.173877237837568,0.));
#7272=CARTESIAN_POINT('',(0.0654827508381833,0.173964585089134,0.));
#7273=CARTESIAN_POINT('',(0.0654777948057373,0.174057487135299,0.));
#7274=CARTESIAN_POINT('',(0.0654705689462824,0.174155894795655,0.));
#7275=CARTESIAN_POINT('',(0.0654608512082428,0.174259752203814,0.));
#7276=CARTESIAN_POINT('',(0.0654484210317368,0.174368996756455,0.));
#7277=CARTESIAN_POINT('',(0.0654330589428753,0.174483559453276,0.));
#7278=CARTESIAN_POINT('',(0.0654145489922221,0.174603363747524,0.));
#7279=CARTESIAN_POINT('',(0.0653926701879974,0.174728330178502,0.));
#7280=CARTESIAN_POINT('',(0.0653672304231455,0.174858358698103,0.));
#7281=CARTESIAN_POINT('',(0.0653379365452966,0.174993397028361,0.));
#7282=CARTESIAN_POINT('',(0.0653065248450464,0.175126284297894,0.));
#7283=CARTESIAN_POINT('',(0.0652833441595379,0.175214944113912,0.));
#7284=CARTESIAN_POINT('',(0.0652724689542461,0.17525627559843,0.));
#7285=CARTESIAN_POINT('',(0.0654386919671186,0.173252555297866,0.));
#7286=CARTESIAN_POINT('',(0.065794930031819,0.173162263771901,0.));
#7287=CARTESIAN_POINT('',(0.0656853712044333,0.172811471836781,0.));
#7288=CARTESIAN_POINT('',(0.0615862597582789,0.159686694301445,0.));
#7289=CARTESIAN_POINT('',(0.0659845596113896,0.172714259630466,0.));
#7290=CARTESIAN_POINT('',(0.0661021149842372,0.173062453330462,0.));
#7291=CARTESIAN_POINT('',(0.0664433896599958,0.17292610922869,0.));
#7292=CARTESIAN_POINT('',(0.066321955287999,0.172595438928628,0.));
#7293=CARTESIAN_POINT('',(0.0663767512894998,0.172745327619909,0.));
#7294=CARTESIAN_POINT('',(0.0664400869416801,0.172918575626274,0.));
#7295=CARTESIAN_POINT('',(0.0664447656527053,0.172929404567756,0.));
#7296=CARTESIAN_POINT('',(0.066450906360004,0.172944060613697,0.));
#7297=CARTESIAN_POINT('',(0.0664587571231819,0.172961467486929,0.));
#7298=CARTESIAN_POINT('',(0.0664696722809275,0.172984595292731,0.));
#7299=CARTESIAN_POINT('',(0.0664834612221727,0.173012298958891,0.));
#7300=CARTESIAN_POINT('',(0.0665004441749058,0.173044796981394,0.));
#7301=CARTESIAN_POINT('',(0.0665207757673884,0.173081869480421,0.));
#7302=CARTESIAN_POINT('',(0.0665446570943617,0.173123423816885,0.));
#7303=CARTESIAN_POINT('',(0.0665722706682662,0.173169321770046,0.));
#7304=CARTESIAN_POINT('',(0.0666037996733192,0.173219431350299,0.));
#7305=CARTESIAN_POINT('',(0.0666394220746899,0.173273611604173,0.));
#7306=CARTESIAN_POINT('',(0.0666793121409329,0.173331717169628,0.));
#7307=CARTESIAN_POINT('',(0.0667236398127171,0.173393597088883,0.));
#7308=CARTESIAN_POINT('',(0.0667725706987336,0.173459095288063,0.));
#7309=CARTESIAN_POINT('',(0.066826265895052,0.173528050584972,0.));
#7310=CARTESIAN_POINT('',(0.0668848818621691,0.17360029683635,0.));
#7311=CARTESIAN_POINT('',(0.0669485702767366,0.173675663052332,0.));
#7312=CARTESIAN_POINT('',(0.0670174779448148,0.173753973517419,0.));
#7313=CARTESIAN_POINT('',(0.0670917465057871,0.173835047942615,0.));
#7314=CARTESIAN_POINT('',(0.0671715129603993,0.173918701501987,0.));
#7315=CARTESIAN_POINT('',(0.0672569070223628,0.174004745336018,0.));
#7316=CARTESIAN_POINT('',(0.0673480607719578,0.174092985263944,0.));
#7317=CARTESIAN_POINT('',(0.0674450708202551,0.174183227427454,0.));
#7318=CARTESIAN_POINT('',(0.0675481436042857,0.174275257222143,0.));
#7319=CARTESIAN_POINT('',(0.0676516653808593,0.174364301947374,0.));
#7320=CARTESIAN_POINT('',(0.067722531881703,0.174422403980171,0.));
#7321=CARTESIAN_POINT('',(0.0677556241446567,0.174449449568263,0.));
#7322=CARTESIAN_POINT('',(0.0680105277100465,0.171843638049112,0.));
#7323=CARTESIAN_POINT('',(0.0680852510336592,0.171984654524968,0.));
#7324=CARTESIAN_POINT('',(0.0681716195697654,0.172147647630702,0.));
#7325=CARTESIAN_POINT('',(0.0681765363728488,0.172158370566771,0.));
#7326=CARTESIAN_POINT('',(0.0681833190023532,0.172172740810532,0.));
#7327=CARTESIAN_POINT('',(0.0681910016441975,0.172190222536205,0.));
#7328=CARTESIAN_POINT('',(0.068200885287283,0.172213809601922,0.));
#7329=CARTESIAN_POINT('',(0.0682122465208199,0.172242594153193,0.));
#7330=CARTESIAN_POINT('',(0.0682250334446214,0.172276960368141,0.));
#7331=CARTESIAN_POINT('',(0.0682389791896349,0.172316876029642,0.));
#7332=CARTESIAN_POINT('',(0.068253880352956,0.172362428592563,0.));
#7333=CARTESIAN_POINT('',(0.0682695120918976,0.172413661202352,0.));
#7334=CARTESIAN_POINT('',(0.0682856537449,0.172470621673129,0.));
#7335=CARTESIAN_POINT('',(0.0683020814811804,0.172533347942505,0.));
#7336=CARTESIAN_POINT('',(0.0683185706672666,0.172601872251068,0.));
#7337=CARTESIAN_POINT('',(0.0683348954071621,0.172676219878871,0.));
#7338=CARTESIAN_POINT('',(0.0683508289015319,0.172756409463354,0.));
#7339=CARTESIAN_POINT('',(0.0683661435743475,0.172842452870283,0.));
#7340=CARTESIAN_POINT('',(0.0683806112645999,0.172934355200929,0.));
#7341=CARTESIAN_POINT('',(0.0683940034105647,0.173032114758456,0.));
#7342=CARTESIAN_POINT('',(0.068406091197751,0.173135723064412,0.));
#7343=CARTESIAN_POINT('',(0.0684166458700772,0.173245164740486,0.));
#7344=CARTESIAN_POINT('',(0.0684254384037158,0.173360417925385,0.));
#7345=CARTESIAN_POINT('',(0.0684322416532789,0.173481452643498,0.));
#7346=CARTESIAN_POINT('',(0.0684368229353798,0.17360823711731,0.));
#7347=CARTESIAN_POINT('',(0.0684389735397916,0.17374071342631,0.));
#7348=CARTESIAN_POINT('',(0.0684383958510265,0.173878891384733,0.));
#7349=CARTESIAN_POINT('',(0.0684352993886886,0.174015405608306,0.));
#7350=CARTESIAN_POINT('',(0.0684310586690309,0.174106947530143,0.));
#7351=CARTESIAN_POINT('',(0.0684290144118975,0.17414963690488,0.));
#7352=CARTESIAN_POINT('',(0.0681750081775095,0.172155142992683,0.));
#7353=CARTESIAN_POINT('',(0.0685046889219561,0.171992758494827,0.));
#7354=CARTESIAN_POINT('',(0.0683245904734536,0.171672410766179,0.));
#7355=CARTESIAN_POINT('',(0.0615862597582786,0.159686694301445,0.));
#7356=CARTESIAN_POINT('',(0.0685970293417022,0.171515118112247,0.));
#7357=CARTESIAN_POINT('',(0.0687844093885048,0.171831261808155,0.));
#7358=CARTESIAN_POINT('',(0.0690898788610567,0.171626942157262,0.));
#7359=CARTESIAN_POINT('',(0.0689023479002525,0.171328745422228,0.));
#7360=CARTESIAN_POINT('',(0.0689871100888889,0.171463965956659,0.));
#7361=CARTESIAN_POINT('',(0.069085081991044,0.171620259855883,0.));
#7362=CARTESIAN_POINT('',(0.0690919099245414,0.171629879400292,0.));
#7363=CARTESIAN_POINT('',(0.0691009636059446,0.171642938451629,0.));
#7364=CARTESIAN_POINT('',(0.0691122619035565,0.171658332677469,0.));
#7365=CARTESIAN_POINT('',(0.0691277470801261,0.171678685696322,0.));
#7366=CARTESIAN_POINT('',(0.0691469946159949,0.17170291708882,0.));
#7367=CARTESIAN_POINT('',(0.069170363169271,0.171731173997142,0.));
#7368=CARTESIAN_POINT('',(0.0691979582736325,0.171763209197348,0.));
#7369=CARTESIAN_POINT('',(0.0692299573686688,0.171798890264791,0.));
#7370=CARTESIAN_POINT('',(0.0692665102407781,0.171838044052714,0.));
#7371=CARTESIAN_POINT('',(0.0693077686289807,0.171880503369661,0.));
#7372=CARTESIAN_POINT('',(0.0693538773036058,0.171926093341295,0.));
#7373=CARTESIAN_POINT('',(0.069404976502554,0.171974635549615,0.));
#7374=CARTESIAN_POINT('',(0.0694612010669957,0.172025947002977,0.));
#7375=CARTESIAN_POINT('',(0.0695226805370919,0.172079840606114,0.));
#7376=CARTESIAN_POINT('',(0.0695895389769128,0.172136125205287,0.));
#7377=CARTESIAN_POINT('',(0.0696618948847923,0.172194605757902,0.));
#7378=CARTESIAN_POINT('',(0.0697398610720912,0.172255083475283,0.));
#7379=CARTESIAN_POINT('',(0.0698235446034991,0.172317355959039,0.));
#7380=CARTESIAN_POINT('',(0.0699130465390487,0.172381217411439,0.));
#7381=CARTESIAN_POINT('',(0.0700084624582187,0.172446458561384,0.));
#7382=CARTESIAN_POINT('',(0.070109879974063,0.17251286770739,0.));
#7383=CARTESIAN_POINT('',(0.07021738790814,0.172580227450978,0.));
#7384=CARTESIAN_POINT('',(0.0703310404549275,0.172648328083531,0.));
#7385=CARTESIAN_POINT('',(0.0704509949215471,0.172716916769597,0.));
#7386=CARTESIAN_POINT('',(0.0705707679383078,0.172782492266337,0.));
#7387=CARTESIAN_POINT('',(0.070652165927959,0.172824590656301,0.));
#7388=CARTESIAN_POINT('',(0.0706901581395195,0.172844164965061,0.));
#7389=CARTESIAN_POINT('',(0.070397712771525,0.170242299248363,0.));
#7390=CARTESIAN_POINT('',(0.0705001221851638,0.170364698323329,0.));
#7391=CARTESIAN_POINT('',(0.07061849153374,0.170506172610265,0.));
#7392=CARTESIAN_POINT('',(0.0706255303166479,0.170515638963611,0.));
#7393=CARTESIAN_POINT('',(0.0706351524711021,0.170528284995099,0.));
#7394=CARTESIAN_POINT('',(0.0706463018839323,0.170543787392066,0.));
#7395=CARTESIAN_POINT('',(0.0706608735724177,0.170564804098861,0.));
#7396=CARTESIAN_POINT('',(0.0706779711804674,0.17059059750535,0.));
#7397=CARTESIAN_POINT('',(0.0706976238171615,0.1706215541851,0.));
#7398=CARTESIAN_POINT('',(0.0707195637468596,0.170657698110204,0.));
#7399=CARTESIAN_POINT('',(0.0707436101943881,0.17069915711427,0.));
#7400=CARTESIAN_POINT('',(0.0707695522008555,0.170746020147341,0.));
#7401=CARTESIAN_POINT('',(0.0707971838678006,0.1707983798568,0.));
#7402=CARTESIAN_POINT('',(0.0708262941433536,0.170856319888267,0.));
#7403=CARTESIAN_POINT('',(0.0708566700060171,0.17091991848172,0.));
#7404=CARTESIAN_POINT('',(0.0708880957521835,0.170989247331203,0.));
#7405=CARTESIAN_POINT('',(0.0709203534135685,0.171064371821114,0.));
#7406=CARTESIAN_POINT('',(0.0709532228542574,0.171145350873641,0.));
#7407=CARTESIAN_POINT('',(0.0709864819597205,0.17123223691592,0.));
#7408=CARTESIAN_POINT('',(0.0710199068100638,0.171325075808854,0.));
#7409=CARTESIAN_POINT('',(0.0710532718281723,0.171423906832468,0.));
#7410=CARTESIAN_POINT('',(0.0710863500595032,0.171528762505571,0.));
#7411=CARTESIAN_POINT('',(0.0711189129397305,0.171639669061321,0.));
#7412=CARTESIAN_POINT('',(0.0711507320548584,0.171756644405329,0.));
#7413=CARTESIAN_POINT('',(0.0711815731992736,0.171879705832092,0.));
#7414=CARTESIAN_POINT('',(0.0712112201812165,0.172008840080094,0.));
#7415=CARTESIAN_POINT('',(0.0712393839293064,0.172144118626848,0.));
#7416=CARTESIAN_POINT('',(0.0712647380351435,0.172278293477822,0.));
#7417=CARTESIAN_POINT('',(0.0712796226211348,0.172368716684228,0.));
#7418=CARTESIAN_POINT('',(0.071286498656006,0.17241089821866,0.));
#7419=CARTESIAN_POINT('',(0.0706233644656573,0.170512799649436,0.));
#7420=CARTESIAN_POINT('',(0.0709120792593341,0.170285419161455,0.));
#7421=CARTESIAN_POINT('',(0.0706693123561226,0.170009516372219,0.));
#7422=CARTESIAN_POINT('',(0.0615862597582783,0.159686694301445,0.));
#7423=CARTESIAN_POINT('',(0.0709030947998143,0.16979901771442,0.));
#7424=CARTESIAN_POINT('',(0.0711521101133775,0.170069294409704,0.));
#7425=CARTESIAN_POINT('',(0.071408423900967,0.169805928958868,0.));
#7426=CARTESIAN_POINT('',(0.0711629923542158,0.16955323841709,0.));
#7427=CARTESIAN_POINT('',(0.0712740162156104,0.169667881008457,0.));
#7428=CARTESIAN_POINT('',(0.0714023425254947,0.169800390007161,0.));
#7429=CARTESIAN_POINT('',(0.0714110212680063,0.169808379734249,0.));
#7430=CARTESIAN_POINT('',(0.0714225922341924,0.169819271047772,0.));
#7431=CARTESIAN_POINT('',(0.0714368442764174,0.169831979824684,0.));
#7432=CARTESIAN_POINT('',(0.0714562226952889,0.169848668531999,0.));
#7433=CARTESIAN_POINT('',(0.0714800876161037,0.169868368622706,0.));
#7434=CARTESIAN_POINT('',(0.0715088204520101,0.169891149454362,0.));
#7435=CARTESIAN_POINT('',(0.0715424730297739,0.169916747263777,0.));
#7436=CARTESIAN_POINT('',(0.0715811913788715,0.169944995628334,0.));
#7437=CARTESIAN_POINT('',(0.0716250860132742,0.169975694042607,0.));
#7438=CARTESIAN_POINT('',(0.0716742705950822,0.170008647420355,0.));
#7439=CARTESIAN_POINT('',(0.0717288503726265,0.170043654609224,0.));
#7440=CARTESIAN_POINT('',(0.0717889254240848,0.170080511932974,0.));
#7441=CARTESIAN_POINT('',(0.0718545895979226,0.170119012363711,0.));
#7442=CARTESIAN_POINT('',(0.0719259307042439,0.170158945961736,0.));
#7443=CARTESIAN_POINT('',(0.0720030303529246,0.170200099956107,0.));
#7444=CARTESIAN_POINT('',(0.0720859639011901,0.170242258929189,0.));
#7445=CARTESIAN_POINT('',(0.0721748003647123,0.170285204981514,0.));
#7446=CARTESIAN_POINT('',(0.0722696023875692,0.170328717877584,0.));
#7447=CARTESIAN_POINT('',(0.0723704260336345,0.170372575305277,0.));
#7448=CARTESIAN_POINT('',(0.0724773212838383,0.170416552694479,0.));
#7449=CARTESIAN_POINT('',(0.0725903298214657,0.170460424754114,0.));
#7450=CARTESIAN_POINT('',(0.0727094933274254,0.17050396036934,0.));
#7451=CARTESIAN_POINT('',(0.0728348212110429,0.170546943146513,0.));
#7452=CARTESIAN_POINT('',(0.072966414774455,0.170589093069249,0.));
#7453=CARTESIAN_POINT('',(0.0730972043758355,0.170628333373623,0.));
#7454=CARTESIAN_POINT('',(0.0731855763715557,0.170652588219104,0.));
#7455=CARTESIAN_POINT('',(0.0732268080897708,0.170663835757309,0.));
#7456=CARTESIAN_POINT('',(0.0723997950542819,0.168179629860022,0.));
#7457=CARTESIAN_POINT('',(0.072525414775156,0.168278062107186,0.));
#7458=CARTESIAN_POINT('',(0.0726706116276702,0.168391834470114,0.));
#7459=CARTESIAN_POINT('',(0.0726794647618138,0.168399630515672,0.));
#7460=CARTESIAN_POINT('',(0.0726915059068959,0.16840999964263,0.));
#7461=CARTESIAN_POINT('',(0.0727056348078705,0.168422845181755,0.));
#7462=CARTESIAN_POINT('',(0.0727242576890463,0.168440372998691,0.));
#7463=CARTESIAN_POINT('',(0.0727463444240935,0.168462047964764,0.));
#7464=CARTESIAN_POINT('',(0.0727720038591528,0.168488242153864,0.));
#7465=CARTESIAN_POINT('',(0.0728009790933282,0.168519034679605,0.));
#7466=CARTESIAN_POINT('',(0.0728331198799196,0.168554588167398,0.));
#7467=CARTESIAN_POINT('',(0.0728682383637467,0.168595033484332,0.));
#7468=CARTESIAN_POINT('',(0.0729061524081974,0.168640504061919,0.));
#7469=CARTESIAN_POINT('',(0.0729466729642948,0.168691125598076,0.));
#7470=CARTESIAN_POINT('',(0.0729896079325777,0.168747018912704,0.));
#7471=CARTESIAN_POINT('',(0.0730347612291101,0.168808298980467,0.));
#7472=CARTESIAN_POINT('',(0.0730819332429183,0.16887507507511,0.));
#7473=CARTESIAN_POINT('',(0.0731309208991972,0.168947450600059,0.));
#7474=CARTESIAN_POINT('',(0.0731815178373674,0.169025523017,0.));
#7475=CARTESIAN_POINT('',(0.0732335145657389,0.169109383740227,0.));
#7476=CARTESIAN_POINT('',(0.0732866986033752,0.169199118091525,0.));
#7477=CARTESIAN_POINT('',(0.0733408547162746,0.169294805065588,0.));
#7478=CARTESIAN_POINT('',(0.0733957647889708,0.169396517843515,0.));
#7479=CARTESIAN_POINT('',(0.0734512091216473,0.169504321429575,0.));
#7480=CARTESIAN_POINT('',(0.0735069622223736,0.169618281434423,0.));
#7481=CARTESIAN_POINT('',(0.0735628098664747,0.169738429835137,0.));
#7482=CARTESIAN_POINT('',(0.0736184841604834,0.169864896648589,0.));
#7483=CARTESIAN_POINT('',(0.0736711807384078,0.169990868042134,0.));
#7484=CARTESIAN_POINT('',(0.0737045401022163,0.17007622060509,0.));
#7485=CARTESIAN_POINT('',(0.0737200359133732,0.170116050763754,0.));
#7486=CARTESIAN_POINT('',(0.072676755913253,0.168397303553067,0.));
#7487=CARTESIAN_POINT('',(0.0729118865342691,0.168114864693376,0.));
#7488=CARTESIAN_POINT('',(0.0726170612549437,0.16789546511937,0.));
#7489=CARTESIAN_POINT('',(0.0615862597582781,0.159686694301445,0.));
#7490=CARTESIAN_POINT('',(0.0728019698594767,0.167640960259135,0.));
#7491=CARTESIAN_POINT('',(0.0731017372756896,0.167853557565279,0.));
#7492=CARTESIAN_POINT('',(0.073297693235869,0.16754265664847,0.));
#7493=CARTESIAN_POINT('',(0.0730050876394752,0.167346516089167,0.));
#7494=CARTESIAN_POINT('',(0.0731375208981334,0.167435570306111,0.));
#7495=CARTESIAN_POINT('',(0.073290593140227,0.167538503125205,0.));
#7496=CARTESIAN_POINT('',(0.0733007433890599,0.167544513845555,0.));
#7497=CARTESIAN_POINT('',(0.0733143259332828,0.167552761418603,0.));
#7498=CARTESIAN_POINT('',(0.0733309088374868,0.167562229312051,0.));
#7499=CARTESIAN_POINT('',(0.0733533335687674,0.167574524331238,0.));
#7500=CARTESIAN_POINT('',(0.0733807728629723,0.167588832131659,0.));
#7501=CARTESIAN_POINT('',(0.0734136142187042,0.167605141254991,0.));
#7502=CARTESIAN_POINT('',(0.0734518534907391,0.167623182926511,0.));
#7503=CARTESIAN_POINT('',(0.0734955989162511,0.1676427639991,0.));
#7504=CARTESIAN_POINT('',(0.073544916906794,0.167663665371711,0.));
#7505=CARTESIAN_POINT('',(0.0735998780799686,0.167685672589526,0.));
#7506=CARTESIAN_POINT('',(0.0736605435622506,0.167708567013493,0.));
#7507=CARTESIAN_POINT('',(0.0737269688981982,0.167732128610764,0.));
#7508=CARTESIAN_POINT('',(0.0737992028419436,0.167756135365308,0.));
#7509=CARTESIAN_POINT('',(0.0738772876358114,0.167780363668364,0.));
#7510=CARTESIAN_POINT('',(0.0739612588687394,0.1678045884309,0.));
#7511=CARTESIAN_POINT('',(0.0740511454633723,0.167828583275024,0.));
#7512=CARTESIAN_POINT('',(0.0741469696233772,0.16785212071373,0.));
#7513=CARTESIAN_POINT('',(0.0742487468343736,0.167874972299758,0.));
#7514=CARTESIAN_POINT('',(0.0743564857138162,0.167896908922702,0.));
#7515=CARTESIAN_POINT('',(0.0744701884596794,0.167917700528225,0.));
#7516=CARTESIAN_POINT('',(0.0745898490037206,0.167937118081961,0.));
#7517=CARTESIAN_POINT('',(0.0747154600645426,0.167954926853534,0.));
#7518=CARTESIAN_POINT('',(0.074846985855086,0.167970913221708,0.));
#7519=CARTESIAN_POINT('',(0.0749844672451136,0.167984782227234,0.));
#7520=CARTESIAN_POINT('',(0.0751205572979354,0.167995972349646,0.));
#7521=CARTESIAN_POINT('',(0.0752120410194557,0.168001323597508,0.));
#7522=CARTESIAN_POINT('',(0.0752547102203877,0.168003752793768,0.));
#7523=CARTESIAN_POINT('',(0.0739292739555042,0.165745778434144,0.));
#7524=CARTESIAN_POINT('',(0.074072613799021,0.165815941891977,0.));
#7525=CARTESIAN_POINT('',(0.0742382923562865,0.165897039932696,0.));
#7526=CARTESIAN_POINT('',(0.0742485729172217,0.165902824945865,0.));
#7527=CARTESIAN_POINT('',(0.0742625067971118,0.165910463987686,0.));
#7528=CARTESIAN_POINT('',(0.0742789976854602,0.165920091257272,0.));
#7529=CARTESIAN_POINT('',(0.0743008578500565,0.16593336413464,0.));
#7530=CARTESIAN_POINT('',(0.0743269684157958,0.165949973360273,0.));
#7531=CARTESIAN_POINT('',(0.0743575132087807,0.165970260246965,0.));
#7532=CARTESIAN_POINT('',(0.0743922573906613,0.16599435559221,0.));
#7533=CARTESIAN_POINT('',(0.0744310878097129,0.166022449705708,0.));
#7534=CARTESIAN_POINT('',(0.0744738479246391,0.166054709652076,0.));
#7535=CARTESIAN_POINT('',(0.0745203873209213,0.16609130381536,0.));
#7536=CARTESIAN_POINT('',(0.0745705472148225,0.166132394452165,0.));
#7537=CARTESIAN_POINT('',(0.0746241648245858,0.166178139681916,0.));
#7538=CARTESIAN_POINT('',(0.0746810722557563,0.166228692734943,0.));
#7539=CARTESIAN_POINT('',(0.0747410969786277,0.166284201998554,0.));
#7540=CARTESIAN_POINT('',(0.0748040618548486,0.166344810838188,0.));
#7541=CARTESIAN_POINT('',(0.0748697852967367,0.166410657490537,0.));
#7542=CARTESIAN_POINT('',(0.0749380813965987,0.166481874928045,0.));
#7543=CARTESIAN_POINT('',(0.0750087600561127,0.166558590785281,0.));
#7544=CARTESIAN_POINT('',(0.075081627168577,0.166640927080382,0.));
#7545=CARTESIAN_POINT('',(0.0751564846000774,0.166729000744018,0.));
#7546=CARTESIAN_POINT('',(0.0752331309669132,0.16682292103812,0.));
#7547=CARTESIAN_POINT('',(0.0753113593459158,0.166922799022002,0.));
#7548=CARTESIAN_POINT('',(0.0753909668421412,0.167028710513778,0.));
#7549=CARTESIAN_POINT('',(0.0754717184482656,0.167140838387326,0.));
#7550=CARTESIAN_POINT('',(0.0755494544049559,0.167253100769066,0.));
#7551=CARTESIAN_POINT('',(0.075599830582307,0.167329652372005,0.));
#7552=CARTESIAN_POINT('',(0.075623268928445,0.167365390385841,0.));
#7553=CARTESIAN_POINT('',(0.0742454394607714,0.16590111203426,0.));
#7554=CARTESIAN_POINT('',(0.0744167095727064,0.165575958736321,0.));
#7555=CARTESIAN_POINT('',(0.0740827111967024,0.165422651191726,0.));
#7556=CARTESIAN_POINT('',(0.0615862597582779,0.159686694301446,0.));
#7557=CARTESIAN_POINT('',(0.0742106645687685,0.165135263212697,0.));
#7558=CARTESIAN_POINT('',(0.0745480828130991,0.165280889607267,0.));
#7559=CARTESIAN_POINT('',(0.0746751167301074,0.164936041086417,0.));
#7560=CARTESIAN_POINT('',(0.0743481253527109,0.164805022793217,0.));
#7561=CARTESIAN_POINT('',(0.0744961800397441,0.164864596539128,0.));
#7562=CARTESIAN_POINT('',(0.0746673082225454,0.164933454520491,0.));
#7563=CARTESIAN_POINT('',(0.0746784863631193,0.164937223536784,0.));
#7564=CARTESIAN_POINT('',(0.0746934868630202,0.164942466910836,0.));
#7565=CARTESIAN_POINT('',(0.0747116758767158,0.164948280128445,0.));
#7566=CARTESIAN_POINT('',(0.0747361668520429,0.164955644108167,0.));
#7567=CARTESIAN_POINT('',(0.0747659812908126,0.164963934298768,0.));
#7568=CARTESIAN_POINT('',(0.0748014958415343,0.164973058926826,0.));
#7569=CARTESIAN_POINT('',(0.07484265056816,0.164982755952832,0.));
#7570=CARTESIAN_POINT('',(0.0748895111850776,0.164992813946622,0.));
#7571=CARTESIAN_POINT('',(0.0749420970989202,0.165003004787291,0.));
#7572=CARTESIAN_POINT('',(0.0750004327964606,0.165013104024152,0.));
#7573=CARTESIAN_POINT('',(0.0750645326107993,0.16502288508703,0.));
#7574=CARTESIAN_POINT('',(0.0751344051253112,0.165032121202959,0.));
#7575=CARTESIAN_POINT('',(0.0752100518690057,0.165040585070939,0.));
#7576=CARTESIAN_POINT('',(0.0752914676702353,0.165048049185924,0.));
#7577=CARTESIAN_POINT('',(0.075378640541593,0.165054285978258,0.));
#7578=CARTESIAN_POINT('',(0.0754715517070842,0.165059068003597,0.));
#7579=CARTESIAN_POINT('',(0.0755701755879642,0.165062168129667,0.));
#7580=CARTESIAN_POINT('',(0.0756744798345984,0.165063359681687,0.));
#7581=CARTESIAN_POINT('',(0.0757844252413981,0.165062416764197,0.));
#7582=CARTESIAN_POINT('',(0.0758999661273203,0.165059113893111,0.));
#7583=CARTESIAN_POINT('',(0.0760210489378055,0.165053228300675,0.));
#7584=CARTESIAN_POINT('',(0.0761476177473831,0.16504453189982,0.));
#7585=CARTESIAN_POINT('',(0.0762795931366751,0.165032823177997,0.));
#7586=CARTESIAN_POINT('',(0.0764169537568649,0.165017805124219,0.));
#7587=CARTESIAN_POINT('',(0.0765523964727872,0.165000456002622,0.));
#7588=CARTESIAN_POINT('',(0.0766429936424897,0.164986669777656,0.));
#7589=CARTESIAN_POINT('',(0.0766852354773083,0.164980174464438,0.));
#7590=CARTESIAN_POINT('',(0.0749193039079544,0.163047115956957,0.));
#7591=CARTESIAN_POINT('',(0.0750740992351314,0.163085944145667,0.));
#7592=CARTESIAN_POINT('',(0.0752530185491818,0.163130823490649,0.));
#7593=CARTESIAN_POINT('',(0.0752642772270641,0.163134344638593,0.));
#7594=CARTESIAN_POINT('',(0.0752794948643488,0.163138919732495,0.));
#7595=CARTESIAN_POINT('',(0.0752976270091181,0.163144907974661,0.));
#7596=CARTESIAN_POINT('',(0.0753217690630454,0.163153345824031,0.));
#7597=CARTESIAN_POINT('',(0.0753507623024616,0.163164163406363,0.));
#7598=CARTESIAN_POINT('',(0.0753848574993483,0.163177656356353,0.));
#7599=CARTESIAN_POINT('',(0.0754238521414649,0.163194001438892,0.));
#7600=CARTESIAN_POINT('',(0.0754676751173351,0.163213408330525,0.));
#7601=CARTESIAN_POINT('',(0.0755162080411525,0.163236072991871,0.));
#7602=CARTESIAN_POINT('',(0.0755693387943278,0.163262191400317,0.));
#7603=CARTESIAN_POINT('',(0.0756269457979753,0.163291955279768,0.));
#7604=CARTESIAN_POINT('',(0.0756889027023867,0.16332555313859,0.));
#7605=CARTESIAN_POINT('',(0.0757550771403808,0.163363169765883,0.));
#7606=CARTESIAN_POINT('',(0.0758253312038955,0.163404986177279,0.));
#7607=CARTESIAN_POINT('',(0.0758995214328284,0.163451179434475,0.));
#7608=CARTESIAN_POINT('',(0.075977498948648,0.163501922507557,0.));
#7609=CARTESIAN_POINT('',(0.0760591095527153,0.163557384115587,0.));
#7610=CARTESIAN_POINT('',(0.0761441938375325,0.163617728627676,0.));
#7611=CARTESIAN_POINT('',(0.0762325873070919,0.163683115752624,0.));
#7612=CARTESIAN_POINT('',(0.0763241204684341,0.163753701060244,0.));
#7613=CARTESIAN_POINT('',(0.0764186190554083,0.163829633294857,0.));
#7614=CARTESIAN_POINT('',(0.0765159037571434,0.163911064110608,0.));
#7615=CARTESIAN_POINT('',(0.0766157918759089,0.163998109853038,0.));
#7616=CARTESIAN_POINT('',(0.0767180915614722,0.164090998260559,0.));
#7617=CARTESIAN_POINT('',(0.0768174694626024,0.164184645225718,0.));
#7618=CARTESIAN_POINT('',(0.0768826607728142,0.164249050196254,0.));
#7619=CARTESIAN_POINT('',(0.0769130172857375,0.164279134142568,0.));
#7620=CARTESIAN_POINT('',(0.0752608561098071,0.163133320640445,0.));
#7621=CARTESIAN_POINT('',(0.0753607803869243,0.162779663663636,0.));
#7622=CARTESIAN_POINT('',(0.075002206245975,0.162699148423801,0.));
#7623=CARTESIAN_POINT('',(0.0615862597582778,0.159686694301446,0.));
#7624=CARTESIAN_POINT('',(0.0750676122092266,0.162391437559702,0.));
#7625=CARTESIAN_POINT('',(0.0754279344852852,0.162463728470463,0.));
#7626=CARTESIAN_POINT('',(0.0754804943673729,0.162100003880701,0.));
#7627=CARTESIAN_POINT('',(0.0751334083012445,0.162039833981712,0.));
#7628=CARTESIAN_POINT('',(0.0752906137163842,0.162067323598027,0.));
#7629=CARTESIAN_POINT('',(0.0754723187171406,0.162099097317456,0.));
#7630=CARTESIAN_POINT('',(0.0754840362110738,0.162100459905592,0.));
#7631=CARTESIAN_POINT('',(0.0754997990728266,0.162102469920045,0.));
#7632=CARTESIAN_POINT('',(0.0755187992488348,0.162104374396309,0.));
#7633=CARTESIAN_POINT('',(0.0755442860950658,0.162106485495317,0.));
#7634=CARTESIAN_POINT('',(0.0755751726443606,0.162108395754987,0.));
#7635=CARTESIAN_POINT('',(0.0756118082337878,0.162109937097741,0.));
#7636=CARTESIAN_POINT('',(0.0756540797559685,0.162110865671664,0.));
#7637=CARTESIAN_POINT('',(0.0757020075304703,0.162110961004061,0.));
#7638=CARTESIAN_POINT('',(0.0757555631108422,0.162109995924152,0.));
#7639=CARTESIAN_POINT('',(0.0758147237828403,0.162107745794946,0.));
#7640=CARTESIAN_POINT('',(0.0758794564597641,0.162103986017352,0.));
#7641=CARTESIAN_POINT('',(0.0759497223886705,0.162098492989354,0.));
#7642=CARTESIAN_POINT('',(0.0760254758066212,0.162091044059126,0.));
#7643=CARTESIAN_POINT('',(0.0761066643540227,0.162081417768397,0.));
#7644=CARTESIAN_POINT('',(0.07619322899103,0.162069394012778,0.));
#7645=CARTESIAN_POINT('',(0.0762851040636102,0.162054754221876,0.));
#7646=CARTESIAN_POINT('',(0.0763822173285209,0.162037281544925,0.));
#7647=CARTESIAN_POINT('',(0.0764844900147077,0.162016760986397,0.));
#7648=CARTESIAN_POINT('',(0.0765918368070108,0.161992979738491,0.));
#7649=CARTESIAN_POINT('',(0.0767041661418504,0.161965726742113,0.));
#7650=CARTESIAN_POINT('',(0.0768213793189418,0.161934795232135,0.));
#7651=CARTESIAN_POINT('',(0.0769433742129519,0.1618999737333,0.));
#7652=CARTESIAN_POINT('',(0.0770700312431922,0.161861081648806,0.));
#7653=CARTESIAN_POINT('',(0.0772012677753126,0.161817832896741,0.));
#7654=CARTESIAN_POINT('',(0.0773301436577233,0.161772702771,0.));
#7655=CARTESIAN_POINT('',(0.0774158947445584,0.16174038159739,0.));
#7656=CARTESIAN_POINT('',(0.0774558630423833,0.161725245651049,0.));
#7657=CARTESIAN_POINT('',(0.0753266158520195,0.160201586928331,0.));
#7658=CARTESIAN_POINT('',(0.0754861013642687,0.160207382869754,0.));
#7659=CARTESIAN_POINT('',(0.0756704418025299,0.160214082076267,0.));
#7660=CARTESIAN_POINT('',(0.0756821865391107,0.160215185467925,0.));
#7661=CARTESIAN_POINT('',(0.0756980228500183,0.160216496660351,0.));
#7662=CARTESIAN_POINT('',(0.0757170037894745,0.160218584160182,0.));
#7663=CARTESIAN_POINT('',(0.0757423726091296,0.160221818207047,0.));
#7664=CARTESIAN_POINT('',(0.0757729813785353,0.16022637136582,0.));
#7665=CARTESIAN_POINT('',(0.075809136855613,0.160232480672446,0.));
#7666=CARTESIAN_POINT('',(0.075850677704988,0.16024036113374,0.));
#7667=CARTESIAN_POINT('',(0.0758975779633453,0.160250232629218,0.));
#7668=CARTESIAN_POINT('',(0.0759497625743962,0.160262311451084,0.));
#7669=CARTESIAN_POINT('',(0.0760071626156012,0.160276812604913,0.));
#7670=CARTESIAN_POINT('',(0.0760696990265067,0.160293948902656,0.));
#7671=CARTESIAN_POINT('',(0.0761372874115411,0.160313931002899,0.));
#7672=CARTESIAN_POINT('',(0.0762098367158784,0.160336967177341,0.));
#7673=CARTESIAN_POINT('',(0.0762872496803444,0.160363263158687,0.));
#7674=CARTESIAN_POINT('',(0.0763694227929807,0.160393021966443,0.));
#7675=CARTESIAN_POINT('',(0.0764562463911127,0.160426443744473,0.));
#7676=CARTESIAN_POINT('',(0.0765476047243765,0.16046372558462,0.));
#7677=CARTESIAN_POINT('',(0.0766433760429707,0.160505061406819,0.));
#7678=CARTESIAN_POINT('',(0.0767434326508464,0.160550641630493,0.));
#7679=CARTESIAN_POINT('',(0.076847641103655,0.160600653665448,0.));
#7680=CARTESIAN_POINT('',(0.0769558618690624,0.160655279237554,0.));
#7681=CARTESIAN_POINT('',(0.0770679510852404,0.16071470396778,0.));
#7682=CARTESIAN_POINT('',(0.0771837542364396,0.160779079644226,0.));
#7683=CARTESIAN_POINT('',(0.0773031310142942,0.160848668916583,0.));
#7684=CARTESIAN_POINT('',(0.0774198075687169,0.160919607643415,0.));
#7685=CARTESIAN_POINT('',(0.0774969648387105,0.160969051175288,0.));
#7686=CARTESIAN_POINT('',(0.0775329127931376,0.160992166241266,0.));
#7687=CARTESIAN_POINT('',(0.0756786272802875,0.160214895136867,0.));
#7688=CARTESIAN_POINT('',(0.0757028385521871,0.15984819098811,0.));
#7689=CARTESIAN_POINT('',(0.0753353600568816,0.159843986955371,0.));
#7690=CARTESIAN_POINT('',(0.0615862597582777,0.159686694301446,0.));
#7691=CARTESIAN_POINT('',(0.0753353600568719,0.159529401647523,0.));
#7692=CARTESIAN_POINT('',(0.0757028385521766,0.159525197614784,0.));
#7693=CARTESIAN_POINT('',(0.0756786272802862,0.159158493466026,0.));
#7694=CARTESIAN_POINT('',(0.0753266158520195,0.159171801674562,0.));
#7695=CARTESIAN_POINT('',(0.0754861013642687,0.159166005733139,0.));
#7696=CARTESIAN_POINT('',(0.0756704418025299,0.159159306526627,0.));
#7697=CARTESIAN_POINT('',(0.0756821865391107,0.159158203134968,0.));
#7698=CARTESIAN_POINT('',(0.0756980228500183,0.159156891942543,0.));
#7699=CARTESIAN_POINT('',(0.0757170037894745,0.159154804442712,0.));
#7700=CARTESIAN_POINT('',(0.0757423726091296,0.159151570395847,0.));
#7701=CARTESIAN_POINT('',(0.0757729813785353,0.159147017237073,0.));
#7702=CARTESIAN_POINT('',(0.075809136855613,0.159140907930447,0.));
#7703=CARTESIAN_POINT('',(0.075850677704988,0.159133027469153,0.));
#7704=CARTESIAN_POINT('',(0.0758975779633453,0.159123155973675,0.));
#7705=CARTESIAN_POINT('',(0.0759497625743962,0.159111077151809,0.));
#7706=CARTESIAN_POINT('',(0.0760071626156012,0.15909657599798,0.));
#7707=CARTESIAN_POINT('',(0.0760696990265067,0.159079439700237,0.));
#7708=CARTESIAN_POINT('',(0.0761372874115411,0.159059457599995,0.));
#7709=CARTESIAN_POINT('',(0.0762098367158784,0.159036421425552,0.));
#7710=CARTESIAN_POINT('',(0.0762872496803444,0.159010125444206,0.));
#7711=CARTESIAN_POINT('',(0.0763694227929807,0.158980366636451,0.));
#7712=CARTESIAN_POINT('',(0.0764562463911127,0.15894694485842,0.));
#7713=CARTESIAN_POINT('',(0.0765476047243765,0.158909663018274,0.));
#7714=CARTESIAN_POINT('',(0.0766433760429707,0.158868327196075,0.));
#7715=CARTESIAN_POINT('',(0.0767434326508464,0.158822746972401,0.));
#7716=CARTESIAN_POINT('',(0.076847641103655,0.158772734937446,0.));
#7717=CARTESIAN_POINT('',(0.0769558618690624,0.158718109365339,0.));
#7718=CARTESIAN_POINT('',(0.0770679510852404,0.158658684635114,0.));
#7719=CARTESIAN_POINT('',(0.0771837542364396,0.158594308958668,0.));
#7720=CARTESIAN_POINT('',(0.0773031310142942,0.158524719686311,0.));
#7721=CARTESIAN_POINT('',(0.0774198075687169,0.158453780959478,0.));
#7722=CARTESIAN_POINT('',(0.0774969648387105,0.158404337427606,0.));
#7723=CARTESIAN_POINT('',(0.0775329127931376,0.158381222361628,0.));
#7724=CARTESIAN_POINT('',(0.0751334083012445,0.157333554621182,0.));
#7725=CARTESIAN_POINT('',(0.0752906137163842,0.157306065004866,0.));
#7726=CARTESIAN_POINT('',(0.0754723187171406,0.157274291285438,0.));
#7727=CARTESIAN_POINT('',(0.0754840362110738,0.157272928697301,0.));
#7728=CARTESIAN_POINT('',(0.0754997990728266,0.157270918682849,0.));
#7729=CARTESIAN_POINT('',(0.0755187992488348,0.157269014206584,0.));
#7730=CARTESIAN_POINT('',(0.0755442860950658,0.157266903107577,0.));
#7731=CARTESIAN_POINT('',(0.0755751726443606,0.157264992847907,0.));
#7732=CARTESIAN_POINT('',(0.0756118082337878,0.157263451505153,0.));
#7733=CARTESIAN_POINT('',(0.0756540797559684,0.157262522931229,0.));
#7734=CARTESIAN_POINT('',(0.0757020075304703,0.157262427598832,0.));
#7735=CARTESIAN_POINT('',(0.0757555631108422,0.157263392678742,0.));
#7736=CARTESIAN_POINT('',(0.0758147237828403,0.157265642807947,0.));
#7737=CARTESIAN_POINT('',(0.0758794564597641,0.157269402585541,0.));
#7738=CARTESIAN_POINT('',(0.0759497223886705,0.157274895613539,0.));
#7739=CARTESIAN_POINT('',(0.0760254758066212,0.157282344543767,0.));
#7740=CARTESIAN_POINT('',(0.0761066643540227,0.157291970834497,0.));
#7741=CARTESIAN_POINT('',(0.07619322899103,0.157303994590115,0.));
#7742=CARTESIAN_POINT('',(0.0762851040636102,0.157318634381018,0.));
#7743=CARTESIAN_POINT('',(0.0763822173285209,0.157336107057968,0.));
#7744=CARTESIAN_POINT('',(0.0764844900147077,0.157356627616496,0.));
#7745=CARTESIAN_POINT('',(0.0765918368070108,0.157380408864403,0.));
#7746=CARTESIAN_POINT('',(0.0767041661418504,0.15740766186078,0.));
#7747=CARTESIAN_POINT('',(0.0768213793189417,0.157438593370758,0.));
#7748=CARTESIAN_POINT('',(0.0769433742129519,0.157473414869594,0.));
#7749=CARTESIAN_POINT('',(0.0770700312431921,0.157512306954088,0.));
#7750=CARTESIAN_POINT('',(0.0772012677753126,0.157555555706152,0.));
#7751=CARTESIAN_POINT('',(0.0773301436577233,0.157600685831894,0.));
#7752=CARTESIAN_POINT('',(0.0774158947445584,0.157633007005504,0.));
#7753=CARTESIAN_POINT('',(0.0774558630423833,0.157648142951845,0.));
#7754=CARTESIAN_POINT('',(0.0754804943673742,0.157273384722192,0.));
#7755=CARTESIAN_POINT('',(0.0754279344852955,0.156909660132429,0.));
#7756=CARTESIAN_POINT('',(0.0750676122092362,0.156981951043191,0.));
#7757=CARTESIAN_POINT('',(0.0615862597582778,0.159686694301447,0.));
#7758=CARTESIAN_POINT('',(0.0750022062459657,0.156674240179095,0.));
#7759=CARTESIAN_POINT('',(0.0753607803869142,0.15659372493926,0.));
#7760=CARTESIAN_POINT('',(0.0752608561098059,0.156240067962449,0.));
#7761=CARTESIAN_POINT('',(0.0749193039079544,0.156326272645937,0.));
#7762=CARTESIAN_POINT('',(0.0750740992351314,0.156287444457227,0.));
#7763=CARTESIAN_POINT('',(0.0752530185491818,0.156242565112245,0.));
#7764=CARTESIAN_POINT('',(0.0752642772270641,0.156239043964301,0.));
#7765=CARTESIAN_POINT('',(0.0752794948643488,0.156234468870398,0.));
#7766=CARTESIAN_POINT('',(0.0752976270091181,0.156228480628232,0.));
#7767=CARTESIAN_POINT('',(0.0753217690630453,0.156220042778862,0.));
#7768=CARTESIAN_POINT('',(0.0753507623024615,0.15620922519653,0.));
#7769=CARTESIAN_POINT('',(0.0753848574993483,0.15619573224654,0.));
#7770=CARTESIAN_POINT('',(0.0754238521414648,0.156179387164002,0.));
#7771=CARTESIAN_POINT('',(0.0754676751173351,0.156159980272369,0.));
#7772=CARTESIAN_POINT('',(0.0755162080411525,0.156137315611023,0.));
#7773=CARTESIAN_POINT('',(0.0755693387943278,0.156111197202577,0.));
#7774=CARTESIAN_POINT('',(0.0756269457979753,0.156081433323125,0.));
#7775=CARTESIAN_POINT('',(0.0756889027023867,0.156047835464304,0.));
#7776=CARTESIAN_POINT('',(0.0757550771403808,0.15601021883701,0.));
#7777=CARTESIAN_POINT('',(0.0758253312038955,0.155968402425614,0.));
#7778=CARTESIAN_POINT('',(0.0758995214328284,0.155922209168419,0.));
#7779=CARTESIAN_POINT('',(0.075977498948648,0.155871466095336,0.));
#7780=CARTESIAN_POINT('',(0.0760591095527153,0.155816004487307,0.));
#7781=CARTESIAN_POINT('',(0.0761441938375325,0.155755659975218,0.));
#7782=CARTESIAN_POINT('',(0.0762325873070918,0.155690272850269,0.));
#7783=CARTESIAN_POINT('',(0.0763241204684341,0.155619687542649,0.));
#7784=CARTESIAN_POINT('',(0.0764186190554083,0.155543755308037,0.));
#7785=CARTESIAN_POINT('',(0.0765159037571434,0.155462324492285,0.));
#7786=CARTESIAN_POINT('',(0.0766157918759089,0.155375278749857,0.));
#7787=CARTESIAN_POINT('',(0.0767180915614722,0.155282390342335,0.));
#7788=CARTESIAN_POINT('',(0.0768174694626024,0.155188743377175,0.));
#7789=CARTESIAN_POINT('',(0.0768826607728142,0.15512433840664,0.));
#7790=CARTESIAN_POINT('',(0.0769130172857375,0.155094254460326,0.));
#7791=CARTESIAN_POINT('',(0.0743481253527109,0.154568365809677,0.));
#7792=CARTESIAN_POINT('',(0.0744961800397441,0.154508792063765,0.));
#7793=CARTESIAN_POINT('',(0.0746673082225454,0.154439934082403,0.));
#7794=CARTESIAN_POINT('',(0.0746784863631193,0.15443616506611,0.));
#7795=CARTESIAN_POINT('',(0.0746934868630202,0.154430921692057,0.));
#7796=CARTESIAN_POINT('',(0.0747116758767158,0.154425108474448,0.));
#7797=CARTESIAN_POINT('',(0.0747361668520429,0.154417744494726,0.));
#7798=CARTESIAN_POINT('',(0.0747659812908126,0.154409454304126,0.));
#7799=CARTESIAN_POINT('',(0.0748014958415343,0.154400329676068,0.));
#7800=CARTESIAN_POINT('',(0.07484265056816,0.154390632650061,0.));
#7801=CARTESIAN_POINT('',(0.0748895111850777,0.154380574656272,0.));
#7802=CARTESIAN_POINT('',(0.0749420970989202,0.154370383815603,0.));
#7803=CARTESIAN_POINT('',(0.0750004327964606,0.154360284578741,0.));
#7804=CARTESIAN_POINT('',(0.0750645326107993,0.154350503515864,0.));
#7805=CARTESIAN_POINT('',(0.0751344051253112,0.154341267399935,0.));
#7806=CARTESIAN_POINT('',(0.0752100518690057,0.154332803531954,0.));
#7807=CARTESIAN_POINT('',(0.0752914676702353,0.15432533941697,0.));
#7808=CARTESIAN_POINT('',(0.075378640541593,0.154319102624635,0.));
#7809=CARTESIAN_POINT('',(0.0754715517070842,0.154314320599296,0.));
#7810=CARTESIAN_POINT('',(0.0755701755879642,0.154311220473227,0.));
#7811=CARTESIAN_POINT('',(0.0756744798345984,0.154310028921207,0.));
#7812=CARTESIAN_POINT('',(0.0757844252413981,0.154310971838697,0.));
#7813=CARTESIAN_POINT('',(0.0758999661273203,0.154314274709782,0.));
#7814=CARTESIAN_POINT('',(0.0760210489378055,0.154320160302218,0.));
#7815=CARTESIAN_POINT('',(0.0761476177473831,0.154328856703074,0.));
#7816=CARTESIAN_POINT('',(0.0762795931366751,0.154340565424897,0.));
#7817=CARTESIAN_POINT('',(0.0764169537568649,0.154355583478674,0.));
#7818=CARTESIAN_POINT('',(0.0765523964727872,0.154372932600272,0.));
#7819=CARTESIAN_POINT('',(0.0766429936424897,0.154386718825237,0.));
#7820=CARTESIAN_POINT('',(0.0766852354773083,0.154393214138455,0.));
#7821=CARTESIAN_POINT('',(0.0746751167301087,0.154437347516476,0.));
#7822=CARTESIAN_POINT('',(0.0745480828131088,0.154092498995623,0.));
#7823=CARTESIAN_POINT('',(0.0742106645687775,0.154238125390193,0.));
#7824=CARTESIAN_POINT('',(0.0615862597582779,0.159686694301447,0.));
#7825=CARTESIAN_POINT('',(0.0740827111966938,0.153950737411173,0.));
#7826=CARTESIAN_POINT('',(0.0744167095726971,0.153797429866577,0.));
#7827=CARTESIAN_POINT('',(0.0742454394607703,0.153472276568634,0.));
#7828=CARTESIAN_POINT('',(0.0739292739555042,0.153627610168749,0.));
#7829=CARTESIAN_POINT('',(0.074072613799021,0.153557446710917,0.));
#7830=CARTESIAN_POINT('',(0.0742382923562866,0.153476348670197,0.));
#7831=CARTESIAN_POINT('',(0.0742485729172217,0.153470563657028,0.));
#7832=CARTESIAN_POINT('',(0.0742625067971118,0.153462924615207,0.));
#7833=CARTESIAN_POINT('',(0.0742789976854602,0.153453297345622,0.));
#7834=CARTESIAN_POINT('',(0.0743008578500565,0.153440024468253,0.));
#7835=CARTESIAN_POINT('',(0.0743269684157958,0.15342341524262,0.));
#7836=CARTESIAN_POINT('',(0.0743575132087807,0.153403128355928,0.));
#7837=CARTESIAN_POINT('',(0.0743922573906613,0.153379033010684,0.));
#7838=CARTESIAN_POINT('',(0.0744310878097129,0.153350938897186,0.));
#7839=CARTESIAN_POINT('',(0.0744738479246392,0.153318678950817,0.));
#7840=CARTESIAN_POINT('',(0.0745203873209213,0.153282084787533,0.));
#7841=CARTESIAN_POINT('',(0.0745705472148225,0.153240994150728,0.));
#7842=CARTESIAN_POINT('',(0.0746241648245859,0.153195248920977,0.));
#7843=CARTESIAN_POINT('',(0.0746810722557563,0.153144695867951,0.));
#7844=CARTESIAN_POINT('',(0.0747410969786277,0.15308918660434,0.));
#7845=CARTESIAN_POINT('',(0.0748040618548486,0.153028577764705,0.));
#7846=CARTESIAN_POINT('',(0.0748697852967368,0.152962731112356,0.));
#7847=CARTESIAN_POINT('',(0.0749380813965987,0.152891513674848,0.));
#7848=CARTESIAN_POINT('',(0.0750087600561127,0.152814797817613,0.));
#7849=CARTESIAN_POINT('',(0.0750816271685771,0.152732461522512,0.));
#7850=CARTESIAN_POINT('',(0.0751564846000774,0.152644387858876,0.));
#7851=CARTESIAN_POINT('',(0.0752331309669132,0.152550467564774,0.));
#7852=CARTESIAN_POINT('',(0.0753113593459158,0.152450589580892,0.));
#7853=CARTESIAN_POINT('',(0.0753909668421413,0.152344678089116,0.));
#7854=CARTESIAN_POINT('',(0.0754717184482656,0.152232550215568,0.));
#7855=CARTESIAN_POINT('',(0.0755494544049559,0.152120287833827,0.));
#7856=CARTESIAN_POINT('',(0.075599830582307,0.152043736230888,0.));
#7857=CARTESIAN_POINT('',(0.0756232689284451,0.152007998217052,0.));
#7858=CARTESIAN_POINT('',(0.0730050876394752,0.152026872513727,0.));
#7859=CARTESIAN_POINT('',(0.0731375208981334,0.151937818296783,0.));
#7860=CARTESIAN_POINT('',(0.073290593140227,0.151834885477689,0.));
#7861=CARTESIAN_POINT('',(0.0733007433890599,0.151828874757338,0.));
#7862=CARTESIAN_POINT('',(0.0733143259332828,0.15182062718429,0.));
#7863=CARTESIAN_POINT('',(0.0733309088374868,0.151811159290842,0.));
#7864=CARTESIAN_POINT('',(0.0733533335687674,0.151798864271655,0.));
#7865=CARTESIAN_POINT('',(0.0733807728629723,0.151784556471234,0.));
#7866=CARTESIAN_POINT('',(0.0734136142187042,0.151768247347902,0.));
#7867=CARTESIAN_POINT('',(0.0734518534907391,0.151750205676383,0.));
#7868=CARTESIAN_POINT('',(0.0734955989162511,0.151730624603793,0.));
#7869=CARTESIAN_POINT('',(0.073544916906794,0.151709723231183,0.));
#7870=CARTESIAN_POINT('',(0.0735998780799686,0.151687716013367,0.));
#7871=CARTESIAN_POINT('',(0.0736605435622506,0.1516648215894,0.));
#7872=CARTESIAN_POINT('',(0.0737269688981982,0.15164125999213,0.));
#7873=CARTESIAN_POINT('',(0.0737992028419436,0.151617253237586,0.));
#7874=CARTESIAN_POINT('',(0.0738772876358114,0.15159302493453,0.));
#7875=CARTESIAN_POINT('',(0.0739612588687394,0.151568800171994,0.));
#7876=CARTESIAN_POINT('',(0.0740511454633723,0.151544805327869,0.));
#7877=CARTESIAN_POINT('',(0.0741469696233772,0.151521267889163,0.));
#7878=CARTESIAN_POINT('',(0.0742487468343736,0.151498416303136,0.));
#7879=CARTESIAN_POINT('',(0.0743564857138163,0.151476479680192,0.));
#7880=CARTESIAN_POINT('',(0.0744701884596794,0.151455688074668,0.));
#7881=CARTESIAN_POINT('',(0.0745898490037206,0.151436270520932,0.));
#7882=CARTESIAN_POINT('',(0.0747154600645426,0.15141846174936,0.));
#7883=CARTESIAN_POINT('',(0.074846985855086,0.151402475381185,0.));
#7884=CARTESIAN_POINT('',(0.0749844672451136,0.151388606375659,0.));
#7885=CARTESIAN_POINT('',(0.0751205572979354,0.151377416253248,0.));
#7886=CARTESIAN_POINT('',(0.0752120410194558,0.151372065005385,0.));
#7887=CARTESIAN_POINT('',(0.0752547102203878,0.151369635809126,0.));
#7888=CARTESIAN_POINT('',(0.07329769323587,0.151830731954423,0.));
#7889=CARTESIAN_POINT('',(0.0731017372756984,0.151519831037609,0.));
#7890=CARTESIAN_POINT('',(0.0728019698594848,0.151732428343754,0.));
#7891=CARTESIAN_POINT('',(0.061586259758278,0.159686694301448,0.));
#7892=CARTESIAN_POINT('',(0.0726170612549362,0.151477923483529,0.));
#7893=CARTESIAN_POINT('',(0.0729118865342609,0.151258523909524,0.));
#7894=CARTESIAN_POINT('',(0.072676755913252,0.150976085049828,0.));
#7895=CARTESIAN_POINT('',(0.0723997950542819,0.151193758742872,0.));
#7896=CARTESIAN_POINT('',(0.072525414775156,0.151095326495707,0.));
#7897=CARTESIAN_POINT('',(0.0726706116276702,0.150981554132779,0.));
#7898=CARTESIAN_POINT('',(0.0726794647618138,0.150973758087222,0.));
#7899=CARTESIAN_POINT('',(0.0726915059068959,0.150963388960264,0.));
#7900=CARTESIAN_POINT('',(0.0727056348078705,0.150950543421139,0.));
#7901=CARTESIAN_POINT('',(0.0727242576890463,0.150933015604202,0.));
#7902=CARTESIAN_POINT('',(0.0727463444240935,0.150911340638129,0.));
#7903=CARTESIAN_POINT('',(0.0727720038591528,0.150885146449029,0.));
#7904=CARTESIAN_POINT('',(0.0728009790933282,0.150854353923288,0.));
#7905=CARTESIAN_POINT('',(0.0728331198799196,0.150818800435496,0.));
#7906=CARTESIAN_POINT('',(0.0728682383637467,0.150778355118562,0.));
#7907=CARTESIAN_POINT('',(0.0729061524081974,0.150732884540974,0.));
#7908=CARTESIAN_POINT('',(0.0729466729642948,0.150682263004818,0.));
#7909=CARTESIAN_POINT('',(0.0729896079325776,0.150626369690189,0.));
#7910=CARTESIAN_POINT('',(0.0730347612291101,0.150565089622426,0.));
#7911=CARTESIAN_POINT('',(0.0730819332429182,0.150498313527784,0.));
#7912=CARTESIAN_POINT('',(0.0731309208991972,0.150425938002835,0.));
#7913=CARTESIAN_POINT('',(0.0731815178373674,0.150347865585893,0.));
#7914=CARTESIAN_POINT('',(0.0732335145657389,0.150264004862667,0.));
#7915=CARTESIAN_POINT('',(0.0732866986033752,0.150174270511369,0.));
#7916=CARTESIAN_POINT('',(0.0733408547162746,0.150078583537305,0.));
#7917=CARTESIAN_POINT('',(0.0733957647889708,0.149976870759379,0.));
#7918=CARTESIAN_POINT('',(0.0734512091216473,0.149869067173319,0.));
#7919=CARTESIAN_POINT('',(0.0735069622223736,0.14975510716847,0.));
#7920=CARTESIAN_POINT('',(0.0735628098664747,0.149634958767757,0.));
#7921=CARTESIAN_POINT('',(0.0736184841604834,0.149508491954305,0.));
#7922=CARTESIAN_POINT('',(0.0736711807384078,0.14938252056076,0.));
#7923=CARTESIAN_POINT('',(0.0737045401022163,0.149297167997803,0.));
#7924=CARTESIAN_POINT('',(0.0737200359133733,0.149257337839139,0.));
#7925=CARTESIAN_POINT('',(0.0711629923542158,0.149820150185804,0.));
#7926=CARTESIAN_POINT('',(0.0712740162156104,0.149705507594436,0.));
#7927=CARTESIAN_POINT('',(0.0714023425254947,0.149572998595732,0.));
#7928=CARTESIAN_POINT('',(0.0714110212680063,0.149565008868645,0.));
#7929=CARTESIAN_POINT('',(0.0714225922341924,0.149554117555122,0.));
#7930=CARTESIAN_POINT('',(0.0714368442764174,0.14954140877821,0.));
#7931=CARTESIAN_POINT('',(0.0714562226952888,0.149524720070894,0.));
#7932=CARTESIAN_POINT('',(0.0714800876161038,0.149505019980188,0.));
#7933=CARTESIAN_POINT('',(0.0715088204520101,0.149482239148532,0.));
#7934=CARTESIAN_POINT('',(0.0715424730297739,0.149456641339117,0.));
#7935=CARTESIAN_POINT('',(0.0715811913788715,0.14942839297456,0.));
#7936=CARTESIAN_POINT('',(0.0716250860132742,0.149397694560287,0.));
#7937=CARTESIAN_POINT('',(0.0716742705950822,0.149364741182538,0.));
#7938=CARTESIAN_POINT('',(0.0717288503726264,0.149329733993669,0.));
#7939=CARTESIAN_POINT('',(0.0717889254240848,0.14929287666992,0.));
#7940=CARTESIAN_POINT('',(0.0718545895979225,0.149254376239183,0.));
#7941=CARTESIAN_POINT('',(0.0719259307042439,0.149214442641158,0.));
#7942=CARTESIAN_POINT('',(0.0720030303529246,0.149173288646787,0.));
#7943=CARTESIAN_POINT('',(0.0720859639011901,0.149131129673704,0.));
#7944=CARTESIAN_POINT('',(0.0721748003647123,0.149088183621379,0.));
#7945=CARTESIAN_POINT('',(0.0722696023875691,0.149044670725309,0.));
#7946=CARTESIAN_POINT('',(0.0723704260336345,0.149000813297616,0.));
#7947=CARTESIAN_POINT('',(0.0724773212838382,0.148956835908415,0.));
#7948=CARTESIAN_POINT('',(0.0725903298214657,0.14891296384878,0.));
#7949=CARTESIAN_POINT('',(0.0727094933274254,0.148869428233553,0.));
#7950=CARTESIAN_POINT('',(0.0728348212110428,0.148826445456381,0.));
#7951=CARTESIAN_POINT('',(0.072966414774455,0.148784295533644,0.));
#7952=CARTESIAN_POINT('',(0.0730972043758355,0.148745055229271,0.));
#7953=CARTESIAN_POINT('',(0.0731855763715557,0.148720800383789,0.));
#7954=CARTESIAN_POINT('',(0.0732268080897708,0.148709552845584,0.));
#7955=CARTESIAN_POINT('',(0.0714084239009679,0.149567459644025,0.));
#7956=CARTESIAN_POINT('',(0.0711521101133848,0.149304094193182,0.));
#7957=CARTESIAN_POINT('',(0.0709030947998211,0.149574370888467,0.));
#7958=CARTESIAN_POINT('',(0.0615862597582783,0.159686694301448,0.));
#7959=CARTESIAN_POINT('',(0.0706693123561165,0.149363872230682,0.));
#7960=CARTESIAN_POINT('',(0.0709120792593274,0.149087969441447,0.));
#7961=CARTESIAN_POINT('',(0.0706233644656565,0.148860588953458,0.));
#7962=CARTESIAN_POINT('',(0.070397712771525,0.14913108935453,0.));
#7963=CARTESIAN_POINT('',(0.0705001221851638,0.149008690279564,0.));
#7964=CARTESIAN_POINT('',(0.07061849153374,0.148867215992629,0.));
#7965=CARTESIAN_POINT('',(0.0706255303166479,0.148857749639283,0.));
#7966=CARTESIAN_POINT('',(0.0706351524711021,0.148845103607794,0.));
#7967=CARTESIAN_POINT('',(0.0706463018839323,0.148829601210827,0.));
#7968=CARTESIAN_POINT('',(0.0706608735724177,0.148808584504032,0.));
#7969=CARTESIAN_POINT('',(0.0706779711804673,0.148782791097543,0.));
#7970=CARTESIAN_POINT('',(0.0706976238171615,0.148751834417793,0.));
#7971=CARTESIAN_POINT('',(0.0707195637468595,0.14871569049269,0.));
#7972=CARTESIAN_POINT('',(0.0707436101943881,0.148674231488623,0.));
#7973=CARTESIAN_POINT('',(0.0707695522008555,0.148627368455552,0.));
#7974=CARTESIAN_POINT('',(0.0707971838678006,0.148575008746094,0.));
#7975=CARTESIAN_POINT('',(0.0708262941433536,0.148517068714626,0.));
#7976=CARTESIAN_POINT('',(0.0708566700060171,0.148453470121173,0.));
#7977=CARTESIAN_POINT('',(0.0708880957521835,0.14838414127169,0.));
#7978=CARTESIAN_POINT('',(0.0709203534135685,0.14830901678178,0.));
#7979=CARTESIAN_POINT('',(0.0709532228542574,0.148228037729253,0.));
#7980=CARTESIAN_POINT('',(0.0709864819597205,0.148141151686973,0.));
#7981=CARTESIAN_POINT('',(0.0710199068100638,0.14804831279404,0.));
#7982=CARTESIAN_POINT('',(0.0710532718281723,0.147949481770425,0.));
#7983=CARTESIAN_POINT('',(0.0710863500595032,0.147844626097323,0.));
#7984=CARTESIAN_POINT('',(0.0711189129397305,0.147733719541572,0.));
#7985=CARTESIAN_POINT('',(0.0711507320548584,0.147616744197564,0.));
#7986=CARTESIAN_POINT('',(0.0711815731992736,0.147493682770801,0.));
#7987=CARTESIAN_POINT('',(0.0712112201812165,0.147364548522799,0.));
#7988=CARTESIAN_POINT('',(0.0712393839293064,0.147229269976045,0.));
#7989=CARTESIAN_POINT('',(0.0712647380351434,0.147095095125072,0.));
#7990=CARTESIAN_POINT('',(0.0712796226211348,0.147004671918666,0.));
#7991=CARTESIAN_POINT('',(0.071286498656006,0.146962490384233,0.));
#7992=CARTESIAN_POINT('',(0.0689023479002525,0.148044643180666,0.));
#7993=CARTESIAN_POINT('',(0.068987110088889,0.147909422646234,0.));
#7994=CARTESIAN_POINT('',(0.069085081991044,0.147753128747011,0.));
#7995=CARTESIAN_POINT('',(0.0690919099245414,0.147743509202601,0.));
#7996=CARTESIAN_POINT('',(0.0691009636059446,0.147730450151265,0.));
#7997=CARTESIAN_POINT('',(0.0691122619035565,0.147715055925424,0.));
#7998=CARTESIAN_POINT('',(0.0691277470801262,0.147694702906571,0.));
#7999=CARTESIAN_POINT('',(0.0691469946159949,0.147670471514074,0.));
#8000=CARTESIAN_POINT('',(0.0691703631692711,0.147642214605752,0.));
#8001=CARTESIAN_POINT('',(0.0691979582736326,0.147610179405545,0.));
#8002=CARTESIAN_POINT('',(0.0692299573686689,0.147574498338103,0.));
#8003=CARTESIAN_POINT('',(0.0692665102407782,0.147535344550179,0.));
#8004=CARTESIAN_POINT('',(0.0693077686289808,0.147492885233232,0.));
#8005=CARTESIAN_POINT('',(0.0693538773036058,0.147447295261598,0.));
#8006=CARTESIAN_POINT('',(0.069404976502554,0.147398753053278,0.));
#8007=CARTESIAN_POINT('',(0.0694612010669958,0.147347441599917,0.));
#8008=CARTESIAN_POINT('',(0.0695226805370919,0.14729354799678,0.));
#8009=CARTESIAN_POINT('',(0.0695895389769128,0.147237263397607,0.));
#8010=CARTESIAN_POINT('',(0.0696618948847923,0.147178782844991,0.));
#8011=CARTESIAN_POINT('',(0.0697398610720913,0.147118305127611,0.));
#8012=CARTESIAN_POINT('',(0.0698235446034992,0.147056032643854,0.));
#8013=CARTESIAN_POINT('',(0.0699130465390487,0.146992171191454,0.));
#8014=CARTESIAN_POINT('',(0.0700084624582187,0.14692693004151,0.));
#8015=CARTESIAN_POINT('',(0.070109879974063,0.146860520895504,0.));
#8016=CARTESIAN_POINT('',(0.07021738790814,0.146793161151916,0.));
#8017=CARTESIAN_POINT('',(0.0703310404549275,0.146725060519362,0.));
#8018=CARTESIAN_POINT('',(0.0704509949215472,0.146656471833296,0.));
#8019=CARTESIAN_POINT('',(0.0705707679383078,0.146590896336557,0.));
#8020=CARTESIAN_POINT('',(0.0706521659279591,0.146548797946592,0.));
#8021=CARTESIAN_POINT('',(0.0706901581395196,0.146529223637833,0.));
#8022=CARTESIAN_POINT('',(0.0690898788610575,0.147746446445631,0.));
#8023=CARTESIAN_POINT('',(0.0687844093885105,0.14754212679473,0.));
#8024=CARTESIAN_POINT('',(0.0685970293417074,0.147858270490639,0.));
#8025=CARTESIAN_POINT('',(0.0615862597582786,0.159686694301448,0.));
#8026=CARTESIAN_POINT('',(0.0683245904734492,0.147700977836724,0.));
#8027=CARTESIAN_POINT('',(0.0685046889219513,0.147380630108076,0.));
#8028=CARTESIAN_POINT('',(0.068175008177509,0.147218245610212,0.));
#8029=CARTESIAN_POINT('',(0.0680105277100465,0.147529750553781,0.));
#8030=CARTESIAN_POINT('',(0.0680852510336593,0.147388734077926,0.));
#8031=CARTESIAN_POINT('',(0.0681716195697654,0.147225740972191,0.));
#8032=CARTESIAN_POINT('',(0.0681765363728488,0.147215018036122,0.));
#8033=CARTESIAN_POINT('',(0.0681833190023532,0.147200647792361,0.));
#8034=CARTESIAN_POINT('',(0.0681910016441975,0.147183166066689,0.));
#8035=CARTESIAN_POINT('',(0.068200885287283,0.147159579000971,0.));
#8036=CARTESIAN_POINT('',(0.0682122465208199,0.1471307944497,0.));
#8037=CARTESIAN_POINT('',(0.0682250334446214,0.147096428234752,0.));
#8038=CARTESIAN_POINT('',(0.068238979189635,0.147056512573252,0.));
#8039=CARTESIAN_POINT('',(0.068253880352956,0.147010960010331,0.));
#8040=CARTESIAN_POINT('',(0.0682695120918976,0.146959727400541,0.));
#8041=CARTESIAN_POINT('',(0.0682856537449,0.146902766929765,0.));
#8042=CARTESIAN_POINT('',(0.0683020814811804,0.146840040660388,0.));
#8043=CARTESIAN_POINT('',(0.0683185706672666,0.146771516351826,0.));
#8044=CARTESIAN_POINT('',(0.0683348954071621,0.146697168724022,0.));
#8045=CARTESIAN_POINT('',(0.0683508289015319,0.146616979139539,0.));
#8046=CARTESIAN_POINT('',(0.0683661435743475,0.14653093573261,0.));
#8047=CARTESIAN_POINT('',(0.0683806112645999,0.146439033401965,0.));
#8048=CARTESIAN_POINT('',(0.0683940034105648,0.146341273844438,0.));
#8049=CARTESIAN_POINT('',(0.068406091197751,0.146237665538482,0.));
#8050=CARTESIAN_POINT('',(0.0684166458700773,0.146128223862408,0.));
#8051=CARTESIAN_POINT('',(0.0684254384037158,0.146012970677509,0.));
#8052=CARTESIAN_POINT('',(0.0684322416532789,0.145891935959396,0.));
#8053=CARTESIAN_POINT('',(0.0684368229353798,0.145765151485583,0.));
#8054=CARTESIAN_POINT('',(0.0684389735397916,0.145632675176583,0.));
#8055=CARTESIAN_POINT('',(0.0684383958510265,0.145494497218161,0.));
#8056=CARTESIAN_POINT('',(0.0684352993886886,0.145357982994588,0.));
#8057=CARTESIAN_POINT('',(0.068431058669031,0.145266441072751,0.));
#8058=CARTESIAN_POINT('',(0.0684290144118976,0.145223751698014,0.));
#8059=CARTESIAN_POINT('',(0.066321955287999,0.146777949674265,0.));
#8060=CARTESIAN_POINT('',(0.0663767512894998,0.146628060982984,0.));
#8061=CARTESIAN_POINT('',(0.0664400869416801,0.14645481297662,0.));
#8062=CARTESIAN_POINT('',(0.0664447656527053,0.146443984035137,0.));
#8063=CARTESIAN_POINT('',(0.066450906360004,0.146429327989196,0.));
#8064=CARTESIAN_POINT('',(0.0664587571231819,0.146411921115964,0.));
#8065=CARTESIAN_POINT('',(0.0664696722809275,0.146388793310163,0.));
#8066=CARTESIAN_POINT('',(0.0664834612221727,0.146361089644003,0.));
#8067=CARTESIAN_POINT('',(0.0665004441749058,0.1463285916215,0.));
#8068=CARTESIAN_POINT('',(0.0665207757673884,0.146291519122472,0.));
#8069=CARTESIAN_POINT('',(0.0665446570943617,0.146249964786008,0.));
#8070=CARTESIAN_POINT('',(0.0665722706682662,0.146204066832847,0.));
#8071=CARTESIAN_POINT('',(0.0666037996733192,0.146153957252594,0.));
#8072=CARTESIAN_POINT('',(0.0666394220746899,0.14609977699872,0.));
#8073=CARTESIAN_POINT('',(0.0666793121409329,0.146041671433266,0.));
#8074=CARTESIAN_POINT('',(0.0667236398127171,0.145979791514011,0.));
#8075=CARTESIAN_POINT('',(0.0667725706987336,0.14591429331483,0.));
#8076=CARTESIAN_POINT('',(0.066826265895052,0.145845338017921,0.));
#8077=CARTESIAN_POINT('',(0.0668848818621692,0.145773091766543,0.));
#8078=CARTESIAN_POINT('',(0.0669485702767366,0.145697725550562,0.));
#8079=CARTESIAN_POINT('',(0.0670174779448148,0.145619415085475,0.));
#8080=CARTESIAN_POINT('',(0.0670917465057871,0.145538340660279,0.));
#8081=CARTESIAN_POINT('',(0.0671715129603993,0.145454687100906,0.));
#8082=CARTESIAN_POINT('',(0.0672569070223628,0.145368643266876,0.));
#8083=CARTESIAN_POINT('',(0.0673480607719577,0.145280403338949,0.));
#8084=CARTESIAN_POINT('',(0.0674450708202551,0.14519016117544,0.));
#8085=CARTESIAN_POINT('',(0.0675481436042857,0.145098131380751,0.));
#8086=CARTESIAN_POINT('',(0.0676516653808593,0.145009086655519,0.));
#8087=CARTESIAN_POINT('',(0.067722531881703,0.144950984622723,0.));
#8088=CARTESIAN_POINT('',(0.0677556241446568,0.144923939034631,0.));
#8089=CARTESIAN_POINT('',(0.0664433896599964,0.146447279374203,0.));
#8090=CARTESIAN_POINT('',(0.0661021149842409,0.146310935272421,0.));
#8091=CARTESIAN_POINT('',(0.065984559611393,0.146659128972418,0.));
#8092=CARTESIAN_POINT('',(0.0615862597582789,0.159686694301448,0.));
#8093=CARTESIAN_POINT('',(0.0656853712044308,0.146561916766122,0.));
#8094=CARTESIAN_POINT('',(0.0657949300318162,0.146211124831003,0.));
#8095=CARTESIAN_POINT('',(0.0654386919671184,0.146120833305028,0.));
#8096=CARTESIAN_POINT('',(0.065342571312018,0.146459728530294,0.));
#8097=CARTESIAN_POINT('',(0.0653863427778004,0.146306257750216,0.));
#8098=CARTESIAN_POINT('',(0.0654369357819666,0.14612886940653,0.));
#8099=CARTESIAN_POINT('',(0.0654395157173372,0.146117358531499,0.));
#8100=CARTESIAN_POINT('',(0.0654431623884358,0.146101892124074,0.));
#8101=CARTESIAN_POINT('',(0.0654470424909802,0.146083195104995,0.));
#8102=CARTESIAN_POINT('',(0.065451806126036,0.14605806854831,0.));
#8103=CARTESIAN_POINT('',(0.0654569344446372,0.146027550875271,0.));
#8104=CARTESIAN_POINT('',(0.0654622968056176,0.145991277093625,0.));
#8105=CARTESIAN_POINT('',(0.0654676388699704,0.145949334201672,0.));
#8106=CARTESIAN_POINT('',(0.0654727434967431,0.145901678945482,0.));
#8107=CARTESIAN_POINT('',(0.0654773817861577,0.145848315869863,0.));
#8108=CARTESIAN_POINT('',(0.065481327957525,0.145789244083668,0.));
#8109=CARTESIAN_POINT('',(0.0654843551836283,0.145724473015348,0.));
#8110=CARTESIAN_POINT('',(0.0654862370365814,0.145654017832777,0.));
#8111=CARTESIAN_POINT('',(0.0654867473007377,0.145577900774746,0.));
#8112=CARTESIAN_POINT('',(0.065485660257931,0.145496150765325,0.));
#8113=CARTESIAN_POINT('',(0.0654827508381833,0.145408803513759,0.));
#8114=CARTESIAN_POINT('',(0.0654777948057373,0.145315901467594,0.));
#8115=CARTESIAN_POINT('',(0.0654705689462824,0.145217493807239,0.));
#8116=CARTESIAN_POINT('',(0.0654608512082427,0.14511363639908,0.));
#8117=CARTESIAN_POINT('',(0.0654484210317368,0.145004391846439,0.));
#8118=CARTESIAN_POINT('',(0.0654330589428753,0.144889829149618,0.));
#8119=CARTESIAN_POINT('',(0.065414548992222,0.14477002485537,0.));
#8120=CARTESIAN_POINT('',(0.0653926701879974,0.144645058424392,0.));
#8121=CARTESIAN_POINT('',(0.0653672304231455,0.14451502990479,0.));
#8122=CARTESIAN_POINT('',(0.0653379365452966,0.144379991574533,0.));
#8123=CARTESIAN_POINT('',(0.0653065248450464,0.144247104304999,0.));
#8124=CARTESIAN_POINT('',(0.0652833441595379,0.144158444488982,0.));
#8125=CARTESIAN_POINT('',(0.0652724689542461,0.144117113004463,0.));
#8126=CARTESIAN_POINT('',(0.0635345900567084,0.146075430251101,0.));
#8127=CARTESIAN_POINT('',(0.0635570250228676,0.145917424258026,0.));
#8128=CARTESIAN_POINT('',(0.0635829563531547,0.145734793913735,0.));
#8129=CARTESIAN_POINT('',(0.0635852813595849,0.145723228851885,0.));
#8130=CARTESIAN_POINT('',(0.0635882407144038,0.145707616350874,0.));
#8131=CARTESIAN_POINT('',(0.0635923008271248,0.14568895759414,0.));
#8132=CARTESIAN_POINT('',(0.0635981689212761,0.145664065797482,0.));
#8133=CARTESIAN_POINT('',(0.0636058966249986,0.145634100640808,0.));
#8134=CARTESIAN_POINT('',(0.063615751740661,0.14559878182365,0.));
#8135=CARTESIAN_POINT('',(0.0636279312331113,0.145558292271903,0.));
#8136=CARTESIAN_POINT('',(0.0636426510634375,0.14551268079032,0.));
#8137=CARTESIAN_POINT('',(0.063660118493453,0.145462044632717,0.));
#8138=CARTESIAN_POINT('',(0.0636805401465427,0.145406474818269,0.));
#8139=CARTESIAN_POINT('',(0.063704119404784,0.145346072219235,0.));
#8140=CARTESIAN_POINT('',(0.063731056951013,0.145280942788677,0.));
#8141=CARTESIAN_POINT('',(0.063761550398175,0.145211198852934,0.));
#8142=CARTESIAN_POINT('',(0.0637957941855965,0.145136958643307,0.));
#8143=CARTESIAN_POINT('',(0.0638339794006752,0.145058346326023,0.));
#8144=CARTESIAN_POINT('',(0.0638762936279963,0.144975491883743,0.));
#8145=CARTESIAN_POINT('',(0.0639229207805047,0.144888531034446,0.));
#8146=CARTESIAN_POINT('',(0.0639740409895026,0.144797605131129,0.));
#8147=CARTESIAN_POINT('',(0.064029830283403,0.144702861074556,0.));
#8148=CARTESIAN_POINT('',(0.0640904610966289,0.144604451167714,0.));
#8149=CARTESIAN_POINT('',(0.0641560995744377,0.14450253317409,0.));
#8150=CARTESIAN_POINT('',(0.064226915283289,0.144397269570097,0.));
#8151=CARTESIAN_POINT('',(0.0643030430284798,0.144288829891207,0.));
#8152=CARTESIAN_POINT('',(0.064384729354661,0.144177381131532,0.));
#8153=CARTESIAN_POINT('',(0.0644674754926589,0.144068758859584,0.));
#8154=CARTESIAN_POINT('',(0.0645247132985528,0.143997192521594,0.));
#8155=CARTESIAN_POINT('',(0.0645514593222146,0.143963857676148,0.));
#8156=CARTESIAN_POINT('',(0.0635846205751351,0.145726738264856,0.));
#8157=CARTESIAN_POINT('',(0.0632224560371192,0.145664328603694,0.));
#8158=CARTESIAN_POINT('',(0.0631798630721132,0.14602935457227,0.));
#8159=CARTESIAN_POINT('',(0.0615862597582793,0.159686694301448,0.));
#8160=CARTESIAN_POINT('',(0.0628670010954966,0.145996471453484,0.));
#8161=CARTESIAN_POINT('',(0.0629012320552869,0.145630566602745,0.));
#8162=CARTESIAN_POINT('',(0.0625340059831808,0.145616314221611,0.));
#8163=CARTESIAN_POINT('',(0.0625104460743085,0.145967788381029,0.));
#8164=CARTESIAN_POINT('',(0.0625213526591671,0.145808570706253,0.));
#8165=CARTESIAN_POINT('',(0.062533958974339,0.145624539846439,0.));
#8166=CARTESIAN_POINT('',(0.0625340892864413,0.145612744112919,0.));
#8167=CARTESIAN_POINT('',(0.0625344406221084,0.145596857498051,0.));
#8168=CARTESIAN_POINT('',(0.0625343486062529,0.145577762335018,0.));
#8169=CARTESIAN_POINT('',(0.0625337840395686,0.145552194438462,0.));
#8170=CARTESIAN_POINT('',(0.062532455311103,0.145521277412408,0.));
#8171=CARTESIAN_POINT('',(0.0625301587483559,0.145484681402384,0.));
#8172=CARTESIAN_POINT('',(0.0625266636582016,0.145442544385619,0.));
#8173=CARTESIAN_POINT('',(0.0625217486517413,0.145394869199532,0.));
#8174=CARTESIAN_POINT('',(0.0625151907761245,0.145341707880553,0.));
#8175=CARTESIAN_POINT('',(0.0625067689992322,0.145283106499454,0.));
#8176=CARTESIAN_POINT('',(0.0624962634108513,0.145219121438681,0.));
#8177=CARTESIAN_POINT('',(0.0624834556846671,0.145149814611661,0.));
#8178=CARTESIAN_POINT('',(0.0624681291720921,0.14507525480409,0.));
#8179=CARTESIAN_POINT('',(0.0624500691010958,0.144995517237423,0.));
#8180=CARTESIAN_POINT('',(0.0624290627443886,0.144910683635252,0.));
#8181=CARTESIAN_POINT('',(0.0624048995916439,0.144820842138778,0.));
#8182=CARTESIAN_POINT('',(0.0623773715315009,0.144726087262564,0.));
#8183=CARTESIAN_POINT('',(0.0623462729800186,0.144626519819302,0.));
#8184=CARTESIAN_POINT('',(0.0623114012130402,0.144522246901257,0.));
#8185=CARTESIAN_POINT('',(0.0622725558986775,0.144413381632098,0.));
#8186=CARTESIAN_POINT('',(0.0622295417214721,0.144300043784259,0.));
#8187=CARTESIAN_POINT('',(0.0621821590396527,0.144182357028805,0.));
#8188=CARTESIAN_POINT('',(0.0621302407453346,0.144060459168854,0.));
#8189=CARTESIAN_POINT('',(0.0620735109614314,0.14393446228978,0.));
#8190=CARTESIAN_POINT('',(0.0620151568653,0.143811009785628,0.));
#8191=CARTESIAN_POINT('',(0.0619740493211307,0.143729106934827,0.));
#8192=CARTESIAN_POINT('',(0.0619548184663368,0.143690939724731,0.));
#8193=CARTESIAN_POINT('',(0.0606620734422505,0.145967788381029,0.));
#8194=CARTESIAN_POINT('',(0.0606511668573919,0.145808570706253,0.));
#8195=CARTESIAN_POINT('',(0.0606385605422199,0.145624539846439,0.));
#8196=CARTESIAN_POINT('',(0.0606384302301177,0.145612744112919,0.));
#8197=CARTESIAN_POINT('',(0.0606380788944505,0.145596857498051,0.));
#8198=CARTESIAN_POINT('',(0.060638170910306,0.145577762335018,0.));
#8199=CARTESIAN_POINT('',(0.0606387354769904,0.145552194438462,0.));
#8200=CARTESIAN_POINT('',(0.0606400642054559,0.145521277412408,0.));
#8201=CARTESIAN_POINT('',(0.060642360768203,0.145484681402384,0.));
#8202=CARTESIAN_POINT('',(0.0606458558583573,0.145442544385619,0.));
#8203=CARTESIAN_POINT('',(0.0606507708648177,0.145394869199532,0.));
#8204=CARTESIAN_POINT('',(0.0606573287404344,0.145341707880553,0.));
#8205=CARTESIAN_POINT('',(0.0606657505173268,0.145283106499454,0.));
#8206=CARTESIAN_POINT('',(0.0606762561057076,0.145219121438681,0.));
#8207=CARTESIAN_POINT('',(0.0606890638318919,0.145149814611661,0.));
#8208=CARTESIAN_POINT('',(0.0607043903444668,0.14507525480409,0.));
#8209=CARTESIAN_POINT('',(0.0607224504154631,0.144995517237423,0.));
#8210=CARTESIAN_POINT('',(0.0607434567721703,0.144910683635252,0.));
#8211=CARTESIAN_POINT('',(0.0607676199249151,0.144820842138778,0.));
#8212=CARTESIAN_POINT('',(0.060795147985058,0.144726087262564,0.));
#8213=CARTESIAN_POINT('',(0.0608262465365404,0.144626519819302,0.));
#8214=CARTESIAN_POINT('',(0.0608611183035187,0.144522246901257,0.));
#8215=CARTESIAN_POINT('',(0.0608999636178814,0.144413381632098,0.));
#8216=CARTESIAN_POINT('',(0.0609429777950869,0.144300043784259,0.));
#8217=CARTESIAN_POINT('',(0.0609903604769062,0.144182357028805,0.));
#8218=CARTESIAN_POINT('',(0.0610422787712243,0.144060459168854,0.));
#8219=CARTESIAN_POINT('',(0.0610990085551275,0.14393446228978,0.));
#8220=CARTESIAN_POINT('',(0.061157362651259,0.143811009785628,0.));
#8221=CARTESIAN_POINT('',(0.0611984701954282,0.143729106934827,0.));
#8222=CARTESIAN_POINT('',(0.0612177010502222,0.143690939724731,0.));
#8223=CARTESIAN_POINT('',(0.0606385135333781,0.14561631422161,0.));
#8224=CARTESIAN_POINT('',(0.0602712874612714,0.145630566602734,0.));
#8225=CARTESIAN_POINT('',(0.0603055184210618,0.145996471453474,0.));
#8226=CARTESIAN_POINT('',(0.0615862597582796,0.159686694301448,0.));
#8227=CARTESIAN_POINT('',(0.0599926564444471,0.14602935457228,0.));
#8228=CARTESIAN_POINT('',(0.0599500634794413,0.145664328603704,0.));
#8229=CARTESIAN_POINT('',(0.0595878989414241,0.145726738264857,0.));
#8230=CARTESIAN_POINT('',(0.0596379294598505,0.146075430251101,0.));
#8231=CARTESIAN_POINT('',(0.0596154944936914,0.145917424258026,0.));
#8232=CARTESIAN_POINT('',(0.0595895631634043,0.145734793913735,0.));
#8233=CARTESIAN_POINT('',(0.059587238156974,0.145723228851885,0.));
#8234=CARTESIAN_POINT('',(0.0595842788021551,0.145707616350874,0.));
#8235=CARTESIAN_POINT('',(0.0595802186894342,0.14568895759414,0.));
#8236=CARTESIAN_POINT('',(0.0595743505952829,0.145664065797482,0.));
#8237=CARTESIAN_POINT('',(0.0595666228915603,0.145634100640808,0.));
#8238=CARTESIAN_POINT('',(0.059556767775898,0.14559878182365,0.));
#8239=CARTESIAN_POINT('',(0.0595445882834477,0.145558292271903,0.));
#8240=CARTESIAN_POINT('',(0.0595298684531214,0.14551268079032,0.));
#8241=CARTESIAN_POINT('',(0.059512401023106,0.145462044632717,0.));
#8242=CARTESIAN_POINT('',(0.0594919793700163,0.145406474818269,0.));
#8243=CARTESIAN_POINT('',(0.059468400111775,0.145346072219235,0.));
#8244=CARTESIAN_POINT('',(0.0594414625655459,0.145280942788677,0.));
#8245=CARTESIAN_POINT('',(0.059410969118384,0.145211198852934,0.));
#8246=CARTESIAN_POINT('',(0.0593767253309624,0.145136958643307,0.));
#8247=CARTESIAN_POINT('',(0.0593385401158837,0.145058346326023,0.));
#8248=CARTESIAN_POINT('',(0.0592962258885627,0.144975491883743,0.));
#8249=CARTESIAN_POINT('',(0.0592495987360542,0.144888531034446,0.));
#8250=CARTESIAN_POINT('',(0.0591984785270563,0.144797605131129,0.));
#8251=CARTESIAN_POINT('',(0.0591426892331559,0.144702861074556,0.));
#8252=CARTESIAN_POINT('',(0.05908205841993,0.144604451167714,0.));
#8253=CARTESIAN_POINT('',(0.0590164199421212,0.14450253317409,0.));
#8254=CARTESIAN_POINT('',(0.05894560423327,0.144397269570097,0.));
#8255=CARTESIAN_POINT('',(0.0588694764880791,0.144288829891207,0.));
#8256=CARTESIAN_POINT('',(0.0587877901618979,0.144177381131532,0.));
#8257=CARTESIAN_POINT('',(0.0587050440239001,0.144068758859584,0.));
#8258=CARTESIAN_POINT('',(0.0586478062180061,0.143997192521594,0.));
#8259=CARTESIAN_POINT('',(0.0586210601943444,0.143963857676148,0.));
#8260=CARTESIAN_POINT('',(0.0578299482045409,0.146459728530294,0.));
#8261=CARTESIAN_POINT('',(0.0577861767387585,0.146306257750216,0.));
#8262=CARTESIAN_POINT('',(0.0577355837345923,0.14612886940653,0.));
#8263=CARTESIAN_POINT('',(0.0577330037992217,0.146117358531499,0.));
#8264=CARTESIAN_POINT('',(0.0577293571281231,0.146101892124074,0.));
#8265=CARTESIAN_POINT('',(0.0577254770255787,0.146083195104995,0.));
#8266=CARTESIAN_POINT('',(0.057720713390523,0.14605806854831,0.));
#8267=CARTESIAN_POINT('',(0.0577155850719217,0.146027550875271,0.));
#8268=CARTESIAN_POINT('',(0.0577102227109412,0.145991277093625,0.));
#8269=CARTESIAN_POINT('',(0.0577048806465885,0.145949334201672,0.));
#8270=CARTESIAN_POINT('',(0.0576997760198158,0.145901678945482,0.));
#8271=CARTESIAN_POINT('',(0.0576951377304012,0.145848315869863,0.));
#8272=CARTESIAN_POINT('',(0.0576911915590339,0.145789244083668,0.));
#8273=CARTESIAN_POINT('',(0.0576881643329306,0.145724473015348,0.));
#8274=CARTESIAN_POINT('',(0.0576862824799775,0.145654017832777,0.));
#8275=CARTESIAN_POINT('',(0.0576857722158212,0.145577900774746,0.));
#8276=CARTESIAN_POINT('',(0.0576868592586279,0.145496150765325,0.));
#8277=CARTESIAN_POINT('',(0.0576897686783756,0.145408803513759,0.));
#8278=CARTESIAN_POINT('',(0.0576947247108216,0.145315901467594,0.));
#8279=CARTESIAN_POINT('',(0.0577019505702765,0.145217493807239,0.));
#8280=CARTESIAN_POINT('',(0.0577116683083161,0.14511363639908,0.));
#8281=CARTESIAN_POINT('',(0.0577240984848221,0.145004391846439,0.));
#8282=CARTESIAN_POINT('',(0.0577394605736836,0.144889829149618,0.));
#8283=CARTESIAN_POINT('',(0.0577579705243368,0.14477002485537,0.));
#8284=CARTESIAN_POINT('',(0.0577798493285615,0.144645058424392,0.));
#8285=CARTESIAN_POINT('',(0.0578052890934134,0.14451502990479,0.));
#8286=CARTESIAN_POINT('',(0.0578345829712623,0.144379991574533,0.));
#8287=CARTESIAN_POINT('',(0.0578659946715125,0.144247104304999,0.));
#8288=CARTESIAN_POINT('',(0.057889175357021,0.144158444488982,0.));
#8289=CARTESIAN_POINT('',(0.0579000505623128,0.144117113004463,0.));
#8290=CARTESIAN_POINT('',(0.0577338275494403,0.146120833305027,0.));
#8291=CARTESIAN_POINT('',(0.05737758948474,0.146211124830993,0.));
#8292=CARTESIAN_POINT('',(0.0574871483121256,0.146561916766113,0.));
#8293=CARTESIAN_POINT('',(0.06158625975828,0.159686694301448,0.));
#8294=CARTESIAN_POINT('',(0.0571879599051693,0.146659128972427,0.));
#8295=CARTESIAN_POINT('',(0.0570704045323217,0.146310935272431,0.));
#8296=CARTESIAN_POINT('',(0.0567291298565631,0.146447279374204,0.));
#8297=CARTESIAN_POINT('',(0.0568505642285599,0.146777949674265,0.));
#8298=CARTESIAN_POINT('',(0.0567957682270591,0.146628060982984,0.));
#8299=CARTESIAN_POINT('',(0.0567324325748788,0.14645481297662,0.));
#8300=CARTESIAN_POINT('',(0.0567277538638536,0.146443984035137,0.));
#8301=CARTESIAN_POINT('',(0.0567216131565549,0.146429327989196,0.));
#8302=CARTESIAN_POINT('',(0.056713762393377,0.146411921115964,0.));
#8303=CARTESIAN_POINT('',(0.0567028472356314,0.146388793310163,0.));
#8304=CARTESIAN_POINT('',(0.0566890582943862,0.146361089644003,0.));
#8305=CARTESIAN_POINT('',(0.0566720753416531,0.1463285916215,0.));
#8306=CARTESIAN_POINT('',(0.0566517437491705,0.146291519122472,0.));
#8307=CARTESIAN_POINT('',(0.0566278624221972,0.146249964786008,0.));
#8308=CARTESIAN_POINT('',(0.0566002488482927,0.146204066832847,0.));
#8309=CARTESIAN_POINT('',(0.0565687198432397,0.146153957252594,0.));
#8310=CARTESIAN_POINT('',(0.056533097441869,0.14609977699872,0.));
#8311=CARTESIAN_POINT('',(0.056493207375626,0.146041671433266,0.));
#8312=CARTESIAN_POINT('',(0.0564488797038418,0.145979791514011,0.));
#8313=CARTESIAN_POINT('',(0.0563999488178253,0.14591429331483,0.));
#8314=CARTESIAN_POINT('',(0.0563462536215069,0.145845338017921,0.));
#8315=CARTESIAN_POINT('',(0.0562876376543898,0.145773091766543,0.));
#8316=CARTESIAN_POINT('',(0.0562239492398223,0.145697725550562,0.));
#8317=CARTESIAN_POINT('',(0.0561550415717441,0.145619415085475,0.));
#8318=CARTESIAN_POINT('',(0.0560807730107718,0.145538340660279,0.));
#8319=CARTESIAN_POINT('',(0.0560010065561596,0.145454687100906,0.));
#8320=CARTESIAN_POINT('',(0.0559156124941961,0.145368643266876,0.));
#8321=CARTESIAN_POINT('',(0.0558244587446012,0.145280403338949,0.));
#8322=CARTESIAN_POINT('',(0.0557274486963038,0.14519016117544,0.));
#8323=CARTESIAN_POINT('',(0.0556243759122732,0.145098131380751,0.));
#8324=CARTESIAN_POINT('',(0.0555208541356996,0.145009086655519,0.));
#8325=CARTESIAN_POINT('',(0.0554499876348559,0.144950984622723,0.));
#8326=CARTESIAN_POINT('',(0.0554168953719022,0.144923939034631,0.));
#8327=CARTESIAN_POINT('',(0.0551619918065124,0.147529750553781,0.));
#8328=CARTESIAN_POINT('',(0.0550872684828997,0.147388734077926,0.));
#8329=CARTESIAN_POINT('',(0.0550008999467935,0.147225740972191,0.));
#8330=CARTESIAN_POINT('',(0.0549959831437101,0.147215018036122,0.));
#8331=CARTESIAN_POINT('',(0.0549892005142057,0.147200647792361,0.));
#8332=CARTESIAN_POINT('',(0.0549815178723614,0.147183166066689,0.));
#8333=CARTESIAN_POINT('',(0.054971634229276,0.147159579000971,0.));
#8334=CARTESIAN_POINT('',(0.0549602729957391,0.1471307944497,0.));
#8335=CARTESIAN_POINT('',(0.0549474860719375,0.147096428234752,0.));
#8336=CARTESIAN_POINT('',(0.054933540326924,0.147056512573252,0.));
#8337=CARTESIAN_POINT('',(0.054918639163603,0.147010960010331,0.));
#8338=CARTESIAN_POINT('',(0.0549030074246614,0.146959727400541,0.));
#8339=CARTESIAN_POINT('',(0.0548868657716589,0.146902766929765,0.));
#8340=CARTESIAN_POINT('',(0.0548704380353786,0.146840040660388,0.));
#8341=CARTESIAN_POINT('',(0.0548539488492923,0.146771516351826,0.));
#8342=CARTESIAN_POINT('',(0.0548376241093969,0.146697168724022,0.));
#8343=CARTESIAN_POINT('',(0.054821690615027,0.146616979139539,0.));
#8344=CARTESIAN_POINT('',(0.0548063759422115,0.14653093573261,0.));
#8345=CARTESIAN_POINT('',(0.054791908251959,0.146439033401965,0.));
#8346=CARTESIAN_POINT('',(0.0547785161059942,0.146341273844438,0.));
#8347=CARTESIAN_POINT('',(0.0547664283188079,0.146237665538482,0.));
#8348=CARTESIAN_POINT('',(0.0547558736464817,0.146128223862408,0.));
#8349=CARTESIAN_POINT('',(0.0547470811128431,0.146012970677509,0.));
#8350=CARTESIAN_POINT('',(0.05474027786328,0.145891935959396,0.));
#8351=CARTESIAN_POINT('',(0.0547356965811791,0.145765151485583,0.));
#8352=CARTESIAN_POINT('',(0.0547335459767674,0.145632675176583,0.));
#8353=CARTESIAN_POINT('',(0.0547341236655324,0.145494497218161,0.));
#8354=CARTESIAN_POINT('',(0.0547372201278703,0.145357982994588,0.));
#8355=CARTESIAN_POINT('',(0.054741460847528,0.145266441072751,0.));
#8356=CARTESIAN_POINT('',(0.0547435051046614,0.145223751698014,0.));
#8357=CARTESIAN_POINT('',(0.0549975113390494,0.147218245610211,0.));
#8358=CARTESIAN_POINT('',(0.0546678305946028,0.147380630108067,0.));
#8359=CARTESIAN_POINT('',(0.0548479290431053,0.147700977836715,0.));
#8360=CARTESIAN_POINT('',(0.0615862597582803,0.159686694301448,0.));
#8361=CARTESIAN_POINT('',(0.0545754901748567,0.147858270490647,0.));
#8362=CARTESIAN_POINT('',(0.0543881101280541,0.147542126794738,0.));
#8363=CARTESIAN_POINT('',(0.0540826406555022,0.147746446445632,0.));
#8364=CARTESIAN_POINT('',(0.0542701716163064,0.148044643180666,0.));
#8365=CARTESIAN_POINT('',(0.05418540942767,0.147909422646234,0.));
#8366=CARTESIAN_POINT('',(0.0540874375255149,0.147753128747011,0.));
#8367=CARTESIAN_POINT('',(0.0540806095920176,0.147743509202601,0.));
#8368=CARTESIAN_POINT('',(0.0540715559106143,0.147730450151265,0.));
#8369=CARTESIAN_POINT('',(0.0540602576130024,0.147715055925424,0.));
#8370=CARTESIAN_POINT('',(0.0540447724364328,0.147694702906571,0.));
#8371=CARTESIAN_POINT('',(0.0540255249005641,0.147670471514074,0.));
#8372=CARTESIAN_POINT('',(0.0540021563472879,0.147642214605752,0.));
#8373=CARTESIAN_POINT('',(0.0539745612429264,0.147610179405545,0.));
#8374=CARTESIAN_POINT('',(0.0539425621478901,0.147574498338103,0.));
#8375=CARTESIAN_POINT('',(0.0539060092757808,0.147535344550179,0.));
#8376=CARTESIAN_POINT('',(0.0538647508875782,0.147492885233232,0.));
#8377=CARTESIAN_POINT('',(0.0538186422129532,0.147447295261598,0.));
#8378=CARTESIAN_POINT('',(0.0537675430140049,0.147398753053278,0.));
#8379=CARTESIAN_POINT('',(0.0537113184495631,0.147347441599917,0.));
#8380=CARTESIAN_POINT('',(0.053649838979467,0.14729354799678,0.));
#8381=CARTESIAN_POINT('',(0.0535829805396462,0.147237263397607,0.));
#8382=CARTESIAN_POINT('',(0.0535106246317666,0.147178782844991,0.));
#8383=CARTESIAN_POINT('',(0.0534326584444677,0.147118305127611,0.));
#8384=CARTESIAN_POINT('',(0.0533489749130598,0.147056032643854,0.));
#8385=CARTESIAN_POINT('',(0.0532594729775103,0.146992171191454,0.));
#8386=CARTESIAN_POINT('',(0.0531640570583402,0.14692693004151,0.));
#8387=CARTESIAN_POINT('',(0.053062639542496,0.146860520895504,0.));
#8388=CARTESIAN_POINT('',(0.0529551316084189,0.146793161151916,0.));
#8389=CARTESIAN_POINT('',(0.0528414790616315,0.146725060519362,0.));
#8390=CARTESIAN_POINT('',(0.0527215245950118,0.146656471833296,0.));
#8391=CARTESIAN_POINT('',(0.0526017515782512,0.146590896336557,0.));
#8392=CARTESIAN_POINT('',(0.0525203535885999,0.146548797946592,0.));
#8393=CARTESIAN_POINT('',(0.0524823613770394,0.146529223637833,0.));
#8394=CARTESIAN_POINT('',(0.052774806745034,0.14913108935453,0.));
#8395=CARTESIAN_POINT('',(0.0526723973313951,0.149008690279564,0.));
#8396=CARTESIAN_POINT('',(0.0525540279828189,0.148867215992629,0.));
#8397=CARTESIAN_POINT('',(0.052546989199911,0.148857749639283,0.));
#8398=CARTESIAN_POINT('',(0.0525373670454568,0.148845103607794,0.));
#8399=CARTESIAN_POINT('',(0.0525262176326266,0.148829601210827,0.));
#8400=CARTESIAN_POINT('',(0.0525116459441412,0.148808584504032,0.));
#8401=CARTESIAN_POINT('',(0.0524945483360916,0.148782791097543,0.));
#8402=CARTESIAN_POINT('',(0.0524748956993974,0.148751834417793,0.));
#8403=CARTESIAN_POINT('',(0.0524529557696994,0.14871569049269,0.));
#8404=CARTESIAN_POINT('',(0.0524289093221708,0.148674231488623,0.));
#8405=CARTESIAN_POINT('',(0.0524029673157034,0.148627368455552,0.));
#8406=CARTESIAN_POINT('',(0.0523753356487583,0.148575008746094,0.));
#8407=CARTESIAN_POINT('',(0.0523462253732053,0.148517068714626,0.));
#8408=CARTESIAN_POINT('',(0.0523158495105418,0.148453470121173,0.));
#8409=CARTESIAN_POINT('',(0.0522844237643754,0.14838414127169,0.));
#8410=CARTESIAN_POINT('',(0.0522521661029904,0.14830901678178,0.));
#8411=CARTESIAN_POINT('',(0.0522192966623016,0.148228037729253,0.));
#8412=CARTESIAN_POINT('',(0.0521860375568384,0.148141151686973,0.));
#8413=CARTESIAN_POINT('',(0.0521526127064951,0.14804831279404,0.));
#8414=CARTESIAN_POINT('',(0.0521192476883866,0.147949481770425,0.));
#8415=CARTESIAN_POINT('',(0.0520861694570557,0.147844626097323,0.));
#8416=CARTESIAN_POINT('',(0.0520536065768284,0.147733719541572,0.));
#8417=CARTESIAN_POINT('',(0.0520217874617005,0.147616744197564,0.));
#8418=CARTESIAN_POINT('',(0.0519909463172853,0.147493682770801,0.));
#8419=CARTESIAN_POINT('',(0.0519612993353424,0.147364548522799,0.));
#8420=CARTESIAN_POINT('',(0.0519331355872525,0.147229269976045,0.));
#8421=CARTESIAN_POINT('',(0.0519077814814155,0.147095095125072,0.));
#8422=CARTESIAN_POINT('',(0.0518928968954241,0.147004671918666,0.));
#8423=CARTESIAN_POINT('',(0.051886020860553,0.146962490384233,0.));
#8424=CARTESIAN_POINT('',(0.0525491550509016,0.148860588953457,0.));
#8425=CARTESIAN_POINT('',(0.0522604402572248,0.149087969441439,0.));
#8426=CARTESIAN_POINT('',(0.0525032071604363,0.149363872230675,0.));
#8427=CARTESIAN_POINT('',(0.0615862597582806,0.159686694301448,0.));
#8428=CARTESIAN_POINT('',(0.0522694247167446,0.149574370888474,0.));
#8429=CARTESIAN_POINT('',(0.0520204094031814,0.14930409419319,0.));
#8430=CARTESIAN_POINT('',(0.051764095615592,0.149567459644026,0.));
#8431=CARTESIAN_POINT('',(0.0520095271623431,0.149820150185804,0.));
#8432=CARTESIAN_POINT('',(0.0518985033009485,0.149705507594436,0.));
#8433=CARTESIAN_POINT('',(0.0517701769910642,0.149572998595732,0.));
#8434=CARTESIAN_POINT('',(0.0517614982485526,0.149565008868645,0.));
#8435=CARTESIAN_POINT('',(0.0517499272823665,0.149554117555122,0.));
#8436=CARTESIAN_POINT('',(0.0517356752401416,0.14954140877821,0.));
#8437=CARTESIAN_POINT('',(0.0517162968212701,0.149524720070894,0.));
#8438=CARTESIAN_POINT('',(0.0516924319004552,0.149505019980188,0.));
#8439=CARTESIAN_POINT('',(0.0516636990645488,0.149482239148532,0.));
#8440=CARTESIAN_POINT('',(0.051630046486785,0.149456641339117,0.));
#8441=CARTESIAN_POINT('',(0.0515913281376875,0.14942839297456,0.));
#8442=CARTESIAN_POINT('',(0.0515474335032847,0.149397694560287,0.));
#8443=CARTESIAN_POINT('',(0.0514982489214767,0.149364741182538,0.));
#8444=CARTESIAN_POINT('',(0.0514436691439325,0.149329733993669,0.));
#8445=CARTESIAN_POINT('',(0.0513835940924741,0.14929287666992,0.));
#8446=CARTESIAN_POINT('',(0.0513179299186364,0.149254376239183,0.));
#8447=CARTESIAN_POINT('',(0.051246588812315,0.149214442641158,0.));
#8448=CARTESIAN_POINT('',(0.0511694891636343,0.149173288646787,0.));
#8449=CARTESIAN_POINT('',(0.0510865556153688,0.149131129673704,0.));
#8450=CARTESIAN_POINT('',(0.0509977191518466,0.149088183621379,0.));
#8451=CARTESIAN_POINT('',(0.0509029171289898,0.149044670725309,0.));
#8452=CARTESIAN_POINT('',(0.0508020934829244,0.149000813297616,0.));
#8453=CARTESIAN_POINT('',(0.0506951982327207,0.148956835908415,0.));
#8454=CARTESIAN_POINT('',(0.0505821896950932,0.14891296384878,0.));
#8455=CARTESIAN_POINT('',(0.0504630261891335,0.148869428233553,0.));
#8456=CARTESIAN_POINT('',(0.050337698305516,0.148826445456381,0.));
#8457=CARTESIAN_POINT('',(0.0502061047421039,0.148784295533644,0.));
#8458=CARTESIAN_POINT('',(0.0500753151407235,0.148745055229271,0.));
#8459=CARTESIAN_POINT('',(0.0499869431450032,0.148720800383789,0.));
#8460=CARTESIAN_POINT('',(0.0499457114267881,0.148709552845584,0.));
#8461=CARTESIAN_POINT('',(0.050772724462277,0.151193758742872,0.));
#8462=CARTESIAN_POINT('',(0.0506471047414029,0.151095326495707,0.));
#8463=CARTESIAN_POINT('',(0.0505019078888888,0.150981554132779,0.));
#8464=CARTESIAN_POINT('',(0.0504930547547451,0.150973758087222,0.));
#8465=CARTESIAN_POINT('',(0.050481013609663,0.150963388960264,0.));
#8466=CARTESIAN_POINT('',(0.0504668847086884,0.150950543421139,0.));
#8467=CARTESIAN_POINT('',(0.0504482618275126,0.150933015604202,0.));
#8468=CARTESIAN_POINT('',(0.0504261750924654,0.150911340638129,0.));
#8469=CARTESIAN_POINT('',(0.0504005156574061,0.150885146449029,0.));
#8470=CARTESIAN_POINT('',(0.0503715404232307,0.150854353923288,0.));
#8471=CARTESIAN_POINT('',(0.0503393996366393,0.150818800435496,0.));
#8472=CARTESIAN_POINT('',(0.0503042811528123,0.150778355118562,0.));
#8473=CARTESIAN_POINT('',(0.0502663671083615,0.150732884540974,0.));
#8474=CARTESIAN_POINT('',(0.0502258465522641,0.150682263004818,0.));
#8475=CARTESIAN_POINT('',(0.0501829115839813,0.150626369690189,0.));
#8476=CARTESIAN_POINT('',(0.0501377582874488,0.150565089622426,0.));
#8477=CARTESIAN_POINT('',(0.0500905862736407,0.150498313527784,0.));
#8478=CARTESIAN_POINT('',(0.0500415986173617,0.150425938002835,0.));
#8479=CARTESIAN_POINT('',(0.0499910016791915,0.150347865585893,0.));
#8480=CARTESIAN_POINT('',(0.04993900495082,0.150264004862667,0.));
#8481=CARTESIAN_POINT('',(0.0498858209131837,0.150174270511369,0.));
#8482=CARTESIAN_POINT('',(0.0498316648002843,0.150078583537305,0.));
#8483=CARTESIAN_POINT('',(0.0497767547275881,0.149976870759379,0.));
#8484=CARTESIAN_POINT('',(0.0497213103949116,0.149869067173319,0.));
#8485=CARTESIAN_POINT('',(0.0496655572941853,0.14975510716847,0.));
#8486=CARTESIAN_POINT('',(0.0496097096500842,0.149634958767757,0.));
#8487=CARTESIAN_POINT('',(0.0495540353560755,0.149508491954305,0.));
#8488=CARTESIAN_POINT('',(0.0495013387781511,0.14938252056076,0.));
#8489=CARTESIAN_POINT('',(0.0494679794143426,0.149297167997803,0.));
#8490=CARTESIAN_POINT('',(0.0494524836031857,0.149257337839139,0.));
#8491=CARTESIAN_POINT('',(0.0504957636033059,0.150976085049827,0.));
#8492=CARTESIAN_POINT('',(0.0502606329822898,0.151258523909517,0.));
#8493=CARTESIAN_POINT('',(0.0505554582616152,0.151477923483523,0.));
#8494=CARTESIAN_POINT('',(0.0615862597582809,0.159686694301448,0.));
#8495=CARTESIAN_POINT('',(0.0503705496570822,0.151732428343758,0.));
#8496=CARTESIAN_POINT('',(0.0500707822408693,0.151519831037614,0.));
#8497=CARTESIAN_POINT('',(0.04987482628069,0.151830731954423,0.));
#8498=CARTESIAN_POINT('',(0.0501674318770837,0.152026872513727,0.));
#8499=CARTESIAN_POINT('',(0.0500349986184255,0.151937818296783,0.));
#8500=CARTESIAN_POINT('',(0.0498819263763319,0.151834885477689,0.));
#8501=CARTESIAN_POINT('',(0.049871776127499,0.151828874757338,0.));
#8502=CARTESIAN_POINT('',(0.0498581935832761,0.15182062718429,0.));
#8503=CARTESIAN_POINT('',(0.0498416106790722,0.151811159290842,0.));
#8504=CARTESIAN_POINT('',(0.0498191859477915,0.151798864271655,0.));
#8505=CARTESIAN_POINT('',(0.0497917466535866,0.151784556471234,0.));
#8506=CARTESIAN_POINT('',(0.0497589052978547,0.151768247347902,0.));
#8507=CARTESIAN_POINT('',(0.0497206660258198,0.151750205676383,0.));
#8508=CARTESIAN_POINT('',(0.0496769206003079,0.151730624603793,0.));
#8509=CARTESIAN_POINT('',(0.0496276026097649,0.151709723231183,0.));
#8510=CARTESIAN_POINT('',(0.0495726414365903,0.151687716013367,0.));
#8511=CARTESIAN_POINT('',(0.0495119759543083,0.1516648215894,0.));
#8512=CARTESIAN_POINT('',(0.0494455506183607,0.15164125999213,0.));
#8513=CARTESIAN_POINT('',(0.0493733166746153,0.151617253237586,0.));
#8514=CARTESIAN_POINT('',(0.0492952318807475,0.15159302493453,0.));
#8515=CARTESIAN_POINT('',(0.0492112606478195,0.151568800171994,0.));
#8516=CARTESIAN_POINT('',(0.0491213740531866,0.151544805327869,0.));
#8517=CARTESIAN_POINT('',(0.0490255498931817,0.151521267889163,0.));
#8518=CARTESIAN_POINT('',(0.0489237726821853,0.151498416303136,0.));
#8519=CARTESIAN_POINT('',(0.0488160338027427,0.151476479680192,0.));
#8520=CARTESIAN_POINT('',(0.0487023310568795,0.151455688074668,0.));
#8521=CARTESIAN_POINT('',(0.0485826705128383,0.151436270520932,0.));
#8522=CARTESIAN_POINT('',(0.0484570594520164,0.15141846174936,0.));
#8523=CARTESIAN_POINT('',(0.0483255336614729,0.151402475381185,0.));
#8524=CARTESIAN_POINT('',(0.0481880522714453,0.151388606375659,0.));
#8525=CARTESIAN_POINT('',(0.0480519622186235,0.151377416253248,0.));
#8526=CARTESIAN_POINT('',(0.0479604784971032,0.151372065005385,0.));
#8527=CARTESIAN_POINT('',(0.0479178092961712,0.151369635809126,0.));
#8528=CARTESIAN_POINT('',(0.0492432455610547,0.153627610168749,0.));
#8529=CARTESIAN_POINT('',(0.0490999057175379,0.153557446710917,0.));
#8530=CARTESIAN_POINT('',(0.0489342271602724,0.153476348670197,0.));
#8531=CARTESIAN_POINT('',(0.0489239465993372,0.153470563657028,0.));
#8532=CARTESIAN_POINT('',(0.0489100127194471,0.153462924615207,0.));
#8533=CARTESIAN_POINT('',(0.0488935218310987,0.153453297345622,0.));
#8534=CARTESIAN_POINT('',(0.0488716616665024,0.153440024468253,0.));
#8535=CARTESIAN_POINT('',(0.0488455511007631,0.15342341524262,0.));
#8536=CARTESIAN_POINT('',(0.0488150063077782,0.153403128355928,0.));
#8537=CARTESIAN_POINT('',(0.0487802621258977,0.153379033010684,0.));
#8538=CARTESIAN_POINT('',(0.048741431706846,0.153350938897186,0.));
#8539=CARTESIAN_POINT('',(0.0486986715919198,0.153318678950817,0.));
#8540=CARTESIAN_POINT('',(0.0486521321956376,0.153282084787533,0.));
#8541=CARTESIAN_POINT('',(0.0486019723017365,0.153240994150728,0.));
#8542=CARTESIAN_POINT('',(0.0485483546919731,0.153195248920977,0.));
#8543=CARTESIAN_POINT('',(0.0484914472608026,0.153144695867951,0.));
#8544=CARTESIAN_POINT('',(0.0484314225379312,0.15308918660434,0.));
#8545=CARTESIAN_POINT('',(0.0483684576617103,0.153028577764705,0.));
#8546=CARTESIAN_POINT('',(0.0483027342198222,0.152962731112356,0.));
#8547=CARTESIAN_POINT('',(0.0482344381199603,0.152891513674848,0.));
#8548=CARTESIAN_POINT('',(0.0481637594604462,0.152814797817613,0.));
#8549=CARTESIAN_POINT('',(0.0480908923479819,0.152732461522512,0.));
#8550=CARTESIAN_POINT('',(0.0480160349164815,0.152644387858876,0.));
#8551=CARTESIAN_POINT('',(0.0479393885496457,0.152550467564774,0.));
#8552=CARTESIAN_POINT('',(0.0478611601706431,0.152450589580892,0.));
#8553=CARTESIAN_POINT('',(0.0477815526744177,0.152344678089116,0.));
#8554=CARTESIAN_POINT('',(0.0477008010682933,0.152232550215568,0.));
#8555=CARTESIAN_POINT('',(0.047623065111603,0.152120287833827,0.));
#8556=CARTESIAN_POINT('',(0.0475726889342519,0.152043736230888,0.));
#8557=CARTESIAN_POINT('',(0.0475492505881139,0.152007998217052,0.));
#8558=CARTESIAN_POINT('',(0.0489270800557875,0.153472276568633,0.));
#8559=CARTESIAN_POINT('',(0.0487558099438525,0.153797429866572,0.));
#8560=CARTESIAN_POINT('',(0.0490898083198565,0.153950737411168,0.));
#8561=CARTESIAN_POINT('',(0.0615862597582811,0.159686694301447,0.));
#8562=CARTESIAN_POINT('',(0.0489618549477904,0.154238125390197,0.));
#8563=CARTESIAN_POINT('',(0.0486244367034598,0.154092498995627,0.));
#8564=CARTESIAN_POINT('',(0.0484974027864515,0.154437347516476,0.));
#8565=CARTESIAN_POINT('',(0.048824394163848,0.154568365809677,0.));
#8566=CARTESIAN_POINT('',(0.0486763394768148,0.154508792063765,0.));
#8567=CARTESIAN_POINT('',(0.0485052112940135,0.154439934082403,0.));
#8568=CARTESIAN_POINT('',(0.0484940331534396,0.15443616506611,0.));
#8569=CARTESIAN_POINT('',(0.0484790326535387,0.154430921692057,0.));
#8570=CARTESIAN_POINT('',(0.0484608436398431,0.154425108474448,0.));
#8571=CARTESIAN_POINT('',(0.048436352664516,0.154417744494726,0.));
#8572=CARTESIAN_POINT('',(0.0484065382257463,0.154409454304126,0.));
#8573=CARTESIAN_POINT('',(0.0483710236750246,0.154400329676068,0.));
#8574=CARTESIAN_POINT('',(0.0483298689483989,0.154390632650061,0.));
#8575=CARTESIAN_POINT('',(0.0482830083314813,0.154380574656272,0.));
#8576=CARTESIAN_POINT('',(0.0482304224176388,0.154370383815603,0.));
#8577=CARTESIAN_POINT('',(0.0481720867200983,0.154360284578741,0.));
#8578=CARTESIAN_POINT('',(0.0481079869057596,0.154350503515864,0.));
#8579=CARTESIAN_POINT('',(0.0480381143912477,0.154341267399935,0.));
#8580=CARTESIAN_POINT('',(0.0479624676475533,0.154332803531954,0.));
#8581=CARTESIAN_POINT('',(0.0478810518463236,0.15432533941697,0.));
#8582=CARTESIAN_POINT('',(0.0477938789749659,0.154319102624635,0.));
#8583=CARTESIAN_POINT('',(0.0477009678094747,0.154314320599296,0.));
#8584=CARTESIAN_POINT('',(0.0476023439285947,0.154311220473227,0.));
#8585=CARTESIAN_POINT('',(0.0474980396819605,0.154310028921207,0.));
#8586=CARTESIAN_POINT('',(0.0473880942751608,0.154310971838697,0.));
#8587=CARTESIAN_POINT('',(0.0472725533892387,0.154314274709782,0.));
#8588=CARTESIAN_POINT('',(0.0471514705787534,0.154320160302218,0.));
#8589=CARTESIAN_POINT('',(0.0470249017691758,0.154328856703074,0.));
#8590=CARTESIAN_POINT('',(0.0468929263798838,0.154340565424897,0.));
#8591=CARTESIAN_POINT('',(0.046755565759694,0.154355583478674,0.));
#8592=CARTESIAN_POINT('',(0.0466201230437717,0.154372932600272,0.));
#8593=CARTESIAN_POINT('',(0.0465295258740693,0.154386718825237,0.));
#8594=CARTESIAN_POINT('',(0.0464872840392506,0.154393214138455,0.));
#8595=CARTESIAN_POINT('',(0.0482532156086046,0.156326272645937,0.));
#8596=CARTESIAN_POINT('',(0.0480984202814275,0.156287444457227,0.));
#8597=CARTESIAN_POINT('',(0.0479195009673771,0.156242565112245,0.));
#8598=CARTESIAN_POINT('',(0.0479082422894949,0.156239043964301,0.));
#8599=CARTESIAN_POINT('',(0.0478930246522102,0.156234468870398,0.));
#8600=CARTESIAN_POINT('',(0.0478748925074408,0.156228480628232,0.));
#8601=CARTESIAN_POINT('',(0.0478507504535136,0.156220042778862,0.));
#8602=CARTESIAN_POINT('',(0.0478217572140974,0.15620922519653,0.));
#8603=CARTESIAN_POINT('',(0.0477876620172106,0.15619573224654,0.));
#8604=CARTESIAN_POINT('',(0.0477486673750941,0.156179387164002,0.));
#8605=CARTESIAN_POINT('',(0.0477048443992238,0.156159980272369,0.));
#8606=CARTESIAN_POINT('',(0.0476563114754065,0.156137315611023,0.));
#8607=CARTESIAN_POINT('',(0.0476031807222312,0.156111197202577,0.));
#8608=CARTESIAN_POINT('',(0.0475455737185837,0.156081433323125,0.));
#8609=CARTESIAN_POINT('',(0.0474836168141722,0.156047835464304,0.));
#8610=CARTESIAN_POINT('',(0.0474174423761781,0.15601021883701,0.));
#8611=CARTESIAN_POINT('',(0.0473471883126634,0.155968402425614,0.));
#8612=CARTESIAN_POINT('',(0.0472729980837305,0.155922209168419,0.));
#8613=CARTESIAN_POINT('',(0.0471950205679109,0.155871466095336,0.));
#8614=CARTESIAN_POINT('',(0.0471134099638437,0.155816004487307,0.));
#8615=CARTESIAN_POINT('',(0.0470283256790265,0.155755659975218,0.));
#8616=CARTESIAN_POINT('',(0.0469399322094671,0.155690272850269,0.));
#8617=CARTESIAN_POINT('',(0.0468483990481248,0.155619687542649,0.));
#8618=CARTESIAN_POINT('',(0.0467539004611506,0.155543755308037,0.));
#8619=CARTESIAN_POINT('',(0.0466566157594155,0.155462324492285,0.));
#8620=CARTESIAN_POINT('',(0.04655672764065,0.155375278749857,0.));
#8621=CARTESIAN_POINT('',(0.0464544279550868,0.155282390342335,0.));
#8622=CARTESIAN_POINT('',(0.0463550500539565,0.155188743377175,0.));
#8623=CARTESIAN_POINT('',(0.0462898587437447,0.15512433840664,0.));
#8624=CARTESIAN_POINT('',(0.0462595022308215,0.155094254460326,0.));
#8625=CARTESIAN_POINT('',(0.0479116634067518,0.156240067962449,0.));
#8626=CARTESIAN_POINT('',(0.0478117391296346,0.156593724939257,0.));
#8627=CARTESIAN_POINT('',(0.0481703132705839,0.156674240179093,0.));
#8628=CARTESIAN_POINT('',(0.0615862597582812,0.159686694301447,0.));
#8629=CARTESIAN_POINT('',(0.0481049073073323,0.156981951043192,0.));
#8630=CARTESIAN_POINT('',(0.0477445850312737,0.156909660132431,0.));
#8631=CARTESIAN_POINT('',(0.047692025149186,0.157273384722192,0.));
#8632=CARTESIAN_POINT('',(0.0480391112153144,0.157333554621182,0.));
#8633=CARTESIAN_POINT('',(0.0478819058001748,0.157306065004866,0.));
#8634=CARTESIAN_POINT('',(0.0477002007994183,0.157274291285438,0.));
#8635=CARTESIAN_POINT('',(0.0476884833054852,0.157272928697301,0.));
#8636=CARTESIAN_POINT('',(0.0476727204437323,0.157270918682849,0.));
#8637=CARTESIAN_POINT('',(0.0476537202677241,0.157269014206584,0.));
#8638=CARTESIAN_POINT('',(0.0476282334214932,0.157266903107577,0.));
#8639=CARTESIAN_POINT('',(0.0475973468721983,0.157264992847907,0.));
#8640=CARTESIAN_POINT('',(0.0475607112827711,0.157263451505153,0.));
#8641=CARTESIAN_POINT('',(0.0475184397605905,0.157262522931229,0.));
#8642=CARTESIAN_POINT('',(0.0474705119860886,0.157262427598832,0.));
#8643=CARTESIAN_POINT('',(0.0474169564057167,0.157263392678742,0.));
#8644=CARTESIAN_POINT('',(0.0473577957337186,0.157265642807947,0.));
#8645=CARTESIAN_POINT('',(0.0472930630567949,0.157269402585541,0.));
#8646=CARTESIAN_POINT('',(0.0472227971278884,0.157274895613539,0.));
#8647=CARTESIAN_POINT('',(0.0471470437099377,0.157282344543767,0.));
#8648=CARTESIAN_POINT('',(0.0470658551625362,0.157291970834497,0.));
#8649=CARTESIAN_POINT('',(0.0469792905255289,0.157303994590115,0.));
#8650=CARTESIAN_POINT('',(0.0468874154529487,0.157318634381018,0.));
#8651=CARTESIAN_POINT('',(0.046790302188038,0.157336107057969,0.));
#8652=CARTESIAN_POINT('',(0.0466880295018512,0.157356627616496,0.));
#8653=CARTESIAN_POINT('',(0.0465806827095481,0.157380408864403,0.));
#8654=CARTESIAN_POINT('',(0.0464683533747085,0.157407661860781,0.));
#8655=CARTESIAN_POINT('',(0.0463511401976172,0.157438593370758,0.));
#8656=CARTESIAN_POINT('',(0.046229145303607,0.157473414869594,0.));
#8657=CARTESIAN_POINT('',(0.0461024882733668,0.157512306954088,0.));
#8658=CARTESIAN_POINT('',(0.0459712517412463,0.157555555706152,0.));
#8659=CARTESIAN_POINT('',(0.0458423758588356,0.157600685831894,0.));
#8660=CARTESIAN_POINT('',(0.0457566247720005,0.157633007005504,0.));
#8661=CARTESIAN_POINT('',(0.0457166564741756,0.157648142951845,0.));
#8662=CARTESIAN_POINT('',(0.0478459036645394,0.159171801674562,0.));
#8663=CARTESIAN_POINT('',(0.0476864181522902,0.159166005733139,0.));
#8664=CARTESIAN_POINT('',(0.047502077714029,0.159159306526627,0.));
#8665=CARTESIAN_POINT('',(0.0474903329774482,0.159158203134968,0.));
#8666=CARTESIAN_POINT('',(0.0474744966665406,0.159156891942543,0.));
#8667=CARTESIAN_POINT('',(0.0474555157270844,0.159154804442712,0.));
#8668=CARTESIAN_POINT('',(0.0474301469074293,0.159151570395847,0.));
#8669=CARTESIAN_POINT('',(0.0473995381380237,0.159147017237073,0.));
#8670=CARTESIAN_POINT('',(0.0473633826609459,0.159140907930447,0.));
#8671=CARTESIAN_POINT('',(0.0473218418115709,0.159133027469153,0.));
#8672=CARTESIAN_POINT('',(0.0472749415532136,0.159123155973675,0.));
#8673=CARTESIAN_POINT('',(0.0472227569421627,0.159111077151809,0.));
#8674=CARTESIAN_POINT('',(0.0471653569009577,0.15909657599798,0.));
#8675=CARTESIAN_POINT('',(0.0471028204900523,0.159079439700237,0.));
#8676=CARTESIAN_POINT('',(0.0470352321050178,0.159059457599995,0.));
#8677=CARTESIAN_POINT('',(0.0469626828006805,0.159036421425552,0.));
#8678=CARTESIAN_POINT('',(0.0468852698362145,0.159010125444206,0.));
#8679=CARTESIAN_POINT('',(0.0468030967235782,0.158980366636451,0.));
#8680=CARTESIAN_POINT('',(0.0467162731254462,0.15894694485842,0.));
#8681=CARTESIAN_POINT('',(0.0466249147921824,0.158909663018274,0.));
#8682=CARTESIAN_POINT('',(0.0465291434735883,0.158868327196075,0.));
#8683=CARTESIAN_POINT('',(0.0464290868657125,0.158822746972401,0.));
#8684=CARTESIAN_POINT('',(0.0463248784129039,0.158772734937446,0.));
#8685=CARTESIAN_POINT('',(0.0462166576474965,0.158718109365339,0.));
#8686=CARTESIAN_POINT('',(0.0461045684313186,0.158658684635114,0.));
#8687=CARTESIAN_POINT('',(0.0459887652801194,0.158594308958668,0.));
#8688=CARTESIAN_POINT('',(0.0458693885022647,0.158524719686311,0.));
#8689=CARTESIAN_POINT('',(0.045752711947842,0.158453780959478,0.));
#8690=CARTESIAN_POINT('',(0.0456755546778484,0.158404337427606,0.));
#8691=CARTESIAN_POINT('',(0.0456396067234213,0.158381222361628,0.));
#8692=CARTESIAN_POINT('',(0.0474938922362714,0.159158493466026,0.));
#8693=CARTESIAN_POINT('',(0.0474696809643718,0.159525197614784,0.));
#8694=CARTESIAN_POINT('',(0.0478371594596773,0.159529401647523,0.));
#8695=CARTESIAN_POINT('',(0.0615862597582812,0.159686694301447,0.));
#8696=CARTESIAN_POINT('',(0.047837159459687,0.159843986955371,0.));
#8697=CARTESIAN_POINT('',(0.0474696809643823,0.159848190988109,0.));
#8698=CARTESIAN_POINT('',(0.0474938922362727,0.160214895136867,0.));
#8699=CARTESIAN_POINT('',(0.0478459036645394,0.160201586928331,0.));
#8700=CARTESIAN_POINT('',(0.0476864181522902,0.160207382869754,0.));
#8701=CARTESIAN_POINT('',(0.047502077714029,0.160214082076267,0.));
#8702=CARTESIAN_POINT('',(0.0474903329774482,0.160215185467925,0.));
#8703=CARTESIAN_POINT('',(0.0474744966665406,0.160216496660351,0.));
#8704=CARTESIAN_POINT('',(0.0474555157270844,0.160218584160182,0.));
#8705=CARTESIAN_POINT('',(0.0474301469074293,0.160221818207047,0.));
#8706=CARTESIAN_POINT('',(0.0473995381380237,0.16022637136582,0.));
#8707=CARTESIAN_POINT('',(0.0473633826609459,0.160232480672446,0.));
#8708=CARTESIAN_POINT('',(0.0473218418115709,0.16024036113374,0.));
#8709=CARTESIAN_POINT('',(0.0472749415532136,0.160250232629218,0.));
#8710=CARTESIAN_POINT('',(0.0472227569421627,0.160262311451084,0.));
#8711=CARTESIAN_POINT('',(0.0471653569009577,0.160276812604913,0.));
#8712=CARTESIAN_POINT('',(0.0471028204900523,0.160293948902656,0.));
#8713=CARTESIAN_POINT('',(0.0470352321050178,0.160313931002899,0.));
#8714=CARTESIAN_POINT('',(0.0469626828006805,0.160336967177341,0.));
#8715=CARTESIAN_POINT('',(0.0468852698362145,0.160363263158687,0.));
#8716=CARTESIAN_POINT('',(0.0468030967235782,0.160393021966443,0.));
#8717=CARTESIAN_POINT('',(0.0467162731254462,0.160426443744473,0.));
#8718=CARTESIAN_POINT('',(0.0466249147921824,0.16046372558462,0.));
#8719=CARTESIAN_POINT('',(0.0465291434735883,0.160505061406819,0.));
#8720=CARTESIAN_POINT('',(0.0464290868657125,0.160550641630493,0.));
#8721=CARTESIAN_POINT('',(0.0463248784129039,0.160600653665448,0.));
#8722=CARTESIAN_POINT('',(0.0462166576474965,0.160655279237554,0.));
#8723=CARTESIAN_POINT('',(0.0461045684313186,0.16071470396778,0.));
#8724=CARTESIAN_POINT('',(0.0459887652801194,0.160779079644226,0.));
#8725=CARTESIAN_POINT('',(0.0458693885022647,0.160848668916583,0.));
#8726=CARTESIAN_POINT('',(0.045752711947842,0.160919607643415,0.));
#8727=CARTESIAN_POINT('',(0.0456755546778484,0.160969051175288,0.));
#8728=CARTESIAN_POINT('',(0.0456396067234213,0.160992166241265,0.));
#8729=CARTESIAN_POINT('',(0.0480391112153144,0.162039833981712,0.));
#8730=CARTESIAN_POINT('',(0.0478819058001748,0.162067323598027,0.));
#8731=CARTESIAN_POINT('',(0.0477002007994183,0.162099097317456,0.));
#8732=CARTESIAN_POINT('',(0.0476884833054852,0.162100459905592,0.));
#8733=CARTESIAN_POINT('',(0.0476727204437323,0.162102469920045,0.));
#8734=CARTESIAN_POINT('',(0.0476537202677241,0.162104374396309,0.));
#8735=CARTESIAN_POINT('',(0.0476282334214932,0.162106485495317,0.));
#8736=CARTESIAN_POINT('',(0.0475973468721983,0.162108395754986,0.));
#8737=CARTESIAN_POINT('',(0.0475607112827711,0.162109937097741,0.));
#8738=CARTESIAN_POINT('',(0.0475184397605905,0.162110865671664,0.));
#8739=CARTESIAN_POINT('',(0.0474705119860886,0.162110961004061,0.));
#8740=CARTESIAN_POINT('',(0.0474169564057167,0.162109995924152,0.));
#8741=CARTESIAN_POINT('',(0.0473577957337186,0.162107745794946,0.));
#8742=CARTESIAN_POINT('',(0.0472930630567948,0.162103986017352,0.));
#8743=CARTESIAN_POINT('',(0.0472227971278884,0.162098492989354,0.));
#8744=CARTESIAN_POINT('',(0.0471470437099377,0.162091044059126,0.));
#8745=CARTESIAN_POINT('',(0.0470658551625362,0.162081417768397,0.));
#8746=CARTESIAN_POINT('',(0.046979290525529,0.162069394012778,0.));
#8747=CARTESIAN_POINT('',(0.0468874154529487,0.162054754221876,0.));
#8748=CARTESIAN_POINT('',(0.046790302188038,0.162037281544925,0.));
#8749=CARTESIAN_POINT('',(0.0466880295018512,0.162016760986397,0.));
#8750=CARTESIAN_POINT('',(0.0465806827095481,0.161992979738491,0.));
#8751=CARTESIAN_POINT('',(0.0464683533747085,0.161965726742113,0.));
#8752=CARTESIAN_POINT('',(0.0463511401976172,0.161934795232135,0.));
#8753=CARTESIAN_POINT('',(0.046229145303607,0.1618999737333,0.));
#8754=CARTESIAN_POINT('',(0.0461024882733668,0.161861081648806,0.));
#8755=CARTESIAN_POINT('',(0.0459712517412463,0.161817832896741,0.));
#8756=CARTESIAN_POINT('',(0.0458423758588356,0.161772702771,0.));
#8757=CARTESIAN_POINT('',(0.0457566247720005,0.16174038159739,0.));
#8758=CARTESIAN_POINT('',(0.0457166564741756,0.161725245651049,0.));
#8759=CARTESIAN_POINT('',(0.0476920251491847,0.162100003880701,0.));
#8760=CARTESIAN_POINT('',(0.0477445850312634,0.162463728470465,0.));
#8761=CARTESIAN_POINT('',(0.0481049073073228,0.162391437559703,0.));
#8762=CARTESIAN_POINT('',(0.0615862597582812,0.159686694301446,0.));
#8763=CARTESIAN_POINT('',(0.0481703132705932,0.162699148423798,0.));
#8764=CARTESIAN_POINT('',(0.0478117391296447,0.162779663663634,0.));
#8765=CARTESIAN_POINT('',(0.0479116634067531,0.163133320640444,0.));
#8766=CARTESIAN_POINT('',(0.0482532156086045,0.163047115956957,0.));
#8767=CARTESIAN_POINT('',(0.0480984202814275,0.163085944145667,0.));
#8768=CARTESIAN_POINT('',(0.0479195009673771,0.163130823490649,0.));
#8769=CARTESIAN_POINT('',(0.0479082422894949,0.163134344638593,0.));
#8770=CARTESIAN_POINT('',(0.0478930246522102,0.163138919732495,0.));
#8771=CARTESIAN_POINT('',(0.0478748925074408,0.163144907974661,0.));
#8772=CARTESIAN_POINT('',(0.0478507504535136,0.163153345824031,0.));
#8773=CARTESIAN_POINT('',(0.0478217572140974,0.163164163406363,0.));
#8774=CARTESIAN_POINT('',(0.0477876620172106,0.163177656356353,0.));
#8775=CARTESIAN_POINT('',(0.0477486673750941,0.163194001438892,0.));
#8776=CARTESIAN_POINT('',(0.0477048443992238,0.163213408330525,0.));
#8777=CARTESIAN_POINT('',(0.0476563114754064,0.163236072991871,0.));
#8778=CARTESIAN_POINT('',(0.0476031807222311,0.163262191400317,0.));
#8779=CARTESIAN_POINT('',(0.0475455737185836,0.163291955279768,0.));
#8780=CARTESIAN_POINT('',(0.0474836168141722,0.16332555313859,0.));
#8781=CARTESIAN_POINT('',(0.0474174423761781,0.163363169765883,0.));
#8782=CARTESIAN_POINT('',(0.0473471883126634,0.163404986177279,0.));
#8783=CARTESIAN_POINT('',(0.0472729980837305,0.163451179434475,0.));
#8784=CARTESIAN_POINT('',(0.0471950205679109,0.163501922507557,0.));
#8785=CARTESIAN_POINT('',(0.0471134099638437,0.163557384115587,0.));
#8786=CARTESIAN_POINT('',(0.0470283256790265,0.163617728627676,0.));
#8787=CARTESIAN_POINT('',(0.0469399322094671,0.163683115752624,0.));
#8788=CARTESIAN_POINT('',(0.0468483990481248,0.163753701060244,0.));
#8789=CARTESIAN_POINT('',(0.0467539004611506,0.163829633294857,0.));
#8790=CARTESIAN_POINT('',(0.0466566157594155,0.163911064110608,0.));
#8791=CARTESIAN_POINT('',(0.04655672764065,0.163998109853038,0.));
#8792=CARTESIAN_POINT('',(0.0464544279550868,0.164090998260559,0.));
#8793=CARTESIAN_POINT('',(0.0463550500539565,0.164184645225718,0.));
#8794=CARTESIAN_POINT('',(0.0462898587437447,0.164249050196254,0.));
#8795=CARTESIAN_POINT('',(0.0462595022308214,0.164279134142568,0.));
#8796=CARTESIAN_POINT('',(0.048824394163848,0.164805022793217,0.));
#8797=CARTESIAN_POINT('',(0.0486763394768148,0.164864596539128,0.));
#8798=CARTESIAN_POINT('',(0.0485052112940135,0.164933454520491,0.));
#8799=CARTESIAN_POINT('',(0.0484940331534396,0.164937223536784,0.));
#8800=CARTESIAN_POINT('',(0.0484790326535387,0.164942466910836,0.));
#8801=CARTESIAN_POINT('',(0.0484608436398431,0.164948280128446,0.));
#8802=CARTESIAN_POINT('',(0.0484363526645161,0.164955644108167,0.));
#8803=CARTESIAN_POINT('',(0.0484065382257463,0.164963934298768,0.));
#8804=CARTESIAN_POINT('',(0.0483710236750246,0.164973058926826,0.));
#8805=CARTESIAN_POINT('',(0.0483298689483989,0.164982755952832,0.));
#8806=CARTESIAN_POINT('',(0.0482830083314813,0.164992813946622,0.));
#8807=CARTESIAN_POINT('',(0.0482304224176387,0.165003004787291,0.));
#8808=CARTESIAN_POINT('',(0.0481720867200983,0.165013104024153,0.));
#8809=CARTESIAN_POINT('',(0.0481079869057596,0.16502288508703,0.));
#8810=CARTESIAN_POINT('',(0.0480381143912477,0.165032121202959,0.));
#8811=CARTESIAN_POINT('',(0.0479624676475533,0.165040585070939,0.));
#8812=CARTESIAN_POINT('',(0.0478810518463236,0.165048049185924,0.));
#8813=CARTESIAN_POINT('',(0.0477938789749659,0.165054285978258,0.));
#8814=CARTESIAN_POINT('',(0.0477009678094747,0.165059068003597,0.));
#8815=CARTESIAN_POINT('',(0.0476023439285947,0.165062168129667,0.));
#8816=CARTESIAN_POINT('',(0.0474980396819606,0.165063359681687,0.));
#8817=CARTESIAN_POINT('',(0.0473880942751608,0.165062416764197,0.));
#8818=CARTESIAN_POINT('',(0.0472725533892387,0.165059113893111,0.));
#8819=CARTESIAN_POINT('',(0.0471514705787534,0.165053228300675,0.));
#8820=CARTESIAN_POINT('',(0.0470249017691758,0.16504453189982,0.));
#8821=CARTESIAN_POINT('',(0.0468929263798838,0.165032823177997,0.));
#8822=CARTESIAN_POINT('',(0.046755565759694,0.165017805124219,0.));
#8823=CARTESIAN_POINT('',(0.0466201230437717,0.165000456002622,0.));
#8824=CARTESIAN_POINT('',(0.0465295258740692,0.164986669777656,0.));
#8825=CARTESIAN_POINT('',(0.0464872840392506,0.164980174464438,0.));
#8826=CARTESIAN_POINT('',(0.0484974027864503,0.164936041086418,0.));
#8827=CARTESIAN_POINT('',(0.0486244367034501,0.16528088960727,0.));
#8828=CARTESIAN_POINT('',(0.0489618549477814,0.1651352632127,0.));
#8829=CARTESIAN_POINT('',(0.0615862597582811,0.159686694301446,0.));
#8830=CARTESIAN_POINT('',(0.0490898083198651,0.165422651191721,0.));
#8831=CARTESIAN_POINT('',(0.0487558099438618,0.165575958736317,0.));
#8832=CARTESIAN_POINT('',(0.0489270800557887,0.165901112034259,0.));
#8833=CARTESIAN_POINT('',(0.0492432455610547,0.165745778434144,0.));
#8834=CARTESIAN_POINT('',(0.0490999057175379,0.165815941891977,0.));
#8835=CARTESIAN_POINT('',(0.0489342271602724,0.165897039932696,0.));
#8836=CARTESIAN_POINT('',(0.0489239465993372,0.165902824945866,0.));
#8837=CARTESIAN_POINT('',(0.0489100127194471,0.165910463987686,0.));
#8838=CARTESIAN_POINT('',(0.0488935218310987,0.165920091257272,0.));
#8839=CARTESIAN_POINT('',(0.0488716616665024,0.16593336413464,0.));
#8840=CARTESIAN_POINT('',(0.0488455511007631,0.165949973360273,0.));
#8841=CARTESIAN_POINT('',(0.0488150063077783,0.165970260246965,0.));
#8842=CARTESIAN_POINT('',(0.0487802621258977,0.16599435559221,0.));
#8843=CARTESIAN_POINT('',(0.048741431706846,0.166022449705708,0.));
#8844=CARTESIAN_POINT('',(0.0486986715919198,0.166054709652076,0.));
#8845=CARTESIAN_POINT('',(0.0486521321956376,0.16609130381536,0.));
#8846=CARTESIAN_POINT('',(0.0486019723017365,0.166132394452165,0.));
#8847=CARTESIAN_POINT('',(0.0485483546919731,0.166178139681916,0.));
#8848=CARTESIAN_POINT('',(0.0484914472608027,0.166228692734943,0.));
#8849=CARTESIAN_POINT('',(0.0484314225379312,0.166284201998554,0.));
#8850=CARTESIAN_POINT('',(0.0483684576617103,0.166344810838188,0.));
#8851=CARTESIAN_POINT('',(0.0483027342198222,0.166410657490538,0.));
#8852=CARTESIAN_POINT('',(0.0482344381199603,0.166481874928045,0.));
#8853=CARTESIAN_POINT('',(0.0481637594604462,0.166558590785281,0.));
#8854=CARTESIAN_POINT('',(0.0480908923479819,0.166640927080382,0.));
#8855=CARTESIAN_POINT('',(0.0480160349164815,0.166729000744018,0.));
#8856=CARTESIAN_POINT('',(0.0479393885496458,0.16682292103812,0.));
#8857=CARTESIAN_POINT('',(0.0478611601706431,0.166922799022002,0.));
#8858=CARTESIAN_POINT('',(0.0477815526744177,0.167028710513778,0.));
#8859=CARTESIAN_POINT('',(0.0477008010682933,0.167140838387326,0.));
#8860=CARTESIAN_POINT('',(0.047623065111603,0.167253100769066,0.));
#8861=CARTESIAN_POINT('',(0.0475726889342519,0.167329652372005,0.));
#8862=CARTESIAN_POINT('',(0.0475492505881139,0.167365390385841,0.));
#8863=CARTESIAN_POINT('',(0.0501674318770837,0.167346516089167,0.));
#8864=CARTESIAN_POINT('',(0.0500349986184255,0.167435570306111,0.));
#8865=CARTESIAN_POINT('',(0.0498819263763319,0.167538503125205,0.));
#8866=CARTESIAN_POINT('',(0.049871776127499,0.167544513845555,0.));
#8867=CARTESIAN_POINT('',(0.0498581935832761,0.167552761418603,0.));
#8868=CARTESIAN_POINT('',(0.0498416106790722,0.167562229312051,0.));
#8869=CARTESIAN_POINT('',(0.0498191859477915,0.167574524331238,0.));
#8870=CARTESIAN_POINT('',(0.0497917466535866,0.167588832131659,0.));
#8871=CARTESIAN_POINT('',(0.0497589052978547,0.167605141254991,0.));
#8872=CARTESIAN_POINT('',(0.0497206660258198,0.167623182926511,0.));
#8873=CARTESIAN_POINT('',(0.0496769206003079,0.1676427639991,0.));
#8874=CARTESIAN_POINT('',(0.0496276026097649,0.167663665371711,0.));
#8875=CARTESIAN_POINT('',(0.0495726414365903,0.167685672589526,0.));
#8876=CARTESIAN_POINT('',(0.0495119759543083,0.167708567013493,0.));
#8877=CARTESIAN_POINT('',(0.0494455506183607,0.167732128610763,0.));
#8878=CARTESIAN_POINT('',(0.0493733166746153,0.167756135365308,0.));
#8879=CARTESIAN_POINT('',(0.0492952318807475,0.167780363668364,0.));
#8880=CARTESIAN_POINT('',(0.0492112606478195,0.1678045884309,0.));
#8881=CARTESIAN_POINT('',(0.0491213740531866,0.167828583275024,0.));
#8882=CARTESIAN_POINT('',(0.0490255498931817,0.16785212071373,0.));
#8883=CARTESIAN_POINT('',(0.0489237726821853,0.167874972299758,0.));
#8884=CARTESIAN_POINT('',(0.0488160338027427,0.167896908922702,0.));
#8885=CARTESIAN_POINT('',(0.0487023310568795,0.167917700528225,0.));
#8886=CARTESIAN_POINT('',(0.0485826705128384,0.167937118081961,0.));
#8887=CARTESIAN_POINT('',(0.0484570594520164,0.167954926853534,0.));
#8888=CARTESIAN_POINT('',(0.0483255336614729,0.167970913221708,0.));
#8889=CARTESIAN_POINT('',(0.0481880522714453,0.167984782227234,0.));
#8890=CARTESIAN_POINT('',(0.0480519622186236,0.167995972349646,0.));
#8891=CARTESIAN_POINT('',(0.0479604784971032,0.168001323597508,0.));
#8892=CARTESIAN_POINT('',(0.0479178092961711,0.168003752793768,0.));
#8893=CARTESIAN_POINT('',(0.0498748262806889,0.167542656648471,0.));
#8894=CARTESIAN_POINT('',(0.0500707822408606,0.167853557565285,0.));
#8895=CARTESIAN_POINT('',(0.0503705496570742,0.16764096025914,0.));
#8896=CARTESIAN_POINT('',(0.0615862597582809,0.159686694301445,0.));
#8897=CARTESIAN_POINT('',(0.0505554582616227,0.167895465119364,0.));
#8898=CARTESIAN_POINT('',(0.050260632982298,0.16811486469337,0.));
#8899=CARTESIAN_POINT('',(0.0504957636033069,0.168397303553066,0.));
#8900=CARTESIAN_POINT('',(0.050772724462277,0.168179629860022,0.));
#8901=CARTESIAN_POINT('',(0.0506471047414029,0.168278062107186,0.));
#8902=CARTESIAN_POINT('',(0.0505019078888888,0.168391834470114,0.));
#8903=CARTESIAN_POINT('',(0.0504930547547451,0.168399630515672,0.));
#8904=CARTESIAN_POINT('',(0.0504810136096631,0.16840999964263,0.));
#8905=CARTESIAN_POINT('',(0.0504668847086884,0.168422845181755,0.));
#8906=CARTESIAN_POINT('',(0.0504482618275127,0.168440372998691,0.));
#8907=CARTESIAN_POINT('',(0.0504261750924654,0.168462047964764,0.));
#8908=CARTESIAN_POINT('',(0.0504005156574061,0.168488242153864,0.));
#8909=CARTESIAN_POINT('',(0.0503715404232307,0.168519034679605,0.));
#8910=CARTESIAN_POINT('',(0.0503393996366393,0.168554588167398,0.));
#8911=CARTESIAN_POINT('',(0.0503042811528123,0.168595033484332,0.));
#8912=CARTESIAN_POINT('',(0.0502663671083615,0.168640504061919,0.));
#8913=CARTESIAN_POINT('',(0.0502258465522641,0.168691125598076,0.));
#8914=CARTESIAN_POINT('',(0.0501829115839813,0.168747018912704,0.));
#8915=CARTESIAN_POINT('',(0.0501377582874488,0.168808298980467,0.));
#8916=CARTESIAN_POINT('',(0.0500905862736407,0.16887507507511,0.));
#8917=CARTESIAN_POINT('',(0.0500415986173617,0.168947450600059,0.));
#8918=CARTESIAN_POINT('',(0.0499910016791915,0.169025523017,0.));
#8919=CARTESIAN_POINT('',(0.04993900495082,0.169109383740227,0.));
#8920=CARTESIAN_POINT('',(0.0498858209131837,0.169199118091525,0.));
#8921=CARTESIAN_POINT('',(0.0498316648002843,0.169294805065588,0.));
#8922=CARTESIAN_POINT('',(0.0497767547275882,0.169396517843515,0.));
#8923=CARTESIAN_POINT('',(0.0497213103949116,0.169504321429575,0.));
#8924=CARTESIAN_POINT('',(0.0496655572941853,0.169618281434423,0.));
#8925=CARTESIAN_POINT('',(0.0496097096500842,0.169738429835137,0.));
#8926=CARTESIAN_POINT('',(0.0495540353560755,0.169864896648589,0.));
#8927=CARTESIAN_POINT('',(0.0495013387781511,0.169990868042134,0.));
#8928=CARTESIAN_POINT('',(0.0494679794143426,0.17007622060509,0.));
#8929=CARTESIAN_POINT('',(0.0494524836031857,0.170116050763754,0.));
#8930=CARTESIAN_POINT('',(0.0520095271623431,0.16955323841709,0.));
#8931=CARTESIAN_POINT('',(0.0518985033009485,0.169667881008457,0.));
#8932=CARTESIAN_POINT('',(0.0517701769910642,0.169800390007161,0.));
#8933=CARTESIAN_POINT('',(0.0517614982485526,0.169808379734249,0.));
#8934=CARTESIAN_POINT('',(0.0517499272823665,0.169819271047772,0.));
#8935=CARTESIAN_POINT('',(0.0517356752401416,0.169831979824684,0.));
#8936=CARTESIAN_POINT('',(0.0517162968212701,0.169848668531999,0.));
#8937=CARTESIAN_POINT('',(0.0516924319004552,0.169868368622706,0.));
#8938=CARTESIAN_POINT('',(0.0516636990645488,0.169891149454362,0.));
#8939=CARTESIAN_POINT('',(0.051630046486785,0.169916747263777,0.));
#8940=CARTESIAN_POINT('',(0.0515913281376875,0.169944995628334,0.));
#8941=CARTESIAN_POINT('',(0.0515474335032847,0.169975694042607,0.));
#8942=CARTESIAN_POINT('',(0.0514982489214768,0.170008647420355,0.));
#8943=CARTESIAN_POINT('',(0.0514436691439325,0.170043654609224,0.));
#8944=CARTESIAN_POINT('',(0.0513835940924742,0.170080511932974,0.));
#8945=CARTESIAN_POINT('',(0.0513179299186364,0.170119012363711,0.));
#8946=CARTESIAN_POINT('',(0.051246588812315,0.170158945961736,0.));
#8947=CARTESIAN_POINT('',(0.0511694891636343,0.170200099956107,0.));
#8948=CARTESIAN_POINT('',(0.0510865556153688,0.170242258929189,0.));
#8949=CARTESIAN_POINT('',(0.0509977191518466,0.170285204981514,0.));
#8950=CARTESIAN_POINT('',(0.0509029171289898,0.170328717877584,0.));
#8951=CARTESIAN_POINT('',(0.0508020934829244,0.170372575305277,0.));
#8952=CARTESIAN_POINT('',(0.0506951982327207,0.170416552694479,0.));
#8953=CARTESIAN_POINT('',(0.0505821896950933,0.170460424754114,0.));
#8954=CARTESIAN_POINT('',(0.0504630261891335,0.17050396036934,0.));
#8955=CARTESIAN_POINT('',(0.0503376983055161,0.170546943146513,0.));
#8956=CARTESIAN_POINT('',(0.0502061047421039,0.170589093069249,0.));
#8957=CARTESIAN_POINT('',(0.0500753151407235,0.170628333373623,0.));
#8958=CARTESIAN_POINT('',(0.0499869431450032,0.170652588219104,0.));
#8959=CARTESIAN_POINT('',(0.0499457114267881,0.170663835757309,0.));
#8960=CARTESIAN_POINT('',(0.051764095615591,0.169805928958869,0.));
#8961=CARTESIAN_POINT('',(0.0520204094031741,0.170069294409711,0.));
#8962=CARTESIAN_POINT('',(0.0522694247167378,0.169799017714426,0.));
#8963=CARTESIAN_POINT('',(0.0615862597582807,0.159686694301445,0.));
#8964=CARTESIAN_POINT('',(0.0525032071604425,0.170009516372211,0.));
#8965=CARTESIAN_POINT('',(0.0522604402572315,0.170285419161447,0.));
#8966=CARTESIAN_POINT('',(0.0525491550509024,0.170512799649435,0.));
#8967=CARTESIAN_POINT('',(0.052774806745034,0.170242299248363,0.));
#8968=CARTESIAN_POINT('',(0.0526723973313951,0.170364698323329,0.));
#8969=CARTESIAN_POINT('',(0.052554027982819,0.170506172610265,0.));
#8970=CARTESIAN_POINT('',(0.052546989199911,0.170515638963611,0.));
#8971=CARTESIAN_POINT('',(0.0525373670454568,0.170528284995099,0.));
#8972=CARTESIAN_POINT('',(0.0525262176326267,0.170543787392066,0.));
#8973=CARTESIAN_POINT('',(0.0525116459441412,0.170564804098861,0.));
#8974=CARTESIAN_POINT('',(0.0524945483360916,0.17059059750535,0.));
#8975=CARTESIAN_POINT('',(0.0524748956993975,0.1706215541851,0.));
#8976=CARTESIAN_POINT('',(0.0524529557696994,0.170657698110204,0.));
#8977=CARTESIAN_POINT('',(0.0524289093221709,0.17069915711427,0.));
#8978=CARTESIAN_POINT('',(0.0524029673157034,0.170746020147341,0.));
#8979=CARTESIAN_POINT('',(0.0523753356487583,0.1707983798568,0.));
#8980=CARTESIAN_POINT('',(0.0523462253732053,0.170856319888267,0.));
#8981=CARTESIAN_POINT('',(0.0523158495105418,0.17091991848172,0.));
#8982=CARTESIAN_POINT('',(0.0522844237643754,0.170989247331203,0.));
#8983=CARTESIAN_POINT('',(0.0522521661029904,0.171064371821114,0.));
#8984=CARTESIAN_POINT('',(0.0522192966623016,0.171145350873641,0.));
#8985=CARTESIAN_POINT('',(0.0521860375568384,0.17123223691592,0.));
#8986=CARTESIAN_POINT('',(0.0521526127064951,0.171325075808854,0.));
#8987=CARTESIAN_POINT('',(0.0521192476883867,0.171423906832468,0.));
#8988=CARTESIAN_POINT('',(0.0520861694570558,0.171528762505571,0.));
#8989=CARTESIAN_POINT('',(0.0520536065768284,0.171639669061321,0.));
#8990=CARTESIAN_POINT('',(0.0520217874617005,0.171756644405329,0.));
#8991=CARTESIAN_POINT('',(0.0519909463172854,0.171879705832092,0.));
#8992=CARTESIAN_POINT('',(0.0519612993353425,0.172008840080094,0.));
#8993=CARTESIAN_POINT('',(0.0519331355872525,0.172144118626848,0.));
#8994=CARTESIAN_POINT('',(0.0519077814814155,0.172278293477822,0.));
#8995=CARTESIAN_POINT('',(0.0518928968954241,0.172368716684228,0.));
#8996=CARTESIAN_POINT('',(0.0518860208605529,0.17241089821866,0.));
#8997=CARTESIAN_POINT('',(0.0542701716163064,0.171328745422228,0.));
#8998=CARTESIAN_POINT('',(0.05418540942767,0.171463965956659,0.));
#8999=CARTESIAN_POINT('',(0.0540874375255149,0.171620259855883,0.));
#9000=CARTESIAN_POINT('',(0.0540806095920176,0.171629879400292,0.));
#9001=CARTESIAN_POINT('',(0.0540715559106143,0.171642938451629,0.));
#9002=CARTESIAN_POINT('',(0.0540602576130024,0.171658332677469,0.));
#9003=CARTESIAN_POINT('',(0.0540447724364328,0.171678685696322,0.));
#9004=CARTESIAN_POINT('',(0.0540255249005641,0.17170291708882,0.));
#9005=CARTESIAN_POINT('',(0.0540021563472879,0.171731173997142,0.));
#9006=CARTESIAN_POINT('',(0.0539745612429264,0.171763209197348,0.));
#9007=CARTESIAN_POINT('',(0.0539425621478901,0.171798890264791,0.));
#9008=CARTESIAN_POINT('',(0.0539060092757808,0.171838044052714,0.));
#9009=CARTESIAN_POINT('',(0.0538647508875782,0.171880503369661,0.));
#9010=CARTESIAN_POINT('',(0.0538186422129531,0.171926093341295,0.));
#9011=CARTESIAN_POINT('',(0.0537675430140049,0.171974635549615,0.));
#9012=CARTESIAN_POINT('',(0.0537113184495631,0.172025947002977,0.));
#9013=CARTESIAN_POINT('',(0.053649838979467,0.172079840606114,0.));
#9014=CARTESIAN_POINT('',(0.0535829805396462,0.172136125205287,0.));
#9015=CARTESIAN_POINT('',(0.0535106246317666,0.172194605757902,0.));
#9016=CARTESIAN_POINT('',(0.0534326584444677,0.172255083475283,0.));
#9017=CARTESIAN_POINT('',(0.0533489749130598,0.172317355959039,0.));
#9018=CARTESIAN_POINT('',(0.0532594729775102,0.172381217411439,0.));
#9019=CARTESIAN_POINT('',(0.0531640570583402,0.172446458561384,0.));
#9020=CARTESIAN_POINT('',(0.053062639542496,0.17251286770739,0.));
#9021=CARTESIAN_POINT('',(0.0529551316084189,0.172580227450978,0.));
#9022=CARTESIAN_POINT('',(0.0528414790616314,0.172648328083531,0.));
#9023=CARTESIAN_POINT('',(0.0527215245950117,0.172716916769597,0.));
#9024=CARTESIAN_POINT('',(0.0526017515782512,0.172782492266337,0.));
#9025=CARTESIAN_POINT('',(0.0525203535885998,0.172824590656301,0.));
#9026=CARTESIAN_POINT('',(0.0524823613770393,0.172844164965061,0.));
#9027=CARTESIAN_POINT('',(0.0540826406555014,0.171626942157263,0.));
#9028=CARTESIAN_POINT('',(0.0543881101280485,0.171831261808164,0.));
#9029=CARTESIAN_POINT('',(0.0545754901748515,0.171515118112255,0.));
#9030=CARTESIAN_POINT('',(0.0615862597582803,0.159686694301445,0.));
#9031=CARTESIAN_POINT('',(0.0548479290431097,0.17167241076617,0.));
#9032=CARTESIAN_POINT('',(0.0546678305946077,0.171992758494817,0.));
#9033=CARTESIAN_POINT('',(0.05499751133905,0.172155142992682,0.));
#9034=CARTESIAN_POINT('',(0.0551619918065124,0.171843638049112,0.));
#9035=CARTESIAN_POINT('',(0.0550872684828997,0.171984654524968,0.));
#9036=CARTESIAN_POINT('',(0.0550008999467935,0.172147647630702,0.));
#9037=CARTESIAN_POINT('',(0.0549959831437101,0.172158370566771,0.));
#9038=CARTESIAN_POINT('',(0.0549892005142057,0.172172740810532,0.));
#9039=CARTESIAN_POINT('',(0.0549815178723614,0.172190222536205,0.));
#9040=CARTESIAN_POINT('',(0.0549716342292759,0.172213809601922,0.));
#9041=CARTESIAN_POINT('',(0.054960272995739,0.172242594153193,0.));
#9042=CARTESIAN_POINT('',(0.0549474860719375,0.172276960368141,0.));
#9043=CARTESIAN_POINT('',(0.054933540326924,0.172316876029642,0.));
#9044=CARTESIAN_POINT('',(0.054918639163603,0.172362428592563,0.));
#9045=CARTESIAN_POINT('',(0.0549030074246613,0.172413661202352,0.));
#9046=CARTESIAN_POINT('',(0.0548868657716589,0.172470621673129,0.));
#9047=CARTESIAN_POINT('',(0.0548704380353785,0.172533347942505,0.));
#9048=CARTESIAN_POINT('',(0.0548539488492923,0.172601872251068,0.));
#9049=CARTESIAN_POINT('',(0.0548376241093968,0.172676219878871,0.));
#9050=CARTESIAN_POINT('',(0.054821690615027,0.172756409463354,0.));
#9051=CARTESIAN_POINT('',(0.0548063759422115,0.172842452870283,0.));
#9052=CARTESIAN_POINT('',(0.054791908251959,0.172934355200929,0.));
#9053=CARTESIAN_POINT('',(0.0547785161059941,0.173032114758456,0.));
#9054=CARTESIAN_POINT('',(0.0547664283188079,0.173135723064412,0.));
#9055=CARTESIAN_POINT('',(0.0547558736464816,0.173245164740486,0.));
#9056=CARTESIAN_POINT('',(0.0547470811128431,0.173360417925385,0.));
#9057=CARTESIAN_POINT('',(0.05474027786328,0.173481452643498,0.));
#9058=CARTESIAN_POINT('',(0.0547356965811791,0.17360823711731,0.));
#9059=CARTESIAN_POINT('',(0.0547335459767673,0.17374071342631,0.));
#9060=CARTESIAN_POINT('',(0.0547341236655324,0.173878891384733,0.));
#9061=CARTESIAN_POINT('',(0.0547372201278703,0.174015405608306,0.));
#9062=CARTESIAN_POINT('',(0.054741460847528,0.174106947530143,0.));
#9063=CARTESIAN_POINT('',(0.0547435051046614,0.17414963690488,0.));
#9064=CARTESIAN_POINT('',(0.0568505642285599,0.172595438928628,0.));
#9065=CARTESIAN_POINT('',(0.0567957682270591,0.172745327619909,0.));
#9066=CARTESIAN_POINT('',(0.0567324325748788,0.172918575626274,0.));
#9067=CARTESIAN_POINT('',(0.0567277538638536,0.172929404567756,0.));
#9068=CARTESIAN_POINT('',(0.0567216131565549,0.172944060613697,0.));
#9069=CARTESIAN_POINT('',(0.056713762393377,0.172961467486929,0.));
#9070=CARTESIAN_POINT('',(0.0567028472356314,0.172984595292731,0.));
#9071=CARTESIAN_POINT('',(0.0566890582943862,0.173012298958891,0.));
#9072=CARTESIAN_POINT('',(0.0566720753416531,0.173044796981394,0.));
#9073=CARTESIAN_POINT('',(0.0566517437491706,0.173081869480421,0.));
#9074=CARTESIAN_POINT('',(0.0566278624221972,0.173123423816885,0.));
#9075=CARTESIAN_POINT('',(0.0566002488482927,0.173169321770046,0.));
#9076=CARTESIAN_POINT('',(0.0565687198432397,0.173219431350299,0.));
#9077=CARTESIAN_POINT('',(0.056533097441869,0.173273611604173,0.));
#9078=CARTESIAN_POINT('',(0.056493207375626,0.173331717169628,0.));
#9079=CARTESIAN_POINT('',(0.0564488797038418,0.173393597088883,0.));
#9080=CARTESIAN_POINT('',(0.0563999488178252,0.173459095288063,0.));
#9081=CARTESIAN_POINT('',(0.0563462536215068,0.173528050584972,0.));
#9082=CARTESIAN_POINT('',(0.0562876376543898,0.17360029683635,0.));
#9083=CARTESIAN_POINT('',(0.0562239492398223,0.173675663052332,0.));
#9084=CARTESIAN_POINT('',(0.056155041571744,0.173753973517419,0.));
#9085=CARTESIAN_POINT('',(0.0560807730107718,0.173835047942615,0.));
#9086=CARTESIAN_POINT('',(0.0560010065561596,0.173918701501987,0.));
#9087=CARTESIAN_POINT('',(0.0559156124941961,0.174004745336018,0.));
#9088=CARTESIAN_POINT('',(0.0558244587446012,0.174092985263944,0.));
#9089=CARTESIAN_POINT('',(0.0557274486963038,0.174183227427454,0.));
#9090=CARTESIAN_POINT('',(0.0556243759122733,0.174275257222143,0.));
#9091=CARTESIAN_POINT('',(0.0555208541356996,0.174364301947374,0.));
#9092=CARTESIAN_POINT('',(0.0554499876348559,0.174422403980171,0.));
#9093=CARTESIAN_POINT('',(0.0554168953719021,0.174449449568263,0.));
#9094=CARTESIAN_POINT('',(0.0567291298565626,0.172926109228691,0.));
#9095=CARTESIAN_POINT('',(0.0570704045323181,0.173062453330473,0.));
#9096=CARTESIAN_POINT('',(0.0571879599051659,0.172714259630475,0.));
#9097=CARTESIAN_POINT('',(0.06158625975828,0.159686694301445,0.));
#9098=CARTESIAN_POINT('',(0.0574871483121281,0.172811471836772,0.));
#9099=CARTESIAN_POINT('',(0.0573775894847427,0.173162263771891,0.));
#9100=CARTESIAN_POINT('',(0.0577338275494406,0.173252555297865,0.));
#9101=CARTESIAN_POINT('',(0.0578299482045409,0.1729136600726,0.));
#9102=CARTESIAN_POINT('',(0.0577861767387585,0.173067130852677,0.));
#9103=CARTESIAN_POINT('',(0.0577355837345924,0.173244519196363,0.));
#9104=CARTESIAN_POINT('',(0.0577330037992217,0.173256030071395,0.));
#9105=CARTESIAN_POINT('',(0.0577293571281231,0.17327149647882,0.));
#9106=CARTESIAN_POINT('',(0.0577254770255787,0.173290193497898,0.));
#9107=CARTESIAN_POINT('',(0.0577207133905229,0.173315320054584,0.));
#9108=CARTESIAN_POINT('',(0.0577155850719216,0.173345837727622,0.));
#9109=CARTESIAN_POINT('',(0.0577102227109413,0.173382111509268,0.));
#9110=CARTESIAN_POINT('',(0.0577048806465885,0.173424054401222,0.));
#9111=CARTESIAN_POINT('',(0.0576997760198158,0.173471709657411,0.));
#9112=CARTESIAN_POINT('',(0.0576951377304012,0.17352507273303,0.));
#9113=CARTESIAN_POINT('',(0.0576911915590339,0.173584144519225,0.));
#9114=CARTESIAN_POINT('',(0.0576881643329306,0.173648915587545,0.));
#9115=CARTESIAN_POINT('',(0.0576862824799776,0.173719370770116,0.));
#9116=CARTESIAN_POINT('',(0.0576857722158212,0.173795487828148,0.));
#9117=CARTESIAN_POINT('',(0.0576868592586278,0.173877237837569,0.));
#9118=CARTESIAN_POINT('',(0.0576897686783756,0.173964585089134,0.));
#9119=CARTESIAN_POINT('',(0.0576947247108216,0.174057487135299,0.));
#9120=CARTESIAN_POINT('',(0.0577019505702765,0.174155894795655,0.));
#9121=CARTESIAN_POINT('',(0.0577116683083161,0.174259752203814,0.));
#9122=CARTESIAN_POINT('',(0.0577240984848221,0.174368996756455,0.));
#9123=CARTESIAN_POINT('',(0.0577394605736836,0.174483559453276,0.));
#9124=CARTESIAN_POINT('',(0.0577579705243368,0.174603363747524,0.));
#9125=CARTESIAN_POINT('',(0.0577798493285615,0.174728330178502,0.));
#9126=CARTESIAN_POINT('',(0.0578052890934134,0.174858358698104,0.));
#9127=CARTESIAN_POINT('',(0.0578345829712623,0.174993397028361,0.));
#9128=CARTESIAN_POINT('',(0.0578659946715125,0.175126284297894,0.));
#9129=CARTESIAN_POINT('',(0.057889175357021,0.175214944113912,0.));
#9130=CARTESIAN_POINT('',(0.0579000505623128,0.17525627559843,0.));
#9131=CARTESIAN_POINT('',(0.0596379294598505,0.173297958351792,0.));
#9132=CARTESIAN_POINT('',(0.0596154944936914,0.173455964344867,0.));
#9133=CARTESIAN_POINT('',(0.0595895631634042,0.173638594689158,0.));
#9134=CARTESIAN_POINT('',(0.059587238156974,0.173650159751009,0.));
#9135=CARTESIAN_POINT('',(0.0595842788021552,0.173665772252019,0.));
#9136=CARTESIAN_POINT('',(0.0595802186894342,0.173684431008753,0.));
#9137=CARTESIAN_POINT('',(0.0595743505952829,0.173709322805412,0.));
#9138=CARTESIAN_POINT('',(0.0595666228915604,0.173739287962086,0.));
#9139=CARTESIAN_POINT('',(0.059556767775898,0.173774606779244,0.));
#9140=CARTESIAN_POINT('',(0.0595445882834477,0.17381509633099,0.));
#9141=CARTESIAN_POINT('',(0.0595298684531214,0.173860707812573,0.));
#9142=CARTESIAN_POINT('',(0.059512401023106,0.173911343970176,0.));
#9143=CARTESIAN_POINT('',(0.0594919793700163,0.173966913784625,0.));
#9144=CARTESIAN_POINT('',(0.059468400111775,0.174027316383659,0.));
#9145=CARTESIAN_POINT('',(0.0594414625655459,0.174092445814217,0.));
#9146=CARTESIAN_POINT('',(0.0594109691183839,0.17416218974996,0.));
#9147=CARTESIAN_POINT('',(0.0593767253309624,0.174236429959586,0.));
#9148=CARTESIAN_POINT('',(0.0593385401158837,0.174315042276871,0.));
#9149=CARTESIAN_POINT('',(0.0592962258885627,0.17439789671915,0.));
#9150=CARTESIAN_POINT('',(0.0592495987360542,0.174484857568447,0.));
#9151=CARTESIAN_POINT('',(0.0591984785270563,0.174575783471765,0.));
#9152=CARTESIAN_POINT('',(0.0591426892331559,0.174670527528338,0.));
#9153=CARTESIAN_POINT('',(0.05908205841993,0.174768937435179,0.));
#9154=CARTESIAN_POINT('',(0.0590164199421212,0.174870855428803,0.));
#9155=CARTESIAN_POINT('',(0.0589456042332699,0.174976119032797,0.));
#9156=CARTESIAN_POINT('',(0.0588694764880791,0.175084558711686,0.));
#9157=CARTESIAN_POINT('',(0.0587877901618979,0.175196007471361,0.));
#9158=CARTESIAN_POINT('',(0.0587050440239001,0.175304629743309,0.));
#9159=CARTESIAN_POINT('',(0.0586478062180061,0.1753761960813,0.));
#9160=CARTESIAN_POINT('',(0.0586210601943444,0.175409530926746,0.));
#9161=CARTESIAN_POINT('',(0.0595878989414238,0.173646650338038,0.));
#9162=CARTESIAN_POINT('',(0.0599500634794398,0.173709059999199,0.));
#9163=CARTESIAN_POINT('',(0.0599926564444457,0.173344034030623,0.));
#9164=CARTESIAN_POINT('',(0.0615862597582797,0.159686694301445,0.));
#9165=CARTESIAN_POINT('',(0.0603055184210624,0.17337691714941,0.));
#9166=CARTESIAN_POINT('',(0.060271287461272,0.173742822000148,0.));
#9167=CARTESIAN_POINT('',(0.0606385135333781,0.173757074381283,0.));
#9168=CARTESIAN_POINT('',(0.0606620734422505,0.173405600221864,0.));
#9169=CARTESIAN_POINT('',(0.0606511668573918,0.17356481789664,0.));
#9170=CARTESIAN_POINT('',(0.06063856054222,0.173748848756455,0.));
#9171=CARTESIAN_POINT('',(0.0606384302301177,0.173760644489974,0.));
#9172=CARTESIAN_POINT('',(0.0606380788944505,0.173776531104842,0.));
#9173=CARTESIAN_POINT('',(0.060638170910306,0.173795626267876,0.));
#9174=CARTESIAN_POINT('',(0.0606387354769904,0.173821194164431,0.));
#9175=CARTESIAN_POINT('',(0.0606400642054559,0.173852111190486,0.));
#9176=CARTESIAN_POINT('',(0.060642360768203,0.17388870720051,0.));
#9177=CARTESIAN_POINT('',(0.0606458558583573,0.173930844217274,0.));
#9178=CARTESIAN_POINT('',(0.0606507708648177,0.173978519403362,0.));
#9179=CARTESIAN_POINT('',(0.0606573287404344,0.174031680722341,0.));
#9180=CARTESIAN_POINT('',(0.0606657505173267,0.174090282103439,0.));
#9181=CARTESIAN_POINT('',(0.0606762561057076,0.174154267164212,0.));
#9182=CARTESIAN_POINT('',(0.0606890638318918,0.174223573991233,0.));
#9183=CARTESIAN_POINT('',(0.0607043903444669,0.174298133798804,0.));
#9184=CARTESIAN_POINT('',(0.0607224504154631,0.174377871365471,0.));
#9185=CARTESIAN_POINT('',(0.0607434567721703,0.174462704967641,0.));
#9186=CARTESIAN_POINT('',(0.060767619924915,0.174552546464115,0.));
#9187=CARTESIAN_POINT('',(0.060795147985058,0.174647301340329,0.));
#9188=CARTESIAN_POINT('',(0.0608262465365404,0.174746868783591,0.));
#9189=CARTESIAN_POINT('',(0.0608611183035187,0.174851141701636,0.));
#9190=CARTESIAN_POINT('',(0.0608999636178815,0.174960006970796,0.));
#9191=CARTESIAN_POINT('',(0.0609429777950869,0.175073344818635,0.));
#9192=CARTESIAN_POINT('',(0.0609903604769062,0.175191031574089,0.));
#9193=CARTESIAN_POINT('',(0.0610422787712243,0.17531292943404,0.));
#9194=CARTESIAN_POINT('',(0.0610990085551275,0.175438926313114,0.));
#9195=CARTESIAN_POINT('',(0.0611573626512589,0.175562378817265,0.));
#9196=CARTESIAN_POINT('',(0.0611984701954282,0.175644281668066,0.));
#9197=CARTESIAN_POINT('',(0.0612177010502221,0.175682448878163,0.));
#9198=CARTESIAN_POINT('',(0.0625104460743085,0.173405600221864,0.));
#9199=CARTESIAN_POINT('',(0.0625213526591671,0.17356481789664,0.));
#9200=CARTESIAN_POINT('',(0.062533958974339,0.173748848756455,0.));
#9201=CARTESIAN_POINT('',(0.0625340892864413,0.173760644489974,0.));
#9202=CARTESIAN_POINT('',(0.0625344406221085,0.173776531104842,0.));
#9203=CARTESIAN_POINT('',(0.0625343486062529,0.173795626267876,0.));
#9204=CARTESIAN_POINT('',(0.0625337840395686,0.173821194164431,0.));
#9205=CARTESIAN_POINT('',(0.062532455311103,0.173852111190486,0.));
#9206=CARTESIAN_POINT('',(0.062530158748356,0.17388870720051,0.));
#9207=CARTESIAN_POINT('',(0.0625266636582016,0.173930844217274,0.));
#9208=CARTESIAN_POINT('',(0.0625217486517413,0.173978519403362,0.));
#9209=CARTESIAN_POINT('',(0.0625151907761246,0.174031680722341,0.));
#9210=CARTESIAN_POINT('',(0.0625067689992322,0.174090282103439,0.));
#9211=CARTESIAN_POINT('',(0.0624962634108513,0.174154267164212,0.));
#9212=CARTESIAN_POINT('',(0.0624834556846671,0.174223573991233,0.));
#9213=CARTESIAN_POINT('',(0.0624681291720921,0.174298133798804,0.));
#9214=CARTESIAN_POINT('',(0.0624500691010958,0.174377871365471,0.));
#9215=CARTESIAN_POINT('',(0.0624290627443887,0.174462704967641,0.));
#9216=CARTESIAN_POINT('',(0.0624048995916439,0.174552546464115,0.));
#9217=CARTESIAN_POINT('',(0.0623773715315009,0.174647301340329,0.));
#9218=CARTESIAN_POINT('',(0.0623462729800186,0.174746868783591,0.));
#9219=CARTESIAN_POINT('',(0.0623114012130403,0.174851141701636,0.));
#9220=CARTESIAN_POINT('',(0.0622725558986775,0.174960006970796,0.));
#9221=CARTESIAN_POINT('',(0.0622295417214721,0.175073344818635,0.));
#9222=CARTESIAN_POINT('',(0.0621821590396527,0.175191031574089,0.));
#9223=CARTESIAN_POINT('',(0.0621302407453347,0.17531292943404,0.));
#9224=CARTESIAN_POINT('',(0.0620735109614315,0.175438926313114,0.));
#9225=CARTESIAN_POINT('',(0.0620151568653,0.175562378817265,0.));
#9226=CARTESIAN_POINT('',(0.0619740493211307,0.175644281668066,0.));
#9227=CARTESIAN_POINT('',(0.0619548184663368,0.175682448878163,0.));
#9228=CARTESIAN_POINT('',(0.0474938922254581,0.159158493465313,0.005));
#9229=CARTESIAN_POINT('',(0.0474938922254581,0.159158493465313,1.56125112837913E-17));
#9230=CARTESIAN_POINT('',(0.0474427658325652,0.159155117893304,0.00499999999999997));
#9231=CARTESIAN_POINT('',(0.0474427658325652,0.159155117893304,-1.12757025938492E-17));
#9232=CARTESIAN_POINT('',(0.047182633014343,0.15911274084536,0.00500000000000001));
#9233=CARTESIAN_POINT('',(0.047182633014343,0.15911274084536,2.77555756156289E-17));
#9234=CARTESIAN_POINT('',(0.0465691785163362,0.158908774440628,0.00499999999999999));
#9235=CARTESIAN_POINT('',(0.0465691785163362,0.158908774440628,6.93889390390723E-18));
#9236=CARTESIAN_POINT('',(0.0460139834450675,0.158621952126628,0.005));
#9237=CARTESIAN_POINT('',(0.0460139834450675,0.158621952126628,1.47451495458029E-17));
#9238=CARTESIAN_POINT('',(0.0456396067234213,0.158381222361628,0.005));
#9239=CARTESIAN_POINT('',(0.0456396067234213,0.158381222361628,1.47451495458029E-17));
#9240=CARTESIAN_POINT('',(0.0474938922362566,0.159158493466025,0.005));
#9241=CARTESIAN_POINT('',(0.0474938922254594,0.160214895137581,0.005));
#9242=CARTESIAN_POINT('',(0.0474938922254594,0.160214895137581,-3.46944695195361E-18));
#9243=CARTESIAN_POINT('',(0.0474427658325576,0.160218270709589,0.005));
#9244=CARTESIAN_POINT('',(0.0474427658325576,0.160218270709589,-3.46944695195361E-18));
#9245=CARTESIAN_POINT('',(0.0471826330143504,0.160260647757533,0.00500000000000001));
#9246=CARTESIAN_POINT('',(0.0471826330143504,0.160260647757533,1.73472347597681E-18));
#9247=CARTESIAN_POINT('',(0.0465691785163353,0.160464614162264,0.005));
#9248=CARTESIAN_POINT('',(0.0465691785163353,0.160464614162264,-7.80625564189563E-18));
#9249=CARTESIAN_POINT('',(0.0460139834450683,0.16075143647627,0.005));
#9250=CARTESIAN_POINT('',(0.0460139834450683,0.16075143647627,-2.60208521396521E-18));
#9251=CARTESIAN_POINT('',(0.0456396067234213,0.160992166241266,0.005));
#9252=CARTESIAN_POINT('',(0.0456396067234213,0.160992166241266,-2.60208521396521E-18));
#9253=CARTESIAN_POINT('',(0.0474938922362579,0.160214895136868,-8.67361737988404E-19));
#9254=CARTESIAN_POINT('',(0.0615862597582812,0.159686694301447,0.005));
#9255=CARTESIAN_POINT('',(0.0478371594596773,0.159529401647523,0.005));
#9256=CARTESIAN_POINT('',(0.0478371594596773,0.159843986955371,0.005));
#9257=CARTESIAN_POINT('',(0.0474696809643718,0.159525197614784,0.0025));
#9258=CARTESIAN_POINT('',(0.0474696809643823,0.159848190988109,0.0025));
#9259=CARTESIAN_POINT('',(0.0479116633963233,0.156240067959502,0.005));
#9260=CARTESIAN_POINT('',(0.0479116633963233,0.156240067959502,-8.67361737988404E-19));
#9261=CARTESIAN_POINT('',(0.0478623560586652,0.156226136377049,0.005));
#9262=CARTESIAN_POINT('',(0.0478623560586652,0.156226136377049,-8.67361737988404E-19));
#9263=CARTESIAN_POINT('',(0.0476167184503381,0.156130600715204,0.005));
#9264=CARTESIAN_POINT('',(0.0476167184503381,0.156130600715204,-1.73472347597681E-18));
#9265=CARTESIAN_POINT('',(0.0470590764050318,0.155803547103863,0.005));
#9266=CARTESIAN_POINT('',(0.0470590764050318,0.155803547103863,0.));
#9267=CARTESIAN_POINT('',(0.0465756473903978,0.155407560999586,0.005));
#9268=CARTESIAN_POINT('',(0.0465756473903978,0.155407560999586,0.));
#9269=CARTESIAN_POINT('',(0.0462595022308215,0.155094254460326,0.005));
#9270=CARTESIAN_POINT('',(0.0462595022308215,0.155094254460326,0.));
#9271=CARTESIAN_POINT('',(0.0479116634067376,0.156240067962445,0.005));
#9272=CARTESIAN_POINT('',(0.0476920251384605,0.157273384720643,0.005));
#9273=CARTESIAN_POINT('',(0.0476920251384605,0.157273384720643,2.16840434497101E-17));
#9274=CARTESIAN_POINT('',(0.0476413141590263,0.157266056753511,0.005));
#9275=CARTESIAN_POINT('',(0.0476413141590263,0.157266056753511,2.16840434497101E-17));
#9276=CARTESIAN_POINT('',(0.0473780551833339,0.157253423107211,0.005));
#9277=CARTESIAN_POINT('',(0.0473780551833339,0.157253423107211,2.34187669256869E-17));
#9278=CARTESIAN_POINT('',(0.046735599137864,0.157325387994709,0.005));
#9279=CARTESIAN_POINT('',(0.046735599137864,0.157325387994709,1.82145964977565E-17));
#9280=CARTESIAN_POINT('',(0.0461329026986955,0.157490511006987,0.005));
#9281=CARTESIAN_POINT('',(0.0461329026986955,0.157490511006987,2.25514051876985E-17));
#9282=CARTESIAN_POINT('',(0.0457166564741756,0.157648142951845,0.005));
#9283=CARTESIAN_POINT('',(0.0457166564741756,0.157648142951845,2.16840434497101E-17));
#9284=CARTESIAN_POINT('',(0.0476920251491713,0.15727338472219,-8.67361737988404E-19));
#9285=CARTESIAN_POINT('',(0.0615862597582812,0.159686694301447,0.005));
#9286=CARTESIAN_POINT('',(0.0481703132705839,0.156674240179093,0.005));
#9287=CARTESIAN_POINT('',(0.0481049073073228,0.15698195104319,0.005));
#9288=CARTESIAN_POINT('',(0.0478117391296346,0.156593724939257,0.0025));
#9289=CARTESIAN_POINT('',(0.0477445850312737,0.156909660132431,0.0025));
#9290=CARTESIAN_POINT('',(0.0525491550441967,0.148860588944943,0.005));
#9291=CARTESIAN_POINT('',(0.0525491550441967,0.148860588944943,-8.67361737988404E-19));
#9292=CARTESIAN_POINT('',(0.0525174533487908,0.148820335932074,0.005));
#9293=CARTESIAN_POINT('',(0.0525174533487908,0.148820335932074,-8.67361737988404E-19));
#9294=CARTESIAN_POINT('',(0.0523748828022981,0.14859866379449,0.005));
#9295=CARTESIAN_POINT('',(0.0523748828022981,0.14859866379449,-2.60208521396521E-18));
#9296=CARTESIAN_POINT('',(0.0521159782003215,0.148006298094555,0.005));
#9297=CARTESIAN_POINT('',(0.0521159782003215,0.148006298094555,0.));
#9298=CARTESIAN_POINT('',(0.0519576307041169,0.147401786161324,0.005));
#9299=CARTESIAN_POINT('',(0.0519576307041169,0.147401786161324,-1.73472347597681E-18));
#9300=CARTESIAN_POINT('',(0.051886020860553,0.146962490384233,0.005));
#9301=CARTESIAN_POINT('',(0.051886020860553,0.146962490384233,-1.73472347597681E-18));
#9302=CARTESIAN_POINT('',(0.0525491550508924,0.148860588953445,0.005));
#9303=CARTESIAN_POINT('',(0.051764095607826,0.149567459636468,0.005));
#9304=CARTESIAN_POINT('',(0.051764095607826,0.149567459636468,1.90819582357449E-17));
#9305=CARTESIAN_POINT('',(0.051727376834671,0.149531724020681,0.005));
#9306=CARTESIAN_POINT('',(0.051727376834671,0.149531724020681,1.82145964977565E-17));
#9307=CARTESIAN_POINT('',(0.0515218217203928,0.149366763442681,0.005));
#9308=CARTESIAN_POINT('',(0.0515218217203928,0.149366763442681,1.90819582357449E-17));
#9309=CARTESIAN_POINT('',(0.0509597639619144,0.14904735807089,0.005));
#9310=CARTESIAN_POINT('',(0.0509597639619144,0.14904735807089,1.82145964977565E-17));
#9311=CARTESIAN_POINT('',(0.0503751154287472,0.148826689315432,0.005));
#9312=CARTESIAN_POINT('',(0.0503751154287472,0.148826689315432,1.82145964977565E-17));
#9313=CARTESIAN_POINT('',(0.0499457114267881,0.148709552845584,0.005));
#9314=CARTESIAN_POINT('',(0.0499457114267881,0.148709552845584,1.90819582357449E-17));
#9315=CARTESIAN_POINT('',(0.0517640956155813,0.149567459644015,-8.67361737988404E-19));
#9316=CARTESIAN_POINT('',(0.0615862597582806,0.159686694301448,0.005));
#9317=CARTESIAN_POINT('',(0.0525032071604363,0.149363872230675,0.005));
#9318=CARTESIAN_POINT('',(0.052269424716738,0.149574370888467,0.005));
#9319=CARTESIAN_POINT('',(0.0522604402572248,0.149087969441439,0.0025));
#9320=CARTESIAN_POINT('',(0.0520204094031814,0.14930409419319,0.0025));
#9321=CARTESIAN_POINT('',(0.0549975113342611,0.147218245600489,0.005));
#9322=CARTESIAN_POINT('',(0.0549975113342611,0.147218245600489,8.67361737988404E-19));
#9323=CARTESIAN_POINT('',(0.0549748714689259,0.147172281059435,0.005));
#9324=CARTESIAN_POINT('',(0.0549748714689259,0.147172281059435,0.));
#9325=CARTESIAN_POINT('',(0.0548815046598724,0.146925810906526,0.005));
#9326=CARTESIAN_POINT('',(0.0548815046598724,0.146925810906526,8.67361737988404E-19));
#9327=CARTESIAN_POINT('',(0.0547514174988851,0.14629256052482,0.005));
#9328=CARTESIAN_POINT('',(0.0547514174988851,0.14629256052482,-1.73472347597681E-18));
#9329=CARTESIAN_POINT('',(0.0547222153735487,0.145668336332042,0.005));
#9330=CARTESIAN_POINT('',(0.0547222153735487,0.145668336332042,8.67361737988404E-19));
#9331=CARTESIAN_POINT('',(0.0547435051046614,0.145223751698014,0.005));
#9332=CARTESIAN_POINT('',(0.0547435051046614,0.145223751698014,8.67361737988404E-19));
#9333=CARTESIAN_POINT('',(0.0549975113390429,0.147218245610198,0.005));
#9334=CARTESIAN_POINT('',(0.0540826406494772,0.147746446436624,0.005));
#9335=CARTESIAN_POINT('',(0.0540826406494772,0.147746446436624,0.));
#9336=CARTESIAN_POINT('',(0.0540541541219151,0.147703857467574,0.00499999999999997));
#9337=CARTESIAN_POINT('',(0.0540541541219151,0.147703857467574,-2.68882138776405E-17));
#9338=CARTESIAN_POINT('',(0.0538873881127542,0.147499764362617,0.00500000000000001));
#9339=CARTESIAN_POINT('',(0.0538873881127542,0.147499764362617,1.21430643318376E-17));
#9340=CARTESIAN_POINT('',(0.0534040207757307,0.147070480385638,0.00499999999999999));
#9341=CARTESIAN_POINT('',(0.0534040207757307,0.147070480385638,-1.12757025938492E-17));
#9342=CARTESIAN_POINT('',(0.0528780278297989,0.146733078506865,0.005));
#9343=CARTESIAN_POINT('',(0.0528780278297989,0.146733078506865,-8.67361737988404E-19));
#9344=CARTESIAN_POINT('',(0.0524823613770394,0.146529223637833,0.005));
#9345=CARTESIAN_POINT('',(0.0524823613770394,0.146529223637833,-8.67361737988404E-19));
#9346=CARTESIAN_POINT('',(0.0540826406554939,0.14774644644562,-8.67361737988404E-19));
#9347=CARTESIAN_POINT('',(0.0615862597582803,0.159686694301448,0.005));
#9348=CARTESIAN_POINT('',(0.0548479290431053,0.147700977836715,0.005));
#9349=CARTESIAN_POINT('',(0.0545754901748518,0.147858270490639,0.005));
#9350=CARTESIAN_POINT('',(0.0546678305946028,0.147380630108067,0.0025));
#9351=CARTESIAN_POINT('',(0.0543881101280541,0.147542126794738,0.0025));
#9352=CARTESIAN_POINT('',(0.0504957635949773,0.150976085042894,0.005));
#9353=CARTESIAN_POINT('',(0.0504957635949773,0.150976085042894,8.67361737988404E-19));
#9354=CARTESIAN_POINT('',(0.0504563855857117,0.150943302808029,0.00500000000000003));
#9355=CARTESIAN_POINT('',(0.0504563855857117,0.150943302808029,2.68882138776405E-17));
#9356=CARTESIAN_POINT('',(0.0502708423187906,0.15075611682188,0.00499999999999999));
#9357=CARTESIAN_POINT('',(0.0502708423187906,0.15075611682188,-1.21430643318376E-17));
#9358=CARTESIAN_POINT('',(0.0498944356492932,0.150230525027291,0.00500000000000001));
#9359=CARTESIAN_POINT('',(0.0498944356492932,0.150230525027291,8.67361737988404E-18));
#9360=CARTESIAN_POINT('',(0.0496138633276407,0.149672145425859,0.005));
#9361=CARTESIAN_POINT('',(0.0496138633276407,0.149672145425859,1.73472347597681E-18));
#9362=CARTESIAN_POINT('',(0.0494524836031857,0.149257337839139,0.005));
#9363=CARTESIAN_POINT('',(0.0494524836031857,0.149257337839139,1.73472347597681E-18));
#9364=CARTESIAN_POINT('',(0.0504957636032945,0.150976085049818,0.005));
#9365=CARTESIAN_POINT('',(0.0498748262715222,0.151830731948645,0.005));
#9366=CARTESIAN_POINT('',(0.0498748262715222,0.151830731948645,-6.93889390390723E-18));
#9367=CARTESIAN_POINT('',(0.0498314800393588,0.151803411504016,0.005));
#9368=CARTESIAN_POINT('',(0.0498314800393588,0.151803411504016,-6.93889390390723E-18));
#9369=CARTESIAN_POINT('',(0.0495961195648178,0.151684793021793,0.005));
#9370=CARTESIAN_POINT('',(0.0495961195648178,0.151684793021793,-4.33680868994202E-18));
#9371=CARTESIAN_POINT('',(0.0489799360059834,0.151489225802618,0.005));
#9372=CARTESIAN_POINT('',(0.0489799360059834,0.151489225802618,-1.04083408558608E-17));
#9373=CARTESIAN_POINT('',(0.0483621838319354,0.151394934453973,0.005));
#9374=CARTESIAN_POINT('',(0.0483621838319354,0.151394934453973,-8.67361737988404E-18));
#9375=CARTESIAN_POINT('',(0.0479178092961712,0.151369635809126,0.005));
#9376=CARTESIAN_POINT('',(0.0479178092961712,0.151369635809126,-7.80625564189563E-18));
#9377=CARTESIAN_POINT('',(0.0498748262806774,0.151830731954415,-8.67361737988404E-19));
#9378=CARTESIAN_POINT('',(0.0615862597582809,0.159686694301448,0.005));
#9379=CARTESIAN_POINT('',(0.0505554582616152,0.151477923483523,0.005));
#9380=CARTESIAN_POINT('',(0.0503705496570743,0.151732428343753,0.005));
#9381=CARTESIAN_POINT('',(0.0502606329822898,0.151258523909517,0.0025));
#9382=CARTESIAN_POINT('',(0.0500707822408693,0.151519831037614,0.0025));
#9383=CARTESIAN_POINT('',(0.0489270800461993,0.153472276563583,0.005));
#9384=CARTESIAN_POINT('',(0.0489270800461993,0.153472276563583,-8.67361737988404E-19));
#9385=CARTESIAN_POINT('',(0.0488817467310352,0.153448397847692,0.00500000000000003));
#9386=CARTESIAN_POINT('',(0.0488817467310352,0.153448397847692,2.51534904016637E-17));
#9387=CARTESIAN_POINT('',(0.0486613398747861,0.153303878938794,0.00499999999999999));
#9388=CARTESIAN_POINT('',(0.0486613398747861,0.153303878938794,-1.04083408558608E-17));
#9389=CARTESIAN_POINT('',(0.0481838819154242,0.152868031933042,0.00500000000000001));
#9390=CARTESIAN_POINT('',(0.0481838819154242,0.152868031933042,5.20417042793042E-18));
#9391=CARTESIAN_POINT('',(0.0477933471251156,0.152380188531391,0.005));
#9392=CARTESIAN_POINT('',(0.0477933471251156,0.152380188531391,0.));
#9393=CARTESIAN_POINT('',(0.0475492505881139,0.152007998217052,0.005));
#9394=CARTESIAN_POINT('',(0.0475492505881139,0.152007998217052,0.));
#9395=CARTESIAN_POINT('',(0.0489270800557744,0.153472276568627,0.005));
#9396=CARTESIAN_POINT('',(0.0484974027762828,0.15443734751273,0.005));
#9397=CARTESIAN_POINT('',(0.0484974027762828,0.15443734751273,-7.80625564189563E-18));
#9398=CARTESIAN_POINT('',(0.0484493235234536,0.154419636273784,0.00500000000000003));
#9399=CARTESIAN_POINT('',(0.0484493235234536,0.154419636273784,1.82145964977565E-17));
#9400=CARTESIAN_POINT('',(0.0481944440707743,0.154352544084209,0.00499999999999999));
#9401=CARTESIAN_POINT('',(0.0481944440707743,0.154352544084209,-1.73472347597681E-17));
#9402=CARTESIAN_POINT('',(0.0475510648898804,0.154289362243562,0.00500000000000001));
#9403=CARTESIAN_POINT('',(0.0475510648898804,0.154289362243562,-1.73472347597681E-18));
#9404=CARTESIAN_POINT('',(0.0469272078092623,0.15432556928613,0.005));
#9405=CARTESIAN_POINT('',(0.0469272078092623,0.15432556928613,-6.93889390390723E-18));
#9406=CARTESIAN_POINT('',(0.0464872840392506,0.154393214138455,0.005));
#9407=CARTESIAN_POINT('',(0.0464872840392506,0.154393214138455,-6.93889390390723E-18));
#9408=CARTESIAN_POINT('',(0.0484974027864376,0.154437347516471,-8.67361737988404E-19));
#9409=CARTESIAN_POINT('',(0.0615862597582811,0.159686694301447,0.005));
#9410=CARTESIAN_POINT('',(0.0490898083198565,0.153950737411168,0.005));
#9411=CARTESIAN_POINT('',(0.0489618549477815,0.154238125390193,0.005));
#9412=CARTESIAN_POINT('',(0.0487558099438525,0.153797429866572,0.0025));
#9413=CARTESIAN_POINT('',(0.0486244367034598,0.154092498995627,0.0025));
#9414=CARTESIAN_POINT('',(0.0577338275467777,0.146120833294522,0.005));
#9415=CARTESIAN_POINT('',(0.0577338275467777,0.146120833294522,-7.80625564189563E-18));
#9416=CARTESIAN_POINT('',(0.0577212389822681,0.146071166096291,0.005));
#9417=CARTESIAN_POINT('',(0.0577212389822681,0.146071166096291,-7.80625564189563E-18));
#9418=CARTESIAN_POINT('',(0.0576811564882307,0.145810669856431,0.005));
#9419=CARTESIAN_POINT('',(0.0576811564882307,0.145810669856431,-6.07153216591882E-18));
#9420=CARTESIAN_POINT('',(0.0576855722013968,0.145164210873308,0.005));
#9421=CARTESIAN_POINT('',(0.0576855722013968,0.145164210873308,-1.04083408558608E-17));
#9422=CARTESIAN_POINT('',(0.0577867917199319,0.14454755601357,0.005));
#9423=CARTESIAN_POINT('',(0.0577867917199319,0.14454755601357,-7.80625564189563E-18));
#9424=CARTESIAN_POINT('',(0.0579000505623128,0.144117113004463,0.005));
#9425=CARTESIAN_POINT('',(0.0579000505623128,0.144117113004463,-7.80625564189563E-18));
#9426=CARTESIAN_POINT('',(0.0577338275494366,0.146120833305013,0.005));
#9427=CARTESIAN_POINT('',(0.0567291298525426,0.146447279364141,0.005));
#9428=CARTESIAN_POINT('',(0.0567291298525426,0.146447279364141,-1.82145964977565E-17));
#9429=CARTESIAN_POINT('',(0.056710120568519,0.146399698384132,0.005));
#9430=CARTESIAN_POINT('',(0.056710120568519,0.146399698384132,-1.82145964977565E-17));
#9431=CARTESIAN_POINT('',(0.056589432139312,0.146165392600261,0.005));
#9432=CARTESIAN_POINT('',(0.056589432139312,0.146165392600261,-1.82145964977565E-17));
#9433=CARTESIAN_POINT('',(0.0562058806958235,0.145644991787817,0.005));
#9434=CARTESIAN_POINT('',(0.0562058806958235,0.145644991787817,-1.82145964977565E-17));
#9435=CARTESIAN_POINT('',(0.0557615317528572,0.145205602866864,0.005));
#9436=CARTESIAN_POINT('',(0.0557615317528572,0.145205602866864,-1.82145964977565E-17));
#9437=CARTESIAN_POINT('',(0.0554168953719022,0.144923939034631,0.005));
#9438=CARTESIAN_POINT('',(0.0554168953719022,0.144923939034631,-1.82145964977565E-17));
#9439=CARTESIAN_POINT('',(0.0567291298565575,0.14644727937419,-8.67361737988404E-19));
#9440=CARTESIAN_POINT('',(0.06158625975828,0.159686694301448,0.005));
#9441=CARTESIAN_POINT('',(0.0574871483121256,0.146561916766113,0.005));
#9442=CARTESIAN_POINT('',(0.0571879599051662,0.146659128972418,0.005));
#9443=CARTESIAN_POINT('',(0.05737758948474,0.146211124830993,0.0025));
#9444=CARTESIAN_POINT('',(0.0570704045323217,0.146310935272431,0.0025));
#9445=CARTESIAN_POINT('',(0.0606385135329578,0.145616314210781,0.005));
#9446=CARTESIAN_POINT('',(0.0606385135329578,0.145616314210781,0.));
#9447=CARTESIAN_POINT('',(0.0606365264499484,0.145565115050262,0.005));
#9448=CARTESIAN_POINT('',(0.0606365264499484,0.145565115050262,0.));
#9449=CARTESIAN_POINT('',(0.0606514800682551,0.145301977659139,0.005));
#9450=CARTESIAN_POINT('',(0.0606514800682551,0.145301977659139,0.));
#9451=CARTESIAN_POINT('',(0.0607902056677197,0.144670563434213,0.005));
#9452=CARTESIAN_POINT('',(0.0607902056677197,0.144670563434213,-8.67361737988404E-19));
#9453=CARTESIAN_POINT('',(0.0610174230514606,0.144088428683922,0.005));
#9454=CARTESIAN_POINT('',(0.0610174230514606,0.144088428683922,0.));
#9455=CARTESIAN_POINT('',(0.0612177010502222,0.143690939724731,0.005));
#9456=CARTESIAN_POINT('',(0.0612177010502222,0.143690939724731,0.));
#9457=CARTESIAN_POINT('',(0.0606385135333775,0.145616314221595,0.005));
#9458=CARTESIAN_POINT('',(0.0595878989395838,0.145726738254178,0.005));
#9459=CARTESIAN_POINT('',(0.0595878989395838,0.145726738254178,-1.82145964977565E-17));
#9460=CARTESIAN_POINT('',(0.0595791976960288,0.145676244780361,0.005));
#9461=CARTESIAN_POINT('',(0.0595791976960288,0.145676244780361,-1.82145964977565E-17));
#9462=CARTESIAN_POINT('',(0.0595098615102565,0.145421966604649,0.005));
#9463=CARTESIAN_POINT('',(0.0595098615102565,0.145421966604649,-1.82145964977565E-17));
#9464=CARTESIAN_POINT('',(0.0592428889988683,0.144833192969406,0.005));
#9465=CARTESIAN_POINT('',(0.0592428889988683,0.144833192969406,-1.90819582357449E-17));
#9466=CARTESIAN_POINT('',(0.0588996042398996,0.144311020410543,0.005));
#9467=CARTESIAN_POINT('',(0.0588996042398996,0.144311020410543,-1.82145964977565E-17));
#9468=CARTESIAN_POINT('',(0.0586210601943444,0.143963857676148,0.005));
#9469=CARTESIAN_POINT('',(0.0586210601943444,0.143963857676148,-1.82145964977565E-17));
#9470=CARTESIAN_POINT('',(0.0595878989414216,0.145726738264843,-8.67361737988404E-19));
#9471=CARTESIAN_POINT('',(0.0615862597582796,0.159686694301448,0.005));
#9472=CARTESIAN_POINT('',(0.0603055184210618,0.145996471453474,0.005));
#9473=CARTESIAN_POINT('',(0.059992656444446,0.14602935457227,0.005));
#9474=CARTESIAN_POINT('',(0.0602712874612714,0.145630566602734,0.0025));
#9475=CARTESIAN_POINT('',(0.0599500634794413,0.145664328603704,0.0025));
#9476=CARTESIAN_POINT('',(0.0635846205769754,0.145726738254177,0.005));
#9477=CARTESIAN_POINT('',(0.0635846205769754,0.145726738254177,1.64798730217797E-17));
#9478=CARTESIAN_POINT('',(0.0635933218205289,0.145676244780368,0.005));
#9479=CARTESIAN_POINT('',(0.0635933218205289,0.145676244780368,1.64798730217797E-17));
#9480=CARTESIAN_POINT('',(0.0636626580063043,0.145421966604642,0.005));
#9481=CARTESIAN_POINT('',(0.0636626580063043,0.145421966604642,1.30104260698261E-17));
#9482=CARTESIAN_POINT('',(0.0639296305176915,0.144833192969407,0.005));
#9483=CARTESIAN_POINT('',(0.0639296305176915,0.144833192969407,1.90819582357449E-17));
#9484=CARTESIAN_POINT('',(0.0642729152766589,0.144311020410542,0.005));
#9485=CARTESIAN_POINT('',(0.0642729152766589,0.144311020410542,1.56125112837913E-17));
#9486=CARTESIAN_POINT('',(0.0645514593222146,0.143963857676148,0.005));
#9487=CARTESIAN_POINT('',(0.0645514593222146,0.143963857676148,1.56125112837913E-17));
#9488=CARTESIAN_POINT('',(0.0635846205751376,0.145726738264842,0.005));
#9489=CARTESIAN_POINT('',(0.0625340059836011,0.145616314210783,0.005));
#9490=CARTESIAN_POINT('',(0.0625340059836011,0.145616314210783,-6.93889390390723E-18));
#9491=CARTESIAN_POINT('',(0.0625359930666114,0.145565115050255,0.005));
#9492=CARTESIAN_POINT('',(0.0625359930666114,0.145565115050255,-6.93889390390723E-18));
#9493=CARTESIAN_POINT('',(0.0625210394483039,0.145301977659146,0.005));
#9494=CARTESIAN_POINT('',(0.0625210394483039,0.145301977659146,-6.93889390390723E-18));
#9495=CARTESIAN_POINT('',(0.0623823138488403,0.144670563434213,0.005));
#9496=CARTESIAN_POINT('',(0.0623823138488403,0.144670563434213,-1.04083408558608E-17));
#9497=CARTESIAN_POINT('',(0.0621550964650978,0.144088428683923,0.005));
#9498=CARTESIAN_POINT('',(0.0621550964650978,0.144088428683923,-7.80625564189563E-18));
#9499=CARTESIAN_POINT('',(0.0619548184663368,0.143690939724731,0.005));
#9500=CARTESIAN_POINT('',(0.0619548184663368,0.143690939724731,-7.80625564189563E-18));
#9501=CARTESIAN_POINT('',(0.0625340059831814,0.145616314221596,-8.67361737988404E-19));
#9502=CARTESIAN_POINT('',(0.0615862597582793,0.159686694301448,0.005));
#9503=CARTESIAN_POINT('',(0.0631798630721132,0.14602935457227,0.005));
#9504=CARTESIAN_POINT('',(0.0628670010954975,0.145996471453474,0.005));
#9505=CARTESIAN_POINT('',(0.0632224560371192,0.145664328603694,0.0025));
#9506=CARTESIAN_POINT('',(0.0629012320552869,0.145630566602745,0.0025));
#9507=CARTESIAN_POINT('',(0.0664433896640168,0.146447279364139,0.005));
#9508=CARTESIAN_POINT('',(0.0664433896640168,0.146447279364139,6.93889390390723E-18));
#9509=CARTESIAN_POINT('',(0.066462398948037,0.146399698384141,0.005));
#9510=CARTESIAN_POINT('',(0.066462398948037,0.146399698384141,6.93889390390723E-18));
#9511=CARTESIAN_POINT('',(0.0665830873772506,0.146165392600253,0.005));
#9512=CARTESIAN_POINT('',(0.0665830873772506,0.146165392600253,6.93889390390723E-18));
#9513=CARTESIAN_POINT('',(0.0669666388207363,0.145644991787818,0.005));
#9514=CARTESIAN_POINT('',(0.0669666388207363,0.145644991787818,6.07153216591882E-18));
#9515=CARTESIAN_POINT('',(0.0674109877637017,0.145205602866864,0.005));
#9516=CARTESIAN_POINT('',(0.0674109877637017,0.145205602866864,6.07153216591882E-18));
#9517=CARTESIAN_POINT('',(0.0677556241446568,0.144923939034631,0.005));
#9518=CARTESIAN_POINT('',(0.0677556241446568,0.144923939034631,6.07153216591882E-18));
#9519=CARTESIAN_POINT('',(0.0664433896600019,0.146447279374189,0.005));
#9520=CARTESIAN_POINT('',(0.0654386919697809,0.146120833294524,0.005));
#9521=CARTESIAN_POINT('',(0.0654386919697809,0.146120833294524,0.));
#9522=CARTESIAN_POINT('',(0.0654512805342928,0.146071166096285,0.005));
#9523=CARTESIAN_POINT('',(0.0654512805342928,0.146071166096285,0.));
#9524=CARTESIAN_POINT('',(0.065491363028327,0.145810669856438,0.005));
#9525=CARTESIAN_POINT('',(0.065491363028327,0.145810669856438,1.73472347597681E-18));
#9526=CARTESIAN_POINT('',(0.0654869473151631,0.145164210873308,0.005));
#9527=CARTESIAN_POINT('',(0.0654869473151631,0.145164210873308,0.));
#9528=CARTESIAN_POINT('',(0.0653857277966272,0.144547556013571,0.005));
#9529=CARTESIAN_POINT('',(0.0653857277966272,0.144547556013571,0.));
#9530=CARTESIAN_POINT('',(0.0652724689542461,0.144117113004463,0.005));
#9531=CARTESIAN_POINT('',(0.0652724689542461,0.144117113004463,0.));
#9532=CARTESIAN_POINT('',(0.065438691967122,0.146120833305014,-8.67361737988403E-19));
#9533=CARTESIAN_POINT('',(0.0615862597582789,0.159686694301448,0.005));
#9534=CARTESIAN_POINT('',(0.065984559611393,0.146659128972418,0.005));
#9535=CARTESIAN_POINT('',(0.0656853712044337,0.146561916766113,0.005));
#9536=CARTESIAN_POINT('',(0.0661021149842409,0.146310935272421,0.0025));
#9537=CARTESIAN_POINT('',(0.0657949300318162,0.146211124831003,0.0025));
#9538=CARTESIAN_POINT('',(0.0746751167402774,0.15443734751273,0.005));
#9539=CARTESIAN_POINT('',(0.0746751167402774,0.15443734751273,-6.93889390390723E-18));
#9540=CARTESIAN_POINT('',(0.0747231959930982,0.154419636273788,0.00500000000000003));
#9541=CARTESIAN_POINT('',(0.0747231959930982,0.154419636273788,1.90819582357449E-17));
#9542=CARTESIAN_POINT('',(0.0749780754457922,0.154352544084207,0.00499999999999999));
#9543=CARTESIAN_POINT('',(0.0749780754457922,0.154352544084207,-1.73472347597681E-17));
#9544=CARTESIAN_POINT('',(0.0756214546266778,0.154289362243563,0.00500000000000001));
#9545=CARTESIAN_POINT('',(0.0756214546266778,0.154289362243563,-1.73472347597681E-18));
#9546=CARTESIAN_POINT('',(0.0762453117072987,0.15432556928613,0.005));
#9547=CARTESIAN_POINT('',(0.0762453117072987,0.15432556928613,-6.93889390390723E-18));
#9548=CARTESIAN_POINT('',(0.0766852354773083,0.154393214138455,0.005));
#9549=CARTESIAN_POINT('',(0.0766852354773083,0.154393214138455,-6.93889390390723E-18));
#9550=CARTESIAN_POINT('',(0.0746751167301226,0.15443734751647,0.005));
#9551=CARTESIAN_POINT('',(0.0742454394703582,0.153472276563584,0.005));
#9552=CARTESIAN_POINT('',(0.0742454394703582,0.153472276563584,-2.60208521396521E-18));
#9553=CARTESIAN_POINT('',(0.0742907727855323,0.153448397847686,0.00499999999999997));
#9554=CARTESIAN_POINT('',(0.0742907727855323,0.153448397847686,-2.94902990916057E-17));
#9555=CARTESIAN_POINT('',(0.0745111796417649,0.153303878938799,0.00500000000000001));
#9556=CARTESIAN_POINT('',(0.0745111796417649,0.153303878938799,7.80625564189563E-18));
#9557=CARTESIAN_POINT('',(0.0749886376011363,0.152868031933042,0.00499999999999999));
#9558=CARTESIAN_POINT('',(0.0749886376011363,0.152868031933042,-1.12757025938492E-17));
#9559=CARTESIAN_POINT('',(0.0753791723914418,0.152380188531392,0.005));
#9560=CARTESIAN_POINT('',(0.0753791723914418,0.152380188531392,-3.46944695195361E-18));
#9561=CARTESIAN_POINT('',(0.0756232689284451,0.152007998217052,0.005));
#9562=CARTESIAN_POINT('',(0.0756232689284451,0.152007998217052,-3.46944695195361E-18));
#9563=CARTESIAN_POINT('',(0.0742454394607834,0.153472276568627,-8.67361737988403E-19));
#9564=CARTESIAN_POINT('',(0.0615862597582779,0.159686694301447,0.005));
#9565=CARTESIAN_POINT('',(0.0742106645687775,0.154238125390193,0.005));
#9566=CARTESIAN_POINT('',(0.0740827111967026,0.153950737411168,0.005));
#9567=CARTESIAN_POINT('',(0.0745480828131088,0.154092498995623,0.0025));
#9568=CARTESIAN_POINT('',(0.0744167095726971,0.153797429866577,0.0025));
#9569=CARTESIAN_POINT('',(0.0732976932450377,0.151830731948645,0.005));
#9570=CARTESIAN_POINT('',(0.0732976932450377,0.151830731948645,0.));
#9571=CARTESIAN_POINT('',(0.0733410394771942,0.15180341150402,0.00499999999999997));
#9572=CARTESIAN_POINT('',(0.0733410394771942,0.15180341150402,-2.68882138776405E-17));
#9573=CARTESIAN_POINT('',(0.0735763999517472,0.15168479302179,0.00500000000000001));
#9574=CARTESIAN_POINT('',(0.0735763999517472,0.15168479302179,1.21430643318376E-17));
#9575=CARTESIAN_POINT('',(0.0741925835105753,0.151489225802619,0.00499999999999999));
#9576=CARTESIAN_POINT('',(0.0741925835105753,0.151489225802619,-9.54097911787244E-18));
#9577=CARTESIAN_POINT('',(0.0748103356846243,0.151394934453973,0.005));
#9578=CARTESIAN_POINT('',(0.0748103356846243,0.151394934453973,-8.67361737988404E-19));
#9579=CARTESIAN_POINT('',(0.0752547102203878,0.151369635809126,0.005));
#9580=CARTESIAN_POINT('',(0.0752547102203878,0.151369635809126,-8.67361737988404E-19));
#9581=CARTESIAN_POINT('',(0.0732976932358826,0.151830731954415,0.005));
#9582=CARTESIAN_POINT('',(0.0726767559215805,0.150976085042895,0.005));
#9583=CARTESIAN_POINT('',(0.0726767559215805,0.150976085042895,1.82145964977565E-17));
#9584=CARTESIAN_POINT('',(0.0727161339308537,0.150943302808024,0.005));
#9585=CARTESIAN_POINT('',(0.0727161339308537,0.150943302808024,1.82145964977565E-17));
#9586=CARTESIAN_POINT('',(0.0729016771977625,0.150756116821886,0.005));
#9587=CARTESIAN_POINT('',(0.0729016771977625,0.150756116821886,1.73472347597681E-17));
#9588=CARTESIAN_POINT('',(0.0732780838672671,0.150230525027291,0.005));
#9589=CARTESIAN_POINT('',(0.0732780838672671,0.150230525027291,1.73472347597681E-17));
#9590=CARTESIAN_POINT('',(0.0735586561889168,0.14967214542586,0.005));
#9591=CARTESIAN_POINT('',(0.0735586561889168,0.14967214542586,1.90819582357449E-17));
#9592=CARTESIAN_POINT('',(0.0737200359133733,0.149257337839139,0.005));
#9593=CARTESIAN_POINT('',(0.0737200359133733,0.149257337839139,1.82145964977565E-17));
#9594=CARTESIAN_POINT('',(0.0726767559132635,0.150976085049819,-8.67361737988403E-19));
#9595=CARTESIAN_POINT('',(0.061586259758278,0.159686694301448,0.005));
#9596=CARTESIAN_POINT('',(0.0728019698594848,0.151732428343754,0.005));
#9597=CARTESIAN_POINT('',(0.0726170612549439,0.151477923483523,0.005));
#9598=CARTESIAN_POINT('',(0.0731017372756984,0.151519831037609,0.0025));
#9599=CARTESIAN_POINT('',(0.0729118865342609,0.151258523909524,0.0025));
#9600=CARTESIAN_POINT('',(0.0690898788670825,0.147746446436623,0.005));
#9601=CARTESIAN_POINT('',(0.0690898788670825,0.147746446436623,8.67361737988404E-19));
#9602=CARTESIAN_POINT('',(0.0691183653946407,0.14770385746758,0.005));
#9603=CARTESIAN_POINT('',(0.0691183653946407,0.14770385746758,8.67361737988404E-19));
#9604=CARTESIAN_POINT('',(0.0692851314038089,0.147499764362611,0.005));
#9605=CARTESIAN_POINT('',(0.0692851314038089,0.147499764362611,8.67361737988404E-19));
#9606=CARTESIAN_POINT('',(0.0697684987408286,0.147070480385639,0.005));
#9607=CARTESIAN_POINT('',(0.0697684987408286,0.147070480385639,-8.67361737988404E-19));
#9608=CARTESIAN_POINT('',(0.0702944916867608,0.146733078506865,0.005));
#9609=CARTESIAN_POINT('',(0.0702944916867608,0.146733078506865,1.73472347597681E-18));
#9610=CARTESIAN_POINT('',(0.0706901581395196,0.146529223637833,0.005));
#9611=CARTESIAN_POINT('',(0.0706901581395196,0.146529223637833,8.67361737988404E-19));
#9612=CARTESIAN_POINT('',(0.0690898788610657,0.147746446445619,0.005));
#9613=CARTESIAN_POINT('',(0.0681750081822973,0.14721824560049,0.005));
#9614=CARTESIAN_POINT('',(0.0681750081822973,0.14721824560049,-6.93889390390723E-18));
#9615=CARTESIAN_POINT('',(0.068197648047636,0.14717228105943,0.00500000000000003));
#9616=CARTESIAN_POINT('',(0.068197648047636,0.14717228105943,1.99493199737333E-17));
#9617=CARTESIAN_POINT('',(0.0682910148566843,0.146925810906532,0.00499999999999999));
#9618=CARTESIAN_POINT('',(0.0682910148566843,0.146925810906532,-1.64798730217797E-17));
#9619=CARTESIAN_POINT('',(0.0684211020176746,0.14629256052482,0.005));
#9620=CARTESIAN_POINT('',(0.0684211020176746,0.14629256052482,-3.46944695195361E-18));
#9621=CARTESIAN_POINT('',(0.0684503041430104,0.145668336332042,0.005));
#9622=CARTESIAN_POINT('',(0.0684503041430104,0.145668336332042,-7.80625564189563E-18));
#9623=CARTESIAN_POINT('',(0.0684290144118976,0.145223751698014,0.005));
#9624=CARTESIAN_POINT('',(0.0684290144118976,0.145223751698014,-7.80625564189563E-18));
#9625=CARTESIAN_POINT('',(0.0681750081775155,0.147218245610199,-8.67361737988404E-19));
#9626=CARTESIAN_POINT('',(0.0615862597582786,0.159686694301448,0.005));
#9627=CARTESIAN_POINT('',(0.0685970293417074,0.147858270490639,0.005));
#9628=CARTESIAN_POINT('',(0.0683245904734539,0.147700977836715,0.005));
#9629=CARTESIAN_POINT('',(0.0687844093885105,0.14754212679473,0.0025));
#9630=CARTESIAN_POINT('',(0.0685046889219513,0.147380630108076,0.0025));
#9631=CARTESIAN_POINT('',(0.071408423908734,0.149567459636467,0.005));
#9632=CARTESIAN_POINT('',(0.071408423908734,0.149567459636467,0.));
#9633=CARTESIAN_POINT('',(0.0714451426818824,0.149531724020688,0.005));
#9634=CARTESIAN_POINT('',(0.0714451426818824,0.149531724020688,0.));
#9635=CARTESIAN_POINT('',(0.0716506977961723,0.149366763442675,0.005));
#9636=CARTESIAN_POINT('',(0.0716506977961723,0.149366763442675,-8.67361737988404E-19));
#9637=CARTESIAN_POINT('',(0.0722127555546446,0.149047358070891,0.005));
#9638=CARTESIAN_POINT('',(0.0722127555546446,0.149047358070891,0.));
#9639=CARTESIAN_POINT('',(0.0727974040878127,0.148826689315432,0.005));
#9640=CARTESIAN_POINT('',(0.0727974040878127,0.148826689315432,8.67361737988404E-19));
#9641=CARTESIAN_POINT('',(0.0732268080897708,0.148709552845584,0.005));
#9642=CARTESIAN_POINT('',(0.0732268080897708,0.148709552845584,8.67361737988404E-19));
#9643=CARTESIAN_POINT('',(0.0714084239009785,0.149567459644014,0.005));
#9644=CARTESIAN_POINT('',(0.0706233644723614,0.148860588944944,0.005));
#9645=CARTESIAN_POINT('',(0.0706233644723614,0.148860588944944,-1.82145964977565E-17));
#9646=CARTESIAN_POINT('',(0.0706550661677732,0.148820335932069,0.00499999999999997));
#9647=CARTESIAN_POINT('',(0.0706550661677732,0.148820335932069,-4.42354486374086E-17));
#9648=CARTESIAN_POINT('',(0.0707976367142565,0.148598663794496,0.00500000000000001));
#9649=CARTESIAN_POINT('',(0.0707976367142565,0.148598663794496,-6.07153216591882E-18));
#9650=CARTESIAN_POINT('',(0.0710565413162389,0.148006298094555,0.00499999999999999));
#9651=CARTESIAN_POINT('',(0.0710565413162389,0.148006298094555,-2.86229373536173E-17));
#9652=CARTESIAN_POINT('',(0.0712148888124408,0.147401786161325,0.005));
#9653=CARTESIAN_POINT('',(0.0712148888124408,0.147401786161325,-1.90819582357449E-17));
#9654=CARTESIAN_POINT('',(0.071286498656006,0.146962490384233,0.005));
#9655=CARTESIAN_POINT('',(0.071286498656006,0.146962490384233,-1.90819582357449E-17));
#9656=CARTESIAN_POINT('',(0.0706233644656657,0.148860588953446,-8.67361737988404E-19));
#9657=CARTESIAN_POINT('',(0.0615862597582783,0.159686694301448,0.005));
#9658=CARTESIAN_POINT('',(0.0709030947998211,0.149574370888467,0.005));
#9659=CARTESIAN_POINT('',(0.0706693123561228,0.149363872230675,0.005));
#9660=CARTESIAN_POINT('',(0.0711521101133848,0.149304094193182,0.0025));
#9661=CARTESIAN_POINT('',(0.0709120792593274,0.149087969441447,0.0025));
#9662=CARTESIAN_POINT('',(0.0754804943780996,0.157273384720643,0.005));
#9663=CARTESIAN_POINT('',(0.0754804943780996,0.157273384720643,0.));
#9664=CARTESIAN_POINT('',(0.0755312053575253,0.157266056753513,0.005));
#9665=CARTESIAN_POINT('',(0.0755312053575253,0.157266056753513,0.));
#9666=CARTESIAN_POINT('',(0.0757944643332322,0.157253423107211,0.005));
#9667=CARTESIAN_POINT('',(0.0757944643332322,0.157253423107211,2.60208521396521E-18));
#9668=CARTESIAN_POINT('',(0.0764369203786942,0.15732538799471,0.005));
#9669=CARTESIAN_POINT('',(0.0764369203786942,0.15732538799471,-1.73472347597681E-18));
#9670=CARTESIAN_POINT('',(0.0770396168178642,0.157490511006987,0.005));
#9671=CARTESIAN_POINT('',(0.0770396168178642,0.157490511006987,0.));
#9672=CARTESIAN_POINT('',(0.0774558630423833,0.157648142951845,0.005));
#9673=CARTESIAN_POINT('',(0.0774558630423833,0.157648142951845,0.));
#9674=CARTESIAN_POINT('',(0.0754804943673889,0.15727338472219,0.005));
#9675=CARTESIAN_POINT('',(0.0752608561202344,0.156240067959503,0.005));
#9676=CARTESIAN_POINT('',(0.0752608561202344,0.156240067959503,7.80625564189563E-18));
#9677=CARTESIAN_POINT('',(0.0753101634579015,0.156226136377048,0.005));
#9678=CARTESIAN_POINT('',(0.0753101634579015,0.156226136377048,7.80625564189563E-18));
#9679=CARTESIAN_POINT('',(0.0755558010662136,0.156130600715205,0.005));
#9680=CARTESIAN_POINT('',(0.0755558010662136,0.156130600715205,6.07153216591882E-18));
#9681=CARTESIAN_POINT('',(0.0761134431115282,0.155803547103864,0.005));
#9682=CARTESIAN_POINT('',(0.0761134431115282,0.155803547103864,9.54097911787244E-18));
#9683=CARTESIAN_POINT('',(0.0765968721261594,0.155407560999587,0.005));
#9684=CARTESIAN_POINT('',(0.0765968721261594,0.155407560999587,7.80625564189563E-18));
#9685=CARTESIAN_POINT('',(0.0769130172857375,0.155094254460326,0.005));
#9686=CARTESIAN_POINT('',(0.0769130172857375,0.155094254460326,7.80625564189563E-18));
#9687=CARTESIAN_POINT('',(0.0752608561098201,0.156240067962445,-8.67361737988404E-19));
#9688=CARTESIAN_POINT('',(0.0615862597582778,0.159686694301447,0.005));
#9689=CARTESIAN_POINT('',(0.0750676122092362,0.156981951043191,0.005));
#9690=CARTESIAN_POINT('',(0.0750022062459751,0.156674240179093,0.005));
#9691=CARTESIAN_POINT('',(0.0754279344852955,0.156909660132429,0.0025));
#9692=CARTESIAN_POINT('',(0.0753607803869142,0.15659372493926,0.0025));
#9693=CARTESIAN_POINT('',(0.0756786272911008,0.160214895137581,0.005));
#9694=CARTESIAN_POINT('',(0.0756786272911008,0.160214895137581,8.67361737988404E-19));
#9695=CARTESIAN_POINT('',(0.0757297536839932,0.160218270709589,0.005));
#9696=CARTESIAN_POINT('',(0.0757297536839932,0.160218270709589,0.));
#9697=CARTESIAN_POINT('',(0.0759898865022162,0.160260647757533,0.005));
#9698=CARTESIAN_POINT('',(0.0759898865022162,0.160260647757533,3.46944695195361E-18));
#9699=CARTESIAN_POINT('',(0.0766033410002226,0.160464614162266,0.005));
#9700=CARTESIAN_POINT('',(0.0766033410002226,0.160464614162266,2.60208521396521E-18));
#9701=CARTESIAN_POINT('',(0.0771585360714914,0.160751436476266,0.005));
#9702=CARTESIAN_POINT('',(0.0771585360714914,0.160751436476266,8.67361737988404E-19));
#9703=CARTESIAN_POINT('',(0.0775329127931376,0.160992166241266,0.005));
#9704=CARTESIAN_POINT('',(0.0775329127931376,0.160992166241266,8.67361737988404E-19));
#9705=CARTESIAN_POINT('',(0.0756786272803023,0.160214895136868,0.005));
#9706=CARTESIAN_POINT('',(0.0756786272910995,0.159158493465313,0.005));
#9707=CARTESIAN_POINT('',(0.0756786272910995,0.159158493465313,0.));
#9708=CARTESIAN_POINT('',(0.0757297536840013,0.159155117893304,0.005));
#9709=CARTESIAN_POINT('',(0.0757297536840013,0.159155117893304,8.67361737988404E-19));
#9710=CARTESIAN_POINT('',(0.0759898865022085,0.159112740845361,0.005));
#9711=CARTESIAN_POINT('',(0.0759898865022085,0.159112740845361,-1.73472347597681E-18));
#9712=CARTESIAN_POINT('',(0.0766033410002235,0.15890877444063,0.005));
#9713=CARTESIAN_POINT('',(0.0766033410002235,0.15890877444063,-8.67361737988404E-19));
#9714=CARTESIAN_POINT('',(0.0771585360714906,0.158621952126624,0.005));
#9715=CARTESIAN_POINT('',(0.0771585360714906,0.158621952126624,8.67361737988404E-19));
#9716=CARTESIAN_POINT('',(0.0775329127931376,0.158381222361628,0.005));
#9717=CARTESIAN_POINT('',(0.0775329127931376,0.158381222361628,0.));
#9718=CARTESIAN_POINT('',(0.075678627280301,0.159158493466026,-8.67361737988404E-19));
#9719=CARTESIAN_POINT('',(0.0615862597582777,0.159686694301446,0.005));
#9720=CARTESIAN_POINT('',(0.0753353600568816,0.159843986955371,0.005));
#9721=CARTESIAN_POINT('',(0.0753353600568816,0.159529401647523,0.005));
#9722=CARTESIAN_POINT('',(0.0757028385521871,0.15984819098811,0.0025));
#9723=CARTESIAN_POINT('',(0.0757028385521766,0.159525197614784,0.0025));
#9724=CARTESIAN_POINT('',(0.0752608561202356,0.163133320643391,0.005));
#9725=CARTESIAN_POINT('',(0.0752608561202356,0.163133320643391,0.));
#9726=CARTESIAN_POINT('',(0.0753101634578944,0.163147252225845,0.005));
#9727=CARTESIAN_POINT('',(0.0753101634578944,0.163147252225845,8.67361737988404E-19));
#9728=CARTESIAN_POINT('',(0.0755558010662205,0.16324278788769,0.005));
#9729=CARTESIAN_POINT('',(0.0755558010662205,0.16324278788769,8.67361737988404E-19));
#9730=CARTESIAN_POINT('',(0.0761134431115273,0.16356984149903,0.005));
#9731=CARTESIAN_POINT('',(0.0761134431115273,0.16356984149903,1.73472347597681E-18));
#9732=CARTESIAN_POINT('',(0.07659687212616,0.163965827603307,0.005));
#9733=CARTESIAN_POINT('',(0.07659687212616,0.163965827603307,0.));
#9734=CARTESIAN_POINT('',(0.0769130172857375,0.164279134142568,0.005));
#9735=CARTESIAN_POINT('',(0.0769130172857375,0.164279134142568,0.));
#9736=CARTESIAN_POINT('',(0.0752608561098214,0.163133320640448,0.005));
#9737=CARTESIAN_POINT('',(0.0754804943780984,0.162100003882251,0.005));
#9738=CARTESIAN_POINT('',(0.0754804943780984,0.162100003882251,8.67361737988404E-18));
#9739=CARTESIAN_POINT('',(0.0755312053575331,0.162107331849383,0.005));
#9740=CARTESIAN_POINT('',(0.0755312053575331,0.162107331849383,7.80625564189563E-18));
#9741=CARTESIAN_POINT('',(0.0757944643332246,0.162119965495682,0.005));
#9742=CARTESIAN_POINT('',(0.0757944643332246,0.162119965495682,8.67361737988404E-18));
#9743=CARTESIAN_POINT('',(0.076436920378695,0.162048000608185,0.005));
#9744=CARTESIAN_POINT('',(0.076436920378695,0.162048000608185,6.07153216591882E-18));
#9745=CARTESIAN_POINT('',(0.0770396168178634,0.161882877595906,0.005));
#9746=CARTESIAN_POINT('',(0.0770396168178634,0.161882877595906,7.80625564189563E-18));
#9747=CARTESIAN_POINT('',(0.0774558630423833,0.161725245651049,0.005));
#9748=CARTESIAN_POINT('',(0.0774558630423833,0.161725245651049,7.80625564189563E-18));
#9749=CARTESIAN_POINT('',(0.0754804943673876,0.162100003880703,-8.67361737988404E-19));
#9750=CARTESIAN_POINT('',(0.0615862597582778,0.159686694301446,0.005));
#9751=CARTESIAN_POINT('',(0.075002206245975,0.162699148423801,0.005));
#9752=CARTESIAN_POINT('',(0.0750676122092361,0.162391437559704,0.005));
#9753=CARTESIAN_POINT('',(0.0753607803869243,0.162779663663636,0.0025));
#9754=CARTESIAN_POINT('',(0.0754279344852852,0.162463728470463,0.0025));
#9755=CARTESIAN_POINT('',(0.0742454394703596,0.16590111203931,0.005));
#9756=CARTESIAN_POINT('',(0.0742454394703596,0.16590111203931,-7.80625564189563E-18));
#9757=CARTESIAN_POINT('',(0.0742907727855237,0.165924990755203,0.005));
#9758=CARTESIAN_POINT('',(0.0742907727855237,0.165924990755203,-7.80625564189563E-18));
#9759=CARTESIAN_POINT('',(0.0745111796417729,0.1660695096641,0.005));
#9760=CARTESIAN_POINT('',(0.0745111796417729,0.1660695096641,-6.93889390390723E-18));
#9761=CARTESIAN_POINT('',(0.0749886376011346,0.166505356669851,0.005));
#9762=CARTESIAN_POINT('',(0.0749886376011346,0.166505356669851,-9.54097911787244E-18));
#9763=CARTESIAN_POINT('',(0.0753791723914434,0.166993200071502,0.005));
#9764=CARTESIAN_POINT('',(0.0753791723914434,0.166993200071502,-7.80625564189563E-18));
#9765=CARTESIAN_POINT('',(0.075623268928445,0.167365390385841,0.005));
#9766=CARTESIAN_POINT('',(0.075623268928445,0.167365390385841,-7.80625564189563E-18));
#9767=CARTESIAN_POINT('',(0.0742454394607845,0.165901112034266,0.005));
#9768=CARTESIAN_POINT('',(0.0746751167402761,0.164936041090163,0.005));
#9769=CARTESIAN_POINT('',(0.0746751167402761,0.164936041090163,-1.64798730217797E-17));
#9770=CARTESIAN_POINT('',(0.0747231959931053,0.16495375232911,0.005));
#9771=CARTESIAN_POINT('',(0.0747231959931053,0.16495375232911,-1.64798730217797E-17));
#9772=CARTESIAN_POINT('',(0.0749780754457847,0.165020844518683,0.005));
#9773=CARTESIAN_POINT('',(0.0749780754457847,0.165020844518683,-1.64798730217797E-17));
#9774=CARTESIAN_POINT('',(0.0756214546266782,0.165084026359332,0.005));
#9775=CARTESIAN_POINT('',(0.0756214546266782,0.165084026359332,-1.73472347597681E-17));
#9776=CARTESIAN_POINT('',(0.0762453117072977,0.165047819316763,0.005));
#9777=CARTESIAN_POINT('',(0.0762453117072977,0.165047819316763,-1.64798730217797E-17));
#9778=CARTESIAN_POINT('',(0.0766852354773083,0.164980174464438,0.005));
#9779=CARTESIAN_POINT('',(0.0766852354773083,0.164980174464438,-1.64798730217797E-17));
#9780=CARTESIAN_POINT('',(0.0746751167301214,0.164936041086423,-8.67361737988404E-19));
#9781=CARTESIAN_POINT('',(0.0615862597582779,0.159686694301446,0.005));
#9782=CARTESIAN_POINT('',(0.0740827111967024,0.165422651191726,0.005));
#9783=CARTESIAN_POINT('',(0.0742106645687774,0.1651352632127,0.005));
#9784=CARTESIAN_POINT('',(0.0744167095727064,0.165575958736321,0.0025));
#9785=CARTESIAN_POINT('',(0.0745480828130991,0.165280889607267,0.0025));
#9786=CARTESIAN_POINT('',(0.0654386919697812,0.173252555308371,0.005));
#9787=CARTESIAN_POINT('',(0.0654386919697812,0.173252555308371,8.67361737988404E-19));
#9788=CARTESIAN_POINT('',(0.0654512805342909,0.173302222506602,0.005));
#9789=CARTESIAN_POINT('',(0.0654512805342909,0.173302222506602,8.67361737988404E-19));
#9790=CARTESIAN_POINT('',(0.0654913630283281,0.173562718746462,0.005));
#9791=CARTESIAN_POINT('',(0.0654913630283281,0.173562718746462,-8.67361737988404E-19));
#9792=CARTESIAN_POINT('',(0.0654869473151622,0.174209177729585,0.005));
#9793=CARTESIAN_POINT('',(0.0654869473151622,0.174209177729585,1.73472347597681E-18));
#9794=CARTESIAN_POINT('',(0.065385727796627,0.174825832589324,0.005));
#9795=CARTESIAN_POINT('',(0.065385727796627,0.174825832589324,0.));
#9796=CARTESIAN_POINT('',(0.0652724689542461,0.17525627559843,0.005));
#9797=CARTESIAN_POINT('',(0.0652724689542461,0.17525627559843,0.));
#9798=CARTESIAN_POINT('',(0.0654386919671223,0.173252555297881,0.005));
#9799=CARTESIAN_POINT('',(0.0664433896640163,0.172926109238753,0.005));
#9800=CARTESIAN_POINT('',(0.0664433896640163,0.172926109238753,8.67361737988404E-19));
#9801=CARTESIAN_POINT('',(0.0664623989480393,0.17297369021876,0.005));
#9802=CARTESIAN_POINT('',(0.0664623989480393,0.17297369021876,8.67361737988404E-19));
#9803=CARTESIAN_POINT('',(0.0665830873772474,0.173207996002633,0.005));
#9804=CARTESIAN_POINT('',(0.0665830873772474,0.173207996002633,1.73472347597681E-18));
#9805=CARTESIAN_POINT('',(0.0669666388207354,0.173728396815078,0.005));
#9806=CARTESIAN_POINT('',(0.0669666388207354,0.173728396815078,1.73472347597681E-18));
#9807=CARTESIAN_POINT('',(0.067410987763702,0.174167785736024,0.005));
#9808=CARTESIAN_POINT('',(0.067410987763702,0.174167785736024,1.73472347597681E-18));
#9809=CARTESIAN_POINT('',(0.0677556241446567,0.174449449568263,0.005));
#9810=CARTESIAN_POINT('',(0.0677556241446567,0.174449449568263,1.73472347597681E-18));
#9811=CARTESIAN_POINT('',(0.0664433896600014,0.172926109228704,-8.67361737988404E-19));
#9812=CARTESIAN_POINT('',(0.0615862597582789,0.159686694301445,0.005));
#9813=CARTESIAN_POINT('',(0.0656853712044333,0.172811471836781,0.005));
#9814=CARTESIAN_POINT('',(0.0659845596113927,0.172714259630475,0.005));
#9815=CARTESIAN_POINT('',(0.065794930031819,0.173162263771901,0.0025));
#9816=CARTESIAN_POINT('',(0.0661021149842372,0.173062453330462,0.0025));
#9817=CARTESIAN_POINT('',(0.0681750081822979,0.172155143002404,0.005));
#9818=CARTESIAN_POINT('',(0.0681750081822979,0.172155143002404,2.16840434497101E-17));
#9819=CARTESIAN_POINT('',(0.0681976480476325,0.172201107543458,0.00499999999999997));
#9820=CARTESIAN_POINT('',(0.0681976480476325,0.172201107543458,-4.33680868994202E-18));
#9821=CARTESIAN_POINT('',(0.0682910148566869,0.172447577696368,0.00500000000000001));
#9822=CARTESIAN_POINT('',(0.0682910148566869,0.172447577696368,3.29597460435593E-17));
#9823=CARTESIAN_POINT('',(0.0684211020176736,0.173080828078073,0.00499999999999999));
#9824=CARTESIAN_POINT('',(0.0684211020176736,0.173080828078073,1.38777878078145E-17));
#9825=CARTESIAN_POINT('',(0.0684503041430102,0.173705052270853,0.005));
#9826=CARTESIAN_POINT('',(0.0684503041430102,0.173705052270853,2.08166817117217E-17));
#9827=CARTESIAN_POINT('',(0.0684290144118975,0.17414963690488,0.005));
#9828=CARTESIAN_POINT('',(0.0684290144118975,0.17414963690488,2.08166817117217E-17));
#9829=CARTESIAN_POINT('',(0.068175008177516,0.172155142992696,0.005));
#9830=CARTESIAN_POINT('',(0.0690898788670818,0.171626942166269,0.005));
#9831=CARTESIAN_POINT('',(0.0690898788670818,0.171626942166269,1.82145964977565E-17));
#9832=CARTESIAN_POINT('',(0.0691183653946439,0.171669531135319,0.00499999999999997));
#9833=CARTESIAN_POINT('',(0.0691183653946439,0.171669531135319,-8.67361737988404E-18));
#9834=CARTESIAN_POINT('',(0.0692851314038046,0.171873624240277,0.00500000000000001));
#9835=CARTESIAN_POINT('',(0.0692851314038046,0.171873624240277,3.12250225675825E-17));
#9836=CARTESIAN_POINT('',(0.0697684987408282,0.172302908217255,0.00499999999999999));
#9837=CARTESIAN_POINT('',(0.0697684987408282,0.172302908217255,8.67361737988404E-18));
#9838=CARTESIAN_POINT('',(0.0702944916867599,0.172640310096028,0.005));
#9839=CARTESIAN_POINT('',(0.0702944916867599,0.172640310096028,1.73472347597681E-17));
#9840=CARTESIAN_POINT('',(0.0706901581395195,0.172844164965061,0.005));
#9841=CARTESIAN_POINT('',(0.0706901581395195,0.172844164965061,1.73472347597681E-17));
#9842=CARTESIAN_POINT('',(0.069089878861065,0.171626942157274,-8.67361737988404E-19));
#9843=CARTESIAN_POINT('',(0.0615862597582786,0.159686694301445,0.005));
#9844=CARTESIAN_POINT('',(0.0683245904734536,0.171672410766179,0.005));
#9845=CARTESIAN_POINT('',(0.0685970293417071,0.171515118112255,0.005));
#9846=CARTESIAN_POINT('',(0.0685046889219561,0.171992758494827,0.0025));
#9847=CARTESIAN_POINT('',(0.0687844093885048,0.171831261808155,0.0025));
#9848=CARTESIAN_POINT('',(0.0726767559215816,0.16839730356,0.005));
#9849=CARTESIAN_POINT('',(0.0726767559215816,0.16839730356,1.82145964977565E-17));
#9850=CARTESIAN_POINT('',(0.0727161339308471,0.168430085794864,0.00499999999999997));
#9851=CARTESIAN_POINT('',(0.0727161339308471,0.168430085794864,-8.67361737988404E-18));
#9852=CARTESIAN_POINT('',(0.0729016771977684,0.168617271781013,0.00500000000000001));
#9853=CARTESIAN_POINT('',(0.0729016771977684,0.168617271781013,3.29597460435593E-17));
#9854=CARTESIAN_POINT('',(0.0732780838672657,0.169142863575603,0.00499999999999999));
#9855=CARTESIAN_POINT('',(0.0732780838672657,0.169142863575603,8.67361737988404E-18));
#9856=CARTESIAN_POINT('',(0.0735586561889181,0.169701243177034,0.005));
#9857=CARTESIAN_POINT('',(0.0735586561889181,0.169701243177034,1.90819582357449E-17));
#9858=CARTESIAN_POINT('',(0.0737200359133732,0.170116050763755,0.005));
#9859=CARTESIAN_POINT('',(0.0737200359133732,0.170116050763755,1.90819582357449E-17));
#9860=CARTESIAN_POINT('',(0.0726767559132644,0.168397303553076,0.005));
#9861=CARTESIAN_POINT('',(0.0732976932450368,0.167542656654248,0.005));
#9862=CARTESIAN_POINT('',(0.0732976932450368,0.167542656654248,0.));
#9863=CARTESIAN_POINT('',(0.0733410394771998,0.167569977098877,0.00500000000000003));
#9864=CARTESIAN_POINT('',(0.0733410394771998,0.167569977098877,2.60208521396521E-17));
#9865=CARTESIAN_POINT('',(0.0735763999517415,0.167688595581101,0.00499999999999999));
#9866=CARTESIAN_POINT('',(0.0735763999517415,0.167688595581101,-1.21430643318376E-17));
#9867=CARTESIAN_POINT('',(0.0741925835105755,0.167884162800275,0.00500000000000001));
#9868=CARTESIAN_POINT('',(0.0741925835105755,0.167884162800275,8.67361737988404E-18));
#9869=CARTESIAN_POINT('',(0.0748103356846234,0.16797845414892,0.005));
#9870=CARTESIAN_POINT('',(0.0748103356846234,0.16797845414892,8.67361737988404E-19));
#9871=CARTESIAN_POINT('',(0.0752547102203877,0.168003752793768,0.005));
#9872=CARTESIAN_POINT('',(0.0752547102203877,0.168003752793768,8.67361737988404E-19));
#9873=CARTESIAN_POINT('',(0.0732976932358815,0.167542656648478,-8.67361737988404E-19));
#9874=CARTESIAN_POINT('',(0.0615862597582781,0.159686694301445,0.005));
#9875=CARTESIAN_POINT('',(0.0726170612549437,0.16789546511937,0.005));
#9876=CARTESIAN_POINT('',(0.0728019698594846,0.16764096025914,0.005));
#9877=CARTESIAN_POINT('',(0.0729118865342691,0.168114864693376,0.0025));
#9878=CARTESIAN_POINT('',(0.0731017372756896,0.167853557565279,0.0025));
#9879=CARTESIAN_POINT('',(0.0706233644723622,0.17051279965795,0.005));
#9880=CARTESIAN_POINT('',(0.0706233644723622,0.17051279965795,-1.82145964977565E-17));
#9881=CARTESIAN_POINT('',(0.0706550661677685,0.170553052670821,0.00500000000000003));
#9882=CARTESIAN_POINT('',(0.0706550661677685,0.170553052670821,7.80625564189563E-18));
#9883=CARTESIAN_POINT('',(0.0707976367142605,0.170774724808403,0.00499999999999999));
#9884=CARTESIAN_POINT('',(0.0707976367142605,0.170774724808403,-2.68882138776405E-17));
#9885=CARTESIAN_POINT('',(0.0710565413162378,0.171367090508338,0.00500000000000001));
#9886=CARTESIAN_POINT('',(0.0710565413162378,0.171367090508338,-1.21430643318376E-17));
#9887=CARTESIAN_POINT('',(0.071214888812441,0.171971602441571,0.005));
#9888=CARTESIAN_POINT('',(0.071214888812441,0.171971602441571,-1.82145964977565E-17));
#9889=CARTESIAN_POINT('',(0.071286498656006,0.17241089821866,0.005));
#9890=CARTESIAN_POINT('',(0.071286498656006,0.17241089821866,-1.82145964977565E-17));
#9891=CARTESIAN_POINT('',(0.0706233644656665,0.170512799649448,0.005));
#9892=CARTESIAN_POINT('',(0.0714084239087331,0.169805928966426,0.005));
#9893=CARTESIAN_POINT('',(0.0714084239087331,0.169805928966426,-8.67361737988404E-19));
#9894=CARTESIAN_POINT('',(0.0714451426818873,0.169841664582211,0.005));
#9895=CARTESIAN_POINT('',(0.0714451426818873,0.169841664582211,-8.67361737988404E-19));
#9896=CARTESIAN_POINT('',(0.071650697796167,0.170006625160214,0.005));
#9897=CARTESIAN_POINT('',(0.071650697796167,0.170006625160214,-8.67361737988404E-19));
#9898=CARTESIAN_POINT('',(0.0722127555546445,0.170326030532004,0.005));
#9899=CARTESIAN_POINT('',(0.0722127555546445,0.170326030532004,-3.46944695195361E-18));
#9900=CARTESIAN_POINT('',(0.0727974040878118,0.170546699287458,0.005));
#9901=CARTESIAN_POINT('',(0.0727974040878118,0.170546699287458,-8.67361737988404E-19));
#9902=CARTESIAN_POINT('',(0.0732268080897708,0.170663835757309,0.005));
#9903=CARTESIAN_POINT('',(0.0732268080897708,0.170663835757309,-8.67361737988404E-19));
#9904=CARTESIAN_POINT('',(0.0714084239009776,0.169805928958879,-8.67361737988404E-19));
#9905=CARTESIAN_POINT('',(0.0615862597582783,0.159686694301445,0.005));
#9906=CARTESIAN_POINT('',(0.0706693123561226,0.170009516372219,0.005));
#9907=CARTESIAN_POINT('',(0.0709030947998209,0.169799017714427,0.005));
#9908=CARTESIAN_POINT('',(0.0709120792593341,0.170285419161455,0.0025));
#9909=CARTESIAN_POINT('',(0.0711521101133775,0.170069294409704,0.0025));
#9910=CARTESIAN_POINT('',(0.0476920251384593,0.162100003882251,0.005));
#9911=CARTESIAN_POINT('',(0.0476920251384593,0.162100003882251,2.16840434497101E-17));
#9912=CARTESIAN_POINT('',(0.0476413141590339,0.162107331849381,0.005));
#9913=CARTESIAN_POINT('',(0.0476413141590339,0.162107331849381,2.16840434497101E-17));
#9914=CARTESIAN_POINT('',(0.0473780551833264,0.162119965495683,0.005));
#9915=CARTESIAN_POINT('',(0.0473780551833264,0.162119965495683,2.25514051876985E-17));
#9916=CARTESIAN_POINT('',(0.0467355991378648,0.162048000608184,0.005));
#9917=CARTESIAN_POINT('',(0.0467355991378648,0.162048000608184,2.16840434497101E-17));
#9918=CARTESIAN_POINT('',(0.0461329026986946,0.161882877595906,0.005));
#9919=CARTESIAN_POINT('',(0.0461329026986946,0.161882877595906,2.08166817117217E-17));
#9920=CARTESIAN_POINT('',(0.0457166564741756,0.161725245651049,0.005));
#9921=CARTESIAN_POINT('',(0.0457166564741756,0.161725245651049,2.16840434497101E-17));
#9922=CARTESIAN_POINT('',(0.0476920251491701,0.162100003880703,0.005));
#9923=CARTESIAN_POINT('',(0.0479116633963246,0.163133320643391,0.005));
#9924=CARTESIAN_POINT('',(0.0479116633963246,0.163133320643391,7.80625564189563E-18));
#9925=CARTESIAN_POINT('',(0.0478623560586574,0.163147252225846,0.00500000000000003));
#9926=CARTESIAN_POINT('',(0.0478623560586574,0.163147252225846,3.46944695195361E-17));
#9927=CARTESIAN_POINT('',(0.0476167184503454,0.163242787887688,0.00499999999999999));
#9928=CARTESIAN_POINT('',(0.0476167184503454,0.163242787887688,-2.60208521396521E-18));
#9929=CARTESIAN_POINT('',(0.0470590764050307,0.163569841499029,0.00500000000000001));
#9930=CARTESIAN_POINT('',(0.0470590764050307,0.163569841499029,1.47451495458029E-17));
#9931=CARTESIAN_POINT('',(0.0465756473903995,0.163965827603307,0.005));
#9932=CARTESIAN_POINT('',(0.0465756473903995,0.163965827603307,7.80625564189563E-18));
#9933=CARTESIAN_POINT('',(0.0462595022308214,0.164279134142568,0.005));
#9934=CARTESIAN_POINT('',(0.0462595022308214,0.164279134142568,8.67361737988404E-18));
#9935=CARTESIAN_POINT('',(0.0479116634067388,0.163133320640448,-8.67361737988404E-19));
#9936=CARTESIAN_POINT('',(0.0615862597582812,0.159686694301446,0.005));
#9937=CARTESIAN_POINT('',(0.0481049073073228,0.162391437559703,0.005));
#9938=CARTESIAN_POINT('',(0.0481703132705838,0.1626991484238,0.005));
#9939=CARTESIAN_POINT('',(0.0477445850312634,0.162463728470465,0.0025));
#9940=CARTESIAN_POINT('',(0.0478117391296447,0.162779663663634,0.0025));
#9941=CARTESIAN_POINT('',(0.0484974027762816,0.164936041090164,0.005));
#9942=CARTESIAN_POINT('',(0.0484974027762816,0.164936041090164,0.));
#9943=CARTESIAN_POINT('',(0.0484493235234608,0.164953752329106,0.00500000000000003));
#9944=CARTESIAN_POINT('',(0.0484493235234608,0.164953752329106,2.68882138776405E-17));
#9945=CARTESIAN_POINT('',(0.0481944440707669,0.165020844518687,0.00499999999999999));
#9946=CARTESIAN_POINT('',(0.0481944440707669,0.165020844518687,-1.30104260698261E-17));
#9947=CARTESIAN_POINT('',(0.0475510648898812,0.16508402635933,0.00500000000000001));
#9948=CARTESIAN_POINT('',(0.0475510648898812,0.16508402635933,1.04083408558608E-17));
#9949=CARTESIAN_POINT('',(0.0469272078092604,0.165047819316763,0.005));
#9950=CARTESIAN_POINT('',(0.0469272078092604,0.165047819316763,8.67361737988404E-19));
#9951=CARTESIAN_POINT('',(0.0464872840392506,0.164980174464438,0.005));
#9952=CARTESIAN_POINT('',(0.0464872840392506,0.164980174464438,8.67361737988404E-19));
#9953=CARTESIAN_POINT('',(0.0484974027864364,0.164936041086423,0.005));
#9954=CARTESIAN_POINT('',(0.0489270800462008,0.16590111203931,0.005));
#9955=CARTESIAN_POINT('',(0.0489270800462008,0.16590111203931,2.16840434497101E-17));
#9956=CARTESIAN_POINT('',(0.0488817467310261,0.165924990755209,0.00500000000000003));
#9957=CARTESIAN_POINT('',(0.0488817467310261,0.165924990755209,4.77048955893622E-17));
#9958=CARTESIAN_POINT('',(0.0486613398747944,0.166069509664093,0.00499999999999999));
#9959=CARTESIAN_POINT('',(0.0486613398747944,0.166069509664093,6.93889390390723E-18));
#9960=CARTESIAN_POINT('',(0.0481838819154228,0.166505356669852,0.00500000000000001));
#9961=CARTESIAN_POINT('',(0.0481838819154228,0.166505356669852,3.03576608295941E-17));
#9962=CARTESIAN_POINT('',(0.0477933471251163,0.166993200071501,0.005));
#9963=CARTESIAN_POINT('',(0.0477933471251163,0.166993200071501,2.16840434497101E-17));
#9964=CARTESIAN_POINT('',(0.0475492505881139,0.167365390385841,0.005));
#9965=CARTESIAN_POINT('',(0.0475492505881139,0.167365390385841,2.16840434497101E-17));
#9966=CARTESIAN_POINT('',(0.0489270800557755,0.165901112034266,-8.67361737988404E-19));
#9967=CARTESIAN_POINT('',(0.0615862597582811,0.159686694301446,0.005));
#9968=CARTESIAN_POINT('',(0.0489618549477814,0.1651352632127,0.005));
#9969=CARTESIAN_POINT('',(0.0490898083198564,0.165422651191726,0.005));
#9970=CARTESIAN_POINT('',(0.0486244367034501,0.16528088960727,0.0025));
#9971=CARTESIAN_POINT('',(0.0487558099438618,0.165575958736317,0.0025));
#9972=CARTESIAN_POINT('',(0.0517640956078249,0.169805928966427,0.005));
#9973=CARTESIAN_POINT('',(0.0517640956078249,0.169805928966427,1.90819582357449E-17));
#9974=CARTESIAN_POINT('',(0.0517273768346773,0.169841664582205,0.005));
#9975=CARTESIAN_POINT('',(0.0517273768346773,0.169841664582205,1.90819582357449E-17));
#9976=CARTESIAN_POINT('',(0.0515218217203861,0.170006625160219,0.005));
#9977=CARTESIAN_POINT('',(0.0515218217203861,0.170006625160219,1.90819582357449E-17));
#9978=CARTESIAN_POINT('',(0.0509597639619143,0.170326030532003,0.005));
#9979=CARTESIAN_POINT('',(0.0509597639619143,0.170326030532003,1.73472347597681E-17));
#9980=CARTESIAN_POINT('',(0.0503751154287462,0.170546699287459,0.005));
#9981=CARTESIAN_POINT('',(0.0503751154287462,0.170546699287459,1.90819582357449E-17));
#9982=CARTESIAN_POINT('',(0.0499457114267881,0.17066383575731,0.005));
#9983=CARTESIAN_POINT('',(0.0499457114267881,0.17066383575731,1.90819582357449E-17));
#9984=CARTESIAN_POINT('',(0.0517640956155804,0.169805928958879,0.005));
#9985=CARTESIAN_POINT('',(0.0525491550441975,0.170512799657949,0.005));
#9986=CARTESIAN_POINT('',(0.0525491550441975,0.170512799657949,5.20417042793042E-18));
#9987=CARTESIAN_POINT('',(0.0525174533487855,0.170553052670825,0.00499999999999997));
#9988=CARTESIAN_POINT('',(0.0525174533487855,0.170553052670825,-2.08166817117217E-17));
#9989=CARTESIAN_POINT('',(0.0523748828023025,0.170774724808398,0.00500000000000001));
#9990=CARTESIAN_POINT('',(0.0523748828023025,0.170774724808398,1.82145964977565E-17));
#9991=CARTESIAN_POINT('',(0.05211597820032,0.171367090508338,0.00499999999999999));
#9992=CARTESIAN_POINT('',(0.05211597820032,0.171367090508338,-5.20417042793042E-18));
#9993=CARTESIAN_POINT('',(0.0519576307041179,0.17197160244157,0.005));
#9994=CARTESIAN_POINT('',(0.0519576307041179,0.17197160244157,6.07153216591882E-18));
#9995=CARTESIAN_POINT('',(0.0518860208605529,0.172410898218661,0.005));
#9996=CARTESIAN_POINT('',(0.0518860208605529,0.172410898218661,6.07153216591882E-18));
#9997=CARTESIAN_POINT('',(0.0525491550508932,0.170512799649447,-8.67361737988404E-19));
#9998=CARTESIAN_POINT('',(0.0615862597582807,0.159686694301445,0.005));
#9999=CARTESIAN_POINT('',(0.0522694247167378,0.169799017714426,0.005));
#10000=CARTESIAN_POINT('',(0.0525032071604361,0.170009516372219,0.005));
#10001=CARTESIAN_POINT('',(0.0520204094031741,0.170069294409711,0.0025));
#10002=CARTESIAN_POINT('',(0.0522604402572315,0.170285419161447,0.0025));
#10003=CARTESIAN_POINT('',(0.0498748262715212,0.167542656654249,0.005));
#10004=CARTESIAN_POINT('',(0.0498748262715212,0.167542656654249,0.));
#10005=CARTESIAN_POINT('',(0.0498314800393645,0.167569977098873,0.005));
#10006=CARTESIAN_POINT('',(0.0498314800393645,0.167569977098873,0.));
#10007=CARTESIAN_POINT('',(0.0495961195648118,0.167688595581104,0.005));
#10008=CARTESIAN_POINT('',(0.0495961195648118,0.167688595581104,2.60208521396521E-18));
#10009=CARTESIAN_POINT('',(0.0489799360059834,0.167884162800274,0.00499999999999999));
#10010=CARTESIAN_POINT('',(0.0489799360059834,0.167884162800274,-5.20417042793042E-18));
#10011=CARTESIAN_POINT('',(0.0483621838319355,0.16797845414892,0.005));
#10012=CARTESIAN_POINT('',(0.0483621838319355,0.16797845414892,0.));
#10013=CARTESIAN_POINT('',(0.0479178092961711,0.168003752793768,0.005));
#10014=CARTESIAN_POINT('',(0.0479178092961711,0.168003752793768,0.));
#10015=CARTESIAN_POINT('',(0.0498748262806763,0.167542656648479,0.005));
#10016=CARTESIAN_POINT('',(0.0504957635949784,0.168397303559999,0.005));
#10017=CARTESIAN_POINT('',(0.0504957635949784,0.168397303559999,6.07153216591882E-18));
#10018=CARTESIAN_POINT('',(0.0504563855857048,0.16843008579487,0.005));
#10019=CARTESIAN_POINT('',(0.0504563855857048,0.16843008579487,6.07153216591882E-18));
#10020=CARTESIAN_POINT('',(0.0502708423187965,0.168617271781007,0.005));
#10021=CARTESIAN_POINT('',(0.0502708423187965,0.168617271781007,7.80625564189563E-18));
#10022=CARTESIAN_POINT('',(0.0498944356492919,0.169142863575603,0.005));
#10023=CARTESIAN_POINT('',(0.0498944356492919,0.169142863575603,3.46944695195361E-18));
#10024=CARTESIAN_POINT('',(0.049613863327641,0.169701243177033,0.005));
#10025=CARTESIAN_POINT('',(0.049613863327641,0.169701243177033,6.07153216591882E-18));
#10026=CARTESIAN_POINT('',(0.0494524836031857,0.170116050763754,0.005));
#10027=CARTESIAN_POINT('',(0.0494524836031857,0.170116050763754,6.07153216591882E-18));
#10028=CARTESIAN_POINT('',(0.0504957636032955,0.168397303553075,-8.67361737988404E-19));
#10029=CARTESIAN_POINT('',(0.0615862597582809,0.159686694301445,0.005));
#10030=CARTESIAN_POINT('',(0.0503705496570742,0.16764096025914,0.005));
#10031=CARTESIAN_POINT('',(0.050555458261615,0.16789546511937,0.005));
#10032=CARTESIAN_POINT('',(0.0500707822408606,0.167853557565285,0.0025));
#10033=CARTESIAN_POINT('',(0.050260632982298,0.16811486469337,0.0025));
#10034=CARTESIAN_POINT('',(0.0540826406494765,0.17162694216627,0.005));
#10035=CARTESIAN_POINT('',(0.0540826406494765,0.17162694216627,-4.33680868994202E-18));
#10036=CARTESIAN_POINT('',(0.0540541541219188,0.171669531135313,0.005));
#10037=CARTESIAN_POINT('',(0.0540541541219188,0.171669531135313,-3.46944695195361E-18));
#10038=CARTESIAN_POINT('',(0.0538873881127498,0.171873624240283,0.005));
#10039=CARTESIAN_POINT('',(0.0538873881127498,0.171873624240283,-3.46944695195361E-18));
#10040=CARTESIAN_POINT('',(0.0534040207757303,0.172302908217254,0.005));
#10041=CARTESIAN_POINT('',(0.0534040207757303,0.172302908217254,-8.67361737988404E-18));
#10042=CARTESIAN_POINT('',(0.052878027829798,0.172640310096029,0.005));
#10043=CARTESIAN_POINT('',(0.052878027829798,0.172640310096029,-3.46944695195361E-18));
#10044=CARTESIAN_POINT('',(0.0524823613770393,0.172844164965061,0.005));
#10045=CARTESIAN_POINT('',(0.0524823613770393,0.172844164965061,-4.33680868994202E-18));
#10046=CARTESIAN_POINT('',(0.0540826406554932,0.171626942157275,0.005));
#10047=CARTESIAN_POINT('',(0.0549975113342616,0.172155143002403,0.005));
#10048=CARTESIAN_POINT('',(0.0549975113342616,0.172155143002403,-1.47451495458029E-17));
#10049=CARTESIAN_POINT('',(0.0549748714689231,0.172201107543464,0.005));
#10050=CARTESIAN_POINT('',(0.0549748714689231,0.172201107543464,-1.47451495458029E-17));
#10051=CARTESIAN_POINT('',(0.0548815046598746,0.172447577696362,0.005));
#10052=CARTESIAN_POINT('',(0.0548815046598746,0.172447577696362,-1.38777878078145E-17));
#10053=CARTESIAN_POINT('',(0.0547514174988842,0.173080828078073,0.005));
#10054=CARTESIAN_POINT('',(0.0547514174988842,0.173080828078073,-1.56125112837913E-17));
#10055=CARTESIAN_POINT('',(0.0547222153735487,0.173705052270852,0.005));
#10056=CARTESIAN_POINT('',(0.0547222153735487,0.173705052270852,-1.56125112837913E-17));
#10057=CARTESIAN_POINT('',(0.0547435051046614,0.17414963690488,0.005));
#10058=CARTESIAN_POINT('',(0.0547435051046614,0.17414963690488,-1.47451495458029E-17));
#10059=CARTESIAN_POINT('',(0.0549975113390434,0.172155142992694,-8.67361737988404E-19));
#10060=CARTESIAN_POINT('',(0.0615862597582803,0.159686694301445,0.005));
#10061=CARTESIAN_POINT('',(0.0545754901748515,0.171515118112255,0.005));
#10062=CARTESIAN_POINT('',(0.054847929043105,0.171672410766179,0.005));
#10063=CARTESIAN_POINT('',(0.0543881101280485,0.171831261808164,0.0025));
#10064=CARTESIAN_POINT('',(0.0546678305946077,0.171992758494817,0.0025));
#10065=CARTESIAN_POINT('',(0.056729129852542,0.172926109238754,0.005));
#10066=CARTESIAN_POINT('',(0.056729129852542,0.172926109238754,-8.67361737988404E-19));
#10067=CARTESIAN_POINT('',(0.0567101205685224,0.172973690218752,0.005));
#10068=CARTESIAN_POINT('',(0.0567101205685224,0.172973690218752,-1.73472347597681E-18));
#10069=CARTESIAN_POINT('',(0.0565894321393078,0.173207996002641,0.005));
#10070=CARTESIAN_POINT('',(0.0565894321393078,0.173207996002641,8.67361737988404E-19));
#10071=CARTESIAN_POINT('',(0.0562058806958226,0.173728396815076,0.005));
#10072=CARTESIAN_POINT('',(0.0562058806958226,0.173728396815076,-2.60208521396521E-18));
#10073=CARTESIAN_POINT('',(0.0557615317528571,0.174167785736025,0.005));
#10074=CARTESIAN_POINT('',(0.0557615317528571,0.174167785736025,-8.67361737988404E-19));
#10075=CARTESIAN_POINT('',(0.0554168953719021,0.174449449568263,0.005));
#10076=CARTESIAN_POINT('',(0.0554168953719021,0.174449449568263,-8.67361737988404E-19));
#10077=CARTESIAN_POINT('',(0.0567291298565571,0.172926109228705,0.005));
#10078=CARTESIAN_POINT('',(0.057733827546778,0.17325255530837,0.005));
#10079=CARTESIAN_POINT('',(0.057733827546778,0.17325255530837,8.67361737988404E-19));
#10080=CARTESIAN_POINT('',(0.057721238982266,0.173302222506608,0.005));
#10081=CARTESIAN_POINT('',(0.057721238982266,0.173302222506608,8.67361737988404E-19));
#10082=CARTESIAN_POINT('',(0.057681156488232,0.173562718746456,0.005));
#10083=CARTESIAN_POINT('',(0.057681156488232,0.173562718746456,0.));
#10084=CARTESIAN_POINT('',(0.0576855722013959,0.174209177729585,0.005));
#10085=CARTESIAN_POINT('',(0.0576855722013959,0.174209177729585,-8.67361737988404E-19));
#10086=CARTESIAN_POINT('',(0.0577867917199317,0.174825832589323,0.005));
#10087=CARTESIAN_POINT('',(0.0577867917199317,0.174825832589323,8.67361737988404E-19));
#10088=CARTESIAN_POINT('',(0.0579000505623128,0.17525627559843,0.005));
#10089=CARTESIAN_POINT('',(0.0579000505623128,0.17525627559843,8.67361737988404E-19));
#10090=CARTESIAN_POINT('',(0.0577338275494369,0.17325255529788,-8.67361737988404E-19));
#10091=CARTESIAN_POINT('',(0.06158625975828,0.159686694301445,0.005));
#10092=CARTESIAN_POINT('',(0.0571879599051659,0.172714259630475,0.005));
#10093=CARTESIAN_POINT('',(0.0574871483121252,0.172811471836781,0.005));
#10094=CARTESIAN_POINT('',(0.0570704045323181,0.173062453330473,0.0025));
#10095=CARTESIAN_POINT('',(0.0573775894847427,0.173162263771891,0.0025));
#10096=CARTESIAN_POINT('',(0.0595878989395836,0.173646650348717,0.005));
#10097=CARTESIAN_POINT('',(0.0595878989395836,0.173646650348717,7.80625564189563E-18));
#10098=CARTESIAN_POINT('',(0.0595791976960302,0.173697143822524,0.005));
#10099=CARTESIAN_POINT('',(0.0595791976960302,0.173697143822524,7.80625564189563E-18));
#10100=CARTESIAN_POINT('',(0.0595098615102544,0.173951421998252,0.005));
#10101=CARTESIAN_POINT('',(0.0595098615102544,0.173951421998252,7.80625564189563E-18));
#10102=CARTESIAN_POINT('',(0.0592428889988676,0.174540195633487,0.005));
#10103=CARTESIAN_POINT('',(0.0592428889988676,0.174540195633487,6.93889390390723E-18));
#10104=CARTESIAN_POINT('',(0.058899604239899,0.175062368192351,0.005));
#10105=CARTESIAN_POINT('',(0.058899604239899,0.175062368192351,7.80625564189563E-18));
#10106=CARTESIAN_POINT('',(0.0586210601943444,0.175409530926746,0.005));
#10107=CARTESIAN_POINT('',(0.0586210601943444,0.175409530926746,7.80625564189563E-18));
#10108=CARTESIAN_POINT('',(0.0595878989414213,0.173646650338052,0.005));
#10109=CARTESIAN_POINT('',(0.0606385135329579,0.173757074392111,0.005));
#10110=CARTESIAN_POINT('',(0.0606385135329579,0.173757074392111,7.80625564189563E-18));
#10111=CARTESIAN_POINT('',(0.0606365264499479,0.173808273552637,0.005));
#10112=CARTESIAN_POINT('',(0.0606365264499479,0.173808273552637,8.67361737988404E-18));
#10113=CARTESIAN_POINT('',(0.060651480068255,0.174071410943749,0.005));
#10114=CARTESIAN_POINT('',(0.060651480068255,0.174071410943749,6.07153216591882E-18));
#10115=CARTESIAN_POINT('',(0.0607902056677188,0.174702825168681,0.005));
#10116=CARTESIAN_POINT('',(0.0607902056677188,0.174702825168681,6.93889390390723E-18));
#10117=CARTESIAN_POINT('',(0.0610174230514613,0.17528495991897,0.005));
#10118=CARTESIAN_POINT('',(0.0610174230514613,0.17528495991897,8.67361737988404E-18));
#10119=CARTESIAN_POINT('',(0.0612177010502221,0.175682448878163,0.005));
#10120=CARTESIAN_POINT('',(0.0612177010502221,0.175682448878163,8.67361737988404E-18));
#10121=CARTESIAN_POINT('',(0.0606385135333775,0.173757074381297,-8.67361737988404E-19));
#10122=CARTESIAN_POINT('',(0.0615862597582797,0.159686694301445,0.005));
#10123=CARTESIAN_POINT('',(0.0599926564444457,0.173344034030623,0.005));
#10124=CARTESIAN_POINT('',(0.0603055184210615,0.173376917149419,0.005));
#10125=CARTESIAN_POINT('',(0.0599500634794398,0.173709059999199,0.0025));
#10126=CARTESIAN_POINT('',(0.060271287461272,0.173742822000148,0.0025));
#10127=CARTESIAN_POINT('',(0.0625340059836011,0.173757074392112,0.005));
#10128=CARTESIAN_POINT('',(0.0625340059836011,0.173757074392112,0.));
#10129=CARTESIAN_POINT('',(0.0625359930666107,0.173808273552631,0.00500000000000003));
#10130=CARTESIAN_POINT('',(0.0625359930666107,0.173808273552631,2.68882138776405E-17));
#10131=CARTESIAN_POINT('',(0.0625210394483037,0.174071410943755,0.00499999999999999));
#10132=CARTESIAN_POINT('',(0.0625210394483037,0.174071410943755,-1.04083408558608E-17));
#10133=CARTESIAN_POINT('',(0.0623823138488395,0.17470282516868,0.00500000000000001));
#10134=CARTESIAN_POINT('',(0.0623823138488395,0.17470282516868,6.93889390390723E-18));
#10135=CARTESIAN_POINT('',(0.0621550964650974,0.17528495991897,0.005));
#10136=CARTESIAN_POINT('',(0.0621550964650974,0.17528495991897,-8.67361737988404E-19));
#10137=CARTESIAN_POINT('',(0.0619548184663368,0.175682448878163,0.005));
#10138=CARTESIAN_POINT('',(0.0619548184663368,0.175682448878163,0.));
#10139=CARTESIAN_POINT('',(0.0625340059831814,0.173757074381299,0.005));
#10140=CARTESIAN_POINT('',(0.0635846205769752,0.173646650348715,0.005));
#10141=CARTESIAN_POINT('',(0.0635846205769752,0.173646650348715,2.42861286636753E-17));
#10142=CARTESIAN_POINT('',(0.0635933218205301,0.173697143822533,0.005));
#10143=CARTESIAN_POINT('',(0.0635933218205301,0.173697143822533,2.42861286636753E-17));
#10144=CARTESIAN_POINT('',(0.0636626580063024,0.173951421998243,0.005));
#10145=CARTESIAN_POINT('',(0.0636626580063024,0.173951421998243,2.34187669256869E-17));
#10146=CARTESIAN_POINT('',(0.0639296305176904,0.174540195633488,0.005));
#10147=CARTESIAN_POINT('',(0.0639296305176904,0.174540195633488,2.51534904016637E-17));
#10148=CARTESIAN_POINT('',(0.0642729152766603,0.17506236819235,0.005));
#10149=CARTESIAN_POINT('',(0.0642729152766603,0.17506236819235,2.25514051876985E-17));
#10150=CARTESIAN_POINT('',(0.0645514593222145,0.175409530926746,0.005));
#10151=CARTESIAN_POINT('',(0.0645514593222145,0.175409530926746,2.34187669256869E-17));
#10152=CARTESIAN_POINT('',(0.0635846205751374,0.173646650338051,-8.67361737988404E-19));
#10153=CARTESIAN_POINT('',(0.0615862597582793,0.159686694301445,0.005));
#10154=CARTESIAN_POINT('',(0.0628670010954971,0.173376917149419,0.005));
#10155=CARTESIAN_POINT('',(0.0631798630721129,0.173344034030623,0.005));
#10156=CARTESIAN_POINT('',(0.0629012320552876,0.173742822000159,0.0025));
#10157=CARTESIAN_POINT('',(0.0632224560371177,0.173709059999189,0.0025));
#10158=CARTESIAN_POINT('',(0.0584685683046555,0.161486694301447,-0.02));
#10159=CARTESIAN_POINT('',(0.0574293378201141,0.159686694301447,-0.02));
#10160=CARTESIAN_POINT('',(0.0574293378201141,0.159686694301447,0.044));
#10161=CARTESIAN_POINT('',(0.0595077987891968,0.163286694301447,-0.02));
#10162=CARTESIAN_POINT('',(0.0595077987891968,0.163286694301447,0.044));
#10163=CARTESIAN_POINT('',(0.0584685683046555,0.161486694301447,0.044));
#10164=CARTESIAN_POINT('',(0.0615862597582795,0.163286694301447,-0.02));
#10165=CARTESIAN_POINT('',(0.0636647207273621,0.163286694301447,-0.02));
#10166=CARTESIAN_POINT('',(0.0636647207273621,0.163286694301447,0.044));
#10167=CARTESIAN_POINT('',(0.0615862597582795,0.163286694301447,0.044));
#10168=CARTESIAN_POINT('',(0.0647039512119034,0.161486694301447,-0.02));
#10169=CARTESIAN_POINT('',(0.0657431816964448,0.159686694301447,-0.02));
#10170=CARTESIAN_POINT('',(0.0657431816964448,0.159686694301447,0.044));
#10171=CARTESIAN_POINT('',(0.0647039512119034,0.161486694301447,0.044));
#10172=CARTESIAN_POINT('',(0.0647039512119035,0.157886694301447,-0.02));
#10173=CARTESIAN_POINT('',(0.0636647207273621,0.156086694301447,-0.02));
#10174=CARTESIAN_POINT('',(0.0636647207273621,0.156086694301447,0.044));
#10175=CARTESIAN_POINT('',(0.0647039512119035,0.157886694301447,0.044));
#10176=CARTESIAN_POINT('',(0.0615862597582795,0.156086694301447,-0.02));
#10177=CARTESIAN_POINT('',(0.0595077987891968,0.156086694301447,-0.02));
#10178=CARTESIAN_POINT('',(0.0595077987891968,0.156086694301447,0.044));
#10179=CARTESIAN_POINT('',(0.0615862597582795,0.156086694301447,0.044));
#10180=CARTESIAN_POINT('',(0.0584685683046555,0.157886694301447,-0.02));
#10181=CARTESIAN_POINT('',(0.0584685683046555,0.157886694301447,0.044));
#10182=CARTESIAN_POINT('',(0.0615862597582795,0.159686694301447,0.017));
#10183=CARTESIAN_POINT('',(0.0615862597582795,0.159686694301447,0.044));
#10184=CARTESIAN_POINT('',(0.0565862597582795,0.159686694301447,0.044));
#10185=CARTESIAN_POINT('',(0.0615862597582795,0.159686694301447,0.044));
#10186=MECHANICAL_DESIGN_GEOMETRIC_PRESENTATION_REPRESENTATION('',(#3593),
#10187);
#10187=(
GEOMETRIC_REPRESENTATION_CONTEXT(3)
GLOBAL_UNCERTAINTY_ASSIGNED_CONTEXT((#10188))
GLOBAL_UNIT_ASSIGNED_CONTEXT((#10191,#10190,#10189))
REPRESENTATION_CONTEXT('Top Bevel Gear','TOP_LEVEL_ASSEMBLY_PART')
);
#10188=UNCERTAINTY_MEASURE_WITH_UNIT(LENGTH_MEASURE(2.E-5),#10191,
'DISTANCE_ACCURACY_VALUE','Maximum Tolerance applied to model');
#10189=(
NAMED_UNIT(*)
SI_UNIT($,.STERADIAN.)
SOLID_ANGLE_UNIT()
);
#10190=(
NAMED_UNIT(*)
PLANE_ANGLE_UNIT()
SI_UNIT($,.RADIAN.)
);
#10191=(
LENGTH_UNIT()
NAMED_UNIT(*)
SI_UNIT($,.METRE.)
);
#10192=PRODUCT_DEFINITION_SHAPE('','',#10193);
#10193=PRODUCT_DEFINITION('','',#10195,#10194);
#10194=PRODUCT_DEFINITION_CONTEXT('',#10201,'design');
#10195=PRODUCT_DEFINITION_FORMATION_WITH_SPECIFIED_SOURCE('','',#10197,
 .NOT_KNOWN.);
#10196=PRODUCT_RELATED_PRODUCT_CATEGORY('','',(#10197));
#10197=PRODUCT('Top Bevel Gear','Top Bevel Gear','Top Bevel Gear',(#10199));
#10198=PRODUCT_CATEGORY('','');
#10199=PRODUCT_CONTEXT('',#10201,'mechanical');
#10200=APPLICATION_PROTOCOL_DEFINITION('international standard',
'ap242_managed_model_based_3d_engineering',2020,#10201);
#10201=APPLICATION_CONTEXT('managed model based 3d engineering');
ENDSEC;
END-ISO-10303-21;
