ISO-10303-21;
HEADER;
/* Generated by software containing ST-Developer
 * from STEP Tools, Inc. (www.steptools.com) 
 */
/* OPTION: using custom renumber hook */

FILE_DESCRIPTION(
/* description */ ('STEP AP242 Edition 2',
'CAx-IF Rec.Pracs.---Representation and Presentation of Product Manufa
cturing Information (PMI)---4.0---2014-10-13',
'CAx-IF Rec.Pracs.---3D Tessellated Geometry---0.4---2014-09-14','2;1',
'CAx-IF Rec.Pracs.---User Defined Attributes---1.5---2016-08-15'),
/* implementation_level */ '2;1');

FILE_NAME(
/* name */ 'Assembly 1 - Wheel Base',
/* time_stamp */ '2026-08-23T18:37:23Z',
/* author */ (''),
/* organization */ (''),
/* preprocessor_version */ 'ST-DEVELOPER v20',
/* originating_system */ 'ONSHAPE BY PTC INC, 1.219',
/* authorisation */ '  ');

FILE_SCHEMA (('AP242_MANAGED_MODEL_BASED_3D_ENGINEERING_MIM_LF { 1 0 10303 442 3 1 4 }'));
ENDSEC;

DATA;
#10=SHAPE_REPRESENTATION_RELATIONSHIP('','',#3341,#11);
#11=ADVANCED_BREP_SHAPE_REPRESENTATION('',(#3339),#5787);
#12=CIRCLE('',#3350,0.012);
#13=CIRCLE('',#3351,0.012);
#14=CIRCLE('',#3354,0.012);
#15=CIRCLE('',#3355,0.012);
#16=CIRCLE('',#3358,0.006);
#17=CIRCLE('',#3359,0.006);
#18=CIRCLE('',#3361,0.012);
#19=CIRCLE('',#3362,0.012);
#20=CIRCLE('',#3365,0.006);
#21=CIRCLE('',#3366,0.006);
#22=CIRCLE('',#3368,0.012);
#23=CIRCLE('',#3369,0.012);
#24=CIRCLE('',#3372,0.006);
#25=CIRCLE('',#3373,0.006);
#26=CIRCLE('',#3375,0.012);
#27=CIRCLE('',#3376,0.012);
#28=CIRCLE('',#3379,0.006);
#29=CIRCLE('',#3380,0.006);
#30=CIRCLE('',#3382,0.0204999999999997);
#31=CIRCLE('',#3383,0.0204999999999997);
#32=CIRCLE('',#3386,0.015);
#33=CIRCLE('',#3387,0.015);
#34=CIRCLE('',#3390,0.0205);
#35=CIRCLE('',#3391,0.0205);
#36=CIRCLE('',#3395,0.0205);
#37=CIRCLE('',#3396,0.0205);
#38=CIRCLE('',#3399,0.015);
#39=CIRCLE('',#3400,0.015);
#40=CIRCLE('',#3403,0.0205);
#41=CIRCLE('',#3404,0.0205);
#42=CIRCLE('',#3408,0.0205);
#43=CIRCLE('',#3409,0.0205);
#44=CIRCLE('',#3412,0.015);
#45=CIRCLE('',#3413,0.015);
#46=CIRCLE('',#3416,0.0204999999999994);
#47=CIRCLE('',#3417,0.0204999999999994);
#48=CIRCLE('',#3422,0.0205);
#49=CIRCLE('',#3423,0.0205);
#50=CIRCLE('',#3428,0.0205);
#51=CIRCLE('',#3429,0.0205);
#52=CIRCLE('',#3433,0.0204999999999995);
#53=CIRCLE('',#3434,0.0204999999999995);
#54=CIRCLE('',#3437,0.015);
#55=CIRCLE('',#3438,0.015);
#56=CIRCLE('',#3441,0.0204999999999998);
#57=CIRCLE('',#3442,0.0204999999999998);
#58=CIRCLE('',#3448,0.0225000000000003);
#59=CIRCLE('',#3449,0.0225000000000003);
#60=CIRCLE('',#3454,0.0225);
#61=CIRCLE('',#3455,0.0225);
#62=CIRCLE('',#3460,0.0225);
#63=CIRCLE('',#3461,0.0225);
#64=CIRCLE('',#3466,0.0225000000000006);
#65=CIRCLE('',#3467,0.0225000000000006);
#66=CIRCLE('',#3472,0.006);
#67=CIRCLE('',#3473,0.006);
#68=CIRCLE('',#3482,0.015);
#69=CIRCLE('',#3483,0.015);
#70=CIRCLE('',#3486,0.0225000000000006);
#71=CIRCLE('',#3487,0.0225000000000006);
#72=CIRCLE('',#3490,0.002);
#73=CIRCLE('',#3491,0.002);
#74=CIRCLE('',#3492,0.002);
#75=CIRCLE('',#3493,0.002);
#76=CIRCLE('',#3494,0.002);
#77=CIRCLE('',#3495,0.002);
#78=CIRCLE('',#3496,0.002);
#79=CIRCLE('',#3497,0.002);
#80=CIRCLE('',#3498,0.002);
#81=CIRCLE('',#3499,0.002);
#82=CIRCLE('',#3500,0.002);
#83=CIRCLE('',#3501,0.002);
#84=CIRCLE('',#3502,0.002);
#85=CIRCLE('',#3503,0.002);
#86=CIRCLE('',#3504,0.002);
#87=CIRCLE('',#3505,0.002);
#88=CIRCLE('',#3506,0.002);
#89=CIRCLE('',#3507,0.002);
#90=CIRCLE('',#3508,0.002);
#91=CIRCLE('',#3509,0.002);
#92=CIRCLE('',#3510,0.002);
#93=CIRCLE('',#3511,0.002);
#94=CIRCLE('',#3512,0.002);
#95=CIRCLE('',#3513,0.002);
#96=CIRCLE('',#3514,0.002);
#97=CIRCLE('',#3515,0.002);
#98=CIRCLE('',#3516,0.002);
#99=CIRCLE('',#3517,0.002);
#100=CIRCLE('',#3518,0.002);
#101=CIRCLE('',#3519,0.002);
#102=CIRCLE('',#3520,0.002);
#103=CIRCLE('',#3521,0.002);
#104=CIRCLE('',#3522,0.002);
#105=CIRCLE('',#3523,0.002);
#106=CIRCLE('',#3524,0.002);
#107=CIRCLE('',#3525,0.002);
#108=CIRCLE('',#3526,0.002);
#109=CIRCLE('',#3527,0.002);
#110=CIRCLE('',#3528,0.002);
#111=CIRCLE('',#3529,0.002);
#112=CIRCLE('',#3530,0.002);
#113=CIRCLE('',#3531,0.002);
#114=CIRCLE('',#3532,0.002);
#115=CIRCLE('',#3533,0.002);
#116=CIRCLE('',#3534,0.002);
#117=CIRCLE('',#3535,0.002);
#118=CIRCLE('',#3536,0.002);
#119=CIRCLE('',#3537,0.002);
#120=CIRCLE('',#3538,0.002);
#121=CIRCLE('',#3539,0.002);
#122=CIRCLE('',#3540,0.002);
#123=CIRCLE('',#3541,0.002);
#124=CIRCLE('',#3542,0.002);
#125=CIRCLE('',#3543,0.002);
#126=CIRCLE('',#3544,0.002);
#127=CIRCLE('',#3545,0.002);
#128=CIRCLE('',#3546,0.002);
#129=CIRCLE('',#3547,0.002);
#130=CIRCLE('',#3548,0.002);
#131=CIRCLE('',#3549,0.002);
#132=CIRCLE('',#3550,0.002);
#133=CIRCLE('',#3551,0.002);
#134=CIRCLE('',#3552,0.002);
#135=CIRCLE('',#3553,0.002);
#136=CIRCLE('',#3554,0.002);
#137=CIRCLE('',#3555,0.002);
#138=CIRCLE('',#3556,0.002);
#139=CIRCLE('',#3557,0.002);
#140=CIRCLE('',#3558,0.002);
#141=CIRCLE('',#3559,0.002);
#142=CIRCLE('',#3560,0.002);
#143=CIRCLE('',#3561,0.002);
#144=CIRCLE('',#3562,0.002);
#145=CIRCLE('',#3563,0.002);
#146=CIRCLE('',#3564,0.002);
#147=CIRCLE('',#3565,0.002);
#148=CIRCLE('',#3566,0.002);
#149=CIRCLE('',#3567,0.002);
#150=CIRCLE('',#3568,0.002);
#151=CIRCLE('',#3569,0.002);
#152=CIRCLE('',#3571,0.002);
#153=CIRCLE('',#3572,0.002);
#154=CIRCLE('',#3573,0.002);
#155=CIRCLE('',#3574,0.002);
#156=CIRCLE('',#3575,0.002);
#157=CIRCLE('',#3576,0.002);
#158=CIRCLE('',#3577,0.002);
#159=CIRCLE('',#3578,0.002);
#160=CIRCLE('',#3579,0.002);
#161=CIRCLE('',#3580,0.002);
#162=CIRCLE('',#3581,0.002);
#163=CIRCLE('',#3582,0.002);
#164=CIRCLE('',#3583,0.002);
#165=CIRCLE('',#3584,0.002);
#166=CIRCLE('',#3585,0.002);
#167=CIRCLE('',#3586,0.002);
#168=CIRCLE('',#3587,0.002);
#169=CIRCLE('',#3588,0.002);
#170=CIRCLE('',#3589,0.002);
#171=CIRCLE('',#3590,0.002);
#172=CIRCLE('',#3591,0.002);
#173=CIRCLE('',#3592,0.002);
#174=CIRCLE('',#3593,0.002);
#175=CIRCLE('',#3594,0.002);
#176=CIRCLE('',#3595,0.002);
#177=CIRCLE('',#3596,0.002);
#178=CIRCLE('',#3597,0.002);
#179=CIRCLE('',#3598,0.002);
#180=CIRCLE('',#3599,0.002);
#181=CIRCLE('',#3600,0.002);
#182=CIRCLE('',#3601,0.002);
#183=CIRCLE('',#3602,0.002);
#184=CIRCLE('',#3603,0.002);
#185=CIRCLE('',#3604,0.002);
#186=CIRCLE('',#3605,0.002);
#187=CIRCLE('',#3606,0.002);
#188=CIRCLE('',#3607,0.002);
#189=CIRCLE('',#3608,0.002);
#190=CIRCLE('',#3609,0.002);
#191=CIRCLE('',#3610,0.002);
#192=CIRCLE('',#3611,0.002);
#193=CIRCLE('',#3612,0.002);
#194=CIRCLE('',#3613,0.002);
#195=CIRCLE('',#3614,0.002);
#196=CIRCLE('',#3615,0.002);
#197=CIRCLE('',#3616,0.002);
#198=CIRCLE('',#3617,0.002);
#199=CIRCLE('',#3618,0.002);
#200=CIRCLE('',#3619,0.002);
#201=CIRCLE('',#3620,0.002);
#202=CIRCLE('',#3621,0.002);
#203=CIRCLE('',#3622,0.002);
#204=CIRCLE('',#3623,0.002);
#205=CIRCLE('',#3624,0.002);
#206=CIRCLE('',#3625,0.002);
#207=CIRCLE('',#3626,0.002);
#208=CIRCLE('',#3627,0.002);
#209=CIRCLE('',#3628,0.002);
#210=CIRCLE('',#3629,0.002);
#211=CIRCLE('',#3630,0.002);
#212=CIRCLE('',#3631,0.002);
#213=CIRCLE('',#3632,0.002);
#214=CIRCLE('',#3633,0.002);
#215=CIRCLE('',#3634,0.002);
#216=CIRCLE('',#3635,0.002);
#217=CIRCLE('',#3636,0.002);
#218=CIRCLE('',#3637,0.002);
#219=CIRCLE('',#3638,0.002);
#220=CIRCLE('',#3639,0.002);
#221=CIRCLE('',#3640,0.002);
#222=CIRCLE('',#3641,0.002);
#223=CIRCLE('',#3642,0.002);
#224=CIRCLE('',#3643,0.002);
#225=CIRCLE('',#3644,0.002);
#226=CIRCLE('',#3645,0.002);
#227=CIRCLE('',#3646,0.002);
#228=CIRCLE('',#3647,0.002);
#229=CIRCLE('',#3648,0.002);
#230=CIRCLE('',#3649,0.002);
#231=CIRCLE('',#3650,0.002);
#232=CYLINDRICAL_SURFACE('',#3349,0.012);
#233=CYLINDRICAL_SURFACE('',#3353,0.012);
#234=CYLINDRICAL_SURFACE('',#3357,0.006);
#235=CYLINDRICAL_SURFACE('',#3360,0.012);
#236=CYLINDRICAL_SURFACE('',#3364,0.006);
#237=CYLINDRICAL_SURFACE('',#3367,0.012);
#238=CYLINDRICAL_SURFACE('',#3371,0.006);
#239=CYLINDRICAL_SURFACE('',#3374,0.012);
#240=CYLINDRICAL_SURFACE('',#3378,0.006);
#241=CYLINDRICAL_SURFACE('',#3381,0.0204999999999997);
#242=CYLINDRICAL_SURFACE('',#3385,0.015);
#243=CYLINDRICAL_SURFACE('',#3389,0.0205);
#244=CYLINDRICAL_SURFACE('',#3394,0.0205);
#245=CYLINDRICAL_SURFACE('',#3398,0.015);
#246=CYLINDRICAL_SURFACE('',#3402,0.0205);
#247=CYLINDRICAL_SURFACE('',#3407,0.0205);
#248=CYLINDRICAL_SURFACE('',#3411,0.015);
#249=CYLINDRICAL_SURFACE('',#3415,0.0204999999999994);
#250=CYLINDRICAL_SURFACE('',#3421,0.0205);
#251=CYLINDRICAL_SURFACE('',#3427,0.0205);
#252=CYLINDRICAL_SURFACE('',#3432,0.0204999999999995);
#253=CYLINDRICAL_SURFACE('',#3436,0.015);
#254=CYLINDRICAL_SURFACE('',#3440,0.0204999999999998);
#255=CYLINDRICAL_SURFACE('',#3447,0.0225000000000003);
#256=CYLINDRICAL_SURFACE('',#3453,0.0225);
#257=CYLINDRICAL_SURFACE('',#3459,0.0225);
#258=CYLINDRICAL_SURFACE('',#3465,0.0225000000000006);
#259=CYLINDRICAL_SURFACE('',#3471,0.006);
#260=CYLINDRICAL_SURFACE('',#3481,0.015);
#261=CYLINDRICAL_SURFACE('',#3485,0.0225000000000006);
#262=CYLINDRICAL_SURFACE('',#3651,0.002);
#263=CYLINDRICAL_SURFACE('',#3652,0.002);
#264=CYLINDRICAL_SURFACE('',#3653,0.002);
#265=CYLINDRICAL_SURFACE('',#3654,0.002);
#266=CYLINDRICAL_SURFACE('',#3655,0.002);
#267=CYLINDRICAL_SURFACE('',#3656,0.002);
#268=CYLINDRICAL_SURFACE('',#3657,0.002);
#269=CYLINDRICAL_SURFACE('',#3658,0.002);
#270=CYLINDRICAL_SURFACE('',#3659,0.002);
#271=CYLINDRICAL_SURFACE('',#3660,0.002);
#272=CYLINDRICAL_SURFACE('',#3661,0.002);
#273=CYLINDRICAL_SURFACE('',#3662,0.002);
#274=CYLINDRICAL_SURFACE('',#3663,0.002);
#275=CYLINDRICAL_SURFACE('',#3664,0.002);
#276=CYLINDRICAL_SURFACE('',#3665,0.002);
#277=CYLINDRICAL_SURFACE('',#3666,0.002);
#278=CYLINDRICAL_SURFACE('',#3667,0.002);
#279=CYLINDRICAL_SURFACE('',#3668,0.002);
#280=CYLINDRICAL_SURFACE('',#3669,0.002);
#281=CYLINDRICAL_SURFACE('',#3670,0.002);
#282=CYLINDRICAL_SURFACE('',#3671,0.002);
#283=CYLINDRICAL_SURFACE('',#3672,0.002);
#284=CYLINDRICAL_SURFACE('',#3673,0.002);
#285=CYLINDRICAL_SURFACE('',#3674,0.002);
#286=CYLINDRICAL_SURFACE('',#3675,0.002);
#287=CYLINDRICAL_SURFACE('',#3676,0.002);
#288=CYLINDRICAL_SURFACE('',#3677,0.002);
#289=CYLINDRICAL_SURFACE('',#3678,0.002);
#290=CYLINDRICAL_SURFACE('',#3679,0.002);
#291=CYLINDRICAL_SURFACE('',#3680,0.002);
#292=CYLINDRICAL_SURFACE('',#3681,0.002);
#293=CYLINDRICAL_SURFACE('',#3682,0.002);
#294=CYLINDRICAL_SURFACE('',#3683,0.002);
#295=CYLINDRICAL_SURFACE('',#3684,0.002);
#296=CYLINDRICAL_SURFACE('',#3685,0.002);
#297=CYLINDRICAL_SURFACE('',#3686,0.002);
#298=CYLINDRICAL_SURFACE('',#3687,0.002);
#299=CYLINDRICAL_SURFACE('',#3688,0.002);
#300=CYLINDRICAL_SURFACE('',#3689,0.002);
#301=CYLINDRICAL_SURFACE('',#3690,0.002);
#302=CYLINDRICAL_SURFACE('',#3691,0.002);
#303=CYLINDRICAL_SURFACE('',#3692,0.002);
#304=CYLINDRICAL_SURFACE('',#3693,0.002);
#305=CYLINDRICAL_SURFACE('',#3694,0.002);
#306=CYLINDRICAL_SURFACE('',#3695,0.002);
#307=CYLINDRICAL_SURFACE('',#3696,0.002);
#308=CYLINDRICAL_SURFACE('',#3697,0.002);
#309=CYLINDRICAL_SURFACE('',#3698,0.002);
#310=CYLINDRICAL_SURFACE('',#3699,0.002);
#311=CYLINDRICAL_SURFACE('',#3700,0.002);
#312=CYLINDRICAL_SURFACE('',#3701,0.002);
#313=CYLINDRICAL_SURFACE('',#3702,0.002);
#314=CYLINDRICAL_SURFACE('',#3703,0.002);
#315=CYLINDRICAL_SURFACE('',#3704,0.002);
#316=CYLINDRICAL_SURFACE('',#3705,0.002);
#317=CYLINDRICAL_SURFACE('',#3706,0.002);
#318=CYLINDRICAL_SURFACE('',#3707,0.002);
#319=CYLINDRICAL_SURFACE('',#3708,0.002);
#320=CYLINDRICAL_SURFACE('',#3709,0.002);
#321=CYLINDRICAL_SURFACE('',#3710,0.002);
#322=CYLINDRICAL_SURFACE('',#3711,0.002);
#323=CYLINDRICAL_SURFACE('',#3712,0.002);
#324=CYLINDRICAL_SURFACE('',#3713,0.002);
#325=CYLINDRICAL_SURFACE('',#3714,0.002);
#326=CYLINDRICAL_SURFACE('',#3715,0.002);
#327=CYLINDRICAL_SURFACE('',#3716,0.002);
#328=CYLINDRICAL_SURFACE('',#3717,0.002);
#329=CYLINDRICAL_SURFACE('',#3718,0.002);
#330=CYLINDRICAL_SURFACE('',#3719,0.002);
#331=CYLINDRICAL_SURFACE('',#3720,0.002);
#332=CYLINDRICAL_SURFACE('',#3721,0.002);
#333=CYLINDRICAL_SURFACE('',#3722,0.002);
#334=CYLINDRICAL_SURFACE('',#3723,0.002);
#335=CYLINDRICAL_SURFACE('',#3724,0.002);
#336=CYLINDRICAL_SURFACE('',#3725,0.002);
#337=CYLINDRICAL_SURFACE('',#3726,0.002);
#338=CYLINDRICAL_SURFACE('',#3727,0.002);
#339=CYLINDRICAL_SURFACE('',#3728,0.002);
#340=CYLINDRICAL_SURFACE('',#3729,0.002);
#341=CYLINDRICAL_SURFACE('',#3730,0.002);
#342=ORIENTED_EDGE('',*,*,#1338,.T.);
#343=ORIENTED_EDGE('',*,*,#1339,.F.);
#344=ORIENTED_EDGE('',*,*,#1340,.F.);
#345=ORIENTED_EDGE('',*,*,#1341,.T.);
#346=ORIENTED_EDGE('',*,*,#1340,.T.);
#347=ORIENTED_EDGE('',*,*,#1342,.F.);
#348=ORIENTED_EDGE('',*,*,#1343,.F.);
#349=ORIENTED_EDGE('',*,*,#1344,.T.);
#350=ORIENTED_EDGE('',*,*,#1343,.T.);
#351=ORIENTED_EDGE('',*,*,#1345,.F.);
#352=ORIENTED_EDGE('',*,*,#1346,.F.);
#353=ORIENTED_EDGE('',*,*,#1347,.T.);
#354=ORIENTED_EDGE('',*,*,#1346,.T.);
#355=ORIENTED_EDGE('',*,*,#1348,.F.);
#356=ORIENTED_EDGE('',*,*,#1349,.F.);
#357=ORIENTED_EDGE('',*,*,#1350,.T.);
#358=ORIENTED_EDGE('',*,*,#1349,.T.);
#359=ORIENTED_EDGE('',*,*,#1351,.F.);
#360=ORIENTED_EDGE('',*,*,#1352,.F.);
#361=ORIENTED_EDGE('',*,*,#1353,.T.);
#362=ORIENTED_EDGE('',*,*,#1354,.F.);
#363=ORIENTED_EDGE('',*,*,#1355,.T.);
#364=ORIENTED_EDGE('',*,*,#1356,.T.);
#365=ORIENTED_EDGE('',*,*,#1357,.T.);
#366=ORIENTED_EDGE('',*,*,#1358,.F.);
#367=ORIENTED_EDGE('',*,*,#1359,.T.);
#368=ORIENTED_EDGE('',*,*,#1360,.T.);
#369=ORIENTED_EDGE('',*,*,#1361,.T.);
#370=ORIENTED_EDGE('',*,*,#1362,.F.);
#371=ORIENTED_EDGE('',*,*,#1363,.T.);
#372=ORIENTED_EDGE('',*,*,#1364,.T.);
#373=ORIENTED_EDGE('',*,*,#1365,.T.);
#374=ORIENTED_EDGE('',*,*,#1366,.T.);
#375=ORIENTED_EDGE('',*,*,#1367,.T.);
#376=ORIENTED_EDGE('',*,*,#1368,.F.);
#377=ORIENTED_EDGE('',*,*,#1369,.T.);
#378=ORIENTED_EDGE('',*,*,#1370,.T.);
#379=ORIENTED_EDGE('',*,*,#1371,.T.);
#380=ORIENTED_EDGE('',*,*,#1372,.F.);
#381=ORIENTED_EDGE('',*,*,#1373,.T.);
#382=ORIENTED_EDGE('',*,*,#1374,.F.);
#383=ORIENTED_EDGE('',*,*,#1375,.T.);
#384=ORIENTED_EDGE('',*,*,#1376,.T.);
#385=ORIENTED_EDGE('',*,*,#1377,.T.);
#386=ORIENTED_EDGE('',*,*,#1378,.T.);
#387=ORIENTED_EDGE('',*,*,#1379,.T.);
#388=ORIENTED_EDGE('',*,*,#1380,.F.);
#389=ORIENTED_EDGE('',*,*,#1381,.T.);
#390=ORIENTED_EDGE('',*,*,#1382,.F.);
#391=ORIENTED_EDGE('',*,*,#1383,.T.);
#392=ORIENTED_EDGE('',*,*,#1384,.T.);
#393=ORIENTED_EDGE('',*,*,#1385,.T.);
#394=ORIENTED_EDGE('',*,*,#1386,.T.);
#395=ORIENTED_EDGE('',*,*,#1387,.T.);
#396=ORIENTED_EDGE('',*,*,#1388,.F.);
#397=ORIENTED_EDGE('',*,*,#1389,.T.);
#398=ORIENTED_EDGE('',*,*,#1390,.F.);
#399=ORIENTED_EDGE('',*,*,#1391,.T.);
#400=ORIENTED_EDGE('',*,*,#1392,.T.);
#401=ORIENTED_EDGE('',*,*,#1393,.T.);
#402=ORIENTED_EDGE('',*,*,#1394,.F.);
#403=ORIENTED_EDGE('',*,*,#1395,.T.);
#404=ORIENTED_EDGE('',*,*,#1396,.T.);
#405=ORIENTED_EDGE('',*,*,#1397,.T.);
#406=ORIENTED_EDGE('',*,*,#1398,.F.);
#407=ORIENTED_EDGE('',*,*,#1399,.T.);
#408=ORIENTED_EDGE('',*,*,#1400,.T.);
#409=ORIENTED_EDGE('',*,*,#1401,.T.);
#410=ORIENTED_EDGE('',*,*,#1402,.F.);
#411=ORIENTED_EDGE('',*,*,#1403,.T.);
#412=ORIENTED_EDGE('',*,*,#1404,.T.);
#413=ORIENTED_EDGE('',*,*,#1405,.T.);
#414=ORIENTED_EDGE('',*,*,#1406,.F.);
#415=ORIENTED_EDGE('',*,*,#1407,.T.);
#416=ORIENTED_EDGE('',*,*,#1408,.T.);
#417=ORIENTED_EDGE('',*,*,#1409,.T.);
#418=ORIENTED_EDGE('',*,*,#1410,.F.);
#419=ORIENTED_EDGE('',*,*,#1411,.T.);
#420=ORIENTED_EDGE('',*,*,#1412,.T.);
#421=ORIENTED_EDGE('',*,*,#1413,.T.);
#422=ORIENTED_EDGE('',*,*,#1414,.F.);
#423=ORIENTED_EDGE('',*,*,#1415,.T.);
#424=ORIENTED_EDGE('',*,*,#1416,.T.);
#425=ORIENTED_EDGE('',*,*,#1417,.T.);
#426=ORIENTED_EDGE('',*,*,#1418,.T.);
#427=ORIENTED_EDGE('',*,*,#1419,.T.);
#428=ORIENTED_EDGE('',*,*,#1420,.F.);
#429=ORIENTED_EDGE('',*,*,#1421,.T.);
#430=ORIENTED_EDGE('',*,*,#1422,.F.);
#431=ORIENTED_EDGE('',*,*,#1423,.T.);
#432=ORIENTED_EDGE('',*,*,#1424,.T.);
#433=ORIENTED_EDGE('',*,*,#1425,.T.);
#434=ORIENTED_EDGE('',*,*,#1426,.F.);
#435=ORIENTED_EDGE('',*,*,#1427,.T.);
#436=ORIENTED_EDGE('',*,*,#1428,.T.);
#437=ORIENTED_EDGE('',*,*,#1429,.T.);
#438=ORIENTED_EDGE('',*,*,#1430,.F.);
#439=ORIENTED_EDGE('',*,*,#1431,.T.);
#440=ORIENTED_EDGE('',*,*,#1432,.T.);
#441=ORIENTED_EDGE('',*,*,#1433,.T.);
#442=ORIENTED_EDGE('',*,*,#1434,.F.);
#443=ORIENTED_EDGE('',*,*,#1435,.T.);
#444=ORIENTED_EDGE('',*,*,#1436,.T.);
#445=ORIENTED_EDGE('',*,*,#1437,.T.);
#446=ORIENTED_EDGE('',*,*,#1438,.F.);
#447=ORIENTED_EDGE('',*,*,#1439,.T.);
#448=ORIENTED_EDGE('',*,*,#1440,.T.);
#449=ORIENTED_EDGE('',*,*,#1441,.T.);
#450=ORIENTED_EDGE('',*,*,#1442,.T.);
#451=ORIENTED_EDGE('',*,*,#1443,.T.);
#452=ORIENTED_EDGE('',*,*,#1444,.F.);
#453=ORIENTED_EDGE('',*,*,#1445,.T.);
#454=ORIENTED_EDGE('',*,*,#1446,.F.);
#455=ORIENTED_EDGE('',*,*,#1447,.T.);
#456=ORIENTED_EDGE('',*,*,#1448,.T.);
#457=ORIENTED_EDGE('',*,*,#1449,.T.);
#458=ORIENTED_EDGE('',*,*,#1450,.F.);
#459=ORIENTED_EDGE('',*,*,#1451,.T.);
#460=ORIENTED_EDGE('',*,*,#1452,.T.);
#461=ORIENTED_EDGE('',*,*,#1453,.T.);
#462=ORIENTED_EDGE('',*,*,#1454,.T.);
#463=ORIENTED_EDGE('',*,*,#1455,.T.);
#464=ORIENTED_EDGE('',*,*,#1456,.F.);
#465=ORIENTED_EDGE('',*,*,#1457,.T.);
#466=ORIENTED_EDGE('',*,*,#1458,.F.);
#467=ORIENTED_EDGE('',*,*,#1459,.T.);
#468=ORIENTED_EDGE('',*,*,#1460,.T.);
#469=ORIENTED_EDGE('',*,*,#1461,.T.);
#470=ORIENTED_EDGE('',*,*,#1462,.T.);
#471=ORIENTED_EDGE('',*,*,#1463,.T.);
#472=ORIENTED_EDGE('',*,*,#1464,.F.);
#473=ORIENTED_EDGE('',*,*,#1465,.T.);
#474=ORIENTED_EDGE('',*,*,#1466,.F.);
#475=ORIENTED_EDGE('',*,*,#1467,.T.);
#476=ORIENTED_EDGE('',*,*,#1468,.T.);
#477=ORIENTED_EDGE('',*,*,#1469,.T.);
#478=ORIENTED_EDGE('',*,*,#1470,.T.);
#479=ORIENTED_EDGE('',*,*,#1471,.T.);
#480=ORIENTED_EDGE('',*,*,#1472,.F.);
#481=ORIENTED_EDGE('',*,*,#1473,.T.);
#482=ORIENTED_EDGE('',*,*,#1474,.T.);
#483=ORIENTED_EDGE('',*,*,#1475,.T.);
#484=ORIENTED_EDGE('',*,*,#1476,.F.);
#485=ORIENTED_EDGE('',*,*,#1477,.T.);
#486=ORIENTED_EDGE('',*,*,#1478,.T.);
#487=ORIENTED_EDGE('',*,*,#1479,.T.);
#488=ORIENTED_EDGE('',*,*,#1480,.F.);
#489=ORIENTED_EDGE('',*,*,#1481,.T.);
#490=ORIENTED_EDGE('',*,*,#1482,.F.);
#491=ORIENTED_EDGE('',*,*,#1483,.T.);
#492=ORIENTED_EDGE('',*,*,#1484,.T.);
#493=ORIENTED_EDGE('',*,*,#1485,.T.);
#494=ORIENTED_EDGE('',*,*,#1486,.T.);
#495=ORIENTED_EDGE('',*,*,#1487,.T.);
#496=ORIENTED_EDGE('',*,*,#1488,.F.);
#497=ORIENTED_EDGE('',*,*,#1489,.T.);
#498=ORIENTED_EDGE('',*,*,#1490,.T.);
#499=ORIENTED_EDGE('',*,*,#1491,.T.);
#500=ORIENTED_EDGE('',*,*,#1492,.F.);
#501=ORIENTED_EDGE('',*,*,#1493,.T.);
#502=ORIENTED_EDGE('',*,*,#1494,.F.);
#503=ORIENTED_EDGE('',*,*,#1495,.T.);
#504=ORIENTED_EDGE('',*,*,#1496,.T.);
#505=ORIENTED_EDGE('',*,*,#1497,.T.);
#506=ORIENTED_EDGE('',*,*,#1498,.T.);
#507=ORIENTED_EDGE('',*,*,#1499,.T.);
#508=ORIENTED_EDGE('',*,*,#1500,.F.);
#509=ORIENTED_EDGE('',*,*,#1501,.T.);
#510=ORIENTED_EDGE('',*,*,#1502,.F.);
#511=ORIENTED_EDGE('',*,*,#1503,.T.);
#512=ORIENTED_EDGE('',*,*,#1504,.T.);
#513=ORIENTED_EDGE('',*,*,#1505,.T.);
#514=ORIENTED_EDGE('',*,*,#1506,.F.);
#515=ORIENTED_EDGE('',*,*,#1507,.T.);
#516=ORIENTED_EDGE('',*,*,#1508,.T.);
#517=ORIENTED_EDGE('',*,*,#1509,.T.);
#518=ORIENTED_EDGE('',*,*,#1510,.T.);
#519=ORIENTED_EDGE('',*,*,#1511,.T.);
#520=ORIENTED_EDGE('',*,*,#1512,.F.);
#521=ORIENTED_EDGE('',*,*,#1513,.T.);
#522=ORIENTED_EDGE('',*,*,#1514,.T.);
#523=ORIENTED_EDGE('',*,*,#1515,.T.);
#524=ORIENTED_EDGE('',*,*,#1516,.F.);
#525=ORIENTED_EDGE('',*,*,#1517,.T.);
#526=ORIENTED_EDGE('',*,*,#1518,.F.);
#527=ORIENTED_EDGE('',*,*,#1519,.T.);
#528=ORIENTED_EDGE('',*,*,#1520,.T.);
#529=ORIENTED_EDGE('',*,*,#1521,.T.);
#530=ORIENTED_EDGE('',*,*,#1522,.T.);
#531=ORIENTED_EDGE('',*,*,#1523,.T.);
#532=ORIENTED_EDGE('',*,*,#1524,.F.);
#533=ORIENTED_EDGE('',*,*,#1525,.T.);
#534=ORIENTED_EDGE('',*,*,#1526,.F.);
#535=ORIENTED_EDGE('',*,*,#1527,.T.);
#536=ORIENTED_EDGE('',*,*,#1528,.T.);
#537=ORIENTED_EDGE('',*,*,#1529,.T.);
#538=ORIENTED_EDGE('',*,*,#1530,.F.);
#539=ORIENTED_EDGE('',*,*,#1531,.T.);
#540=ORIENTED_EDGE('',*,*,#1532,.T.);
#541=ORIENTED_EDGE('',*,*,#1533,.T.);
#542=ORIENTED_EDGE('',*,*,#1534,.T.);
#543=ORIENTED_EDGE('',*,*,#1535,.T.);
#544=ORIENTED_EDGE('',*,*,#1536,.F.);
#545=ORIENTED_EDGE('',*,*,#1537,.T.);
#546=ORIENTED_EDGE('',*,*,#1538,.T.);
#547=ORIENTED_EDGE('',*,*,#1539,.T.);
#548=ORIENTED_EDGE('',*,*,#1540,.F.);
#549=ORIENTED_EDGE('',*,*,#1541,.T.);
#550=ORIENTED_EDGE('',*,*,#1542,.T.);
#551=ORIENTED_EDGE('',*,*,#1543,.T.);
#552=ORIENTED_EDGE('',*,*,#1544,.F.);
#553=ORIENTED_EDGE('',*,*,#1545,.T.);
#554=ORIENTED_EDGE('',*,*,#1546,.T.);
#555=ORIENTED_EDGE('',*,*,#1547,.T.);
#556=ORIENTED_EDGE('',*,*,#1548,.F.);
#557=ORIENTED_EDGE('',*,*,#1549,.T.);
#558=ORIENTED_EDGE('',*,*,#1550,.T.);
#559=ORIENTED_EDGE('',*,*,#1551,.T.);
#560=ORIENTED_EDGE('',*,*,#1552,.F.);
#561=ORIENTED_EDGE('',*,*,#1553,.T.);
#562=ORIENTED_EDGE('',*,*,#1554,.T.);
#563=ORIENTED_EDGE('',*,*,#1555,.T.);
#564=ORIENTED_EDGE('',*,*,#1556,.F.);
#565=ORIENTED_EDGE('',*,*,#1557,.T.);
#566=ORIENTED_EDGE('',*,*,#1558,.T.);
#567=ORIENTED_EDGE('',*,*,#1559,.T.);
#568=ORIENTED_EDGE('',*,*,#1560,.F.);
#569=ORIENTED_EDGE('',*,*,#1561,.T.);
#570=ORIENTED_EDGE('',*,*,#1562,.T.);
#571=ORIENTED_EDGE('',*,*,#1563,.T.);
#572=ORIENTED_EDGE('',*,*,#1564,.F.);
#573=ORIENTED_EDGE('',*,*,#1565,.T.);
#574=ORIENTED_EDGE('',*,*,#1566,.T.);
#575=ORIENTED_EDGE('',*,*,#1567,.T.);
#576=ORIENTED_EDGE('',*,*,#1568,.F.);
#577=ORIENTED_EDGE('',*,*,#1569,.T.);
#578=ORIENTED_EDGE('',*,*,#1570,.F.);
#579=ORIENTED_EDGE('',*,*,#1571,.T.);
#580=ORIENTED_EDGE('',*,*,#1572,.T.);
#581=ORIENTED_EDGE('',*,*,#1573,.T.);
#582=ORIENTED_EDGE('',*,*,#1574,.F.);
#583=ORIENTED_EDGE('',*,*,#1575,.T.);
#584=ORIENTED_EDGE('',*,*,#1576,.T.);
#585=ORIENTED_EDGE('',*,*,#1577,.T.);
#586=ORIENTED_EDGE('',*,*,#1578,.T.);
#587=ORIENTED_EDGE('',*,*,#1579,.T.);
#588=ORIENTED_EDGE('',*,*,#1580,.F.);
#589=ORIENTED_EDGE('',*,*,#1581,.T.);
#590=ORIENTED_EDGE('',*,*,#1582,.F.);
#591=ORIENTED_EDGE('',*,*,#1583,.T.);
#592=ORIENTED_EDGE('',*,*,#1584,.T.);
#593=ORIENTED_EDGE('',*,*,#1585,.T.);
#594=ORIENTED_EDGE('',*,*,#1586,.F.);
#595=ORIENTED_EDGE('',*,*,#1587,.T.);
#596=ORIENTED_EDGE('',*,*,#1588,.T.);
#597=ORIENTED_EDGE('',*,*,#1589,.T.);
#598=ORIENTED_EDGE('',*,*,#1590,.F.);
#599=ORIENTED_EDGE('',*,*,#1591,.T.);
#600=ORIENTED_EDGE('',*,*,#1592,.T.);
#601=ORIENTED_EDGE('',*,*,#1593,.T.);
#602=ORIENTED_EDGE('',*,*,#1594,.T.);
#603=ORIENTED_EDGE('',*,*,#1595,.T.);
#604=ORIENTED_EDGE('',*,*,#1596,.F.);
#605=ORIENTED_EDGE('',*,*,#1597,.T.);
#606=ORIENTED_EDGE('',*,*,#1598,.T.);
#607=ORIENTED_EDGE('',*,*,#1599,.T.);
#608=ORIENTED_EDGE('',*,*,#1600,.F.);
#609=ORIENTED_EDGE('',*,*,#1601,.T.);
#610=ORIENTED_EDGE('',*,*,#1602,.F.);
#611=ORIENTED_EDGE('',*,*,#1603,.T.);
#612=ORIENTED_EDGE('',*,*,#1604,.T.);
#613=ORIENTED_EDGE('',*,*,#1605,.T.);
#614=ORIENTED_EDGE('',*,*,#1606,.F.);
#615=ORIENTED_EDGE('',*,*,#1607,.T.);
#616=ORIENTED_EDGE('',*,*,#1608,.T.);
#617=ORIENTED_EDGE('',*,*,#1609,.T.);
#618=ORIENTED_EDGE('',*,*,#1610,.T.);
#619=ORIENTED_EDGE('',*,*,#1611,.T.);
#620=ORIENTED_EDGE('',*,*,#1612,.F.);
#621=ORIENTED_EDGE('',*,*,#1613,.T.);
#622=ORIENTED_EDGE('',*,*,#1614,.T.);
#623=ORIENTED_EDGE('',*,*,#1615,.T.);
#624=ORIENTED_EDGE('',*,*,#1616,.F.);
#625=ORIENTED_EDGE('',*,*,#1617,.T.);
#626=ORIENTED_EDGE('',*,*,#1618,.F.);
#627=ORIENTED_EDGE('',*,*,#1619,.T.);
#628=ORIENTED_EDGE('',*,*,#1620,.T.);
#629=ORIENTED_EDGE('',*,*,#1621,.T.);
#630=ORIENTED_EDGE('',*,*,#1622,.F.);
#631=ORIENTED_EDGE('',*,*,#1623,.T.);
#632=ORIENTED_EDGE('',*,*,#1624,.T.);
#633=ORIENTED_EDGE('',*,*,#1625,.T.);
#634=ORIENTED_EDGE('',*,*,#1626,.T.);
#635=ORIENTED_EDGE('',*,*,#1627,.T.);
#636=ORIENTED_EDGE('',*,*,#1628,.F.);
#637=ORIENTED_EDGE('',*,*,#1629,.T.);
#638=ORIENTED_EDGE('',*,*,#1630,.F.);
#639=ORIENTED_EDGE('',*,*,#1631,.T.);
#640=ORIENTED_EDGE('',*,*,#1632,.T.);
#641=ORIENTED_EDGE('',*,*,#1633,.T.);
#642=ORIENTED_EDGE('',*,*,#1634,.F.);
#643=ORIENTED_EDGE('',*,*,#1635,.T.);
#644=ORIENTED_EDGE('',*,*,#1636,.T.);
#645=ORIENTED_EDGE('',*,*,#1637,.T.);
#646=ORIENTED_EDGE('',*,*,#1638,.F.);
#647=ORIENTED_EDGE('',*,*,#1639,.T.);
#648=ORIENTED_EDGE('',*,*,#1640,.T.);
#649=ORIENTED_EDGE('',*,*,#1641,.T.);
#650=ORIENTED_EDGE('',*,*,#1642,.F.);
#651=ORIENTED_EDGE('',*,*,#1643,.T.);
#652=ORIENTED_EDGE('',*,*,#1644,.T.);
#653=ORIENTED_EDGE('',*,*,#1645,.T.);
#654=ORIENTED_EDGE('',*,*,#1646,.T.);
#655=ORIENTED_EDGE('',*,*,#1647,.T.);
#656=ORIENTED_EDGE('',*,*,#1648,.F.);
#657=ORIENTED_EDGE('',*,*,#1649,.T.);
#658=ORIENTED_EDGE('',*,*,#1650,.T.);
#659=ORIENTED_EDGE('',*,*,#1651,.T.);
#660=ORIENTED_EDGE('',*,*,#1652,.F.);
#661=ORIENTED_EDGE('',*,*,#1653,.T.);
#662=ORIENTED_EDGE('',*,*,#1654,.F.);
#663=ORIENTED_EDGE('',*,*,#1655,.T.);
#664=ORIENTED_EDGE('',*,*,#1656,.T.);
#665=ORIENTED_EDGE('',*,*,#1657,.T.);
#666=ORIENTED_EDGE('',*,*,#1658,.F.);
#667=ORIENTED_EDGE('',*,*,#1659,.T.);
#668=ORIENTED_EDGE('',*,*,#1660,.T.);
#669=ORIENTED_EDGE('',*,*,#1661,.T.);
#670=ORIENTED_EDGE('',*,*,#1662,.F.);
#671=ORIENTED_EDGE('',*,*,#1663,.T.);
#672=ORIENTED_EDGE('',*,*,#1664,.T.);
#673=ORIENTED_EDGE('',*,*,#1665,.T.);
#674=ORIENTED_EDGE('',*,*,#1666,.F.);
#675=ORIENTED_EDGE('',*,*,#1667,.T.);
#676=ORIENTED_EDGE('',*,*,#1668,.T.);
#677=ORIENTED_EDGE('',*,*,#1669,.T.);
#678=ORIENTED_EDGE('',*,*,#1670,.T.);
#679=ORIENTED_EDGE('',*,*,#1671,.T.);
#680=ORIENTED_EDGE('',*,*,#1672,.F.);
#681=ORIENTED_EDGE('',*,*,#1673,.T.);
#682=ORIENTED_EDGE('',*,*,#1352,.T.);
#683=ORIENTED_EDGE('',*,*,#1674,.F.);
#684=ORIENTED_EDGE('',*,*,#1338,.F.);
#685=ORIENTED_EDGE('',*,*,#1675,.T.);
#686=ORIENTED_EDGE('',*,*,#1580,.T.);
#687=ORIENTED_EDGE('',*,*,#1676,.T.);
#688=ORIENTED_EDGE('',*,*,#1582,.T.);
#689=ORIENTED_EDGE('',*,*,#1677,.T.);
#690=ORIENTED_EDGE('',*,*,#1588,.F.);
#691=ORIENTED_EDGE('',*,*,#1678,.T.);
#692=ORIENTED_EDGE('',*,*,#1592,.F.);
#693=ORIENTED_EDGE('',*,*,#1679,.T.);
#694=ORIENTED_EDGE('',*,*,#1596,.T.);
#695=ORIENTED_EDGE('',*,*,#1680,.T.);
#696=ORIENTED_EDGE('',*,*,#1600,.T.);
#697=ORIENTED_EDGE('',*,*,#1681,.T.);
#698=ORIENTED_EDGE('',*,*,#1604,.F.);
#699=ORIENTED_EDGE('',*,*,#1682,.T.);
#700=ORIENTED_EDGE('',*,*,#1608,.F.);
#701=ORIENTED_EDGE('',*,*,#1683,.T.);
#702=ORIENTED_EDGE('',*,*,#1612,.T.);
#703=ORIENTED_EDGE('',*,*,#1684,.T.);
#704=ORIENTED_EDGE('',*,*,#1616,.T.);
#705=ORIENTED_EDGE('',*,*,#1685,.T.);
#706=ORIENTED_EDGE('',*,*,#1620,.F.);
#707=ORIENTED_EDGE('',*,*,#1686,.T.);
#708=ORIENTED_EDGE('',*,*,#1624,.F.);
#709=ORIENTED_EDGE('',*,*,#1687,.T.);
#710=ORIENTED_EDGE('',*,*,#1628,.T.);
#711=ORIENTED_EDGE('',*,*,#1688,.T.);
#712=ORIENTED_EDGE('',*,*,#1672,.T.);
#713=ORIENTED_EDGE('',*,*,#1689,.T.);
#714=ORIENTED_EDGE('',*,*,#1554,.F.);
#715=ORIENTED_EDGE('',*,*,#1690,.T.);
#716=ORIENTED_EDGE('',*,*,#1558,.F.);
#717=ORIENTED_EDGE('',*,*,#1691,.T.);
#718=ORIENTED_EDGE('',*,*,#1564,.T.);
#719=ORIENTED_EDGE('',*,*,#1692,.T.);
#720=ORIENTED_EDGE('',*,*,#1568,.T.);
#721=ORIENTED_EDGE('',*,*,#1693,.T.);
#722=ORIENTED_EDGE('',*,*,#1572,.F.);
#723=ORIENTED_EDGE('',*,*,#1694,.T.);
#724=ORIENTED_EDGE('',*,*,#1576,.F.);
#725=ORIENTED_EDGE('',*,*,#1695,.T.);
#726=ORIENTED_EDGE('',*,*,#1550,.F.);
#727=ORIENTED_EDGE('',*,*,#1696,.T.);
#728=ORIENTED_EDGE('',*,*,#1666,.T.);
#729=ORIENTED_EDGE('',*,*,#1697,.T.);
#730=ORIENTED_EDGE('',*,*,#1526,.T.);
#731=ORIENTED_EDGE('',*,*,#1698,.T.);
#732=ORIENTED_EDGE('',*,*,#1532,.F.);
#733=ORIENTED_EDGE('',*,*,#1699,.T.);
#734=ORIENTED_EDGE('',*,*,#1536,.T.);
#735=ORIENTED_EDGE('',*,*,#1700,.T.);
#736=ORIENTED_EDGE('',*,*,#1540,.T.);
#737=ORIENTED_EDGE('',*,*,#1701,.T.);
#738=ORIENTED_EDGE('',*,*,#1542,.F.);
#739=ORIENTED_EDGE('',*,*,#1702,.T.);
#740=ORIENTED_EDGE('',*,*,#1546,.F.);
#741=ORIENTED_EDGE('',*,*,#1703,.T.);
#742=ORIENTED_EDGE('',*,*,#1512,.T.);
#743=ORIENTED_EDGE('',*,*,#1704,.T.);
#744=ORIENTED_EDGE('',*,*,#1516,.T.);
#745=ORIENTED_EDGE('',*,*,#1705,.T.);
#746=ORIENTED_EDGE('',*,*,#1520,.F.);
#747=ORIENTED_EDGE('',*,*,#1706,.T.);
#748=ORIENTED_EDGE('',*,*,#1524,.T.);
#749=ORIENTED_EDGE('',*,*,#1707,.T.);
#750=ORIENTED_EDGE('',*,*,#1662,.T.);
#751=ORIENTED_EDGE('',*,*,#1708,.T.);
#752=ORIENTED_EDGE('',*,*,#1498,.F.);
#753=ORIENTED_EDGE('',*,*,#1709,.T.);
#754=ORIENTED_EDGE('',*,*,#1504,.F.);
#755=ORIENTED_EDGE('',*,*,#1710,.T.);
#756=ORIENTED_EDGE('',*,*,#1508,.F.);
#757=ORIENTED_EDGE('',*,*,#1711,.T.);
#758=ORIENTED_EDGE('',*,*,#1490,.F.);
#759=ORIENTED_EDGE('',*,*,#1712,.T.);
#760=ORIENTED_EDGE('',*,*,#1494,.T.);
#761=ORIENTED_EDGE('',*,*,#1713,.T.);
#762=ORIENTED_EDGE('',*,*,#1658,.T.);
#763=ORIENTED_EDGE('',*,*,#1714,.T.);
#764=ORIENTED_EDGE('',*,*,#1470,.F.);
#765=ORIENTED_EDGE('',*,*,#1715,.T.);
#766=ORIENTED_EDGE('',*,*,#1476,.T.);
#767=ORIENTED_EDGE('',*,*,#1716,.T.);
#768=ORIENTED_EDGE('',*,*,#1480,.T.);
#769=ORIENTED_EDGE('',*,*,#1717,.T.);
#770=ORIENTED_EDGE('',*,*,#1484,.F.);
#771=ORIENTED_EDGE('',*,*,#1718,.T.);
#772=ORIENTED_EDGE('',*,*,#1486,.F.);
#773=ORIENTED_EDGE('',*,*,#1719,.T.);
#774=ORIENTED_EDGE('',*,*,#1462,.F.);
#775=ORIENTED_EDGE('',*,*,#1720,.T.);
#776=ORIENTED_EDGE('',*,*,#1466,.T.);
#777=ORIENTED_EDGE('',*,*,#1721,.T.);
#778=ORIENTED_EDGE('',*,*,#1654,.T.);
#779=ORIENTED_EDGE('',*,*,#1722,.T.);
#780=ORIENTED_EDGE('',*,*,#1442,.F.);
#781=ORIENTED_EDGE('',*,*,#1723,.T.);
#782=ORIENTED_EDGE('',*,*,#1446,.T.);
#783=ORIENTED_EDGE('',*,*,#1724,.T.);
#784=ORIENTED_EDGE('',*,*,#1450,.T.);
#785=ORIENTED_EDGE('',*,*,#1725,.T.);
#786=ORIENTED_EDGE('',*,*,#1456,.T.);
#787=ORIENTED_EDGE('',*,*,#1726,.T.);
#788=ORIENTED_EDGE('',*,*,#1460,.F.);
#789=ORIENTED_EDGE('',*,*,#1727,.T.);
#790=ORIENTED_EDGE('',*,*,#1436,.F.);
#791=ORIENTED_EDGE('',*,*,#1728,.T.);
#792=ORIENTED_EDGE('',*,*,#1438,.T.);
#793=ORIENTED_EDGE('',*,*,#1729,.T.);
#794=ORIENTED_EDGE('',*,*,#1652,.T.);
#795=ORIENTED_EDGE('',*,*,#1730,.T.);
#796=ORIENTED_EDGE('',*,*,#1416,.F.);
#797=ORIENTED_EDGE('',*,*,#1731,.T.);
#798=ORIENTED_EDGE('',*,*,#1418,.F.);
#799=ORIENTED_EDGE('',*,*,#1732,.T.);
#800=ORIENTED_EDGE('',*,*,#1422,.T.);
#801=ORIENTED_EDGE('',*,*,#1733,.T.);
#802=ORIENTED_EDGE('',*,*,#1428,.F.);
#803=ORIENTED_EDGE('',*,*,#1734,.T.);
#804=ORIENTED_EDGE('',*,*,#1432,.F.);
#805=ORIENTED_EDGE('',*,*,#1735,.T.);
#806=ORIENTED_EDGE('',*,*,#1404,.F.);
#807=ORIENTED_EDGE('',*,*,#1736,.T.);
#808=ORIENTED_EDGE('',*,*,#1406,.T.);
#809=ORIENTED_EDGE('',*,*,#1737,.T.);
#810=ORIENTED_EDGE('',*,*,#1410,.T.);
#811=ORIENTED_EDGE('',*,*,#1738,.T.);
#812=ORIENTED_EDGE('',*,*,#1646,.F.);
#813=ORIENTED_EDGE('',*,*,#1739,.T.);
#814=ORIENTED_EDGE('',*,*,#1392,.F.);
#815=ORIENTED_EDGE('',*,*,#1740,.T.);
#816=ORIENTED_EDGE('',*,*,#1394,.T.);
#817=ORIENTED_EDGE('',*,*,#1741,.T.);
#818=ORIENTED_EDGE('',*,*,#1398,.T.);
#819=ORIENTED_EDGE('',*,*,#1742,.T.);
#820=ORIENTED_EDGE('',*,*,#1644,.F.);
#821=ORIENTED_EDGE('',*,*,#1743,.T.);
#822=ORIENTED_EDGE('',*,*,#1378,.F.);
#823=ORIENTED_EDGE('',*,*,#1744,.T.);
#824=ORIENTED_EDGE('',*,*,#1382,.T.);
#825=ORIENTED_EDGE('',*,*,#1745,.T.);
#826=ORIENTED_EDGE('',*,*,#1388,.T.);
#827=ORIENTED_EDGE('',*,*,#1746,.T.);
#828=ORIENTED_EDGE('',*,*,#1640,.F.);
#829=ORIENTED_EDGE('',*,*,#1747,.T.);
#830=ORIENTED_EDGE('',*,*,#1366,.F.);
#831=ORIENTED_EDGE('',*,*,#1748,.T.);
#832=ORIENTED_EDGE('',*,*,#1370,.F.);
#833=ORIENTED_EDGE('',*,*,#1749,.T.);
#834=ORIENTED_EDGE('',*,*,#1374,.T.);
#835=ORIENTED_EDGE('',*,*,#1750,.T.);
#836=ORIENTED_EDGE('',*,*,#1636,.F.);
#837=ORIENTED_EDGE('',*,*,#1751,.T.);
#838=ORIENTED_EDGE('',*,*,#1630,.T.);
#839=ORIENTED_EDGE('',*,*,#1752,.T.);
#840=ORIENTED_EDGE('',*,*,#1354,.T.);
#841=ORIENTED_EDGE('',*,*,#1753,.T.);
#842=ORIENTED_EDGE('',*,*,#1360,.F.);
#843=ORIENTED_EDGE('',*,*,#1754,.T.);
#844=ORIENTED_EDGE('',*,*,#1362,.T.);
#845=ORIENTED_EDGE('',*,*,#1755,.T.);
#846=ORIENTED_EDGE('',*,*,#1341,.F.);
#847=ORIENTED_EDGE('',*,*,#1344,.F.);
#848=ORIENTED_EDGE('',*,*,#1347,.F.);
#849=ORIENTED_EDGE('',*,*,#1350,.F.);
#850=ORIENTED_EDGE('',*,*,#1353,.F.);
#851=ORIENTED_EDGE('',*,*,#1675,.F.);
#852=ORIENTED_EDGE('',*,*,#1584,.F.);
#853=ORIENTED_EDGE('',*,*,#1756,.T.);
#854=ORIENTED_EDGE('',*,*,#1578,.F.);
#855=ORIENTED_EDGE('',*,*,#1757,.T.);
#856=ORIENTED_EDGE('',*,*,#1574,.T.);
#857=ORIENTED_EDGE('',*,*,#1758,.T.);
#858=ORIENTED_EDGE('',*,*,#1570,.T.);
#859=ORIENTED_EDGE('',*,*,#1759,.T.);
#860=ORIENTED_EDGE('',*,*,#1566,.F.);
#861=ORIENTED_EDGE('',*,*,#1760,.T.);
#862=ORIENTED_EDGE('',*,*,#1562,.F.);
#863=ORIENTED_EDGE('',*,*,#1761,.T.);
#864=ORIENTED_EDGE('',*,*,#1560,.T.);
#865=ORIENTED_EDGE('',*,*,#1762,.T.);
#866=ORIENTED_EDGE('',*,*,#1556,.T.);
#867=ORIENTED_EDGE('',*,*,#1763,.T.);
#868=ORIENTED_EDGE('',*,*,#1670,.F.);
#869=ORIENTED_EDGE('',*,*,#1764,.T.);
#870=ORIENTED_EDGE('',*,*,#1626,.F.);
#871=ORIENTED_EDGE('',*,*,#1765,.T.);
#872=ORIENTED_EDGE('',*,*,#1622,.T.);
#873=ORIENTED_EDGE('',*,*,#1766,.T.);
#874=ORIENTED_EDGE('',*,*,#1618,.T.);
#875=ORIENTED_EDGE('',*,*,#1767,.T.);
#876=ORIENTED_EDGE('',*,*,#1614,.F.);
#877=ORIENTED_EDGE('',*,*,#1768,.T.);
#878=ORIENTED_EDGE('',*,*,#1610,.F.);
#879=ORIENTED_EDGE('',*,*,#1769,.T.);
#880=ORIENTED_EDGE('',*,*,#1606,.T.);
#881=ORIENTED_EDGE('',*,*,#1770,.T.);
#882=ORIENTED_EDGE('',*,*,#1602,.T.);
#883=ORIENTED_EDGE('',*,*,#1771,.T.);
#884=ORIENTED_EDGE('',*,*,#1598,.F.);
#885=ORIENTED_EDGE('',*,*,#1772,.T.);
#886=ORIENTED_EDGE('',*,*,#1594,.F.);
#887=ORIENTED_EDGE('',*,*,#1773,.T.);
#888=ORIENTED_EDGE('',*,*,#1590,.T.);
#889=ORIENTED_EDGE('',*,*,#1774,.T.);
#890=ORIENTED_EDGE('',*,*,#1586,.T.);
#891=ORIENTED_EDGE('',*,*,#1775,.T.);
#892=ORIENTED_EDGE('',*,*,#1668,.F.);
#893=ORIENTED_EDGE('',*,*,#1776,.T.);
#894=ORIENTED_EDGE('',*,*,#1552,.T.);
#895=ORIENTED_EDGE('',*,*,#1777,.T.);
#896=ORIENTED_EDGE('',*,*,#1548,.T.);
#897=ORIENTED_EDGE('',*,*,#1778,.T.);
#898=ORIENTED_EDGE('',*,*,#1544,.T.);
#899=ORIENTED_EDGE('',*,*,#1779,.T.);
#900=ORIENTED_EDGE('',*,*,#1538,.F.);
#901=ORIENTED_EDGE('',*,*,#1780,.T.);
#902=ORIENTED_EDGE('',*,*,#1534,.F.);
#903=ORIENTED_EDGE('',*,*,#1781,.T.);
#904=ORIENTED_EDGE('',*,*,#1530,.T.);
#905=ORIENTED_EDGE('',*,*,#1782,.T.);
#906=ORIENTED_EDGE('',*,*,#1528,.F.);
#907=ORIENTED_EDGE('',*,*,#1783,.T.);
#908=ORIENTED_EDGE('',*,*,#1514,.F.);
#909=ORIENTED_EDGE('',*,*,#1784,.T.);
#910=ORIENTED_EDGE('',*,*,#1510,.F.);
#911=ORIENTED_EDGE('',*,*,#1785,.T.);
#912=ORIENTED_EDGE('',*,*,#1506,.T.);
#913=ORIENTED_EDGE('',*,*,#1786,.T.);
#914=ORIENTED_EDGE('',*,*,#1502,.T.);
#915=ORIENTED_EDGE('',*,*,#1787,.T.);
#916=ORIENTED_EDGE('',*,*,#1500,.T.);
#917=ORIENTED_EDGE('',*,*,#1788,.T.);
#918=ORIENTED_EDGE('',*,*,#1664,.F.);
#919=ORIENTED_EDGE('',*,*,#1789,.T.);
#920=ORIENTED_EDGE('',*,*,#1522,.F.);
#921=ORIENTED_EDGE('',*,*,#1790,.T.);
#922=ORIENTED_EDGE('',*,*,#1518,.T.);
#923=ORIENTED_EDGE('',*,*,#1791,.T.);
#924=ORIENTED_EDGE('',*,*,#1496,.F.);
#925=ORIENTED_EDGE('',*,*,#1792,.T.);
#926=ORIENTED_EDGE('',*,*,#1492,.T.);
#927=ORIENTED_EDGE('',*,*,#1793,.T.);
#928=ORIENTED_EDGE('',*,*,#1488,.T.);
#929=ORIENTED_EDGE('',*,*,#1794,.T.);
#930=ORIENTED_EDGE('',*,*,#1482,.T.);
#931=ORIENTED_EDGE('',*,*,#1795,.T.);
#932=ORIENTED_EDGE('',*,*,#1478,.F.);
#933=ORIENTED_EDGE('',*,*,#1796,.T.);
#934=ORIENTED_EDGE('',*,*,#1474,.F.);
#935=ORIENTED_EDGE('',*,*,#1797,.T.);
#936=ORIENTED_EDGE('',*,*,#1472,.T.);
#937=ORIENTED_EDGE('',*,*,#1798,.T.);
#938=ORIENTED_EDGE('',*,*,#1660,.F.);
#939=ORIENTED_EDGE('',*,*,#1799,.T.);
#940=ORIENTED_EDGE('',*,*,#1468,.F.);
#941=ORIENTED_EDGE('',*,*,#1800,.T.);
#942=ORIENTED_EDGE('',*,*,#1464,.T.);
#943=ORIENTED_EDGE('',*,*,#1801,.T.);
#944=ORIENTED_EDGE('',*,*,#1458,.T.);
#945=ORIENTED_EDGE('',*,*,#1802,.T.);
#946=ORIENTED_EDGE('',*,*,#1454,.F.);
#947=ORIENTED_EDGE('',*,*,#1803,.T.);
#948=ORIENTED_EDGE('',*,*,#1452,.F.);
#949=ORIENTED_EDGE('',*,*,#1804,.T.);
#950=ORIENTED_EDGE('',*,*,#1448,.F.);
#951=ORIENTED_EDGE('',*,*,#1805,.T.);
#952=ORIENTED_EDGE('',*,*,#1444,.T.);
#953=ORIENTED_EDGE('',*,*,#1806,.T.);
#954=ORIENTED_EDGE('',*,*,#1656,.F.);
#955=ORIENTED_EDGE('',*,*,#1807,.T.);
#956=ORIENTED_EDGE('',*,*,#1440,.F.);
#957=ORIENTED_EDGE('',*,*,#1808,.T.);
#958=ORIENTED_EDGE('',*,*,#1434,.T.);
#959=ORIENTED_EDGE('',*,*,#1809,.T.);
#960=ORIENTED_EDGE('',*,*,#1430,.T.);
#961=ORIENTED_EDGE('',*,*,#1810,.T.);
#962=ORIENTED_EDGE('',*,*,#1426,.T.);
#963=ORIENTED_EDGE('',*,*,#1811,.T.);
#964=ORIENTED_EDGE('',*,*,#1424,.F.);
#965=ORIENTED_EDGE('',*,*,#1812,.T.);
#966=ORIENTED_EDGE('',*,*,#1420,.T.);
#967=ORIENTED_EDGE('',*,*,#1813,.T.);
#968=ORIENTED_EDGE('',*,*,#1414,.T.);
#969=ORIENTED_EDGE('',*,*,#1814,.T.);
#970=ORIENTED_EDGE('',*,*,#1650,.F.);
#971=ORIENTED_EDGE('',*,*,#1815,.T.);
#972=ORIENTED_EDGE('',*,*,#1408,.F.);
#973=ORIENTED_EDGE('',*,*,#1816,.T.);
#974=ORIENTED_EDGE('',*,*,#1402,.T.);
#975=ORIENTED_EDGE('',*,*,#1817,.T.);
#976=ORIENTED_EDGE('',*,*,#1648,.T.);
#977=ORIENTED_EDGE('',*,*,#1818,.T.);
#978=ORIENTED_EDGE('',*,*,#1412,.F.);
#979=ORIENTED_EDGE('',*,*,#1819,.T.);
#980=ORIENTED_EDGE('',*,*,#1396,.F.);
#981=ORIENTED_EDGE('',*,*,#1820,.T.);
#982=ORIENTED_EDGE('',*,*,#1390,.T.);
#983=ORIENTED_EDGE('',*,*,#1821,.T.);
#984=ORIENTED_EDGE('',*,*,#1642,.T.);
#985=ORIENTED_EDGE('',*,*,#1822,.T.);
#986=ORIENTED_EDGE('',*,*,#1400,.F.);
#987=ORIENTED_EDGE('',*,*,#1823,.T.);
#988=ORIENTED_EDGE('',*,*,#1384,.F.);
#989=ORIENTED_EDGE('',*,*,#1824,.T.);
#990=ORIENTED_EDGE('',*,*,#1380,.T.);
#991=ORIENTED_EDGE('',*,*,#1825,.T.);
#992=ORIENTED_EDGE('',*,*,#1638,.T.);
#993=ORIENTED_EDGE('',*,*,#1826,.T.);
#994=ORIENTED_EDGE('',*,*,#1386,.F.);
#995=ORIENTED_EDGE('',*,*,#1827,.T.);
#996=ORIENTED_EDGE('',*,*,#1372,.T.);
#997=ORIENTED_EDGE('',*,*,#1828,.T.);
#998=ORIENTED_EDGE('',*,*,#1368,.T.);
#999=ORIENTED_EDGE('',*,*,#1829,.T.);
#1000=ORIENTED_EDGE('',*,*,#1634,.T.);
#1001=ORIENTED_EDGE('',*,*,#1830,.T.);
#1002=ORIENTED_EDGE('',*,*,#1376,.F.);
#1003=ORIENTED_EDGE('',*,*,#1831,.T.);
#1004=ORIENTED_EDGE('',*,*,#1356,.F.);
#1005=ORIENTED_EDGE('',*,*,#1832,.T.);
#1006=ORIENTED_EDGE('',*,*,#1632,.F.);
#1007=ORIENTED_EDGE('',*,*,#1833,.T.);
#1008=ORIENTED_EDGE('',*,*,#1364,.F.);
#1009=ORIENTED_EDGE('',*,*,#1834,.T.);
#1010=ORIENTED_EDGE('',*,*,#1358,.T.);
#1011=ORIENTED_EDGE('',*,*,#1835,.T.);
#1012=ORIENTED_EDGE('',*,*,#1339,.T.);
#1013=ORIENTED_EDGE('',*,*,#1674,.T.);
#1014=ORIENTED_EDGE('',*,*,#1351,.T.);
#1015=ORIENTED_EDGE('',*,*,#1348,.T.);
#1016=ORIENTED_EDGE('',*,*,#1345,.T.);
#1017=ORIENTED_EDGE('',*,*,#1342,.T.);
#1018=ORIENTED_EDGE('',*,*,#1718,.F.);
#1019=ORIENTED_EDGE('',*,*,#1483,.F.);
#1020=ORIENTED_EDGE('',*,*,#1794,.F.);
#1021=ORIENTED_EDGE('',*,*,#1487,.F.);
#1022=ORIENTED_EDGE('',*,*,#1717,.F.);
#1023=ORIENTED_EDGE('',*,*,#1479,.F.);
#1024=ORIENTED_EDGE('',*,*,#1795,.F.);
#1025=ORIENTED_EDGE('',*,*,#1485,.F.);
#1026=ORIENTED_EDGE('',*,*,#1719,.F.);
#1027=ORIENTED_EDGE('',*,*,#1489,.F.);
#1028=ORIENTED_EDGE('',*,*,#1793,.F.);
#1029=ORIENTED_EDGE('',*,*,#1491,.F.);
#1030=ORIENTED_EDGE('',*,*,#1712,.F.);
#1031=ORIENTED_EDGE('',*,*,#1493,.F.);
#1032=ORIENTED_EDGE('',*,*,#1792,.F.);
#1033=ORIENTED_EDGE('',*,*,#1495,.F.);
#1034=ORIENTED_EDGE('',*,*,#1713,.F.);
#1035=ORIENTED_EDGE('',*,*,#1497,.F.);
#1036=ORIENTED_EDGE('',*,*,#1799,.F.);
#1037=ORIENTED_EDGE('',*,*,#1659,.F.);
#1038=ORIENTED_EDGE('',*,*,#1714,.F.);
#1039=ORIENTED_EDGE('',*,*,#1661,.F.);
#1040=ORIENTED_EDGE('',*,*,#1798,.F.);
#1041=ORIENTED_EDGE('',*,*,#1471,.F.);
#1042=ORIENTED_EDGE('',*,*,#1716,.F.);
#1043=ORIENTED_EDGE('',*,*,#1475,.F.);
#1044=ORIENTED_EDGE('',*,*,#1796,.F.);
#1045=ORIENTED_EDGE('',*,*,#1481,.F.);
#1046=ORIENTED_EDGE('',*,*,#1715,.F.);
#1047=ORIENTED_EDGE('',*,*,#1473,.F.);
#1048=ORIENTED_EDGE('',*,*,#1797,.F.);
#1049=ORIENTED_EDGE('',*,*,#1477,.F.);
#1050=ORIENTED_EDGE('',*,*,#1701,.F.);
#1051=ORIENTED_EDGE('',*,*,#1539,.F.);
#1052=ORIENTED_EDGE('',*,*,#1779,.F.);
#1053=ORIENTED_EDGE('',*,*,#1543,.F.);
#1054=ORIENTED_EDGE('',*,*,#1702,.F.);
#1055=ORIENTED_EDGE('',*,*,#1545,.F.);
#1056=ORIENTED_EDGE('',*,*,#1778,.F.);
#1057=ORIENTED_EDGE('',*,*,#1547,.F.);
#1058=ORIENTED_EDGE('',*,*,#1703,.F.);
#1059=ORIENTED_EDGE('',*,*,#1549,.F.);
#1060=ORIENTED_EDGE('',*,*,#1777,.F.);
#1061=ORIENTED_EDGE('',*,*,#1551,.F.);
#1062=ORIENTED_EDGE('',*,*,#1696,.F.);
#1063=ORIENTED_EDGE('',*,*,#1553,.F.);
#1064=ORIENTED_EDGE('',*,*,#1776,.F.);
#1065=ORIENTED_EDGE('',*,*,#1667,.F.);
#1066=ORIENTED_EDGE('',*,*,#1697,.F.);
#1067=ORIENTED_EDGE('',*,*,#1669,.F.);
#1068=ORIENTED_EDGE('',*,*,#1783,.F.);
#1069=ORIENTED_EDGE('',*,*,#1527,.F.);
#1070=ORIENTED_EDGE('',*,*,#1700,.F.);
#1071=ORIENTED_EDGE('',*,*,#1535,.F.);
#1072=ORIENTED_EDGE('',*,*,#1780,.F.);
#1073=ORIENTED_EDGE('',*,*,#1541,.F.);
#1074=ORIENTED_EDGE('',*,*,#1699,.F.);
#1075=ORIENTED_EDGE('',*,*,#1531,.F.);
#1076=ORIENTED_EDGE('',*,*,#1781,.F.);
#1077=ORIENTED_EDGE('',*,*,#1537,.F.);
#1078=ORIENTED_EDGE('',*,*,#1698,.F.);
#1079=ORIENTED_EDGE('',*,*,#1529,.F.);
#1080=ORIENTED_EDGE('',*,*,#1782,.F.);
#1081=ORIENTED_EDGE('',*,*,#1533,.F.);
#1082=ORIENTED_EDGE('',*,*,#1727,.F.);
#1083=ORIENTED_EDGE('',*,*,#1459,.F.);
#1084=ORIENTED_EDGE('',*,*,#1801,.F.);
#1085=ORIENTED_EDGE('',*,*,#1463,.F.);
#1086=ORIENTED_EDGE('',*,*,#1720,.F.);
#1087=ORIENTED_EDGE('',*,*,#1465,.F.);
#1088=ORIENTED_EDGE('',*,*,#1800,.F.);
#1089=ORIENTED_EDGE('',*,*,#1467,.F.);
#1090=ORIENTED_EDGE('',*,*,#1721,.F.);
#1091=ORIENTED_EDGE('',*,*,#1469,.F.);
#1092=ORIENTED_EDGE('',*,*,#1807,.F.);
#1093=ORIENTED_EDGE('',*,*,#1655,.F.);
#1094=ORIENTED_EDGE('',*,*,#1722,.F.);
#1095=ORIENTED_EDGE('',*,*,#1657,.F.);
#1096=ORIENTED_EDGE('',*,*,#1806,.F.);
#1097=ORIENTED_EDGE('',*,*,#1443,.F.);
#1098=ORIENTED_EDGE('',*,*,#1723,.F.);
#1099=ORIENTED_EDGE('',*,*,#1445,.F.);
#1100=ORIENTED_EDGE('',*,*,#1805,.F.);
#1101=ORIENTED_EDGE('',*,*,#1447,.F.);
#1102=ORIENTED_EDGE('',*,*,#1724,.F.);
#1103=ORIENTED_EDGE('',*,*,#1449,.F.);
#1104=ORIENTED_EDGE('',*,*,#1804,.F.);
#1105=ORIENTED_EDGE('',*,*,#1451,.F.);
#1106=ORIENTED_EDGE('',*,*,#1726,.F.);
#1107=ORIENTED_EDGE('',*,*,#1455,.F.);
#1108=ORIENTED_EDGE('',*,*,#1802,.F.);
#1109=ORIENTED_EDGE('',*,*,#1461,.F.);
#1110=ORIENTED_EDGE('',*,*,#1725,.F.);
#1111=ORIENTED_EDGE('',*,*,#1453,.F.);
#1112=ORIENTED_EDGE('',*,*,#1803,.F.);
#1113=ORIENTED_EDGE('',*,*,#1457,.F.);
#1114=ORIENTED_EDGE('',*,*,#1731,.F.);
#1115=ORIENTED_EDGE('',*,*,#1415,.F.);
#1116=ORIENTED_EDGE('',*,*,#1813,.F.);
#1117=ORIENTED_EDGE('',*,*,#1419,.F.);
#1118=ORIENTED_EDGE('',*,*,#1732,.F.);
#1119=ORIENTED_EDGE('',*,*,#1421,.F.);
#1120=ORIENTED_EDGE('',*,*,#1812,.F.);
#1121=ORIENTED_EDGE('',*,*,#1423,.F.);
#1122=ORIENTED_EDGE('',*,*,#1730,.F.);
#1123=ORIENTED_EDGE('',*,*,#1651,.F.);
#1124=ORIENTED_EDGE('',*,*,#1814,.F.);
#1125=ORIENTED_EDGE('',*,*,#1417,.F.);
#1126=ORIENTED_EDGE('',*,*,#1728,.F.);
#1127=ORIENTED_EDGE('',*,*,#1435,.F.);
#1128=ORIENTED_EDGE('',*,*,#1808,.F.);
#1129=ORIENTED_EDGE('',*,*,#1439,.F.);
#1130=ORIENTED_EDGE('',*,*,#1729,.F.);
#1131=ORIENTED_EDGE('',*,*,#1441,.F.);
#1132=ORIENTED_EDGE('',*,*,#1815,.F.);
#1133=ORIENTED_EDGE('',*,*,#1653,.F.);
#1134=ORIENTED_EDGE('',*,*,#1735,.F.);
#1135=ORIENTED_EDGE('',*,*,#1431,.F.);
#1136=ORIENTED_EDGE('',*,*,#1809,.F.);
#1137=ORIENTED_EDGE('',*,*,#1437,.F.);
#1138=ORIENTED_EDGE('',*,*,#1734,.F.);
#1139=ORIENTED_EDGE('',*,*,#1427,.F.);
#1140=ORIENTED_EDGE('',*,*,#1810,.F.);
#1141=ORIENTED_EDGE('',*,*,#1433,.F.);
#1142=ORIENTED_EDGE('',*,*,#1733,.F.);
#1143=ORIENTED_EDGE('',*,*,#1425,.F.);
#1144=ORIENTED_EDGE('',*,*,#1811,.F.);
#1145=ORIENTED_EDGE('',*,*,#1429,.F.);
#1146=ORIENTED_EDGE('',*,*,#1754,.F.);
#1147=ORIENTED_EDGE('',*,*,#1359,.F.);
#1148=ORIENTED_EDGE('',*,*,#1834,.F.);
#1149=ORIENTED_EDGE('',*,*,#1363,.F.);
#1150=ORIENTED_EDGE('',*,*,#1755,.F.);
#1151=ORIENTED_EDGE('',*,*,#1365,.F.);
#1152=ORIENTED_EDGE('',*,*,#1833,.F.);
#1153=ORIENTED_EDGE('',*,*,#1631,.F.);
#1154=ORIENTED_EDGE('',*,*,#1752,.F.);
#1155=ORIENTED_EDGE('',*,*,#1633,.F.);
#1156=ORIENTED_EDGE('',*,*,#1832,.F.);
#1157=ORIENTED_EDGE('',*,*,#1355,.F.);
#1158=ORIENTED_EDGE('',*,*,#1753,.F.);
#1159=ORIENTED_EDGE('',*,*,#1357,.F.);
#1160=ORIENTED_EDGE('',*,*,#1835,.F.);
#1161=ORIENTED_EDGE('',*,*,#1361,.F.);
#1162=ORIENTED_EDGE('',*,*,#1751,.F.);
#1163=ORIENTED_EDGE('',*,*,#1635,.F.);
#1164=ORIENTED_EDGE('',*,*,#1829,.F.);
#1165=ORIENTED_EDGE('',*,*,#1367,.F.);
#1166=ORIENTED_EDGE('',*,*,#1748,.F.);
#1167=ORIENTED_EDGE('',*,*,#1369,.F.);
#1168=ORIENTED_EDGE('',*,*,#1828,.F.);
#1169=ORIENTED_EDGE('',*,*,#1371,.F.);
#1170=ORIENTED_EDGE('',*,*,#1749,.F.);
#1171=ORIENTED_EDGE('',*,*,#1373,.F.);
#1172=ORIENTED_EDGE('',*,*,#1831,.F.);
#1173=ORIENTED_EDGE('',*,*,#1375,.F.);
#1174=ORIENTED_EDGE('',*,*,#1750,.F.);
#1175=ORIENTED_EDGE('',*,*,#1377,.F.);
#1176=ORIENTED_EDGE('',*,*,#1830,.F.);
#1177=ORIENTED_EDGE('',*,*,#1637,.F.);
#1178=ORIENTED_EDGE('',*,*,#1747,.F.);
#1179=ORIENTED_EDGE('',*,*,#1639,.F.);
#1180=ORIENTED_EDGE('',*,*,#1825,.F.);
#1181=ORIENTED_EDGE('',*,*,#1379,.F.);
#1182=ORIENTED_EDGE('',*,*,#1744,.F.);
#1183=ORIENTED_EDGE('',*,*,#1381,.F.);
#1184=ORIENTED_EDGE('',*,*,#1824,.F.);
#1185=ORIENTED_EDGE('',*,*,#1383,.F.);
#1186=ORIENTED_EDGE('',*,*,#1746,.F.);
#1187=ORIENTED_EDGE('',*,*,#1387,.F.);
#1188=ORIENTED_EDGE('',*,*,#1826,.F.);
#1189=ORIENTED_EDGE('',*,*,#1641,.F.);
#1190=ORIENTED_EDGE('',*,*,#1745,.F.);
#1191=ORIENTED_EDGE('',*,*,#1385,.F.);
#1192=ORIENTED_EDGE('',*,*,#1827,.F.);
#1193=ORIENTED_EDGE('',*,*,#1389,.F.);
#1194=ORIENTED_EDGE('',*,*,#1740,.F.);
#1195=ORIENTED_EDGE('',*,*,#1391,.F.);
#1196=ORIENTED_EDGE('',*,*,#1820,.F.);
#1197=ORIENTED_EDGE('',*,*,#1395,.F.);
#1198=ORIENTED_EDGE('',*,*,#1741,.F.);
#1199=ORIENTED_EDGE('',*,*,#1397,.F.);
#1200=ORIENTED_EDGE('',*,*,#1823,.F.);
#1201=ORIENTED_EDGE('',*,*,#1399,.F.);
#1202=ORIENTED_EDGE('',*,*,#1743,.F.);
#1203=ORIENTED_EDGE('',*,*,#1643,.F.);
#1204=ORIENTED_EDGE('',*,*,#1821,.F.);
#1205=ORIENTED_EDGE('',*,*,#1393,.F.);
#1206=ORIENTED_EDGE('',*,*,#1742,.F.);
#1207=ORIENTED_EDGE('',*,*,#1401,.F.);
#1208=ORIENTED_EDGE('',*,*,#1822,.F.);
#1209=ORIENTED_EDGE('',*,*,#1645,.F.);
#1210=ORIENTED_EDGE('',*,*,#1736,.F.);
#1211=ORIENTED_EDGE('',*,*,#1403,.F.);
#1212=ORIENTED_EDGE('',*,*,#1816,.F.);
#1213=ORIENTED_EDGE('',*,*,#1407,.F.);
#1214=ORIENTED_EDGE('',*,*,#1737,.F.);
#1215=ORIENTED_EDGE('',*,*,#1409,.F.);
#1216=ORIENTED_EDGE('',*,*,#1819,.F.);
#1217=ORIENTED_EDGE('',*,*,#1411,.F.);
#1218=ORIENTED_EDGE('',*,*,#1738,.F.);
#1219=ORIENTED_EDGE('',*,*,#1413,.F.);
#1220=ORIENTED_EDGE('',*,*,#1818,.F.);
#1221=ORIENTED_EDGE('',*,*,#1647,.F.);
#1222=ORIENTED_EDGE('',*,*,#1739,.F.);
#1223=ORIENTED_EDGE('',*,*,#1649,.F.);
#1224=ORIENTED_EDGE('',*,*,#1817,.F.);
#1225=ORIENTED_EDGE('',*,*,#1405,.F.);
#1226=ORIENTED_EDGE('',*,*,#1707,.F.);
#1227=ORIENTED_EDGE('',*,*,#1523,.F.);
#1228=ORIENTED_EDGE('',*,*,#1789,.F.);
#1229=ORIENTED_EDGE('',*,*,#1663,.F.);
#1230=ORIENTED_EDGE('',*,*,#1706,.F.);
#1231=ORIENTED_EDGE('',*,*,#1519,.F.);
#1232=ORIENTED_EDGE('',*,*,#1790,.F.);
#1233=ORIENTED_EDGE('',*,*,#1525,.F.);
#1234=ORIENTED_EDGE('',*,*,#1705,.F.);
#1235=ORIENTED_EDGE('',*,*,#1515,.F.);
#1236=ORIENTED_EDGE('',*,*,#1791,.F.);
#1237=ORIENTED_EDGE('',*,*,#1521,.F.);
#1238=ORIENTED_EDGE('',*,*,#1704,.F.);
#1239=ORIENTED_EDGE('',*,*,#1511,.F.);
#1240=ORIENTED_EDGE('',*,*,#1784,.F.);
#1241=ORIENTED_EDGE('',*,*,#1517,.F.);
#1242=ORIENTED_EDGE('',*,*,#1711,.F.);
#1243=ORIENTED_EDGE('',*,*,#1507,.F.);
#1244=ORIENTED_EDGE('',*,*,#1785,.F.);
#1245=ORIENTED_EDGE('',*,*,#1513,.F.);
#1246=ORIENTED_EDGE('',*,*,#1710,.F.);
#1247=ORIENTED_EDGE('',*,*,#1503,.F.);
#1248=ORIENTED_EDGE('',*,*,#1786,.F.);
#1249=ORIENTED_EDGE('',*,*,#1509,.F.);
#1250=ORIENTED_EDGE('',*,*,#1708,.F.);
#1251=ORIENTED_EDGE('',*,*,#1665,.F.);
#1252=ORIENTED_EDGE('',*,*,#1788,.F.);
#1253=ORIENTED_EDGE('',*,*,#1499,.F.);
#1254=ORIENTED_EDGE('',*,*,#1709,.F.);
#1255=ORIENTED_EDGE('',*,*,#1501,.F.);
#1256=ORIENTED_EDGE('',*,*,#1787,.F.);
#1257=ORIENTED_EDGE('',*,*,#1505,.F.);
#1258=ORIENTED_EDGE('',*,*,#1676,.F.);
#1259=ORIENTED_EDGE('',*,*,#1579,.F.);
#1260=ORIENTED_EDGE('',*,*,#1756,.F.);
#1261=ORIENTED_EDGE('',*,*,#1583,.F.);
#1262=ORIENTED_EDGE('',*,*,#1695,.F.);
#1263=ORIENTED_EDGE('',*,*,#1575,.F.);
#1264=ORIENTED_EDGE('',*,*,#1757,.F.);
#1265=ORIENTED_EDGE('',*,*,#1581,.F.);
#1266=ORIENTED_EDGE('',*,*,#1694,.F.);
#1267=ORIENTED_EDGE('',*,*,#1571,.F.);
#1268=ORIENTED_EDGE('',*,*,#1758,.F.);
#1269=ORIENTED_EDGE('',*,*,#1577,.F.);
#1270=ORIENTED_EDGE('',*,*,#1693,.F.);
#1271=ORIENTED_EDGE('',*,*,#1567,.F.);
#1272=ORIENTED_EDGE('',*,*,#1759,.F.);
#1273=ORIENTED_EDGE('',*,*,#1573,.F.);
#1274=ORIENTED_EDGE('',*,*,#1692,.F.);
#1275=ORIENTED_EDGE('',*,*,#1563,.F.);
#1276=ORIENTED_EDGE('',*,*,#1760,.F.);
#1277=ORIENTED_EDGE('',*,*,#1569,.F.);
#1278=ORIENTED_EDGE('',*,*,#1689,.F.);
#1279=ORIENTED_EDGE('',*,*,#1671,.F.);
#1280=ORIENTED_EDGE('',*,*,#1763,.F.);
#1281=ORIENTED_EDGE('',*,*,#1555,.F.);
#1282=ORIENTED_EDGE('',*,*,#1690,.F.);
#1283=ORIENTED_EDGE('',*,*,#1557,.F.);
#1284=ORIENTED_EDGE('',*,*,#1762,.F.);
#1285=ORIENTED_EDGE('',*,*,#1559,.F.);
#1286=ORIENTED_EDGE('',*,*,#1691,.F.);
#1287=ORIENTED_EDGE('',*,*,#1561,.F.);
#1288=ORIENTED_EDGE('',*,*,#1761,.F.);
#1289=ORIENTED_EDGE('',*,*,#1565,.F.);
#1290=ORIENTED_EDGE('',*,*,#1688,.F.);
#1291=ORIENTED_EDGE('',*,*,#1627,.F.);
#1292=ORIENTED_EDGE('',*,*,#1764,.F.);
#1293=ORIENTED_EDGE('',*,*,#1673,.F.);
#1294=ORIENTED_EDGE('',*,*,#1687,.F.);
#1295=ORIENTED_EDGE('',*,*,#1623,.F.);
#1296=ORIENTED_EDGE('',*,*,#1765,.F.);
#1297=ORIENTED_EDGE('',*,*,#1629,.F.);
#1298=ORIENTED_EDGE('',*,*,#1686,.F.);
#1299=ORIENTED_EDGE('',*,*,#1619,.F.);
#1300=ORIENTED_EDGE('',*,*,#1766,.F.);
#1301=ORIENTED_EDGE('',*,*,#1625,.F.);
#1302=ORIENTED_EDGE('',*,*,#1685,.F.);
#1303=ORIENTED_EDGE('',*,*,#1615,.F.);
#1304=ORIENTED_EDGE('',*,*,#1767,.F.);
#1305=ORIENTED_EDGE('',*,*,#1621,.F.);
#1306=ORIENTED_EDGE('',*,*,#1684,.F.);
#1307=ORIENTED_EDGE('',*,*,#1611,.F.);
#1308=ORIENTED_EDGE('',*,*,#1768,.F.);
#1309=ORIENTED_EDGE('',*,*,#1617,.F.);
#1310=ORIENTED_EDGE('',*,*,#1683,.F.);
#1311=ORIENTED_EDGE('',*,*,#1607,.F.);
#1312=ORIENTED_EDGE('',*,*,#1769,.F.);
#1313=ORIENTED_EDGE('',*,*,#1613,.F.);
#1314=ORIENTED_EDGE('',*,*,#1682,.F.);
#1315=ORIENTED_EDGE('',*,*,#1603,.F.);
#1316=ORIENTED_EDGE('',*,*,#1770,.F.);
#1317=ORIENTED_EDGE('',*,*,#1609,.F.);
#1318=ORIENTED_EDGE('',*,*,#1681,.F.);
#1319=ORIENTED_EDGE('',*,*,#1599,.F.);
#1320=ORIENTED_EDGE('',*,*,#1771,.F.);
#1321=ORIENTED_EDGE('',*,*,#1605,.F.);
#1322=ORIENTED_EDGE('',*,*,#1680,.F.);
#1323=ORIENTED_EDGE('',*,*,#1595,.F.);
#1324=ORIENTED_EDGE('',*,*,#1772,.F.);
#1325=ORIENTED_EDGE('',*,*,#1601,.F.);
#1326=ORIENTED_EDGE('',*,*,#1679,.F.);
#1327=ORIENTED_EDGE('',*,*,#1591,.F.);
#1328=ORIENTED_EDGE('',*,*,#1773,.F.);
#1329=ORIENTED_EDGE('',*,*,#1597,.F.);
#1330=ORIENTED_EDGE('',*,*,#1678,.F.);
#1331=ORIENTED_EDGE('',*,*,#1587,.F.);
#1332=ORIENTED_EDGE('',*,*,#1774,.F.);
#1333=ORIENTED_EDGE('',*,*,#1593,.F.);
#1334=ORIENTED_EDGE('',*,*,#1677,.F.);
#1335=ORIENTED_EDGE('',*,*,#1585,.F.);
#1336=ORIENTED_EDGE('',*,*,#1775,.F.);
#1337=ORIENTED_EDGE('',*,*,#1589,.F.);
#1338=EDGE_CURVE('',#1836,#1837,#2168,.T.);
#1339=EDGE_CURVE('',#1838,#1837,#2169,.T.);
#1340=EDGE_CURVE('',#1839,#1838,#2170,.T.);
#1341=EDGE_CURVE('',#1839,#1836,#2171,.T.);
#1342=EDGE_CURVE('',#1840,#1838,#2172,.T.);
#1343=EDGE_CURVE('',#1841,#1840,#2173,.T.);
#1344=EDGE_CURVE('',#1841,#1839,#2174,.T.);
#1345=EDGE_CURVE('',#1842,#1840,#2175,.T.);
#1346=EDGE_CURVE('',#1843,#1842,#2176,.T.);
#1347=EDGE_CURVE('',#1843,#1841,#2177,.T.);
#1348=EDGE_CURVE('',#1844,#1842,#2178,.T.);
#1349=EDGE_CURVE('',#1845,#1844,#2179,.T.);
#1350=EDGE_CURVE('',#1845,#1843,#2180,.T.);
#1351=EDGE_CURVE('',#1846,#1844,#2181,.T.);
#1352=EDGE_CURVE('',#1847,#1846,#2182,.T.);
#1353=EDGE_CURVE('',#1847,#1845,#2183,.T.);
#1354=EDGE_CURVE('',#1848,#1849,#2184,.T.);
#1355=EDGE_CURVE('',#1848,#1850,#2185,.F.);
#1356=EDGE_CURVE('',#1850,#1851,#2186,.T.);
#1357=EDGE_CURVE('',#1851,#1849,#2187,.F.);
#1358=EDGE_CURVE('',#1852,#1853,#12,.T.);
#1359=EDGE_CURVE('',#1852,#1854,#2188,.F.);
#1360=EDGE_CURVE('',#1854,#1855,#13,.T.);
#1361=EDGE_CURVE('',#1855,#1853,#2189,.T.);
#1362=EDGE_CURVE('',#1856,#1857,#2190,.T.);
#1363=EDGE_CURVE('',#1856,#1858,#2191,.T.);
#1364=EDGE_CURVE('',#1858,#1859,#2192,.T.);
#1365=EDGE_CURVE('',#1859,#1857,#2193,.T.);
#1366=EDGE_CURVE('',#1860,#1861,#14,.T.);
#1367=EDGE_CURVE('',#1861,#1862,#2194,.T.);
#1368=EDGE_CURVE('',#1863,#1862,#15,.T.);
#1369=EDGE_CURVE('',#1863,#1860,#2195,.F.);
#1370=EDGE_CURVE('',#1864,#1865,#2196,.T.);
#1371=EDGE_CURVE('',#1865,#1866,#2197,.F.);
#1372=EDGE_CURVE('',#1867,#1866,#2198,.T.);
#1373=EDGE_CURVE('',#1867,#1864,#2199,.F.);
#1374=EDGE_CURVE('',#1868,#1869,#16,.T.);
#1375=EDGE_CURVE('',#1868,#1870,#2200,.T.);
#1376=EDGE_CURVE('',#1870,#1871,#17,.T.);
#1377=EDGE_CURVE('',#1871,#1869,#2201,.F.);
#1378=EDGE_CURVE('',#1872,#1873,#18,.T.);
#1379=EDGE_CURVE('',#1873,#1874,#2202,.T.);
#1380=EDGE_CURVE('',#1875,#1874,#19,.T.);
#1381=EDGE_CURVE('',#1875,#1872,#2203,.F.);
#1382=EDGE_CURVE('',#1876,#1877,#2204,.T.);
#1383=EDGE_CURVE('',#1876,#1878,#2205,.T.);
#1384=EDGE_CURVE('',#1878,#1879,#2206,.T.);
#1385=EDGE_CURVE('',#1879,#1877,#2207,.T.);
#1386=EDGE_CURVE('',#1880,#1881,#20,.T.);
#1387=EDGE_CURVE('',#1881,#1882,#2208,.F.);
#1388=EDGE_CURVE('',#1883,#1882,#21,.T.);
#1389=EDGE_CURVE('',#1883,#1880,#2209,.T.);
#1390=EDGE_CURVE('',#1884,#1885,#22,.T.);
#1391=EDGE_CURVE('',#1884,#1886,#2210,.F.);
#1392=EDGE_CURVE('',#1886,#1887,#23,.T.);
#1393=EDGE_CURVE('',#1887,#1885,#2211,.T.);
#1394=EDGE_CURVE('',#1888,#1889,#2212,.T.);
#1395=EDGE_CURVE('',#1888,#1890,#2213,.T.);
#1396=EDGE_CURVE('',#1890,#1891,#2214,.T.);
#1397=EDGE_CURVE('',#1891,#1889,#2215,.T.);
#1398=EDGE_CURVE('',#1892,#1893,#24,.T.);
#1399=EDGE_CURVE('',#1892,#1894,#2216,.T.);
#1400=EDGE_CURVE('',#1894,#1895,#25,.T.);
#1401=EDGE_CURVE('',#1895,#1893,#2217,.F.);
#1402=EDGE_CURVE('',#1896,#1897,#26,.T.);
#1403=EDGE_CURVE('',#1896,#1898,#2218,.F.);
#1404=EDGE_CURVE('',#1898,#1899,#27,.T.);
#1405=EDGE_CURVE('',#1899,#1897,#2219,.T.);
#1406=EDGE_CURVE('',#1900,#1901,#2220,.T.);
#1407=EDGE_CURVE('',#1900,#1902,#2221,.T.);
#1408=EDGE_CURVE('',#1902,#1903,#2222,.T.);
#1409=EDGE_CURVE('',#1903,#1901,#2223,.T.);
#1410=EDGE_CURVE('',#1904,#1905,#28,.T.);
#1411=EDGE_CURVE('',#1904,#1906,#2224,.T.);
#1412=EDGE_CURVE('',#1906,#1907,#29,.T.);
#1413=EDGE_CURVE('',#1907,#1905,#2225,.F.);
#1414=EDGE_CURVE('',#1908,#1909,#30,.T.);
#1415=EDGE_CURVE('',#1908,#1910,#2226,.F.);
#1416=EDGE_CURVE('',#1910,#1911,#31,.T.);
#1417=EDGE_CURVE('',#1911,#1909,#2227,.T.);
#1418=EDGE_CURVE('',#1912,#1913,#2228,.T.);
#1419=EDGE_CURVE('',#1913,#1914,#2229,.F.);
#1420=EDGE_CURVE('',#1915,#1914,#2230,.T.);
#1421=EDGE_CURVE('',#1915,#1912,#2231,.F.);
#1422=EDGE_CURVE('',#1916,#1917,#32,.T.);
#1423=EDGE_CURVE('',#1916,#1918,#2232,.T.);
#1424=EDGE_CURVE('',#1918,#1919,#33,.T.);
#1425=EDGE_CURVE('',#1919,#1917,#2233,.F.);
#1426=EDGE_CURVE('',#1920,#1921,#2234,.T.);
#1427=EDGE_CURVE('',#1920,#1922,#2235,.T.);
#1428=EDGE_CURVE('',#1922,#1923,#2236,.T.);
#1429=EDGE_CURVE('',#1923,#1921,#2237,.T.);
#1430=EDGE_CURVE('',#1924,#1925,#34,.T.);
#1431=EDGE_CURVE('',#1924,#1926,#2238,.F.);
#1432=EDGE_CURVE('',#1926,#1927,#35,.T.);
#1433=EDGE_CURVE('',#1927,#1925,#2239,.T.);
#1434=EDGE_CURVE('',#1928,#1929,#2240,.T.);
#1435=EDGE_CURVE('',#1928,#1930,#2241,.F.);
#1436=EDGE_CURVE('',#1930,#1931,#2242,.T.);
#1437=EDGE_CURVE('',#1931,#1929,#2243,.F.);
#1438=EDGE_CURVE('',#1932,#1933,#2244,.T.);
#1439=EDGE_CURVE('',#1932,#1934,#2245,.T.);
#1440=EDGE_CURVE('',#1934,#1935,#2246,.T.);
#1441=EDGE_CURVE('',#1935,#1933,#2247,.F.);
#1442=EDGE_CURVE('',#1936,#1937,#36,.T.);
#1443=EDGE_CURVE('',#1937,#1938,#2248,.T.);
#1444=EDGE_CURVE('',#1939,#1938,#37,.T.);
#1445=EDGE_CURVE('',#1939,#1936,#2249,.F.);
#1446=EDGE_CURVE('',#1940,#1941,#2250,.T.);
#1447=EDGE_CURVE('',#1940,#1942,#2251,.T.);
#1448=EDGE_CURVE('',#1942,#1943,#2252,.T.);
#1449=EDGE_CURVE('',#1943,#1941,#2253,.T.);
#1450=EDGE_CURVE('',#1944,#1945,#38,.T.);
#1451=EDGE_CURVE('',#1944,#1946,#2254,.T.);
#1452=EDGE_CURVE('',#1946,#1947,#39,.T.);
#1453=EDGE_CURVE('',#1947,#1945,#2255,.F.);
#1454=EDGE_CURVE('',#1948,#1949,#2256,.T.);
#1455=EDGE_CURVE('',#1949,#1950,#2257,.F.);
#1456=EDGE_CURVE('',#1951,#1950,#2258,.T.);
#1457=EDGE_CURVE('',#1951,#1948,#2259,.F.);
#1458=EDGE_CURVE('',#1952,#1953,#40,.T.);
#1459=EDGE_CURVE('',#1952,#1954,#2260,.F.);
#1460=EDGE_CURVE('',#1954,#1955,#41,.T.);
#1461=EDGE_CURVE('',#1955,#1953,#2261,.T.);
#1462=EDGE_CURVE('',#1956,#1957,#2262,.T.);
#1463=EDGE_CURVE('',#1957,#1958,#2263,.F.);
#1464=EDGE_CURVE('',#1959,#1958,#2264,.T.);
#1465=EDGE_CURVE('',#1959,#1956,#2265,.F.);
#1466=EDGE_CURVE('',#1960,#1961,#2266,.T.);
#1467=EDGE_CURVE('',#1960,#1962,#2267,.T.);
#1468=EDGE_CURVE('',#1962,#1963,#2268,.T.);
#1469=EDGE_CURVE('',#1963,#1961,#2269,.F.);
#1470=EDGE_CURVE('',#1964,#1965,#42,.T.);
#1471=EDGE_CURVE('',#1965,#1966,#2270,.T.);
#1472=EDGE_CURVE('',#1967,#1966,#43,.T.);
#1473=EDGE_CURVE('',#1967,#1964,#2271,.F.);
#1474=EDGE_CURVE('',#1968,#1969,#2272,.T.);
#1475=EDGE_CURVE('',#1969,#1970,#2273,.T.);
#1476=EDGE_CURVE('',#1971,#1970,#2274,.T.);
#1477=EDGE_CURVE('',#1971,#1968,#2275,.T.);
#1478=EDGE_CURVE('',#1972,#1973,#44,.T.);
#1479=EDGE_CURVE('',#1973,#1974,#2276,.F.);
#1480=EDGE_CURVE('',#1975,#1974,#45,.T.);
#1481=EDGE_CURVE('',#1975,#1972,#2277,.T.);
#1482=EDGE_CURVE('',#1976,#1977,#2278,.T.);
#1483=EDGE_CURVE('',#1976,#1978,#2279,.T.);
#1484=EDGE_CURVE('',#1978,#1979,#2280,.T.);
#1485=EDGE_CURVE('',#1979,#1977,#2281,.T.);
#1486=EDGE_CURVE('',#1980,#1981,#46,.T.);
#1487=EDGE_CURVE('',#1981,#1982,#2282,.T.);
#1488=EDGE_CURVE('',#1983,#1982,#47,.T.);
#1489=EDGE_CURVE('',#1983,#1980,#2283,.F.);
#1490=EDGE_CURVE('',#1984,#1985,#2284,.T.);
#1491=EDGE_CURVE('',#1985,#1986,#2285,.F.);
#1492=EDGE_CURVE('',#1987,#1986,#2286,.T.);
#1493=EDGE_CURVE('',#1987,#1984,#2287,.F.);
#1494=EDGE_CURVE('',#1988,#1989,#2288,.T.);
#1495=EDGE_CURVE('',#1988,#1990,#2289,.T.);
#1496=EDGE_CURVE('',#1990,#1991,#2290,.T.);
#1497=EDGE_CURVE('',#1991,#1989,#2291,.F.);
#1498=EDGE_CURVE('',#1992,#1993,#2292,.T.);
#1499=EDGE_CURVE('',#1993,#1994,#2293,.T.);
#1500=EDGE_CURVE('',#1995,#1994,#2294,.T.);
#1501=EDGE_CURVE('',#1995,#1992,#2295,.T.);
#1502=EDGE_CURVE('',#1996,#1997,#48,.T.);
#1503=EDGE_CURVE('',#1996,#1998,#2296,.F.);
#1504=EDGE_CURVE('',#1998,#1999,#49,.T.);
#1505=EDGE_CURVE('',#1999,#1997,#2297,.T.);
#1506=EDGE_CURVE('',#2000,#2001,#2298,.T.);
#1507=EDGE_CURVE('',#2000,#2002,#2299,.F.);
#1508=EDGE_CURVE('',#2002,#2003,#2300,.T.);
#1509=EDGE_CURVE('',#2003,#2001,#2301,.F.);
#1510=EDGE_CURVE('',#2004,#2005,#2302,.T.);
#1511=EDGE_CURVE('',#2005,#2006,#2303,.F.);
#1512=EDGE_CURVE('',#2007,#2006,#2304,.T.);
#1513=EDGE_CURVE('',#2007,#2004,#2305,.T.);
#1514=EDGE_CURVE('',#2008,#2009,#2306,.T.);
#1515=EDGE_CURVE('',#2009,#2010,#2307,.F.);
#1516=EDGE_CURVE('',#2011,#2010,#2308,.T.);
#1517=EDGE_CURVE('',#2011,#2008,#2309,.T.);
#1518=EDGE_CURVE('',#2012,#2013,#50,.T.);
#1519=EDGE_CURVE('',#2012,#2014,#2310,.F.);
#1520=EDGE_CURVE('',#2014,#2015,#51,.T.);
#1521=EDGE_CURVE('',#2015,#2013,#2311,.T.);
#1522=EDGE_CURVE('',#2016,#2017,#2312,.T.);
#1523=EDGE_CURVE('',#2017,#2018,#2313,.T.);
#1524=EDGE_CURVE('',#2019,#2018,#2314,.T.);
#1525=EDGE_CURVE('',#2019,#2016,#2315,.T.);
#1526=EDGE_CURVE('',#2020,#2021,#2316,.T.);
#1527=EDGE_CURVE('',#2020,#2022,#2317,.T.);
#1528=EDGE_CURVE('',#2022,#2023,#2318,.T.);
#1529=EDGE_CURVE('',#2023,#2021,#2319,.F.);
#1530=EDGE_CURVE('',#2024,#2025,#52,.T.);
#1531=EDGE_CURVE('',#2024,#2026,#2320,.F.);
#1532=EDGE_CURVE('',#2026,#2027,#53,.T.);
#1533=EDGE_CURVE('',#2027,#2025,#2321,.T.);
#1534=EDGE_CURVE('',#2028,#2029,#2322,.T.);
#1535=EDGE_CURVE('',#2029,#2030,#2323,.T.);
#1536=EDGE_CURVE('',#2031,#2030,#2324,.T.);
#1537=EDGE_CURVE('',#2031,#2028,#2325,.T.);
#1538=EDGE_CURVE('',#2032,#2033,#54,.T.);
#1539=EDGE_CURVE('',#2033,#2034,#2326,.F.);
#1540=EDGE_CURVE('',#2035,#2034,#55,.T.);
#1541=EDGE_CURVE('',#2035,#2032,#2327,.T.);
#1542=EDGE_CURVE('',#2036,#2037,#2328,.T.);
#1543=EDGE_CURVE('',#2037,#2038,#2329,.T.);
#1544=EDGE_CURVE('',#2039,#2038,#2330,.T.);
#1545=EDGE_CURVE('',#2039,#2036,#2331,.T.);
#1546=EDGE_CURVE('',#2040,#2041,#56,.T.);
#1547=EDGE_CURVE('',#2041,#2042,#2332,.T.);
#1548=EDGE_CURVE('',#2043,#2042,#57,.T.);
#1549=EDGE_CURVE('',#2043,#2040,#2333,.F.);
#1550=EDGE_CURVE('',#2044,#2045,#2334,.T.);
#1551=EDGE_CURVE('',#2045,#2046,#2335,.F.);
#1552=EDGE_CURVE('',#2047,#2046,#2336,.T.);
#1553=EDGE_CURVE('',#2047,#2044,#2337,.F.);
#1554=EDGE_CURVE('',#2048,#2049,#2338,.T.);
#1555=EDGE_CURVE('',#2049,#2050,#2339,.F.);
#1556=EDGE_CURVE('',#2051,#2050,#2340,.T.);
#1557=EDGE_CURVE('',#2051,#2048,#2341,.F.);
#1558=EDGE_CURVE('',#2052,#2053,#2342,.T.);
#1559=EDGE_CURVE('',#2053,#2054,#2343,.T.);
#1560=EDGE_CURVE('',#2055,#2054,#2344,.T.);
#1561=EDGE_CURVE('',#2055,#2052,#2345,.F.);
#1562=EDGE_CURVE('',#2056,#2057,#2346,.T.);
#1563=EDGE_CURVE('',#2057,#2058,#2347,.F.);
#1564=EDGE_CURVE('',#2059,#2058,#2348,.T.);
#1565=EDGE_CURVE('',#2059,#2056,#2349,.T.);
#1566=EDGE_CURVE('',#2060,#2061,#58,.T.);
#1567=EDGE_CURVE('',#2061,#2062,#2350,.F.);
#1568=EDGE_CURVE('',#2063,#2062,#59,.T.);
#1569=EDGE_CURVE('',#2063,#2060,#2351,.T.);
#1570=EDGE_CURVE('',#2064,#2065,#2352,.T.);
#1571=EDGE_CURVE('',#2064,#2066,#2353,.F.);
#1572=EDGE_CURVE('',#2066,#2067,#2354,.T.);
#1573=EDGE_CURVE('',#2067,#2065,#2355,.F.);
#1574=EDGE_CURVE('',#2068,#2069,#2356,.T.);
#1575=EDGE_CURVE('',#2068,#2070,#2357,.F.);
#1576=EDGE_CURVE('',#2070,#2071,#2358,.T.);
#1577=EDGE_CURVE('',#2071,#2069,#2359,.T.);
#1578=EDGE_CURVE('',#2072,#2073,#2360,.T.);
#1579=EDGE_CURVE('',#2073,#2074,#2361,.F.);
#1580=EDGE_CURVE('',#2075,#2074,#2362,.T.);
#1581=EDGE_CURVE('',#2075,#2072,#2363,.T.);
#1582=EDGE_CURVE('',#2076,#2077,#60,.T.);
#1583=EDGE_CURVE('',#2076,#2078,#2364,.T.);
#1584=EDGE_CURVE('',#2078,#2079,#61,.T.);
#1585=EDGE_CURVE('',#2079,#2077,#2365,.F.);
#1586=EDGE_CURVE('',#2080,#2081,#2366,.T.);
#1587=EDGE_CURVE('',#2080,#2082,#2367,.F.);
#1588=EDGE_CURVE('',#2082,#2083,#2368,.T.);
#1589=EDGE_CURVE('',#2083,#2081,#2369,.F.);
#1590=EDGE_CURVE('',#2084,#2085,#2370,.T.);
#1591=EDGE_CURVE('',#2084,#2086,#2371,.F.);
#1592=EDGE_CURVE('',#2086,#2087,#2372,.T.);
#1593=EDGE_CURVE('',#2087,#2085,#2373,.T.);
#1594=EDGE_CURVE('',#2088,#2089,#2374,.T.);
#1595=EDGE_CURVE('',#2089,#2090,#2375,.F.);
#1596=EDGE_CURVE('',#2091,#2090,#2376,.T.);
#1597=EDGE_CURVE('',#2091,#2088,#2377,.T.);
#1598=EDGE_CURVE('',#2092,#2093,#62,.T.);
#1599=EDGE_CURVE('',#2093,#2094,#2378,.F.);
#1600=EDGE_CURVE('',#2095,#2094,#63,.T.);
#1601=EDGE_CURVE('',#2095,#2092,#2379,.T.);
#1602=EDGE_CURVE('',#2096,#2097,#2380,.T.);
#1603=EDGE_CURVE('',#2096,#2098,#2381,.F.);
#1604=EDGE_CURVE('',#2098,#2099,#2382,.T.);
#1605=EDGE_CURVE('',#2099,#2097,#2383,.F.);
#1606=EDGE_CURVE('',#2100,#2101,#2384,.T.);
#1607=EDGE_CURVE('',#2100,#2102,#2385,.F.);
#1608=EDGE_CURVE('',#2102,#2103,#2386,.T.);
#1609=EDGE_CURVE('',#2103,#2101,#2387,.T.);
#1610=EDGE_CURVE('',#2104,#2105,#2388,.T.);
#1611=EDGE_CURVE('',#2105,#2106,#2389,.F.);
#1612=EDGE_CURVE('',#2107,#2106,#2390,.T.);
#1613=EDGE_CURVE('',#2107,#2104,#2391,.T.);
#1614=EDGE_CURVE('',#2108,#2109,#64,.T.);
#1615=EDGE_CURVE('',#2109,#2110,#2392,.F.);
#1616=EDGE_CURVE('',#2111,#2110,#65,.T.);
#1617=EDGE_CURVE('',#2111,#2108,#2393,.T.);
#1618=EDGE_CURVE('',#2112,#2113,#2394,.T.);
#1619=EDGE_CURVE('',#2112,#2114,#2395,.F.);
#1620=EDGE_CURVE('',#2114,#2115,#2396,.T.);
#1621=EDGE_CURVE('',#2115,#2113,#2397,.F.);
#1622=EDGE_CURVE('',#2116,#2117,#2398,.T.);
#1623=EDGE_CURVE('',#2116,#2118,#2399,.F.);
#1624=EDGE_CURVE('',#2118,#2119,#2400,.T.);
#1625=EDGE_CURVE('',#2119,#2117,#2401,.T.);
#1626=EDGE_CURVE('',#2120,#2121,#2402,.T.);
#1627=EDGE_CURVE('',#2121,#2122,#2403,.F.);
#1628=EDGE_CURVE('',#2123,#2122,#2404,.T.);
#1629=EDGE_CURVE('',#2123,#2120,#2405,.T.);
#1630=EDGE_CURVE('',#2124,#2125,#66,.T.);
#1631=EDGE_CURVE('',#2124,#2126,#2406,.T.);
#1632=EDGE_CURVE('',#2126,#2127,#67,.T.);
#1633=EDGE_CURVE('',#2127,#2125,#2407,.F.);
#1634=EDGE_CURVE('',#2128,#2129,#2408,.T.);
#1635=EDGE_CURVE('',#2128,#2130,#2409,.T.);
#1636=EDGE_CURVE('',#2130,#2131,#2410,.T.);
#1637=EDGE_CURVE('',#2131,#2129,#2411,.T.);
#1638=EDGE_CURVE('',#2132,#2133,#2412,.T.);
#1639=EDGE_CURVE('',#2132,#2134,#2413,.T.);
#1640=EDGE_CURVE('',#2134,#2135,#2414,.T.);
#1641=EDGE_CURVE('',#2135,#2133,#2415,.T.);
#1642=EDGE_CURVE('',#2136,#2137,#2416,.T.);
#1643=EDGE_CURVE('',#2136,#2138,#2417,.T.);
#1644=EDGE_CURVE('',#2138,#2139,#2418,.T.);
#1645=EDGE_CURVE('',#2139,#2137,#2419,.T.);
#1646=EDGE_CURVE('',#2140,#2141,#2420,.T.);
#1647=EDGE_CURVE('',#2141,#2142,#2421,.T.);
#1648=EDGE_CURVE('',#2143,#2142,#2422,.T.);
#1649=EDGE_CURVE('',#2143,#2140,#2423,.T.);
#1650=EDGE_CURVE('',#2144,#2145,#2424,.T.);
#1651=EDGE_CURVE('',#2145,#2146,#2425,.F.);
#1652=EDGE_CURVE('',#2147,#2146,#2426,.T.);
#1653=EDGE_CURVE('',#2147,#2144,#2427,.T.);
#1654=EDGE_CURVE('',#2148,#2149,#2428,.T.);
#1655=EDGE_CURVE('',#2148,#2150,#2429,.T.);
#1656=EDGE_CURVE('',#2150,#2151,#2430,.T.);
#1657=EDGE_CURVE('',#2151,#2149,#2431,.F.);
#1658=EDGE_CURVE('',#2152,#2153,#2432,.T.);
#1659=EDGE_CURVE('',#2152,#2154,#2433,.T.);
#1660=EDGE_CURVE('',#2154,#2155,#2434,.T.);
#1661=EDGE_CURVE('',#2155,#2153,#2435,.F.);
#1662=EDGE_CURVE('',#2156,#2157,#68,.T.);
#1663=EDGE_CURVE('',#2156,#2158,#2436,.T.);
#1664=EDGE_CURVE('',#2158,#2159,#69,.T.);
#1665=EDGE_CURVE('',#2159,#2157,#2437,.F.);
#1666=EDGE_CURVE('',#2160,#2161,#2438,.T.);
#1667=EDGE_CURVE('',#2160,#2162,#2439,.T.);
#1668=EDGE_CURVE('',#2162,#2163,#2440,.T.);
#1669=EDGE_CURVE('',#2163,#2161,#2441,.F.);
#1670=EDGE_CURVE('',#2164,#2165,#70,.T.);
#1671=EDGE_CURVE('',#2165,#2166,#2442,.F.);
#1672=EDGE_CURVE('',#2167,#2166,#71,.T.);
#1673=EDGE_CURVE('',#2167,#2164,#2443,.T.);
#1674=EDGE_CURVE('',#1837,#1846,#2444,.T.);
#1675=EDGE_CURVE('',#1836,#1847,#2445,.T.);
#1676=EDGE_CURVE('',#2074,#2076,#72,.T.);
#1677=EDGE_CURVE('',#2077,#2083,#73,.T.);
#1678=EDGE_CURVE('',#2082,#2087,#74,.F.);
#1679=EDGE_CURVE('',#2086,#2091,#75,.F.);
#1680=EDGE_CURVE('',#2090,#2095,#76,.T.);
#1681=EDGE_CURVE('',#2094,#2099,#77,.T.);
#1682=EDGE_CURVE('',#2098,#2103,#78,.F.);
#1683=EDGE_CURVE('',#2102,#2107,#79,.F.);
#1684=EDGE_CURVE('',#2106,#2111,#80,.T.);
#1685=EDGE_CURVE('',#2110,#2115,#81,.T.);
#1686=EDGE_CURVE('',#2114,#2119,#82,.F.);
#1687=EDGE_CURVE('',#2118,#2123,#83,.F.);
#1688=EDGE_CURVE('',#2122,#2167,#84,.T.);
#1689=EDGE_CURVE('',#2166,#2049,#85,.T.);
#1690=EDGE_CURVE('',#2048,#2053,#86,.F.);
#1691=EDGE_CURVE('',#2052,#2059,#87,.F.);
#1692=EDGE_CURVE('',#2058,#2063,#88,.T.);
#1693=EDGE_CURVE('',#2062,#2067,#89,.T.);
#1694=EDGE_CURVE('',#2066,#2071,#90,.F.);
#1695=EDGE_CURVE('',#2070,#2075,#91,.F.);
#1696=EDGE_CURVE('',#2044,#2160,#92,.T.);
#1697=EDGE_CURVE('',#2161,#2020,#93,.T.);
#1698=EDGE_CURVE('',#2021,#2027,#94,.F.);
#1699=EDGE_CURVE('',#2026,#2031,#95,.F.);
#1700=EDGE_CURVE('',#2030,#2035,#96,.F.);
#1701=EDGE_CURVE('',#2034,#2037,#97,.F.);
#1702=EDGE_CURVE('',#2036,#2041,#98,.F.);
#1703=EDGE_CURVE('',#2040,#2045,#99,.F.);
#1704=EDGE_CURVE('',#2006,#2011,#100,.T.);
#1705=EDGE_CURVE('',#2010,#2015,#101,.F.);
#1706=EDGE_CURVE('',#2014,#2019,#102,.F.);
#1707=EDGE_CURVE('',#2018,#2156,#103,.F.);
#1708=EDGE_CURVE('',#2157,#1993,#104,.F.);
#1709=EDGE_CURVE('',#1992,#1999,#105,.F.);
#1710=EDGE_CURVE('',#1998,#2003,#106,.F.);
#1711=EDGE_CURVE('',#2002,#2007,#107,.T.);
#1712=EDGE_CURVE('',#1984,#1988,#108,.T.);
#1713=EDGE_CURVE('',#1989,#2152,#109,.T.);
#1714=EDGE_CURVE('',#2153,#1965,#110,.F.);
#1715=EDGE_CURVE('',#1964,#1971,#111,.F.);
#1716=EDGE_CURVE('',#1970,#1975,#112,.F.);
#1717=EDGE_CURVE('',#1974,#1979,#113,.F.);
#1718=EDGE_CURVE('',#1978,#1981,#114,.F.);
#1719=EDGE_CURVE('',#1980,#1985,#115,.F.);
#1720=EDGE_CURVE('',#1956,#1960,#116,.T.);
#1721=EDGE_CURVE('',#1961,#2148,#117,.T.);
#1722=EDGE_CURVE('',#2149,#1937,#118,.F.);
#1723=EDGE_CURVE('',#1936,#1940,#119,.F.);
#1724=EDGE_CURVE('',#1941,#1944,#120,.F.);
#1725=EDGE_CURVE('',#1945,#1951,#121,.F.);
#1726=EDGE_CURVE('',#1950,#1955,#122,.F.);
#1727=EDGE_CURVE('',#1954,#1957,#123,.F.);
#1728=EDGE_CURVE('',#1930,#1932,#124,.T.);
#1729=EDGE_CURVE('',#1933,#2147,#125,.T.);
#1730=EDGE_CURVE('',#2146,#1911,#126,.F.);
#1731=EDGE_CURVE('',#1910,#1913,#127,.F.);
#1732=EDGE_CURVE('',#1912,#1916,#128,.F.);
#1733=EDGE_CURVE('',#1917,#1923,#129,.F.);
#1734=EDGE_CURVE('',#1922,#1927,#130,.F.);
#1735=EDGE_CURVE('',#1926,#1931,#131,.F.);
#1736=EDGE_CURVE('',#1898,#1900,#132,.F.);
#1737=EDGE_CURVE('',#1901,#1904,#133,.F.);
#1738=EDGE_CURVE('',#1905,#2141,#134,.F.);
#1739=EDGE_CURVE('',#2140,#1899,#135,.F.);
#1740=EDGE_CURVE('',#1886,#1888,#136,.F.);
#1741=EDGE_CURVE('',#1889,#1892,#137,.F.);
#1742=EDGE_CURVE('',#1893,#2139,#138,.F.);
#1743=EDGE_CURVE('',#2138,#1887,#139,.F.);
#1744=EDGE_CURVE('',#1872,#1876,#140,.F.);
#1745=EDGE_CURVE('',#1877,#1883,#141,.F.);
#1746=EDGE_CURVE('',#1882,#2135,#142,.F.);
#1747=EDGE_CURVE('',#2134,#1873,#143,.F.);
#1748=EDGE_CURVE('',#1860,#1865,#144,.F.);
#1749=EDGE_CURVE('',#1864,#1868,#145,.F.);
#1750=EDGE_CURVE('',#1869,#2131,#146,.F.);
#1751=EDGE_CURVE('',#2130,#1861,#147,.F.);
#1752=EDGE_CURVE('',#2125,#1848,#148,.F.);
#1753=EDGE_CURVE('',#1849,#1855,#149,.F.);
#1754=EDGE_CURVE('',#1854,#1856,#150,.F.);
#1755=EDGE_CURVE('',#1857,#2124,#151,.F.);
#1756=EDGE_CURVE('',#2078,#2073,#152,.F.);
#1757=EDGE_CURVE('',#2072,#2068,#153,.T.);
#1758=EDGE_CURVE('',#2069,#2064,#154,.T.);
#1759=EDGE_CURVE('',#2065,#2061,#155,.F.);
#1760=EDGE_CURVE('',#2060,#2057,#156,.F.);
#1761=EDGE_CURVE('',#2056,#2055,#157,.T.);
#1762=EDGE_CURVE('',#2054,#2051,#158,.T.);
#1763=EDGE_CURVE('',#2050,#2165,#159,.F.);
#1764=EDGE_CURVE('',#2164,#2121,#160,.F.);
#1765=EDGE_CURVE('',#2120,#2116,#161,.T.);
#1766=EDGE_CURVE('',#2117,#2112,#162,.T.);
#1767=EDGE_CURVE('',#2113,#2109,#163,.F.);
#1768=EDGE_CURVE('',#2108,#2105,#164,.F.);
#1769=EDGE_CURVE('',#2104,#2100,#165,.T.);
#1770=EDGE_CURVE('',#2101,#2096,#166,.T.);
#1771=EDGE_CURVE('',#2097,#2093,#167,.F.);
#1772=EDGE_CURVE('',#2092,#2089,#168,.F.);
#1773=EDGE_CURVE('',#2088,#2084,#169,.T.);
#1774=EDGE_CURVE('',#2085,#2080,#170,.T.);
#1775=EDGE_CURVE('',#2081,#2079,#171,.F.);
#1776=EDGE_CURVE('',#2162,#2047,#172,.F.);
#1777=EDGE_CURVE('',#2046,#2043,#173,.T.);
#1778=EDGE_CURVE('',#2042,#2039,#174,.T.);
#1779=EDGE_CURVE('',#2038,#2033,#175,.T.);
#1780=EDGE_CURVE('',#2032,#2029,#176,.T.);
#1781=EDGE_CURVE('',#2028,#2024,#177,.T.);
#1782=EDGE_CURVE('',#2025,#2023,#178,.T.);
#1783=EDGE_CURVE('',#2022,#2163,#179,.F.);
#1784=EDGE_CURVE('',#2008,#2005,#180,.F.);
#1785=EDGE_CURVE('',#2004,#2000,#181,.F.);
#1786=EDGE_CURVE('',#2001,#1996,#182,.T.);
#1787=EDGE_CURVE('',#1997,#1995,#183,.T.);
#1788=EDGE_CURVE('',#1994,#2159,#184,.T.);
#1789=EDGE_CURVE('',#2158,#2017,#185,.T.);
#1790=EDGE_CURVE('',#2016,#2012,#186,.T.);
#1791=EDGE_CURVE('',#2013,#2009,#187,.T.);
#1792=EDGE_CURVE('',#1990,#1987,#188,.F.);
#1793=EDGE_CURVE('',#1986,#1983,#189,.T.);
#1794=EDGE_CURVE('',#1982,#1976,#190,.T.);
#1795=EDGE_CURVE('',#1977,#1973,#191,.T.);
#1796=EDGE_CURVE('',#1972,#1969,#192,.T.);
#1797=EDGE_CURVE('',#1968,#1967,#193,.T.);
#1798=EDGE_CURVE('',#1966,#2155,#194,.T.);
#1799=EDGE_CURVE('',#2154,#1991,#195,.F.);
#1800=EDGE_CURVE('',#1962,#1959,#196,.F.);
#1801=EDGE_CURVE('',#1958,#1952,#197,.T.);
#1802=EDGE_CURVE('',#1953,#1949,#198,.T.);
#1803=EDGE_CURVE('',#1948,#1947,#199,.T.);
#1804=EDGE_CURVE('',#1946,#1943,#200,.T.);
#1805=EDGE_CURVE('',#1942,#1939,#201,.T.);
#1806=EDGE_CURVE('',#1938,#2151,#202,.T.);
#1807=EDGE_CURVE('',#2150,#1963,#203,.F.);
#1808=EDGE_CURVE('',#1934,#1928,#204,.F.);
#1809=EDGE_CURVE('',#1929,#1924,#205,.T.);
#1810=EDGE_CURVE('',#1925,#1920,#206,.T.);
#1811=EDGE_CURVE('',#1921,#1919,#207,.T.);
#1812=EDGE_CURVE('',#1918,#1915,#208,.T.);
#1813=EDGE_CURVE('',#1914,#1908,#209,.T.);
#1814=EDGE_CURVE('',#1909,#2145,#210,.T.);
#1815=EDGE_CURVE('',#2144,#1935,#211,.F.);
#1816=EDGE_CURVE('',#1902,#1896,#212,.T.);
#1817=EDGE_CURVE('',#1897,#2143,#213,.T.);
#1818=EDGE_CURVE('',#2142,#1907,#214,.T.);
#1819=EDGE_CURVE('',#1906,#1903,#215,.T.);
#1820=EDGE_CURVE('',#1890,#1884,#216,.T.);
#1821=EDGE_CURVE('',#1885,#2136,#217,.T.);
#1822=EDGE_CURVE('',#2137,#1895,#218,.T.);
#1823=EDGE_CURVE('',#1894,#1891,#219,.T.);
#1824=EDGE_CURVE('',#1878,#1875,#220,.T.);
#1825=EDGE_CURVE('',#1874,#2132,#221,.T.);
#1826=EDGE_CURVE('',#2133,#1881,#222,.T.);
#1827=EDGE_CURVE('',#1880,#1879,#223,.T.);
#1828=EDGE_CURVE('',#1866,#1863,#224,.T.);
#1829=EDGE_CURVE('',#1862,#2128,#225,.T.);
#1830=EDGE_CURVE('',#2129,#1871,#226,.T.);
#1831=EDGE_CURVE('',#1870,#1867,#227,.T.);
#1832=EDGE_CURVE('',#1850,#2127,#228,.T.);
#1833=EDGE_CURVE('',#2126,#1859,#229,.T.);
#1834=EDGE_CURVE('',#1858,#1852,#230,.T.);
#1835=EDGE_CURVE('',#1853,#1851,#231,.T.);
#1836=VERTEX_POINT('',#4790);
#1837=VERTEX_POINT('',#4791);
#1838=VERTEX_POINT('',#4793);
#1839=VERTEX_POINT('',#4795);
#1840=VERTEX_POINT('',#4799);
#1841=VERTEX_POINT('',#4801);
#1842=VERTEX_POINT('',#4805);
#1843=VERTEX_POINT('',#4807);
#1844=VERTEX_POINT('',#4811);
#1845=VERTEX_POINT('',#4813);
#1846=VERTEX_POINT('',#4817);
#1847=VERTEX_POINT('',#4819);
#1848=VERTEX_POINT('',#4823);
#1849=VERTEX_POINT('',#4824);
#1850=VERTEX_POINT('',#4826);
#1851=VERTEX_POINT('',#4828);
#1852=VERTEX_POINT('',#4832);
#1853=VERTEX_POINT('',#4833);
#1854=VERTEX_POINT('',#4835);
#1855=VERTEX_POINT('',#4837);
#1856=VERTEX_POINT('',#4841);
#1857=VERTEX_POINT('',#4842);
#1858=VERTEX_POINT('',#4844);
#1859=VERTEX_POINT('',#4846);
#1860=VERTEX_POINT('',#4850);
#1861=VERTEX_POINT('',#4851);
#1862=VERTEX_POINT('',#4853);
#1863=VERTEX_POINT('',#4855);
#1864=VERTEX_POINT('',#4859);
#1865=VERTEX_POINT('',#4860);
#1866=VERTEX_POINT('',#4862);
#1867=VERTEX_POINT('',#4864);
#1868=VERTEX_POINT('',#4868);
#1869=VERTEX_POINT('',#4869);
#1870=VERTEX_POINT('',#4871);
#1871=VERTEX_POINT('',#4873);
#1872=VERTEX_POINT('',#4877);
#1873=VERTEX_POINT('',#4878);
#1874=VERTEX_POINT('',#4880);
#1875=VERTEX_POINT('',#4882);
#1876=VERTEX_POINT('',#4886);
#1877=VERTEX_POINT('',#4887);
#1878=VERTEX_POINT('',#4889);
#1879=VERTEX_POINT('',#4891);
#1880=VERTEX_POINT('',#4895);
#1881=VERTEX_POINT('',#4896);
#1882=VERTEX_POINT('',#4898);
#1883=VERTEX_POINT('',#4900);
#1884=VERTEX_POINT('',#4904);
#1885=VERTEX_POINT('',#4905);
#1886=VERTEX_POINT('',#4907);
#1887=VERTEX_POINT('',#4909);
#1888=VERTEX_POINT('',#4913);
#1889=VERTEX_POINT('',#4914);
#1890=VERTEX_POINT('',#4916);
#1891=VERTEX_POINT('',#4918);
#1892=VERTEX_POINT('',#4922);
#1893=VERTEX_POINT('',#4923);
#1894=VERTEX_POINT('',#4925);
#1895=VERTEX_POINT('',#4927);
#1896=VERTEX_POINT('',#4931);
#1897=VERTEX_POINT('',#4932);
#1898=VERTEX_POINT('',#4934);
#1899=VERTEX_POINT('',#4936);
#1900=VERTEX_POINT('',#4940);
#1901=VERTEX_POINT('',#4941);
#1902=VERTEX_POINT('',#4943);
#1903=VERTEX_POINT('',#4945);
#1904=VERTEX_POINT('',#4949);
#1905=VERTEX_POINT('',#4950);
#1906=VERTEX_POINT('',#4952);
#1907=VERTEX_POINT('',#4954);
#1908=VERTEX_POINT('',#4958);
#1909=VERTEX_POINT('',#4959);
#1910=VERTEX_POINT('',#4961);
#1911=VERTEX_POINT('',#4963);
#1912=VERTEX_POINT('',#4967);
#1913=VERTEX_POINT('',#4968);
#1914=VERTEX_POINT('',#4970);
#1915=VERTEX_POINT('',#4972);
#1916=VERTEX_POINT('',#4976);
#1917=VERTEX_POINT('',#4977);
#1918=VERTEX_POINT('',#4979);
#1919=VERTEX_POINT('',#4981);
#1920=VERTEX_POINT('',#4985);
#1921=VERTEX_POINT('',#4986);
#1922=VERTEX_POINT('',#4988);
#1923=VERTEX_POINT('',#4990);
#1924=VERTEX_POINT('',#4994);
#1925=VERTEX_POINT('',#4995);
#1926=VERTEX_POINT('',#4997);
#1927=VERTEX_POINT('',#4999);
#1928=VERTEX_POINT('',#5003);
#1929=VERTEX_POINT('',#5004);
#1930=VERTEX_POINT('',#5006);
#1931=VERTEX_POINT('',#5008);
#1932=VERTEX_POINT('',#5012);
#1933=VERTEX_POINT('',#5013);
#1934=VERTEX_POINT('',#5015);
#1935=VERTEX_POINT('',#5017);
#1936=VERTEX_POINT('',#5021);
#1937=VERTEX_POINT('',#5022);
#1938=VERTEX_POINT('',#5024);
#1939=VERTEX_POINT('',#5026);
#1940=VERTEX_POINT('',#5030);
#1941=VERTEX_POINT('',#5031);
#1942=VERTEX_POINT('',#5033);
#1943=VERTEX_POINT('',#5035);
#1944=VERTEX_POINT('',#5039);
#1945=VERTEX_POINT('',#5040);
#1946=VERTEX_POINT('',#5042);
#1947=VERTEX_POINT('',#5044);
#1948=VERTEX_POINT('',#5048);
#1949=VERTEX_POINT('',#5049);
#1950=VERTEX_POINT('',#5051);
#1951=VERTEX_POINT('',#5053);
#1952=VERTEX_POINT('',#5057);
#1953=VERTEX_POINT('',#5058);
#1954=VERTEX_POINT('',#5060);
#1955=VERTEX_POINT('',#5062);
#1956=VERTEX_POINT('',#5066);
#1957=VERTEX_POINT('',#5067);
#1958=VERTEX_POINT('',#5069);
#1959=VERTEX_POINT('',#5071);
#1960=VERTEX_POINT('',#5075);
#1961=VERTEX_POINT('',#5076);
#1962=VERTEX_POINT('',#5078);
#1963=VERTEX_POINT('',#5080);
#1964=VERTEX_POINT('',#5084);
#1965=VERTEX_POINT('',#5085);
#1966=VERTEX_POINT('',#5087);
#1967=VERTEX_POINT('',#5089);
#1968=VERTEX_POINT('',#5093);
#1969=VERTEX_POINT('',#5094);
#1970=VERTEX_POINT('',#5096);
#1971=VERTEX_POINT('',#5098);
#1972=VERTEX_POINT('',#5102);
#1973=VERTEX_POINT('',#5103);
#1974=VERTEX_POINT('',#5105);
#1975=VERTEX_POINT('',#5107);
#1976=VERTEX_POINT('',#5111);
#1977=VERTEX_POINT('',#5112);
#1978=VERTEX_POINT('',#5114);
#1979=VERTEX_POINT('',#5116);
#1980=VERTEX_POINT('',#5120);
#1981=VERTEX_POINT('',#5121);
#1982=VERTEX_POINT('',#5123);
#1983=VERTEX_POINT('',#5125);
#1984=VERTEX_POINT('',#5129);
#1985=VERTEX_POINT('',#5130);
#1986=VERTEX_POINT('',#5132);
#1987=VERTEX_POINT('',#5134);
#1988=VERTEX_POINT('',#5138);
#1989=VERTEX_POINT('',#5139);
#1990=VERTEX_POINT('',#5141);
#1991=VERTEX_POINT('',#5143);
#1992=VERTEX_POINT('',#5147);
#1993=VERTEX_POINT('',#5148);
#1994=VERTEX_POINT('',#5150);
#1995=VERTEX_POINT('',#5152);
#1996=VERTEX_POINT('',#5156);
#1997=VERTEX_POINT('',#5157);
#1998=VERTEX_POINT('',#5159);
#1999=VERTEX_POINT('',#5161);
#2000=VERTEX_POINT('',#5165);
#2001=VERTEX_POINT('',#5166);
#2002=VERTEX_POINT('',#5168);
#2003=VERTEX_POINT('',#5170);
#2004=VERTEX_POINT('',#5174);
#2005=VERTEX_POINT('',#5175);
#2006=VERTEX_POINT('',#5177);
#2007=VERTEX_POINT('',#5179);
#2008=VERTEX_POINT('',#5183);
#2009=VERTEX_POINT('',#5184);
#2010=VERTEX_POINT('',#5186);
#2011=VERTEX_POINT('',#5188);
#2012=VERTEX_POINT('',#5192);
#2013=VERTEX_POINT('',#5193);
#2014=VERTEX_POINT('',#5195);
#2015=VERTEX_POINT('',#5197);
#2016=VERTEX_POINT('',#5201);
#2017=VERTEX_POINT('',#5202);
#2018=VERTEX_POINT('',#5204);
#2019=VERTEX_POINT('',#5206);
#2020=VERTEX_POINT('',#5210);
#2021=VERTEX_POINT('',#5211);
#2022=VERTEX_POINT('',#5213);
#2023=VERTEX_POINT('',#5215);
#2024=VERTEX_POINT('',#5219);
#2025=VERTEX_POINT('',#5220);
#2026=VERTEX_POINT('',#5222);
#2027=VERTEX_POINT('',#5224);
#2028=VERTEX_POINT('',#5228);
#2029=VERTEX_POINT('',#5229);
#2030=VERTEX_POINT('',#5231);
#2031=VERTEX_POINT('',#5233);
#2032=VERTEX_POINT('',#5237);
#2033=VERTEX_POINT('',#5238);
#2034=VERTEX_POINT('',#5240);
#2035=VERTEX_POINT('',#5242);
#2036=VERTEX_POINT('',#5246);
#2037=VERTEX_POINT('',#5247);
#2038=VERTEX_POINT('',#5249);
#2039=VERTEX_POINT('',#5251);
#2040=VERTEX_POINT('',#5255);
#2041=VERTEX_POINT('',#5256);
#2042=VERTEX_POINT('',#5258);
#2043=VERTEX_POINT('',#5260);
#2044=VERTEX_POINT('',#5264);
#2045=VERTEX_POINT('',#5265);
#2046=VERTEX_POINT('',#5267);
#2047=VERTEX_POINT('',#5269);
#2048=VERTEX_POINT('',#5273);
#2049=VERTEX_POINT('',#5274);
#2050=VERTEX_POINT('',#5276);
#2051=VERTEX_POINT('',#5278);
#2052=VERTEX_POINT('',#5282);
#2053=VERTEX_POINT('',#5283);
#2054=VERTEX_POINT('',#5285);
#2055=VERTEX_POINT('',#5287);
#2056=VERTEX_POINT('',#5291);
#2057=VERTEX_POINT('',#5292);
#2058=VERTEX_POINT('',#5294);
#2059=VERTEX_POINT('',#5296);
#2060=VERTEX_POINT('',#5300);
#2061=VERTEX_POINT('',#5301);
#2062=VERTEX_POINT('',#5303);
#2063=VERTEX_POINT('',#5305);
#2064=VERTEX_POINT('',#5309);
#2065=VERTEX_POINT('',#5310);
#2066=VERTEX_POINT('',#5312);
#2067=VERTEX_POINT('',#5314);
#2068=VERTEX_POINT('',#5318);
#2069=VERTEX_POINT('',#5319);
#2070=VERTEX_POINT('',#5321);
#2071=VERTEX_POINT('',#5323);
#2072=VERTEX_POINT('',#5327);
#2073=VERTEX_POINT('',#5328);
#2074=VERTEX_POINT('',#5330);
#2075=VERTEX_POINT('',#5332);
#2076=VERTEX_POINT('',#5336);
#2077=VERTEX_POINT('',#5337);
#2078=VERTEX_POINT('',#5339);
#2079=VERTEX_POINT('',#5341);
#2080=VERTEX_POINT('',#5345);
#2081=VERTEX_POINT('',#5346);
#2082=VERTEX_POINT('',#5348);
#2083=VERTEX_POINT('',#5350);
#2084=VERTEX_POINT('',#5354);
#2085=VERTEX_POINT('',#5355);
#2086=VERTEX_POINT('',#5357);
#2087=VERTEX_POINT('',#5359);
#2088=VERTEX_POINT('',#5363);
#2089=VERTEX_POINT('',#5364);
#2090=VERTEX_POINT('',#5366);
#2091=VERTEX_POINT('',#5368);
#2092=VERTEX_POINT('',#5372);
#2093=VERTEX_POINT('',#5373);
#2094=VERTEX_POINT('',#5375);
#2095=VERTEX_POINT('',#5377);
#2096=VERTEX_POINT('',#5381);
#2097=VERTEX_POINT('',#5382);
#2098=VERTEX_POINT('',#5384);
#2099=VERTEX_POINT('',#5386);
#2100=VERTEX_POINT('',#5390);
#2101=VERTEX_POINT('',#5391);
#2102=VERTEX_POINT('',#5393);
#2103=VERTEX_POINT('',#5395);
#2104=VERTEX_POINT('',#5399);
#2105=VERTEX_POINT('',#5400);
#2106=VERTEX_POINT('',#5402);
#2107=VERTEX_POINT('',#5404);
#2108=VERTEX_POINT('',#5408);
#2109=VERTEX_POINT('',#5409);
#2110=VERTEX_POINT('',#5411);
#2111=VERTEX_POINT('',#5413);
#2112=VERTEX_POINT('',#5417);
#2113=VERTEX_POINT('',#5418);
#2114=VERTEX_POINT('',#5420);
#2115=VERTEX_POINT('',#5422);
#2116=VERTEX_POINT('',#5426);
#2117=VERTEX_POINT('',#5427);
#2118=VERTEX_POINT('',#5429);
#2119=VERTEX_POINT('',#5431);
#2120=VERTEX_POINT('',#5435);
#2121=VERTEX_POINT('',#5436);
#2122=VERTEX_POINT('',#5438);
#2123=VERTEX_POINT('',#5440);
#2124=VERTEX_POINT('',#5444);
#2125=VERTEX_POINT('',#5445);
#2126=VERTEX_POINT('',#5447);
#2127=VERTEX_POINT('',#5449);
#2128=VERTEX_POINT('',#5453);
#2129=VERTEX_POINT('',#5454);
#2130=VERTEX_POINT('',#5456);
#2131=VERTEX_POINT('',#5458);
#2132=VERTEX_POINT('',#5462);
#2133=VERTEX_POINT('',#5463);
#2134=VERTEX_POINT('',#5465);
#2135=VERTEX_POINT('',#5467);
#2136=VERTEX_POINT('',#5471);
#2137=VERTEX_POINT('',#5472);
#2138=VERTEX_POINT('',#5474);
#2139=VERTEX_POINT('',#5476);
#2140=VERTEX_POINT('',#5480);
#2141=VERTEX_POINT('',#5481);
#2142=VERTEX_POINT('',#5483);
#2143=VERTEX_POINT('',#5485);
#2144=VERTEX_POINT('',#5489);
#2145=VERTEX_POINT('',#5490);
#2146=VERTEX_POINT('',#5492);
#2147=VERTEX_POINT('',#5494);
#2148=VERTEX_POINT('',#5498);
#2149=VERTEX_POINT('',#5499);
#2150=VERTEX_POINT('',#5501);
#2151=VERTEX_POINT('',#5503);
#2152=VERTEX_POINT('',#5507);
#2153=VERTEX_POINT('',#5508);
#2154=VERTEX_POINT('',#5510);
#2155=VERTEX_POINT('',#5512);
#2156=VERTEX_POINT('',#5516);
#2157=VERTEX_POINT('',#5517);
#2158=VERTEX_POINT('',#5519);
#2159=VERTEX_POINT('',#5521);
#2160=VERTEX_POINT('',#5525);
#2161=VERTEX_POINT('',#5526);
#2162=VERTEX_POINT('',#5528);
#2163=VERTEX_POINT('',#5530);
#2164=VERTEX_POINT('',#5534);
#2165=VERTEX_POINT('',#5535);
#2166=VERTEX_POINT('',#5537);
#2167=VERTEX_POINT('',#5539);
#2168=LINE('',#4789,#2446);
#2169=LINE('',#4792,#2447);
#2170=LINE('',#4794,#2448);
#2171=LINE('',#4796,#2449);
#2172=LINE('',#4798,#2450);
#2173=LINE('',#4800,#2451);
#2174=LINE('',#4802,#2452);
#2175=LINE('',#4804,#2453);
#2176=LINE('',#4806,#2454);
#2177=LINE('',#4808,#2455);
#2178=LINE('',#4810,#2456);
#2179=LINE('',#4812,#2457);
#2180=LINE('',#4814,#2458);
#2181=LINE('',#4816,#2459);
#2182=LINE('',#4818,#2460);
#2183=LINE('',#4820,#2461);
#2184=LINE('',#4822,#2462);
#2185=LINE('',#4825,#2463);
#2186=LINE('',#4827,#2464);
#2187=LINE('',#4829,#2465);
#2188=LINE('',#4834,#2466);
#2189=LINE('',#4838,#2467);
#2190=LINE('',#4840,#2468);
#2191=LINE('',#4843,#2469);
#2192=LINE('',#4845,#2470);
#2193=LINE('',#4847,#2471);
#2194=LINE('',#4852,#2472);
#2195=LINE('',#4856,#2473);
#2196=LINE('',#4858,#2474);
#2197=LINE('',#4861,#2475);
#2198=LINE('',#4863,#2476);
#2199=LINE('',#4865,#2477);
#2200=LINE('',#4870,#2478);
#2201=LINE('',#4874,#2479);
#2202=LINE('',#4879,#2480);
#2203=LINE('',#4883,#2481);
#2204=LINE('',#4885,#2482);
#2205=LINE('',#4888,#2483);
#2206=LINE('',#4890,#2484);
#2207=LINE('',#4892,#2485);
#2208=LINE('',#4897,#2486);
#2209=LINE('',#4901,#2487);
#2210=LINE('',#4906,#2488);
#2211=LINE('',#4910,#2489);
#2212=LINE('',#4912,#2490);
#2213=LINE('',#4915,#2491);
#2214=LINE('',#4917,#2492);
#2215=LINE('',#4919,#2493);
#2216=LINE('',#4924,#2494);
#2217=LINE('',#4928,#2495);
#2218=LINE('',#4933,#2496);
#2219=LINE('',#4937,#2497);
#2220=LINE('',#4939,#2498);
#2221=LINE('',#4942,#2499);
#2222=LINE('',#4944,#2500);
#2223=LINE('',#4946,#2501);
#2224=LINE('',#4951,#2502);
#2225=LINE('',#4955,#2503);
#2226=LINE('',#4960,#2504);
#2227=LINE('',#4964,#2505);
#2228=LINE('',#4966,#2506);
#2229=LINE('',#4969,#2507);
#2230=LINE('',#4971,#2508);
#2231=LINE('',#4973,#2509);
#2232=LINE('',#4978,#2510);
#2233=LINE('',#4982,#2511);
#2234=LINE('',#4984,#2512);
#2235=LINE('',#4987,#2513);
#2236=LINE('',#4989,#2514);
#2237=LINE('',#4991,#2515);
#2238=LINE('',#4996,#2516);
#2239=LINE('',#5000,#2517);
#2240=LINE('',#5002,#2518);
#2241=LINE('',#5005,#2519);
#2242=LINE('',#5007,#2520);
#2243=LINE('',#5009,#2521);
#2244=LINE('',#5011,#2522);
#2245=LINE('',#5014,#2523);
#2246=LINE('',#5016,#2524);
#2247=LINE('',#5018,#2525);
#2248=LINE('',#5023,#2526);
#2249=LINE('',#5027,#2527);
#2250=LINE('',#5029,#2528);
#2251=LINE('',#5032,#2529);
#2252=LINE('',#5034,#2530);
#2253=LINE('',#5036,#2531);
#2254=LINE('',#5041,#2532);
#2255=LINE('',#5045,#2533);
#2256=LINE('',#5047,#2534);
#2257=LINE('',#5050,#2535);
#2258=LINE('',#5052,#2536);
#2259=LINE('',#5054,#2537);
#2260=LINE('',#5059,#2538);
#2261=LINE('',#5063,#2539);
#2262=LINE('',#5065,#2540);
#2263=LINE('',#5068,#2541);
#2264=LINE('',#5070,#2542);
#2265=LINE('',#5072,#2543);
#2266=LINE('',#5074,#2544);
#2267=LINE('',#5077,#2545);
#2268=LINE('',#5079,#2546);
#2269=LINE('',#5081,#2547);
#2270=LINE('',#5086,#2548);
#2271=LINE('',#5090,#2549);
#2272=LINE('',#5092,#2550);
#2273=LINE('',#5095,#2551);
#2274=LINE('',#5097,#2552);
#2275=LINE('',#5099,#2553);
#2276=LINE('',#5104,#2554);
#2277=LINE('',#5108,#2555);
#2278=LINE('',#5110,#2556);
#2279=LINE('',#5113,#2557);
#2280=LINE('',#5115,#2558);
#2281=LINE('',#5117,#2559);
#2282=LINE('',#5122,#2560);
#2283=LINE('',#5126,#2561);
#2284=LINE('',#5128,#2562);
#2285=LINE('',#5131,#2563);
#2286=LINE('',#5133,#2564);
#2287=LINE('',#5135,#2565);
#2288=LINE('',#5137,#2566);
#2289=LINE('',#5140,#2567);
#2290=LINE('',#5142,#2568);
#2291=LINE('',#5144,#2569);
#2292=LINE('',#5146,#2570);
#2293=LINE('',#5149,#2571);
#2294=LINE('',#5151,#2572);
#2295=LINE('',#5153,#2573);
#2296=LINE('',#5158,#2574);
#2297=LINE('',#5162,#2575);
#2298=LINE('',#5164,#2576);
#2299=LINE('',#5167,#2577);
#2300=LINE('',#5169,#2578);
#2301=LINE('',#5171,#2579);
#2302=LINE('',#5173,#2580);
#2303=LINE('',#5176,#2581);
#2304=LINE('',#5178,#2582);
#2305=LINE('',#5180,#2583);
#2306=LINE('',#5182,#2584);
#2307=LINE('',#5185,#2585);
#2308=LINE('',#5187,#2586);
#2309=LINE('',#5189,#2587);
#2310=LINE('',#5194,#2588);
#2311=LINE('',#5198,#2589);
#2312=LINE('',#5200,#2590);
#2313=LINE('',#5203,#2591);
#2314=LINE('',#5205,#2592);
#2315=LINE('',#5207,#2593);
#2316=LINE('',#5209,#2594);
#2317=LINE('',#5212,#2595);
#2318=LINE('',#5214,#2596);
#2319=LINE('',#5216,#2597);
#2320=LINE('',#5221,#2598);
#2321=LINE('',#5225,#2599);
#2322=LINE('',#5227,#2600);
#2323=LINE('',#5230,#2601);
#2324=LINE('',#5232,#2602);
#2325=LINE('',#5234,#2603);
#2326=LINE('',#5239,#2604);
#2327=LINE('',#5243,#2605);
#2328=LINE('',#5245,#2606);
#2329=LINE('',#5248,#2607);
#2330=LINE('',#5250,#2608);
#2331=LINE('',#5252,#2609);
#2332=LINE('',#5257,#2610);
#2333=LINE('',#5261,#2611);
#2334=LINE('',#5263,#2612);
#2335=LINE('',#5266,#2613);
#2336=LINE('',#5268,#2614);
#2337=LINE('',#5270,#2615);
#2338=LINE('',#5272,#2616);
#2339=LINE('',#5275,#2617);
#2340=LINE('',#5277,#2618);
#2341=LINE('',#5279,#2619);
#2342=LINE('',#5281,#2620);
#2343=LINE('',#5284,#2621);
#2344=LINE('',#5286,#2622);
#2345=LINE('',#5288,#2623);
#2346=LINE('',#5290,#2624);
#2347=LINE('',#5293,#2625);
#2348=LINE('',#5295,#2626);
#2349=LINE('',#5297,#2627);
#2350=LINE('',#5302,#2628);
#2351=LINE('',#5306,#2629);
#2352=LINE('',#5308,#2630);
#2353=LINE('',#5311,#2631);
#2354=LINE('',#5313,#2632);
#2355=LINE('',#5315,#2633);
#2356=LINE('',#5317,#2634);
#2357=LINE('',#5320,#2635);
#2358=LINE('',#5322,#2636);
#2359=LINE('',#5324,#2637);
#2360=LINE('',#5326,#2638);
#2361=LINE('',#5329,#2639);
#2362=LINE('',#5331,#2640);
#2363=LINE('',#5333,#2641);
#2364=LINE('',#5338,#2642);
#2365=LINE('',#5342,#2643);
#2366=LINE('',#5344,#2644);
#2367=LINE('',#5347,#2645);
#2368=LINE('',#5349,#2646);
#2369=LINE('',#5351,#2647);
#2370=LINE('',#5353,#2648);
#2371=LINE('',#5356,#2649);
#2372=LINE('',#5358,#2650);
#2373=LINE('',#5360,#2651);
#2374=LINE('',#5362,#2652);
#2375=LINE('',#5365,#2653);
#2376=LINE('',#5367,#2654);
#2377=LINE('',#5369,#2655);
#2378=LINE('',#5374,#2656);
#2379=LINE('',#5378,#2657);
#2380=LINE('',#5380,#2658);
#2381=LINE('',#5383,#2659);
#2382=LINE('',#5385,#2660);
#2383=LINE('',#5387,#2661);
#2384=LINE('',#5389,#2662);
#2385=LINE('',#5392,#2663);
#2386=LINE('',#5394,#2664);
#2387=LINE('',#5396,#2665);
#2388=LINE('',#5398,#2666);
#2389=LINE('',#5401,#2667);
#2390=LINE('',#5403,#2668);
#2391=LINE('',#5405,#2669);
#2392=LINE('',#5410,#2670);
#2393=LINE('',#5414,#2671);
#2394=LINE('',#5416,#2672);
#2395=LINE('',#5419,#2673);
#2396=LINE('',#5421,#2674);
#2397=LINE('',#5423,#2675);
#2398=LINE('',#5425,#2676);
#2399=LINE('',#5428,#2677);
#2400=LINE('',#5430,#2678);
#2401=LINE('',#5432,#2679);
#2402=LINE('',#5434,#2680);
#2403=LINE('',#5437,#2681);
#2404=LINE('',#5439,#2682);
#2405=LINE('',#5441,#2683);
#2406=LINE('',#5446,#2684);
#2407=LINE('',#5450,#2685);
#2408=LINE('',#5452,#2686);
#2409=LINE('',#5455,#2687);
#2410=LINE('',#5457,#2688);
#2411=LINE('',#5459,#2689);
#2412=LINE('',#5461,#2690);
#2413=LINE('',#5464,#2691);
#2414=LINE('',#5466,#2692);
#2415=LINE('',#5468,#2693);
#2416=LINE('',#5470,#2694);
#2417=LINE('',#5473,#2695);
#2418=LINE('',#5475,#2696);
#2419=LINE('',#5477,#2697);
#2420=LINE('',#5479,#2698);
#2421=LINE('',#5482,#2699);
#2422=LINE('',#5484,#2700);
#2423=LINE('',#5486,#2701);
#2424=LINE('',#5488,#2702);
#2425=LINE('',#5491,#2703);
#2426=LINE('',#5493,#2704);
#2427=LINE('',#5495,#2705);
#2428=LINE('',#5497,#2706);
#2429=LINE('',#5500,#2707);
#2430=LINE('',#5502,#2708);
#2431=LINE('',#5504,#2709);
#2432=LINE('',#5506,#2710);
#2433=LINE('',#5509,#2711);
#2434=LINE('',#5511,#2712);
#2435=LINE('',#5513,#2713);
#2436=LINE('',#5518,#2714);
#2437=LINE('',#5522,#2715);
#2438=LINE('',#5524,#2716);
#2439=LINE('',#5527,#2717);
#2440=LINE('',#5529,#2718);
#2441=LINE('',#5531,#2719);
#2442=LINE('',#5536,#2720);
#2443=LINE('',#5540,#2721);
#2444=LINE('',#5542,#2722);
#2445=LINE('',#5543,#2723);
#2446=VECTOR('',#3735,1.);
#2447=VECTOR('',#3736,1.);
#2448=VECTOR('',#3737,1.);
#2449=VECTOR('',#3738,1.);
#2450=VECTOR('',#3741,1.);
#2451=VECTOR('',#3742,1.);
#2452=VECTOR('',#3743,1.);
#2453=VECTOR('',#3746,1.);
#2454=VECTOR('',#3747,1.);
#2455=VECTOR('',#3748,1.);
#2456=VECTOR('',#3751,1.);
#2457=VECTOR('',#3752,1.);
#2458=VECTOR('',#3753,1.);
#2459=VECTOR('',#3756,1.);
#2460=VECTOR('',#3757,1.);
#2461=VECTOR('',#3758,1.);
#2462=VECTOR('',#3761,1.);
#2463=VECTOR('',#3762,1.);
#2464=VECTOR('',#3763,1.);
#2465=VECTOR('',#3764,1.);
#2466=VECTOR('',#3769,1.);
#2467=VECTOR('',#3772,1.);
#2468=VECTOR('',#3775,1.);
#2469=VECTOR('',#3776,1.);
#2470=VECTOR('',#3777,1.);
#2471=VECTOR('',#3778,1.);
#2472=VECTOR('',#3783,1.);
#2473=VECTOR('',#3786,1.);
#2474=VECTOR('',#3789,1.);
#2475=VECTOR('',#3790,1.);
#2476=VECTOR('',#3791,1.);
#2477=VECTOR('',#3792,1.);
#2478=VECTOR('',#3797,1.);
#2479=VECTOR('',#3800,1.);
#2480=VECTOR('',#3805,1.);
#2481=VECTOR('',#3808,1.);
#2482=VECTOR('',#3811,1.);
#2483=VECTOR('',#3812,1.);
#2484=VECTOR('',#3813,1.);
#2485=VECTOR('',#3814,1.);
#2486=VECTOR('',#3819,1.);
#2487=VECTOR('',#3822,1.);
#2488=VECTOR('',#3827,1.);
#2489=VECTOR('',#3830,1.);
#2490=VECTOR('',#3833,1.);
#2491=VECTOR('',#3834,1.);
#2492=VECTOR('',#3835,1.);
#2493=VECTOR('',#3836,1.);
#2494=VECTOR('',#3841,1.);
#2495=VECTOR('',#3844,1.);
#2496=VECTOR('',#3849,1.);
#2497=VECTOR('',#3852,1.);
#2498=VECTOR('',#3855,1.);
#2499=VECTOR('',#3856,1.);
#2500=VECTOR('',#3857,1.);
#2501=VECTOR('',#3858,1.);
#2502=VECTOR('',#3863,1.);
#2503=VECTOR('',#3866,1.);
#2504=VECTOR('',#3871,1.);
#2505=VECTOR('',#3874,1.);
#2506=VECTOR('',#3877,1.);
#2507=VECTOR('',#3878,1.);
#2508=VECTOR('',#3879,1.);
#2509=VECTOR('',#3880,1.);
#2510=VECTOR('',#3885,1.);
#2511=VECTOR('',#3888,1.);
#2512=VECTOR('',#3891,1.);
#2513=VECTOR('',#3892,1.);
#2514=VECTOR('',#3893,1.);
#2515=VECTOR('',#3894,1.);
#2516=VECTOR('',#3899,1.);
#2517=VECTOR('',#3902,1.);
#2518=VECTOR('',#3905,1.);
#2519=VECTOR('',#3906,1.);
#2520=VECTOR('',#3907,1.);
#2521=VECTOR('',#3908,1.);
#2522=VECTOR('',#3911,1.);
#2523=VECTOR('',#3912,1.);
#2524=VECTOR('',#3913,1.);
#2525=VECTOR('',#3914,1.);
#2526=VECTOR('',#3919,1.);
#2527=VECTOR('',#3922,1.);
#2528=VECTOR('',#3925,1.);
#2529=VECTOR('',#3926,1.);
#2530=VECTOR('',#3927,1.);
#2531=VECTOR('',#3928,1.);
#2532=VECTOR('',#3933,1.);
#2533=VECTOR('',#3936,1.);
#2534=VECTOR('',#3939,1.);
#2535=VECTOR('',#3940,1.);
#2536=VECTOR('',#3941,1.);
#2537=VECTOR('',#3942,1.);
#2538=VECTOR('',#3947,1.);
#2539=VECTOR('',#3950,1.);
#2540=VECTOR('',#3953,1.);
#2541=VECTOR('',#3954,1.);
#2542=VECTOR('',#3955,1.);
#2543=VECTOR('',#3956,1.);
#2544=VECTOR('',#3959,1.);
#2545=VECTOR('',#3960,1.);
#2546=VECTOR('',#3961,1.);
#2547=VECTOR('',#3962,1.);
#2548=VECTOR('',#3967,1.);
#2549=VECTOR('',#3970,1.);
#2550=VECTOR('',#3973,1.);
#2551=VECTOR('',#3974,1.);
#2552=VECTOR('',#3975,1.);
#2553=VECTOR('',#3976,1.);
#2554=VECTOR('',#3981,1.);
#2555=VECTOR('',#3984,1.);
#2556=VECTOR('',#3987,1.);
#2557=VECTOR('',#3988,1.);
#2558=VECTOR('',#3989,1.);
#2559=VECTOR('',#3990,1.);
#2560=VECTOR('',#3995,1.);
#2561=VECTOR('',#3998,1.);
#2562=VECTOR('',#4001,1.);
#2563=VECTOR('',#4002,1.);
#2564=VECTOR('',#4003,1.);
#2565=VECTOR('',#4004,1.);
#2566=VECTOR('',#4007,1.);
#2567=VECTOR('',#4008,1.);
#2568=VECTOR('',#4009,1.);
#2569=VECTOR('',#4010,1.);
#2570=VECTOR('',#4013,1.);
#2571=VECTOR('',#4014,1.);
#2572=VECTOR('',#4015,1.);
#2573=VECTOR('',#4016,1.);
#2574=VECTOR('',#4021,1.);
#2575=VECTOR('',#4024,1.);
#2576=VECTOR('',#4027,1.);
#2577=VECTOR('',#4028,1.);
#2578=VECTOR('',#4029,1.);
#2579=VECTOR('',#4030,1.);
#2580=VECTOR('',#4033,1.);
#2581=VECTOR('',#4034,1.);
#2582=VECTOR('',#4035,1.);
#2583=VECTOR('',#4036,1.);
#2584=VECTOR('',#4039,1.);
#2585=VECTOR('',#4040,1.);
#2586=VECTOR('',#4041,1.);
#2587=VECTOR('',#4042,1.);
#2588=VECTOR('',#4047,1.);
#2589=VECTOR('',#4050,1.);
#2590=VECTOR('',#4053,1.);
#2591=VECTOR('',#4054,1.);
#2592=VECTOR('',#4055,1.);
#2593=VECTOR('',#4056,1.);
#2594=VECTOR('',#4059,1.);
#2595=VECTOR('',#4060,1.);
#2596=VECTOR('',#4061,1.);
#2597=VECTOR('',#4062,1.);
#2598=VECTOR('',#4067,1.);
#2599=VECTOR('',#4070,1.);
#2600=VECTOR('',#4073,1.);
#2601=VECTOR('',#4074,1.);
#2602=VECTOR('',#4075,1.);
#2603=VECTOR('',#4076,1.);
#2604=VECTOR('',#4081,1.);
#2605=VECTOR('',#4084,1.);
#2606=VECTOR('',#4087,1.);
#2607=VECTOR('',#4088,1.);
#2608=VECTOR('',#4089,1.);
#2609=VECTOR('',#4090,1.);
#2610=VECTOR('',#4095,1.);
#2611=VECTOR('',#4098,1.);
#2612=VECTOR('',#4101,1.);
#2613=VECTOR('',#4102,1.);
#2614=VECTOR('',#4103,1.);
#2615=VECTOR('',#4104,1.);
#2616=VECTOR('',#4107,1.);
#2617=VECTOR('',#4108,1.);
#2618=VECTOR('',#4109,1.);
#2619=VECTOR('',#4110,1.);
#2620=VECTOR('',#4113,1.);
#2621=VECTOR('',#4114,1.);
#2622=VECTOR('',#4115,1.);
#2623=VECTOR('',#4116,1.);
#2624=VECTOR('',#4119,1.);
#2625=VECTOR('',#4120,1.);
#2626=VECTOR('',#4121,1.);
#2627=VECTOR('',#4122,1.);
#2628=VECTOR('',#4127,1.);
#2629=VECTOR('',#4130,1.);
#2630=VECTOR('',#4133,1.);
#2631=VECTOR('',#4134,1.);
#2632=VECTOR('',#4135,1.);
#2633=VECTOR('',#4136,1.);
#2634=VECTOR('',#4139,1.);
#2635=VECTOR('',#4140,1.);
#2636=VECTOR('',#4141,1.);
#2637=VECTOR('',#4142,1.);
#2638=VECTOR('',#4145,1.);
#2639=VECTOR('',#4146,1.);
#2640=VECTOR('',#4147,1.);
#2641=VECTOR('',#4148,1.);
#2642=VECTOR('',#4153,1.);
#2643=VECTOR('',#4156,1.);
#2644=VECTOR('',#4159,1.);
#2645=VECTOR('',#4160,1.);
#2646=VECTOR('',#4161,1.);
#2647=VECTOR('',#4162,1.);
#2648=VECTOR('',#4165,1.);
#2649=VECTOR('',#4166,1.);
#2650=VECTOR('',#4167,1.);
#2651=VECTOR('',#4168,1.);
#2652=VECTOR('',#4171,1.);
#2653=VECTOR('',#4172,1.);
#2654=VECTOR('',#4173,1.);
#2655=VECTOR('',#4174,1.);
#2656=VECTOR('',#4179,1.);
#2657=VECTOR('',#4182,1.);
#2658=VECTOR('',#4185,1.);
#2659=VECTOR('',#4186,1.);
#2660=VECTOR('',#4187,1.);
#2661=VECTOR('',#4188,1.);
#2662=VECTOR('',#4191,1.);
#2663=VECTOR('',#4192,1.);
#2664=VECTOR('',#4193,1.);
#2665=VECTOR('',#4194,1.);
#2666=VECTOR('',#4197,1.);
#2667=VECTOR('',#4198,1.);
#2668=VECTOR('',#4199,1.);
#2669=VECTOR('',#4200,1.);
#2670=VECTOR('',#4205,1.);
#2671=VECTOR('',#4208,1.);
#2672=VECTOR('',#4211,1.);
#2673=VECTOR('',#4212,1.);
#2674=VECTOR('',#4213,1.);
#2675=VECTOR('',#4214,1.);
#2676=VECTOR('',#4217,1.);
#2677=VECTOR('',#4218,1.);
#2678=VECTOR('',#4219,1.);
#2679=VECTOR('',#4220,1.);
#2680=VECTOR('',#4223,1.);
#2681=VECTOR('',#4224,1.);
#2682=VECTOR('',#4225,1.);
#2683=VECTOR('',#4226,1.);
#2684=VECTOR('',#4231,1.);
#2685=VECTOR('',#4234,1.);
#2686=VECTOR('',#4237,1.);
#2687=VECTOR('',#4238,1.);
#2688=VECTOR('',#4239,1.);
#2689=VECTOR('',#4240,1.);
#2690=VECTOR('',#4243,1.);
#2691=VECTOR('',#4244,1.);
#2692=VECTOR('',#4245,1.);
#2693=VECTOR('',#4246,1.);
#2694=VECTOR('',#4249,1.);
#2695=VECTOR('',#4250,1.);
#2696=VECTOR('',#4251,1.);
#2697=VECTOR('',#4252,1.);
#2698=VECTOR('',#4255,1.);
#2699=VECTOR('',#4256,1.);
#2700=VECTOR('',#4257,1.);
#2701=VECTOR('',#4258,1.);
#2702=VECTOR('',#4261,1.);
#2703=VECTOR('',#4262,1.);
#2704=VECTOR('',#4263,1.);
#2705=VECTOR('',#4264,1.);
#2706=VECTOR('',#4267,1.);
#2707=VECTOR('',#4268,1.);
#2708=VECTOR('',#4269,1.);
#2709=VECTOR('',#4270,1.);
#2710=VECTOR('',#4273,1.);
#2711=VECTOR('',#4274,1.);
#2712=VECTOR('',#4275,1.);
#2713=VECTOR('',#4276,1.);
#2714=VECTOR('',#4281,1.);
#2715=VECTOR('',#4284,1.);
#2716=VECTOR('',#4287,1.);
#2717=VECTOR('',#4288,1.);
#2718=VECTOR('',#4289,1.);
#2719=VECTOR('',#4290,1.);
#2720=VECTOR('',#4295,1.);
#2721=VECTOR('',#4298,1.);
#2722=VECTOR('',#4301,1.);
#2723=VECTOR('',#4302,1.);
#2724=EDGE_LOOP('',(#342,#343,#344,#345));
#2725=EDGE_LOOP('',(#346,#347,#348,#349));
#2726=EDGE_LOOP('',(#350,#351,#352,#353));
#2727=EDGE_LOOP('',(#354,#355,#356,#357));
#2728=EDGE_LOOP('',(#358,#359,#360,#361));
#2729=EDGE_LOOP('',(#362,#363,#364,#365));
#2730=EDGE_LOOP('',(#366,#367,#368,#369));
#2731=EDGE_LOOP('',(#370,#371,#372,#373));
#2732=EDGE_LOOP('',(#374,#375,#376,#377));
#2733=EDGE_LOOP('',(#378,#379,#380,#381));
#2734=EDGE_LOOP('',(#382,#383,#384,#385));
#2735=EDGE_LOOP('',(#386,#387,#388,#389));
#2736=EDGE_LOOP('',(#390,#391,#392,#393));
#2737=EDGE_LOOP('',(#394,#395,#396,#397));
#2738=EDGE_LOOP('',(#398,#399,#400,#401));
#2739=EDGE_LOOP('',(#402,#403,#404,#405));
#2740=EDGE_LOOP('',(#406,#407,#408,#409));
#2741=EDGE_LOOP('',(#410,#411,#412,#413));
#2742=EDGE_LOOP('',(#414,#415,#416,#417));
#2743=EDGE_LOOP('',(#418,#419,#420,#421));
#2744=EDGE_LOOP('',(#422,#423,#424,#425));
#2745=EDGE_LOOP('',(#426,#427,#428,#429));
#2746=EDGE_LOOP('',(#430,#431,#432,#433));
#2747=EDGE_LOOP('',(#434,#435,#436,#437));
#2748=EDGE_LOOP('',(#438,#439,#440,#441));
#2749=EDGE_LOOP('',(#442,#443,#444,#445));
#2750=EDGE_LOOP('',(#446,#447,#448,#449));
#2751=EDGE_LOOP('',(#450,#451,#452,#453));
#2752=EDGE_LOOP('',(#454,#455,#456,#457));
#2753=EDGE_LOOP('',(#458,#459,#460,#461));
#2754=EDGE_LOOP('',(#462,#463,#464,#465));
#2755=EDGE_LOOP('',(#466,#467,#468,#469));
#2756=EDGE_LOOP('',(#470,#471,#472,#473));
#2757=EDGE_LOOP('',(#474,#475,#476,#477));
#2758=EDGE_LOOP('',(#478,#479,#480,#481));
#2759=EDGE_LOOP('',(#482,#483,#484,#485));
#2760=EDGE_LOOP('',(#486,#487,#488,#489));
#2761=EDGE_LOOP('',(#490,#491,#492,#493));
#2762=EDGE_LOOP('',(#494,#495,#496,#497));
#2763=EDGE_LOOP('',(#498,#499,#500,#501));
#2764=EDGE_LOOP('',(#502,#503,#504,#505));
#2765=EDGE_LOOP('',(#506,#507,#508,#509));
#2766=EDGE_LOOP('',(#510,#511,#512,#513));
#2767=EDGE_LOOP('',(#514,#515,#516,#517));
#2768=EDGE_LOOP('',(#518,#519,#520,#521));
#2769=EDGE_LOOP('',(#522,#523,#524,#525));
#2770=EDGE_LOOP('',(#526,#527,#528,#529));
#2771=EDGE_LOOP('',(#530,#531,#532,#533));
#2772=EDGE_LOOP('',(#534,#535,#536,#537));
#2773=EDGE_LOOP('',(#538,#539,#540,#541));
#2774=EDGE_LOOP('',(#542,#543,#544,#545));
#2775=EDGE_LOOP('',(#546,#547,#548,#549));
#2776=EDGE_LOOP('',(#550,#551,#552,#553));
#2777=EDGE_LOOP('',(#554,#555,#556,#557));
#2778=EDGE_LOOP('',(#558,#559,#560,#561));
#2779=EDGE_LOOP('',(#562,#563,#564,#565));
#2780=EDGE_LOOP('',(#566,#567,#568,#569));
#2781=EDGE_LOOP('',(#570,#571,#572,#573));
#2782=EDGE_LOOP('',(#574,#575,#576,#577));
#2783=EDGE_LOOP('',(#578,#579,#580,#581));
#2784=EDGE_LOOP('',(#582,#583,#584,#585));
#2785=EDGE_LOOP('',(#586,#587,#588,#589));
#2786=EDGE_LOOP('',(#590,#591,#592,#593));
#2787=EDGE_LOOP('',(#594,#595,#596,#597));
#2788=EDGE_LOOP('',(#598,#599,#600,#601));
#2789=EDGE_LOOP('',(#602,#603,#604,#605));
#2790=EDGE_LOOP('',(#606,#607,#608,#609));
#2791=EDGE_LOOP('',(#610,#611,#612,#613));
#2792=EDGE_LOOP('',(#614,#615,#616,#617));
#2793=EDGE_LOOP('',(#618,#619,#620,#621));
#2794=EDGE_LOOP('',(#622,#623,#624,#625));
#2795=EDGE_LOOP('',(#626,#627,#628,#629));
#2796=EDGE_LOOP('',(#630,#631,#632,#633));
#2797=EDGE_LOOP('',(#634,#635,#636,#637));
#2798=EDGE_LOOP('',(#638,#639,#640,#641));
#2799=EDGE_LOOP('',(#642,#643,#644,#645));
#2800=EDGE_LOOP('',(#646,#647,#648,#649));
#2801=EDGE_LOOP('',(#650,#651,#652,#653));
#2802=EDGE_LOOP('',(#654,#655,#656,#657));
#2803=EDGE_LOOP('',(#658,#659,#660,#661));
#2804=EDGE_LOOP('',(#662,#663,#664,#665));
#2805=EDGE_LOOP('',(#666,#667,#668,#669));
#2806=EDGE_LOOP('',(#670,#671,#672,#673));
#2807=EDGE_LOOP('',(#674,#675,#676,#677));
#2808=EDGE_LOOP('',(#678,#679,#680,#681));
#2809=EDGE_LOOP('',(#682,#683,#684,#685));
#2810=EDGE_LOOP('',(#686,#687,#688,#689,#690,#691,#692,#693,#694,#695,#696,
#697,#698,#699,#700,#701,#702,#703,#704,#705,#706,#707,#708,#709,#710,#711,
#712,#713,#714,#715,#716,#717,#718,#719,#720,#721,#722,#723,#724,#725));
#2811=EDGE_LOOP('',(#726,#727,#728,#729,#730,#731,#732,#733,#734,#735,#736,
#737,#738,#739,#740,#741));
#2812=EDGE_LOOP('',(#742,#743,#744,#745,#746,#747,#748,#749,#750,#751,#752,
#753,#754,#755,#756,#757));
#2813=EDGE_LOOP('',(#758,#759,#760,#761,#762,#763,#764,#765,#766,#767,#768,
#769,#770,#771,#772,#773));
#2814=EDGE_LOOP('',(#774,#775,#776,#777,#778,#779,#780,#781,#782,#783,#784,
#785,#786,#787,#788,#789));
#2815=EDGE_LOOP('',(#790,#791,#792,#793,#794,#795,#796,#797,#798,#799,#800,
#801,#802,#803,#804,#805));
#2816=EDGE_LOOP('',(#806,#807,#808,#809,#810,#811,#812,#813));
#2817=EDGE_LOOP('',(#814,#815,#816,#817,#818,#819,#820,#821));
#2818=EDGE_LOOP('',(#822,#823,#824,#825,#826,#827,#828,#829));
#2819=EDGE_LOOP('',(#830,#831,#832,#833,#834,#835,#836,#837));
#2820=EDGE_LOOP('',(#838,#839,#840,#841,#842,#843,#844,#845));
#2821=EDGE_LOOP('',(#846,#847,#848,#849,#850,#851));
#2822=EDGE_LOOP('',(#852,#853,#854,#855,#856,#857,#858,#859,#860,#861,#862,
#863,#864,#865,#866,#867,#868,#869,#870,#871,#872,#873,#874,#875,#876,#877,
#878,#879,#880,#881,#882,#883,#884,#885,#886,#887,#888,#889,#890,#891));
#2823=EDGE_LOOP('',(#892,#893,#894,#895,#896,#897,#898,#899,#900,#901,#902,
#903,#904,#905,#906,#907));
#2824=EDGE_LOOP('',(#908,#909,#910,#911,#912,#913,#914,#915,#916,#917,#918,
#919,#920,#921,#922,#923));
#2825=EDGE_LOOP('',(#924,#925,#926,#927,#928,#929,#930,#931,#932,#933,#934,
#935,#936,#937,#938,#939));
#2826=EDGE_LOOP('',(#940,#941,#942,#943,#944,#945,#946,#947,#948,#949,#950,
#951,#952,#953,#954,#955));
#2827=EDGE_LOOP('',(#956,#957,#958,#959,#960,#961,#962,#963,#964,#965,#966,
#967,#968,#969,#970,#971));
#2828=EDGE_LOOP('',(#972,#973,#974,#975,#976,#977,#978,#979));
#2829=EDGE_LOOP('',(#980,#981,#982,#983,#984,#985,#986,#987));
#2830=EDGE_LOOP('',(#988,#989,#990,#991,#992,#993,#994,#995));
#2831=EDGE_LOOP('',(#996,#997,#998,#999,#1000,#1001,#1002,#1003));
#2832=EDGE_LOOP('',(#1004,#1005,#1006,#1007,#1008,#1009,#1010,#1011));
#2833=EDGE_LOOP('',(#1012,#1013,#1014,#1015,#1016,#1017));
#2834=EDGE_LOOP('',(#1018,#1019,#1020,#1021));
#2835=EDGE_LOOP('',(#1022,#1023,#1024,#1025));
#2836=EDGE_LOOP('',(#1026,#1027,#1028,#1029));
#2837=EDGE_LOOP('',(#1030,#1031,#1032,#1033));
#2838=EDGE_LOOP('',(#1034,#1035,#1036,#1037));
#2839=EDGE_LOOP('',(#1038,#1039,#1040,#1041));
#2840=EDGE_LOOP('',(#1042,#1043,#1044,#1045));
#2841=EDGE_LOOP('',(#1046,#1047,#1048,#1049));
#2842=EDGE_LOOP('',(#1050,#1051,#1052,#1053));
#2843=EDGE_LOOP('',(#1054,#1055,#1056,#1057));
#2844=EDGE_LOOP('',(#1058,#1059,#1060,#1061));
#2845=EDGE_LOOP('',(#1062,#1063,#1064,#1065));
#2846=EDGE_LOOP('',(#1066,#1067,#1068,#1069));
#2847=EDGE_LOOP('',(#1070,#1071,#1072,#1073));
#2848=EDGE_LOOP('',(#1074,#1075,#1076,#1077));
#2849=EDGE_LOOP('',(#1078,#1079,#1080,#1081));
#2850=EDGE_LOOP('',(#1082,#1083,#1084,#1085));
#2851=EDGE_LOOP('',(#1086,#1087,#1088,#1089));
#2852=EDGE_LOOP('',(#1090,#1091,#1092,#1093));
#2853=EDGE_LOOP('',(#1094,#1095,#1096,#1097));
#2854=EDGE_LOOP('',(#1098,#1099,#1100,#1101));
#2855=EDGE_LOOP('',(#1102,#1103,#1104,#1105));
#2856=EDGE_LOOP('',(#1106,#1107,#1108,#1109));
#2857=EDGE_LOOP('',(#1110,#1111,#1112,#1113));
#2858=EDGE_LOOP('',(#1114,#1115,#1116,#1117));
#2859=EDGE_LOOP('',(#1118,#1119,#1120,#1121));
#2860=EDGE_LOOP('',(#1122,#1123,#1124,#1125));
#2861=EDGE_LOOP('',(#1126,#1127,#1128,#1129));
#2862=EDGE_LOOP('',(#1130,#1131,#1132,#1133));
#2863=EDGE_LOOP('',(#1134,#1135,#1136,#1137));
#2864=EDGE_LOOP('',(#1138,#1139,#1140,#1141));
#2865=EDGE_LOOP('',(#1142,#1143,#1144,#1145));
#2866=EDGE_LOOP('',(#1146,#1147,#1148,#1149));
#2867=EDGE_LOOP('',(#1150,#1151,#1152,#1153));
#2868=EDGE_LOOP('',(#1154,#1155,#1156,#1157));
#2869=EDGE_LOOP('',(#1158,#1159,#1160,#1161));
#2870=EDGE_LOOP('',(#1162,#1163,#1164,#1165));
#2871=EDGE_LOOP('',(#1166,#1167,#1168,#1169));
#2872=EDGE_LOOP('',(#1170,#1171,#1172,#1173));
#2873=EDGE_LOOP('',(#1174,#1175,#1176,#1177));
#2874=EDGE_LOOP('',(#1178,#1179,#1180,#1181));
#2875=EDGE_LOOP('',(#1182,#1183,#1184,#1185));
#2876=EDGE_LOOP('',(#1186,#1187,#1188,#1189));
#2877=EDGE_LOOP('',(#1190,#1191,#1192,#1193));
#2878=EDGE_LOOP('',(#1194,#1195,#1196,#1197));
#2879=EDGE_LOOP('',(#1198,#1199,#1200,#1201));
#2880=EDGE_LOOP('',(#1202,#1203,#1204,#1205));
#2881=EDGE_LOOP('',(#1206,#1207,#1208,#1209));
#2882=EDGE_LOOP('',(#1210,#1211,#1212,#1213));
#2883=EDGE_LOOP('',(#1214,#1215,#1216,#1217));
#2884=EDGE_LOOP('',(#1218,#1219,#1220,#1221));
#2885=EDGE_LOOP('',(#1222,#1223,#1224,#1225));
#2886=EDGE_LOOP('',(#1226,#1227,#1228,#1229));
#2887=EDGE_LOOP('',(#1230,#1231,#1232,#1233));
#2888=EDGE_LOOP('',(#1234,#1235,#1236,#1237));
#2889=EDGE_LOOP('',(#1238,#1239,#1240,#1241));
#2890=EDGE_LOOP('',(#1242,#1243,#1244,#1245));
#2891=EDGE_LOOP('',(#1246,#1247,#1248,#1249));
#2892=EDGE_LOOP('',(#1250,#1251,#1252,#1253));
#2893=EDGE_LOOP('',(#1254,#1255,#1256,#1257));
#2894=EDGE_LOOP('',(#1258,#1259,#1260,#1261));
#2895=EDGE_LOOP('',(#1262,#1263,#1264,#1265));
#2896=EDGE_LOOP('',(#1266,#1267,#1268,#1269));
#2897=EDGE_LOOP('',(#1270,#1271,#1272,#1273));
#2898=EDGE_LOOP('',(#1274,#1275,#1276,#1277));
#2899=EDGE_LOOP('',(#1278,#1279,#1280,#1281));
#2900=EDGE_LOOP('',(#1282,#1283,#1284,#1285));
#2901=EDGE_LOOP('',(#1286,#1287,#1288,#1289));
#2902=EDGE_LOOP('',(#1290,#1291,#1292,#1293));
#2903=EDGE_LOOP('',(#1294,#1295,#1296,#1297));
#2904=EDGE_LOOP('',(#1298,#1299,#1300,#1301));
#2905=EDGE_LOOP('',(#1302,#1303,#1304,#1305));
#2906=EDGE_LOOP('',(#1306,#1307,#1308,#1309));
#2907=EDGE_LOOP('',(#1310,#1311,#1312,#1313));
#2908=EDGE_LOOP('',(#1314,#1315,#1316,#1317));
#2909=EDGE_LOOP('',(#1318,#1319,#1320,#1321));
#2910=EDGE_LOOP('',(#1322,#1323,#1324,#1325));
#2911=EDGE_LOOP('',(#1326,#1327,#1328,#1329));
#2912=EDGE_LOOP('',(#1330,#1331,#1332,#1333));
#2913=EDGE_LOOP('',(#1334,#1335,#1336,#1337));
#2914=FACE_BOUND('',#2724,.T.);
#2915=FACE_BOUND('',#2725,.T.);
#2916=FACE_BOUND('',#2726,.T.);
#2917=FACE_BOUND('',#2727,.T.);
#2918=FACE_BOUND('',#2728,.T.);
#2919=FACE_BOUND('',#2729,.T.);
#2920=FACE_BOUND('',#2730,.T.);
#2921=FACE_BOUND('',#2731,.T.);
#2922=FACE_BOUND('',#2732,.T.);
#2923=FACE_BOUND('',#2733,.T.);
#2924=FACE_BOUND('',#2734,.T.);
#2925=FACE_BOUND('',#2735,.T.);
#2926=FACE_BOUND('',#2736,.T.);
#2927=FACE_BOUND('',#2737,.T.);
#2928=FACE_BOUND('',#2738,.T.);
#2929=FACE_BOUND('',#2739,.T.);
#2930=FACE_BOUND('',#2740,.T.);
#2931=FACE_BOUND('',#2741,.T.);
#2932=FACE_BOUND('',#2742,.T.);
#2933=FACE_BOUND('',#2743,.T.);
#2934=FACE_BOUND('',#2744,.T.);
#2935=FACE_BOUND('',#2745,.T.);
#2936=FACE_BOUND('',#2746,.T.);
#2937=FACE_BOUND('',#2747,.T.);
#2938=FACE_BOUND('',#2748,.T.);
#2939=FACE_BOUND('',#2749,.T.);
#2940=FACE_BOUND('',#2750,.T.);
#2941=FACE_BOUND('',#2751,.T.);
#2942=FACE_BOUND('',#2752,.T.);
#2943=FACE_BOUND('',#2753,.T.);
#2944=FACE_BOUND('',#2754,.T.);
#2945=FACE_BOUND('',#2755,.T.);
#2946=FACE_BOUND('',#2756,.T.);
#2947=FACE_BOUND('',#2757,.T.);
#2948=FACE_BOUND('',#2758,.T.);
#2949=FACE_BOUND('',#2759,.T.);
#2950=FACE_BOUND('',#2760,.T.);
#2951=FACE_BOUND('',#2761,.T.);
#2952=FACE_BOUND('',#2762,.T.);
#2953=FACE_BOUND('',#2763,.T.);
#2954=FACE_BOUND('',#2764,.T.);
#2955=FACE_BOUND('',#2765,.T.);
#2956=FACE_BOUND('',#2766,.T.);
#2957=FACE_BOUND('',#2767,.T.);
#2958=FACE_BOUND('',#2768,.T.);
#2959=FACE_BOUND('',#2769,.T.);
#2960=FACE_BOUND('',#2770,.T.);
#2961=FACE_BOUND('',#2771,.T.);
#2962=FACE_BOUND('',#2772,.T.);
#2963=FACE_BOUND('',#2773,.T.);
#2964=FACE_BOUND('',#2774,.T.);
#2965=FACE_BOUND('',#2775,.T.);
#2966=FACE_BOUND('',#2776,.T.);
#2967=FACE_BOUND('',#2777,.T.);
#2968=FACE_BOUND('',#2778,.T.);
#2969=FACE_BOUND('',#2779,.T.);
#2970=FACE_BOUND('',#2780,.T.);
#2971=FACE_BOUND('',#2781,.T.);
#2972=FACE_BOUND('',#2782,.T.);
#2973=FACE_BOUND('',#2783,.T.);
#2974=FACE_BOUND('',#2784,.T.);
#2975=FACE_BOUND('',#2785,.T.);
#2976=FACE_BOUND('',#2786,.T.);
#2977=FACE_BOUND('',#2787,.T.);
#2978=FACE_BOUND('',#2788,.T.);
#2979=FACE_BOUND('',#2789,.T.);
#2980=FACE_BOUND('',#2790,.T.);
#2981=FACE_BOUND('',#2791,.T.);
#2982=FACE_BOUND('',#2792,.T.);
#2983=FACE_BOUND('',#2793,.T.);
#2984=FACE_BOUND('',#2794,.T.);
#2985=FACE_BOUND('',#2795,.T.);
#2986=FACE_BOUND('',#2796,.T.);
#2987=FACE_BOUND('',#2797,.T.);
#2988=FACE_BOUND('',#2798,.T.);
#2989=FACE_BOUND('',#2799,.T.);
#2990=FACE_BOUND('',#2800,.T.);
#2991=FACE_BOUND('',#2801,.T.);
#2992=FACE_BOUND('',#2802,.T.);
#2993=FACE_BOUND('',#2803,.T.);
#2994=FACE_BOUND('',#2804,.T.);
#2995=FACE_BOUND('',#2805,.T.);
#2996=FACE_BOUND('',#2806,.T.);
#2997=FACE_BOUND('',#2807,.T.);
#2998=FACE_BOUND('',#2808,.T.);
#2999=FACE_BOUND('',#2809,.T.);
#3000=FACE_BOUND('',#2810,.T.);
#3001=FACE_BOUND('',#2811,.T.);
#3002=FACE_BOUND('',#2812,.T.);
#3003=FACE_BOUND('',#2813,.T.);
#3004=FACE_BOUND('',#2814,.T.);
#3005=FACE_BOUND('',#2815,.T.);
#3006=FACE_BOUND('',#2816,.T.);
#3007=FACE_BOUND('',#2817,.T.);
#3008=FACE_BOUND('',#2818,.T.);
#3009=FACE_BOUND('',#2819,.T.);
#3010=FACE_BOUND('',#2820,.T.);
#3011=FACE_BOUND('',#2821,.T.);
#3012=FACE_BOUND('',#2822,.T.);
#3013=FACE_BOUND('',#2823,.T.);
#3014=FACE_BOUND('',#2824,.T.);
#3015=FACE_BOUND('',#2825,.T.);
#3016=FACE_BOUND('',#2826,.T.);
#3017=FACE_BOUND('',#2827,.T.);
#3018=FACE_BOUND('',#2828,.T.);
#3019=FACE_BOUND('',#2829,.T.);
#3020=FACE_BOUND('',#2830,.T.);
#3021=FACE_BOUND('',#2831,.T.);
#3022=FACE_BOUND('',#2832,.T.);
#3023=FACE_BOUND('',#2833,.T.);
#3024=FACE_BOUND('',#2834,.T.);
#3025=FACE_BOUND('',#2835,.T.);
#3026=FACE_BOUND('',#2836,.T.);
#3027=FACE_BOUND('',#2837,.T.);
#3028=FACE_BOUND('',#2838,.T.);
#3029=FACE_BOUND('',#2839,.T.);
#3030=FACE_BOUND('',#2840,.T.);
#3031=FACE_BOUND('',#2841,.T.);
#3032=FACE_BOUND('',#2842,.T.);
#3033=FACE_BOUND('',#2843,.T.);
#3034=FACE_BOUND('',#2844,.T.);
#3035=FACE_BOUND('',#2845,.T.);
#3036=FACE_BOUND('',#2846,.T.);
#3037=FACE_BOUND('',#2847,.T.);
#3038=FACE_BOUND('',#2848,.T.);
#3039=FACE_BOUND('',#2849,.T.);
#3040=FACE_BOUND('',#2850,.T.);
#3041=FACE_BOUND('',#2851,.T.);
#3042=FACE_BOUND('',#2852,.T.);
#3043=FACE_BOUND('',#2853,.T.);
#3044=FACE_BOUND('',#2854,.T.);
#3045=FACE_BOUND('',#2855,.T.);
#3046=FACE_BOUND('',#2856,.T.);
#3047=FACE_BOUND('',#2857,.T.);
#3048=FACE_BOUND('',#2858,.T.);
#3049=FACE_BOUND('',#2859,.T.);
#3050=FACE_BOUND('',#2860,.T.);
#3051=FACE_BOUND('',#2861,.T.);
#3052=FACE_BOUND('',#2862,.T.);
#3053=FACE_BOUND('',#2863,.T.);
#3054=FACE_BOUND('',#2864,.T.);
#3055=FACE_BOUND('',#2865,.T.);
#3056=FACE_BOUND('',#2866,.T.);
#3057=FACE_BOUND('',#2867,.T.);
#3058=FACE_BOUND('',#2868,.T.);
#3059=FACE_BOUND('',#2869,.T.);
#3060=FACE_BOUND('',#2870,.T.);
#3061=FACE_BOUND('',#2871,.T.);
#3062=FACE_BOUND('',#2872,.T.);
#3063=FACE_BOUND('',#2873,.T.);
#3064=FACE_BOUND('',#2874,.T.);
#3065=FACE_BOUND('',#2875,.T.);
#3066=FACE_BOUND('',#2876,.T.);
#3067=FACE_BOUND('',#2877,.T.);
#3068=FACE_BOUND('',#2878,.T.);
#3069=FACE_BOUND('',#2879,.T.);
#3070=FACE_BOUND('',#2880,.T.);
#3071=FACE_BOUND('',#2881,.T.);
#3072=FACE_BOUND('',#2882,.T.);
#3073=FACE_BOUND('',#2883,.T.);
#3074=FACE_BOUND('',#2884,.T.);
#3075=FACE_BOUND('',#2885,.T.);
#3076=FACE_BOUND('',#2886,.T.);
#3077=FACE_BOUND('',#2887,.T.);
#3078=FACE_BOUND('',#2888,.T.);
#3079=FACE_BOUND('',#2889,.T.);
#3080=FACE_BOUND('',#2890,.T.);
#3081=FACE_BOUND('',#2891,.T.);
#3082=FACE_BOUND('',#2892,.T.);
#3083=FACE_BOUND('',#2893,.T.);
#3084=FACE_BOUND('',#2894,.T.);
#3085=FACE_BOUND('',#2895,.T.);
#3086=FACE_BOUND('',#2896,.T.);
#3087=FACE_BOUND('',#2897,.T.);
#3088=FACE_BOUND('',#2898,.T.);
#3089=FACE_BOUND('',#2899,.T.);
#3090=FACE_BOUND('',#2900,.T.);
#3091=FACE_BOUND('',#2901,.T.);
#3092=FACE_BOUND('',#2902,.T.);
#3093=FACE_BOUND('',#2903,.T.);
#3094=FACE_BOUND('',#2904,.T.);
#3095=FACE_BOUND('',#2905,.T.);
#3096=FACE_BOUND('',#2906,.T.);
#3097=FACE_BOUND('',#2907,.T.);
#3098=FACE_BOUND('',#2908,.T.);
#3099=FACE_BOUND('',#2909,.T.);
#3100=FACE_BOUND('',#2910,.T.);
#3101=FACE_BOUND('',#2911,.T.);
#3102=FACE_BOUND('',#2912,.T.);
#3103=FACE_BOUND('',#2913,.T.);
#3104=PLANE('',#3343);
#3105=PLANE('',#3344);
#3106=PLANE('',#3345);
#3107=PLANE('',#3346);
#3108=PLANE('',#3347);
#3109=PLANE('',#3348);
#3110=PLANE('',#3352);
#3111=PLANE('',#3356);
#3112=PLANE('',#3363);
#3113=PLANE('',#3370);
#3114=PLANE('',#3377);
#3115=PLANE('',#3384);
#3116=PLANE('',#3388);
#3117=PLANE('',#3392);
#3118=PLANE('',#3393);
#3119=PLANE('',#3397);
#3120=PLANE('',#3401);
#3121=PLANE('',#3405);
#3122=PLANE('',#3406);
#3123=PLANE('',#3410);
#3124=PLANE('',#3414);
#3125=PLANE('',#3418);
#3126=PLANE('',#3419);
#3127=PLANE('',#3420);
#3128=PLANE('',#3424);
#3129=PLANE('',#3425);
#3130=PLANE('',#3426);
#3131=PLANE('',#3430);
#3132=PLANE('',#3431);
#3133=PLANE('',#3435);
#3134=PLANE('',#3439);
#3135=PLANE('',#3443);
#3136=PLANE('',#3444);
#3137=PLANE('',#3445);
#3138=PLANE('',#3446);
#3139=PLANE('',#3450);
#3140=PLANE('',#3451);
#3141=PLANE('',#3452);
#3142=PLANE('',#3456);
#3143=PLANE('',#3457);
#3144=PLANE('',#3458);
#3145=PLANE('',#3462);
#3146=PLANE('',#3463);
#3147=PLANE('',#3464);
#3148=PLANE('',#3468);
#3149=PLANE('',#3469);
#3150=PLANE('',#3470);
#3151=PLANE('',#3474);
#3152=PLANE('',#3475);
#3153=PLANE('',#3476);
#3154=PLANE('',#3477);
#3155=PLANE('',#3478);
#3156=PLANE('',#3479);
#3157=PLANE('',#3480);
#3158=PLANE('',#3484);
#3159=PLANE('',#3488);
#3160=PLANE('',#3489);
#3161=PLANE('',#3570);
#3162=ADVANCED_FACE('',(#2914),#3104,.T.);
#3163=ADVANCED_FACE('',(#2915),#3105,.T.);
#3164=ADVANCED_FACE('',(#2916),#3106,.T.);
#3165=ADVANCED_FACE('',(#2917),#3107,.T.);
#3166=ADVANCED_FACE('',(#2918),#3108,.T.);
#3167=ADVANCED_FACE('',(#2919),#3109,.F.);
#3168=ADVANCED_FACE('',(#2920),#232,.F.);
#3169=ADVANCED_FACE('',(#2921),#3110,.F.);
#3170=ADVANCED_FACE('',(#2922),#233,.F.);
#3171=ADVANCED_FACE('',(#2923),#3111,.T.);
#3172=ADVANCED_FACE('',(#2924),#234,.T.);
#3173=ADVANCED_FACE('',(#2925),#235,.F.);
#3174=ADVANCED_FACE('',(#2926),#3112,.F.);
#3175=ADVANCED_FACE('',(#2927),#236,.T.);
#3176=ADVANCED_FACE('',(#2928),#237,.F.);
#3177=ADVANCED_FACE('',(#2929),#3113,.F.);
#3178=ADVANCED_FACE('',(#2930),#238,.T.);
#3179=ADVANCED_FACE('',(#2931),#239,.F.);
#3180=ADVANCED_FACE('',(#2932),#3114,.F.);
#3181=ADVANCED_FACE('',(#2933),#240,.T.);
#3182=ADVANCED_FACE('',(#2934),#241,.F.);
#3183=ADVANCED_FACE('',(#2935),#3115,.T.);
#3184=ADVANCED_FACE('',(#2936),#242,.T.);
#3185=ADVANCED_FACE('',(#2937),#3116,.T.);
#3186=ADVANCED_FACE('',(#2938),#243,.F.);
#3187=ADVANCED_FACE('',(#2939),#3117,.T.);
#3188=ADVANCED_FACE('',(#2940),#3118,.F.);
#3189=ADVANCED_FACE('',(#2941),#244,.F.);
#3190=ADVANCED_FACE('',(#2942),#3119,.F.);
#3191=ADVANCED_FACE('',(#2943),#245,.T.);
#3192=ADVANCED_FACE('',(#2944),#3120,.F.);
#3193=ADVANCED_FACE('',(#2945),#246,.F.);
#3194=ADVANCED_FACE('',(#2946),#3121,.T.);
#3195=ADVANCED_FACE('',(#2947),#3122,.F.);
#3196=ADVANCED_FACE('',(#2948),#247,.F.);
#3197=ADVANCED_FACE('',(#2949),#3123,.F.);
#3198=ADVANCED_FACE('',(#2950),#248,.T.);
#3199=ADVANCED_FACE('',(#2951),#3124,.T.);
#3200=ADVANCED_FACE('',(#2952),#249,.F.);
#3201=ADVANCED_FACE('',(#2953),#3125,.T.);
#3202=ADVANCED_FACE('',(#2954),#3126,.F.);
#3203=ADVANCED_FACE('',(#2955),#3127,.T.);
#3204=ADVANCED_FACE('',(#2956),#250,.F.);
#3205=ADVANCED_FACE('',(#2957),#3128,.T.);
#3206=ADVANCED_FACE('',(#2958),#3129,.F.);
#3207=ADVANCED_FACE('',(#2959),#3130,.F.);
#3208=ADVANCED_FACE('',(#2960),#251,.F.);
#3209=ADVANCED_FACE('',(#2961),#3131,.F.);
#3210=ADVANCED_FACE('',(#2962),#3132,.F.);
#3211=ADVANCED_FACE('',(#2963),#252,.F.);
#3212=ADVANCED_FACE('',(#2964),#3133,.F.);
#3213=ADVANCED_FACE('',(#2965),#253,.T.);
#3214=ADVANCED_FACE('',(#2966),#3134,.T.);
#3215=ADVANCED_FACE('',(#2967),#254,.F.);
#3216=ADVANCED_FACE('',(#2968),#3135,.T.);
#3217=ADVANCED_FACE('',(#2969),#3136,.T.);
#3218=ADVANCED_FACE('',(#2970),#3137,.T.);
#3219=ADVANCED_FACE('',(#2971),#3138,.F.);
#3220=ADVANCED_FACE('',(#2972),#255,.T.);
#3221=ADVANCED_FACE('',(#2973),#3139,.T.);
#3222=ADVANCED_FACE('',(#2974),#3140,.T.);
#3223=ADVANCED_FACE('',(#2975),#3141,.F.);
#3224=ADVANCED_FACE('',(#2976),#256,.T.);
#3225=ADVANCED_FACE('',(#2977),#3142,.T.);
#3226=ADVANCED_FACE('',(#2978),#3143,.T.);
#3227=ADVANCED_FACE('',(#2979),#3144,.F.);
#3228=ADVANCED_FACE('',(#2980),#257,.T.);
#3229=ADVANCED_FACE('',(#2981),#3145,.T.);
#3230=ADVANCED_FACE('',(#2982),#3146,.T.);
#3231=ADVANCED_FACE('',(#2983),#3147,.F.);
#3232=ADVANCED_FACE('',(#2984),#258,.T.);
#3233=ADVANCED_FACE('',(#2985),#3148,.T.);
#3234=ADVANCED_FACE('',(#2986),#3149,.T.);
#3235=ADVANCED_FACE('',(#2987),#3150,.F.);
#3236=ADVANCED_FACE('',(#2988),#259,.T.);
#3237=ADVANCED_FACE('',(#2989),#3151,.T.);
#3238=ADVANCED_FACE('',(#2990),#3152,.T.);
#3239=ADVANCED_FACE('',(#2991),#3153,.T.);
#3240=ADVANCED_FACE('',(#2992),#3154,.T.);
#3241=ADVANCED_FACE('',(#2993),#3155,.F.);
#3242=ADVANCED_FACE('',(#2994),#3156,.F.);
#3243=ADVANCED_FACE('',(#2995),#3157,.F.);
#3244=ADVANCED_FACE('',(#2996),#260,.T.);
#3245=ADVANCED_FACE('',(#2997),#3158,.F.);
#3246=ADVANCED_FACE('',(#2998),#261,.T.);
#3247=ADVANCED_FACE('',(#2999),#3159,.T.);
#3248=ADVANCED_FACE('',(#3000,#3001,#3002,#3003,#3004,#3005,#3006,#3007,
#3008,#3009,#3010,#3011),#3160,.T.);
#3249=ADVANCED_FACE('',(#3012,#3013,#3014,#3015,#3016,#3017,#3018,#3019,
#3020,#3021,#3022,#3023),#3161,.F.);
#3250=ADVANCED_FACE('',(#3024),#262,.F.);
#3251=ADVANCED_FACE('',(#3025),#263,.F.);
#3252=ADVANCED_FACE('',(#3026),#264,.F.);
#3253=ADVANCED_FACE('',(#3027),#265,.T.);
#3254=ADVANCED_FACE('',(#3028),#266,.T.);
#3255=ADVANCED_FACE('',(#3029),#267,.F.);
#3256=ADVANCED_FACE('',(#3030),#268,.F.);
#3257=ADVANCED_FACE('',(#3031),#269,.F.);
#3258=ADVANCED_FACE('',(#3032),#270,.F.);
#3259=ADVANCED_FACE('',(#3033),#271,.F.);
#3260=ADVANCED_FACE('',(#3034),#272,.F.);
#3261=ADVANCED_FACE('',(#3035),#273,.T.);
#3262=ADVANCED_FACE('',(#3036),#274,.T.);
#3263=ADVANCED_FACE('',(#3037),#275,.F.);
#3264=ADVANCED_FACE('',(#3038),#276,.F.);
#3265=ADVANCED_FACE('',(#3039),#277,.F.);
#3266=ADVANCED_FACE('',(#3040),#278,.F.);
#3267=ADVANCED_FACE('',(#3041),#279,.T.);
#3268=ADVANCED_FACE('',(#3042),#280,.T.);
#3269=ADVANCED_FACE('',(#3043),#281,.F.);
#3270=ADVANCED_FACE('',(#3044),#282,.F.);
#3271=ADVANCED_FACE('',(#3045),#283,.F.);
#3272=ADVANCED_FACE('',(#3046),#284,.F.);
#3273=ADVANCED_FACE('',(#3047),#285,.F.);
#3274=ADVANCED_FACE('',(#3048),#286,.F.);
#3275=ADVANCED_FACE('',(#3049),#287,.F.);
#3276=ADVANCED_FACE('',(#3050),#288,.F.);
#3277=ADVANCED_FACE('',(#3051),#289,.T.);
#3278=ADVANCED_FACE('',(#3052),#290,.T.);
#3279=ADVANCED_FACE('',(#3053),#291,.F.);
#3280=ADVANCED_FACE('',(#3054),#292,.F.);
#3281=ADVANCED_FACE('',(#3055),#293,.F.);
#3282=ADVANCED_FACE('',(#3056),#294,.F.);
#3283=ADVANCED_FACE('',(#3057),#295,.F.);
#3284=ADVANCED_FACE('',(#3058),#296,.F.);
#3285=ADVANCED_FACE('',(#3059),#297,.F.);
#3286=ADVANCED_FACE('',(#3060),#298,.F.);
#3287=ADVANCED_FACE('',(#3061),#299,.F.);
#3288=ADVANCED_FACE('',(#3062),#300,.F.);
#3289=ADVANCED_FACE('',(#3063),#301,.F.);
#3290=ADVANCED_FACE('',(#3064),#302,.F.);
#3291=ADVANCED_FACE('',(#3065),#303,.F.);
#3292=ADVANCED_FACE('',(#3066),#304,.F.);
#3293=ADVANCED_FACE('',(#3067),#305,.F.);
#3294=ADVANCED_FACE('',(#3068),#306,.F.);
#3295=ADVANCED_FACE('',(#3069),#307,.F.);
#3296=ADVANCED_FACE('',(#3070),#308,.F.);
#3297=ADVANCED_FACE('',(#3071),#309,.F.);
#3298=ADVANCED_FACE('',(#3072),#310,.F.);
#3299=ADVANCED_FACE('',(#3073),#311,.F.);
#3300=ADVANCED_FACE('',(#3074),#312,.F.);
#3301=ADVANCED_FACE('',(#3075),#313,.F.);
#3302=ADVANCED_FACE('',(#3076),#314,.F.);
#3303=ADVANCED_FACE('',(#3077),#315,.F.);
#3304=ADVANCED_FACE('',(#3078),#316,.F.);
#3305=ADVANCED_FACE('',(#3079),#317,.T.);
#3306=ADVANCED_FACE('',(#3080),#318,.T.);
#3307=ADVANCED_FACE('',(#3081),#319,.F.);
#3308=ADVANCED_FACE('',(#3082),#320,.F.);
#3309=ADVANCED_FACE('',(#3083),#321,.F.);
#3310=ADVANCED_FACE('',(#3084),#322,.T.);
#3311=ADVANCED_FACE('',(#3085),#323,.F.);
#3312=ADVANCED_FACE('',(#3086),#324,.F.);
#3313=ADVANCED_FACE('',(#3087),#325,.T.);
#3314=ADVANCED_FACE('',(#3088),#326,.T.);
#3315=ADVANCED_FACE('',(#3089),#327,.T.);
#3316=ADVANCED_FACE('',(#3090),#328,.F.);
#3317=ADVANCED_FACE('',(#3091),#329,.F.);
#3318=ADVANCED_FACE('',(#3092),#330,.T.);
#3319=ADVANCED_FACE('',(#3093),#331,.F.);
#3320=ADVANCED_FACE('',(#3094),#332,.F.);
#3321=ADVANCED_FACE('',(#3095),#333,.T.);
#3322=ADVANCED_FACE('',(#3096),#334,.T.);
#3323=ADVANCED_FACE('',(#3097),#335,.F.);
#3324=ADVANCED_FACE('',(#3098),#336,.F.);
#3325=ADVANCED_FACE('',(#3099),#337,.T.);
#3326=ADVANCED_FACE('',(#3100),#338,.T.);
#3327=ADVANCED_FACE('',(#3101),#339,.F.);
#3328=ADVANCED_FACE('',(#3102),#340,.F.);
#3329=ADVANCED_FACE('',(#3103),#341,.T.);
#3330=CLOSED_SHELL('',(#3162,#3163,#3164,#3165,#3166,#3167,#3168,#3169,
#3170,#3171,#3172,#3173,#3174,#3175,#3176,#3177,#3178,#3179,#3180,#3181,
#3182,#3183,#3184,#3185,#3186,#3187,#3188,#3189,#3190,#3191,#3192,#3193,
#3194,#3195,#3196,#3197,#3198,#3199,#3200,#3201,#3202,#3203,#3204,#3205,
#3206,#3207,#3208,#3209,#3210,#3211,#3212,#3213,#3214,#3215,#3216,#3217,
#3218,#3219,#3220,#3221,#3222,#3223,#3224,#3225,#3226,#3227,#3228,#3229,
#3230,#3231,#3232,#3233,#3234,#3235,#3236,#3237,#3238,#3239,#3240,#3241,
#3242,#3243,#3244,#3245,#3246,#3247,#3248,#3249,#3250,#3251,#3252,#3253,
#3254,#3255,#3256,#3257,#3258,#3259,#3260,#3261,#3262,#3263,#3264,#3265,
#3266,#3267,#3268,#3269,#3270,#3271,#3272,#3273,#3274,#3275,#3276,#3277,
#3278,#3279,#3280,#3281,#3282,#3283,#3284,#3285,#3286,#3287,#3288,#3289,
#3290,#3291,#3292,#3293,#3294,#3295,#3296,#3297,#3298,#3299,#3300,#3301,
#3302,#3303,#3304,#3305,#3306,#3307,#3308,#3309,#3310,#3311,#3312,#3313,
#3314,#3315,#3316,#3317,#3318,#3319,#3320,#3321,#3322,#3323,#3324,#3325,
#3326,#3327,#3328,#3329));
#3331=STYLED_ITEM('',(#3332),#3339);
#3332=PRESENTATION_STYLE_ASSIGNMENT((#3333));
#3333=SURFACE_STYLE_USAGE(.BOTH.,#3334);
#3334=SURFACE_SIDE_STYLE('',(#3335));
#3335=SURFACE_STYLE_FILL_AREA(#3336);
#3336=FILL_AREA_STYLE('',(#3337));
#3337=FILL_AREA_STYLE_COLOUR('',#3338);
#3338=COLOUR_RGB('',0.537254901960784,0.854901960784314,0.827450980392157);
#3339=MANIFOLD_SOLID_BREP('Wheel Base',#3330);
#3340=SHAPE_DEFINITION_REPRESENTATION(#5792,#3341);
#3341=SHAPE_REPRESENTATION('Wheel Base',(#3342),#5787);
#3342=AXIS2_PLACEMENT_3D('',#4787,#3731,#3732);
#3343=AXIS2_PLACEMENT_3D('',#4788,#3733,#3734);
#3344=AXIS2_PLACEMENT_3D('',#4797,#3739,#3740);
#3345=AXIS2_PLACEMENT_3D('',#4803,#3744,#3745);
#3346=AXIS2_PLACEMENT_3D('',#4809,#3749,#3750);
#3347=AXIS2_PLACEMENT_3D('',#4815,#3754,#3755);
#3348=AXIS2_PLACEMENT_3D('',#4821,#3759,#3760);
#3349=AXIS2_PLACEMENT_3D('',#4830,#3765,#3766);
#3350=AXIS2_PLACEMENT_3D('',#4831,#3767,#3768);
#3351=AXIS2_PLACEMENT_3D('',#4836,#3770,#3771);
#3352=AXIS2_PLACEMENT_3D('',#4839,#3773,#3774);
#3353=AXIS2_PLACEMENT_3D('',#4848,#3779,#3780);
#3354=AXIS2_PLACEMENT_3D('',#4849,#3781,#3782);
#3355=AXIS2_PLACEMENT_3D('',#4854,#3784,#3785);
#3356=AXIS2_PLACEMENT_3D('',#4857,#3787,#3788);
#3357=AXIS2_PLACEMENT_3D('',#4866,#3793,#3794);
#3358=AXIS2_PLACEMENT_3D('',#4867,#3795,#3796);
#3359=AXIS2_PLACEMENT_3D('',#4872,#3798,#3799);
#3360=AXIS2_PLACEMENT_3D('',#4875,#3801,#3802);
#3361=AXIS2_PLACEMENT_3D('',#4876,#3803,#3804);
#3362=AXIS2_PLACEMENT_3D('',#4881,#3806,#3807);
#3363=AXIS2_PLACEMENT_3D('',#4884,#3809,#3810);
#3364=AXIS2_PLACEMENT_3D('',#4893,#3815,#3816);
#3365=AXIS2_PLACEMENT_3D('',#4894,#3817,#3818);
#3366=AXIS2_PLACEMENT_3D('',#4899,#3820,#3821);
#3367=AXIS2_PLACEMENT_3D('',#4902,#3823,#3824);
#3368=AXIS2_PLACEMENT_3D('',#4903,#3825,#3826);
#3369=AXIS2_PLACEMENT_3D('',#4908,#3828,#3829);
#3370=AXIS2_PLACEMENT_3D('',#4911,#3831,#3832);
#3371=AXIS2_PLACEMENT_3D('',#4920,#3837,#3838);
#3372=AXIS2_PLACEMENT_3D('',#4921,#3839,#3840);
#3373=AXIS2_PLACEMENT_3D('',#4926,#3842,#3843);
#3374=AXIS2_PLACEMENT_3D('',#4929,#3845,#3846);
#3375=AXIS2_PLACEMENT_3D('',#4930,#3847,#3848);
#3376=AXIS2_PLACEMENT_3D('',#4935,#3850,#3851);
#3377=AXIS2_PLACEMENT_3D('',#4938,#3853,#3854);
#3378=AXIS2_PLACEMENT_3D('',#4947,#3859,#3860);
#3379=AXIS2_PLACEMENT_3D('',#4948,#3861,#3862);
#3380=AXIS2_PLACEMENT_3D('',#4953,#3864,#3865);
#3381=AXIS2_PLACEMENT_3D('',#4956,#3867,#3868);
#3382=AXIS2_PLACEMENT_3D('',#4957,#3869,#3870);
#3383=AXIS2_PLACEMENT_3D('',#4962,#3872,#3873);
#3384=AXIS2_PLACEMENT_3D('',#4965,#3875,#3876);
#3385=AXIS2_PLACEMENT_3D('',#4974,#3881,#3882);
#3386=AXIS2_PLACEMENT_3D('',#4975,#3883,#3884);
#3387=AXIS2_PLACEMENT_3D('',#4980,#3886,#3887);
#3388=AXIS2_PLACEMENT_3D('',#4983,#3889,#3890);
#3389=AXIS2_PLACEMENT_3D('',#4992,#3895,#3896);
#3390=AXIS2_PLACEMENT_3D('',#4993,#3897,#3898);
#3391=AXIS2_PLACEMENT_3D('',#4998,#3900,#3901);
#3392=AXIS2_PLACEMENT_3D('',#5001,#3903,#3904);
#3393=AXIS2_PLACEMENT_3D('',#5010,#3909,#3910);
#3394=AXIS2_PLACEMENT_3D('',#5019,#3915,#3916);
#3395=AXIS2_PLACEMENT_3D('',#5020,#3917,#3918);
#3396=AXIS2_PLACEMENT_3D('',#5025,#3920,#3921);
#3397=AXIS2_PLACEMENT_3D('',#5028,#3923,#3924);
#3398=AXIS2_PLACEMENT_3D('',#5037,#3929,#3930);
#3399=AXIS2_PLACEMENT_3D('',#5038,#3931,#3932);
#3400=AXIS2_PLACEMENT_3D('',#5043,#3934,#3935);
#3401=AXIS2_PLACEMENT_3D('',#5046,#3937,#3938);
#3402=AXIS2_PLACEMENT_3D('',#5055,#3943,#3944);
#3403=AXIS2_PLACEMENT_3D('',#5056,#3945,#3946);
#3404=AXIS2_PLACEMENT_3D('',#5061,#3948,#3949);
#3405=AXIS2_PLACEMENT_3D('',#5064,#3951,#3952);
#3406=AXIS2_PLACEMENT_3D('',#5073,#3957,#3958);
#3407=AXIS2_PLACEMENT_3D('',#5082,#3963,#3964);
#3408=AXIS2_PLACEMENT_3D('',#5083,#3965,#3966);
#3409=AXIS2_PLACEMENT_3D('',#5088,#3968,#3969);
#3410=AXIS2_PLACEMENT_3D('',#5091,#3971,#3972);
#3411=AXIS2_PLACEMENT_3D('',#5100,#3977,#3978);
#3412=AXIS2_PLACEMENT_3D('',#5101,#3979,#3980);
#3413=AXIS2_PLACEMENT_3D('',#5106,#3982,#3983);
#3414=AXIS2_PLACEMENT_3D('',#5109,#3985,#3986);
#3415=AXIS2_PLACEMENT_3D('',#5118,#3991,#3992);
#3416=AXIS2_PLACEMENT_3D('',#5119,#3993,#3994);
#3417=AXIS2_PLACEMENT_3D('',#5124,#3996,#3997);
#3418=AXIS2_PLACEMENT_3D('',#5127,#3999,#4000);
#3419=AXIS2_PLACEMENT_3D('',#5136,#4005,#4006);
#3420=AXIS2_PLACEMENT_3D('',#5145,#4011,#4012);
#3421=AXIS2_PLACEMENT_3D('',#5154,#4017,#4018);
#3422=AXIS2_PLACEMENT_3D('',#5155,#4019,#4020);
#3423=AXIS2_PLACEMENT_3D('',#5160,#4022,#4023);
#3424=AXIS2_PLACEMENT_3D('',#5163,#4025,#4026);
#3425=AXIS2_PLACEMENT_3D('',#5172,#4031,#4032);
#3426=AXIS2_PLACEMENT_3D('',#5181,#4037,#4038);
#3427=AXIS2_PLACEMENT_3D('',#5190,#4043,#4044);
#3428=AXIS2_PLACEMENT_3D('',#5191,#4045,#4046);
#3429=AXIS2_PLACEMENT_3D('',#5196,#4048,#4049);
#3430=AXIS2_PLACEMENT_3D('',#5199,#4051,#4052);
#3431=AXIS2_PLACEMENT_3D('',#5208,#4057,#4058);
#3432=AXIS2_PLACEMENT_3D('',#5217,#4063,#4064);
#3433=AXIS2_PLACEMENT_3D('',#5218,#4065,#4066);
#3434=AXIS2_PLACEMENT_3D('',#5223,#4068,#4069);
#3435=AXIS2_PLACEMENT_3D('',#5226,#4071,#4072);
#3436=AXIS2_PLACEMENT_3D('',#5235,#4077,#4078);
#3437=AXIS2_PLACEMENT_3D('',#5236,#4079,#4080);
#3438=AXIS2_PLACEMENT_3D('',#5241,#4082,#4083);
#3439=AXIS2_PLACEMENT_3D('',#5244,#4085,#4086);
#3440=AXIS2_PLACEMENT_3D('',#5253,#4091,#4092);
#3441=AXIS2_PLACEMENT_3D('',#5254,#4093,#4094);
#3442=AXIS2_PLACEMENT_3D('',#5259,#4096,#4097);
#3443=AXIS2_PLACEMENT_3D('',#5262,#4099,#4100);
#3444=AXIS2_PLACEMENT_3D('',#5271,#4105,#4106);
#3445=AXIS2_PLACEMENT_3D('',#5280,#4111,#4112);
#3446=AXIS2_PLACEMENT_3D('',#5289,#4117,#4118);
#3447=AXIS2_PLACEMENT_3D('',#5298,#4123,#4124);
#3448=AXIS2_PLACEMENT_3D('',#5299,#4125,#4126);
#3449=AXIS2_PLACEMENT_3D('',#5304,#4128,#4129);
#3450=AXIS2_PLACEMENT_3D('',#5307,#4131,#4132);
#3451=AXIS2_PLACEMENT_3D('',#5316,#4137,#4138);
#3452=AXIS2_PLACEMENT_3D('',#5325,#4143,#4144);
#3453=AXIS2_PLACEMENT_3D('',#5334,#4149,#4150);
#3454=AXIS2_PLACEMENT_3D('',#5335,#4151,#4152);
#3455=AXIS2_PLACEMENT_3D('',#5340,#4154,#4155);
#3456=AXIS2_PLACEMENT_3D('',#5343,#4157,#4158);
#3457=AXIS2_PLACEMENT_3D('',#5352,#4163,#4164);
#3458=AXIS2_PLACEMENT_3D('',#5361,#4169,#4170);
#3459=AXIS2_PLACEMENT_3D('',#5370,#4175,#4176);
#3460=AXIS2_PLACEMENT_3D('',#5371,#4177,#4178);
#3461=AXIS2_PLACEMENT_3D('',#5376,#4180,#4181);
#3462=AXIS2_PLACEMENT_3D('',#5379,#4183,#4184);
#3463=AXIS2_PLACEMENT_3D('',#5388,#4189,#4190);
#3464=AXIS2_PLACEMENT_3D('',#5397,#4195,#4196);
#3465=AXIS2_PLACEMENT_3D('',#5406,#4201,#4202);
#3466=AXIS2_PLACEMENT_3D('',#5407,#4203,#4204);
#3467=AXIS2_PLACEMENT_3D('',#5412,#4206,#4207);
#3468=AXIS2_PLACEMENT_3D('',#5415,#4209,#4210);
#3469=AXIS2_PLACEMENT_3D('',#5424,#4215,#4216);
#3470=AXIS2_PLACEMENT_3D('',#5433,#4221,#4222);
#3471=AXIS2_PLACEMENT_3D('',#5442,#4227,#4228);
#3472=AXIS2_PLACEMENT_3D('',#5443,#4229,#4230);
#3473=AXIS2_PLACEMENT_3D('',#5448,#4232,#4233);
#3474=AXIS2_PLACEMENT_3D('',#5451,#4235,#4236);
#3475=AXIS2_PLACEMENT_3D('',#5460,#4241,#4242);
#3476=AXIS2_PLACEMENT_3D('',#5469,#4247,#4248);
#3477=AXIS2_PLACEMENT_3D('',#5478,#4253,#4254);
#3478=AXIS2_PLACEMENT_3D('',#5487,#4259,#4260);
#3479=AXIS2_PLACEMENT_3D('',#5496,#4265,#4266);
#3480=AXIS2_PLACEMENT_3D('',#5505,#4271,#4272);
#3481=AXIS2_PLACEMENT_3D('',#5514,#4277,#4278);
#3482=AXIS2_PLACEMENT_3D('',#5515,#4279,#4280);
#3483=AXIS2_PLACEMENT_3D('',#5520,#4282,#4283);
#3484=AXIS2_PLACEMENT_3D('',#5523,#4285,#4286);
#3485=AXIS2_PLACEMENT_3D('',#5532,#4291,#4292);
#3486=AXIS2_PLACEMENT_3D('',#5533,#4293,#4294);
#3487=AXIS2_PLACEMENT_3D('',#5538,#4296,#4297);
#3488=AXIS2_PLACEMENT_3D('',#5541,#4299,#4300);
#3489=AXIS2_PLACEMENT_3D('',#5544,#4303,#4304);
#3490=AXIS2_PLACEMENT_3D('',#5545,#4305,#4306);
#3491=AXIS2_PLACEMENT_3D('',#5546,#4307,#4308);
#3492=AXIS2_PLACEMENT_3D('',#5547,#4309,#4310);
#3493=AXIS2_PLACEMENT_3D('',#5548,#4311,#4312);
#3494=AXIS2_PLACEMENT_3D('',#5549,#4313,#4314);
#3495=AXIS2_PLACEMENT_3D('',#5550,#4315,#4316);
#3496=AXIS2_PLACEMENT_3D('',#5551,#4317,#4318);
#3497=AXIS2_PLACEMENT_3D('',#5552,#4319,#4320);
#3498=AXIS2_PLACEMENT_3D('',#5553,#4321,#4322);
#3499=AXIS2_PLACEMENT_3D('',#5554,#4323,#4324);
#3500=AXIS2_PLACEMENT_3D('',#5555,#4325,#4326);
#3501=AXIS2_PLACEMENT_3D('',#5556,#4327,#4328);
#3502=AXIS2_PLACEMENT_3D('',#5557,#4329,#4330);
#3503=AXIS2_PLACEMENT_3D('',#5558,#4331,#4332);
#3504=AXIS2_PLACEMENT_3D('',#5559,#4333,#4334);
#3505=AXIS2_PLACEMENT_3D('',#5560,#4335,#4336);
#3506=AXIS2_PLACEMENT_3D('',#5561,#4337,#4338);
#3507=AXIS2_PLACEMENT_3D('',#5562,#4339,#4340);
#3508=AXIS2_PLACEMENT_3D('',#5563,#4341,#4342);
#3509=AXIS2_PLACEMENT_3D('',#5564,#4343,#4344);
#3510=AXIS2_PLACEMENT_3D('',#5565,#4345,#4346);
#3511=AXIS2_PLACEMENT_3D('',#5566,#4347,#4348);
#3512=AXIS2_PLACEMENT_3D('',#5567,#4349,#4350);
#3513=AXIS2_PLACEMENT_3D('',#5568,#4351,#4352);
#3514=AXIS2_PLACEMENT_3D('',#5569,#4353,#4354);
#3515=AXIS2_PLACEMENT_3D('',#5570,#4355,#4356);
#3516=AXIS2_PLACEMENT_3D('',#5571,#4357,#4358);
#3517=AXIS2_PLACEMENT_3D('',#5572,#4359,#4360);
#3518=AXIS2_PLACEMENT_3D('',#5573,#4361,#4362);
#3519=AXIS2_PLACEMENT_3D('',#5574,#4363,#4364);
#3520=AXIS2_PLACEMENT_3D('',#5575,#4365,#4366);
#3521=AXIS2_PLACEMENT_3D('',#5576,#4367,#4368);
#3522=AXIS2_PLACEMENT_3D('',#5577,#4369,#4370);
#3523=AXIS2_PLACEMENT_3D('',#5578,#4371,#4372);
#3524=AXIS2_PLACEMENT_3D('',#5579,#4373,#4374);
#3525=AXIS2_PLACEMENT_3D('',#5580,#4375,#4376);
#3526=AXIS2_PLACEMENT_3D('',#5581,#4377,#4378);
#3527=AXIS2_PLACEMENT_3D('',#5582,#4379,#4380);
#3528=AXIS2_PLACEMENT_3D('',#5583,#4381,#4382);
#3529=AXIS2_PLACEMENT_3D('',#5584,#4383,#4384);
#3530=AXIS2_PLACEMENT_3D('',#5585,#4385,#4386);
#3531=AXIS2_PLACEMENT_3D('',#5586,#4387,#4388);
#3532=AXIS2_PLACEMENT_3D('',#5587,#4389,#4390);
#3533=AXIS2_PLACEMENT_3D('',#5588,#4391,#4392);
#3534=AXIS2_PLACEMENT_3D('',#5589,#4393,#4394);
#3535=AXIS2_PLACEMENT_3D('',#5590,#4395,#4396);
#3536=AXIS2_PLACEMENT_3D('',#5591,#4397,#4398);
#3537=AXIS2_PLACEMENT_3D('',#5592,#4399,#4400);
#3538=AXIS2_PLACEMENT_3D('',#5593,#4401,#4402);
#3539=AXIS2_PLACEMENT_3D('',#5594,#4403,#4404);
#3540=AXIS2_PLACEMENT_3D('',#5595,#4405,#4406);
#3541=AXIS2_PLACEMENT_3D('',#5596,#4407,#4408);
#3542=AXIS2_PLACEMENT_3D('',#5597,#4409,#4410);
#3543=AXIS2_PLACEMENT_3D('',#5598,#4411,#4412);
#3544=AXIS2_PLACEMENT_3D('',#5599,#4413,#4414);
#3545=AXIS2_PLACEMENT_3D('',#5600,#4415,#4416);
#3546=AXIS2_PLACEMENT_3D('',#5601,#4417,#4418);
#3547=AXIS2_PLACEMENT_3D('',#5602,#4419,#4420);
#3548=AXIS2_PLACEMENT_3D('',#5603,#4421,#4422);
#3549=AXIS2_PLACEMENT_3D('',#5604,#4423,#4424);
#3550=AXIS2_PLACEMENT_3D('',#5605,#4425,#4426);
#3551=AXIS2_PLACEMENT_3D('',#5606,#4427,#4428);
#3552=AXIS2_PLACEMENT_3D('',#5607,#4429,#4430);
#3553=AXIS2_PLACEMENT_3D('',#5608,#4431,#4432);
#3554=AXIS2_PLACEMENT_3D('',#5609,#4433,#4434);
#3555=AXIS2_PLACEMENT_3D('',#5610,#4435,#4436);
#3556=AXIS2_PLACEMENT_3D('',#5611,#4437,#4438);
#3557=AXIS2_PLACEMENT_3D('',#5612,#4439,#4440);
#3558=AXIS2_PLACEMENT_3D('',#5613,#4441,#4442);
#3559=AXIS2_PLACEMENT_3D('',#5614,#4443,#4444);
#3560=AXIS2_PLACEMENT_3D('',#5615,#4445,#4446);
#3561=AXIS2_PLACEMENT_3D('',#5616,#4447,#4448);
#3562=AXIS2_PLACEMENT_3D('',#5617,#4449,#4450);
#3563=AXIS2_PLACEMENT_3D('',#5618,#4451,#4452);
#3564=AXIS2_PLACEMENT_3D('',#5619,#4453,#4454);
#3565=AXIS2_PLACEMENT_3D('',#5620,#4455,#4456);
#3566=AXIS2_PLACEMENT_3D('',#5621,#4457,#4458);
#3567=AXIS2_PLACEMENT_3D('',#5622,#4459,#4460);
#3568=AXIS2_PLACEMENT_3D('',#5623,#4461,#4462);
#3569=AXIS2_PLACEMENT_3D('',#5624,#4463,#4464);
#3570=AXIS2_PLACEMENT_3D('',#5625,#4465,#4466);
#3571=AXIS2_PLACEMENT_3D('',#5626,#4467,#4468);
#3572=AXIS2_PLACEMENT_3D('',#5627,#4469,#4470);
#3573=AXIS2_PLACEMENT_3D('',#5628,#4471,#4472);
#3574=AXIS2_PLACEMENT_3D('',#5629,#4473,#4474);
#3575=AXIS2_PLACEMENT_3D('',#5630,#4475,#4476);
#3576=AXIS2_PLACEMENT_3D('',#5631,#4477,#4478);
#3577=AXIS2_PLACEMENT_3D('',#5632,#4479,#4480);
#3578=AXIS2_PLACEMENT_3D('',#5633,#4481,#4482);
#3579=AXIS2_PLACEMENT_3D('',#5634,#4483,#4484);
#3580=AXIS2_PLACEMENT_3D('',#5635,#4485,#4486);
#3581=AXIS2_PLACEMENT_3D('',#5636,#4487,#4488);
#3582=AXIS2_PLACEMENT_3D('',#5637,#4489,#4490);
#3583=AXIS2_PLACEMENT_3D('',#5638,#4491,#4492);
#3584=AXIS2_PLACEMENT_3D('',#5639,#4493,#4494);
#3585=AXIS2_PLACEMENT_3D('',#5640,#4495,#4496);
#3586=AXIS2_PLACEMENT_3D('',#5641,#4497,#4498);
#3587=AXIS2_PLACEMENT_3D('',#5642,#4499,#4500);
#3588=AXIS2_PLACEMENT_3D('',#5643,#4501,#4502);
#3589=AXIS2_PLACEMENT_3D('',#5644,#4503,#4504);
#3590=AXIS2_PLACEMENT_3D('',#5645,#4505,#4506);
#3591=AXIS2_PLACEMENT_3D('',#5646,#4507,#4508);
#3592=AXIS2_PLACEMENT_3D('',#5647,#4509,#4510);
#3593=AXIS2_PLACEMENT_3D('',#5648,#4511,#4512);
#3594=AXIS2_PLACEMENT_3D('',#5649,#4513,#4514);
#3595=AXIS2_PLACEMENT_3D('',#5650,#4515,#4516);
#3596=AXIS2_PLACEMENT_3D('',#5651,#4517,#4518);
#3597=AXIS2_PLACEMENT_3D('',#5652,#4519,#4520);
#3598=AXIS2_PLACEMENT_3D('',#5653,#4521,#4522);
#3599=AXIS2_PLACEMENT_3D('',#5654,#4523,#4524);
#3600=AXIS2_PLACEMENT_3D('',#5655,#4525,#4526);
#3601=AXIS2_PLACEMENT_3D('',#5656,#4527,#4528);
#3602=AXIS2_PLACEMENT_3D('',#5657,#4529,#4530);
#3603=AXIS2_PLACEMENT_3D('',#5658,#4531,#4532);
#3604=AXIS2_PLACEMENT_3D('',#5659,#4533,#4534);
#3605=AXIS2_PLACEMENT_3D('',#5660,#4535,#4536);
#3606=AXIS2_PLACEMENT_3D('',#5661,#4537,#4538);
#3607=AXIS2_PLACEMENT_3D('',#5662,#4539,#4540);
#3608=AXIS2_PLACEMENT_3D('',#5663,#4541,#4542);
#3609=AXIS2_PLACEMENT_3D('',#5664,#4543,#4544);
#3610=AXIS2_PLACEMENT_3D('',#5665,#4545,#4546);
#3611=AXIS2_PLACEMENT_3D('',#5666,#4547,#4548);
#3612=AXIS2_PLACEMENT_3D('',#5667,#4549,#4550);
#3613=AXIS2_PLACEMENT_3D('',#5668,#4551,#4552);
#3614=AXIS2_PLACEMENT_3D('',#5669,#4553,#4554);
#3615=AXIS2_PLACEMENT_3D('',#5670,#4555,#4556);
#3616=AXIS2_PLACEMENT_3D('',#5671,#4557,#4558);
#3617=AXIS2_PLACEMENT_3D('',#5672,#4559,#4560);
#3618=AXIS2_PLACEMENT_3D('',#5673,#4561,#4562);
#3619=AXIS2_PLACEMENT_3D('',#5674,#4563,#4564);
#3620=AXIS2_PLACEMENT_3D('',#5675,#4565,#4566);
#3621=AXIS2_PLACEMENT_3D('',#5676,#4567,#4568);
#3622=AXIS2_PLACEMENT_3D('',#5677,#4569,#4570);
#3623=AXIS2_PLACEMENT_3D('',#5678,#4571,#4572);
#3624=AXIS2_PLACEMENT_3D('',#5679,#4573,#4574);
#3625=AXIS2_PLACEMENT_3D('',#5680,#4575,#4576);
#3626=AXIS2_PLACEMENT_3D('',#5681,#4577,#4578);
#3627=AXIS2_PLACEMENT_3D('',#5682,#4579,#4580);
#3628=AXIS2_PLACEMENT_3D('',#5683,#4581,#4582);
#3629=AXIS2_PLACEMENT_3D('',#5684,#4583,#4584);
#3630=AXIS2_PLACEMENT_3D('',#5685,#4585,#4586);
#3631=AXIS2_PLACEMENT_3D('',#5686,#4587,#4588);
#3632=AXIS2_PLACEMENT_3D('',#5687,#4589,#4590);
#3633=AXIS2_PLACEMENT_3D('',#5688,#4591,#4592);
#3634=AXIS2_PLACEMENT_3D('',#5689,#4593,#4594);
#3635=AXIS2_PLACEMENT_3D('',#5690,#4595,#4596);
#3636=AXIS2_PLACEMENT_3D('',#5691,#4597,#4598);
#3637=AXIS2_PLACEMENT_3D('',#5692,#4599,#4600);
#3638=AXIS2_PLACEMENT_3D('',#5693,#4601,#4602);
#3639=AXIS2_PLACEMENT_3D('',#5694,#4603,#4604);
#3640=AXIS2_PLACEMENT_3D('',#5695,#4605,#4606);
#3641=AXIS2_PLACEMENT_3D('',#5696,#4607,#4608);
#3642=AXIS2_PLACEMENT_3D('',#5697,#4609,#4610);
#3643=AXIS2_PLACEMENT_3D('',#5698,#4611,#4612);
#3644=AXIS2_PLACEMENT_3D('',#5699,#4613,#4614);
#3645=AXIS2_PLACEMENT_3D('',#5700,#4615,#4616);
#3646=AXIS2_PLACEMENT_3D('',#5701,#4617,#4618);
#3647=AXIS2_PLACEMENT_3D('',#5702,#4619,#4620);
#3648=AXIS2_PLACEMENT_3D('',#5703,#4621,#4622);
#3649=AXIS2_PLACEMENT_3D('',#5704,#4623,#4624);
#3650=AXIS2_PLACEMENT_3D('',#5705,#4625,#4626);
#3651=AXIS2_PLACEMENT_3D('',#5706,#4627,#4628);
#3652=AXIS2_PLACEMENT_3D('',#5707,#4629,#4630);
#3653=AXIS2_PLACEMENT_3D('',#5708,#4631,#4632);
#3654=AXIS2_PLACEMENT_3D('',#5709,#4633,#4634);
#3655=AXIS2_PLACEMENT_3D('',#5710,#4635,#4636);
#3656=AXIS2_PLACEMENT_3D('',#5711,#4637,#4638);
#3657=AXIS2_PLACEMENT_3D('',#5712,#4639,#4640);
#3658=AXIS2_PLACEMENT_3D('',#5713,#4641,#4642);
#3659=AXIS2_PLACEMENT_3D('',#5714,#4643,#4644);
#3660=AXIS2_PLACEMENT_3D('',#5715,#4645,#4646);
#3661=AXIS2_PLACEMENT_3D('',#5716,#4647,#4648);
#3662=AXIS2_PLACEMENT_3D('',#5717,#4649,#4650);
#3663=AXIS2_PLACEMENT_3D('',#5718,#4651,#4652);
#3664=AXIS2_PLACEMENT_3D('',#5719,#4653,#4654);
#3665=AXIS2_PLACEMENT_3D('',#5720,#4655,#4656);
#3666=AXIS2_PLACEMENT_3D('',#5721,#4657,#4658);
#3667=AXIS2_PLACEMENT_3D('',#5722,#4659,#4660);
#3668=AXIS2_PLACEMENT_3D('',#5723,#4661,#4662);
#3669=AXIS2_PLACEMENT_3D('',#5724,#4663,#4664);
#3670=AXIS2_PLACEMENT_3D('',#5725,#4665,#4666);
#3671=AXIS2_PLACEMENT_3D('',#5726,#4667,#4668);
#3672=AXIS2_PLACEMENT_3D('',#5727,#4669,#4670);
#3673=AXIS2_PLACEMENT_3D('',#5728,#4671,#4672);
#3674=AXIS2_PLACEMENT_3D('',#5729,#4673,#4674);
#3675=AXIS2_PLACEMENT_3D('',#5730,#4675,#4676);
#3676=AXIS2_PLACEMENT_3D('',#5731,#4677,#4678);
#3677=AXIS2_PLACEMENT_3D('',#5732,#4679,#4680);
#3678=AXIS2_PLACEMENT_3D('',#5733,#4681,#4682);
#3679=AXIS2_PLACEMENT_3D('',#5734,#4683,#4684);
#3680=AXIS2_PLACEMENT_3D('',#5735,#4685,#4686);
#3681=AXIS2_PLACEMENT_3D('',#5736,#4687,#4688);
#3682=AXIS2_PLACEMENT_3D('',#5737,#4689,#4690);
#3683=AXIS2_PLACEMENT_3D('',#5738,#4691,#4692);
#3684=AXIS2_PLACEMENT_3D('',#5739,#4693,#4694);
#3685=AXIS2_PLACEMENT_3D('',#5740,#4695,#4696);
#3686=AXIS2_PLACEMENT_3D('',#5741,#4697,#4698);
#3687=AXIS2_PLACEMENT_3D('',#5742,#4699,#4700);
#3688=AXIS2_PLACEMENT_3D('',#5743,#4701,#4702);
#3689=AXIS2_PLACEMENT_3D('',#5744,#4703,#4704);
#3690=AXIS2_PLACEMENT_3D('',#5745,#4705,#4706);
#3691=AXIS2_PLACEMENT_3D('',#5746,#4707,#4708);
#3692=AXIS2_PLACEMENT_3D('',#5747,#4709,#4710);
#3693=AXIS2_PLACEMENT_3D('',#5748,#4711,#4712);
#3694=AXIS2_PLACEMENT_3D('',#5749,#4713,#4714);
#3695=AXIS2_PLACEMENT_3D('',#5750,#4715,#4716);
#3696=AXIS2_PLACEMENT_3D('',#5751,#4717,#4718);
#3697=AXIS2_PLACEMENT_3D('',#5752,#4719,#4720);
#3698=AXIS2_PLACEMENT_3D('',#5753,#4721,#4722);
#3699=AXIS2_PLACEMENT_3D('',#5754,#4723,#4724);
#3700=AXIS2_PLACEMENT_3D('',#5755,#4725,#4726);
#3701=AXIS2_PLACEMENT_3D('',#5756,#4727,#4728);
#3702=AXIS2_PLACEMENT_3D('',#5757,#4729,#4730);
#3703=AXIS2_PLACEMENT_3D('',#5758,#4731,#4732);
#3704=AXIS2_PLACEMENT_3D('',#5759,#4733,#4734);
#3705=AXIS2_PLACEMENT_3D('',#5760,#4735,#4736);
#3706=AXIS2_PLACEMENT_3D('',#5761,#4737,#4738);
#3707=AXIS2_PLACEMENT_3D('',#5762,#4739,#4740);
#3708=AXIS2_PLACEMENT_3D('',#5763,#4741,#4742);
#3709=AXIS2_PLACEMENT_3D('',#5764,#4743,#4744);
#3710=AXIS2_PLACEMENT_3D('',#5765,#4745,#4746);
#3711=AXIS2_PLACEMENT_3D('',#5766,#4747,#4748);
#3712=AXIS2_PLACEMENT_3D('',#5767,#4749,#4750);
#3713=AXIS2_PLACEMENT_3D('',#5768,#4751,#4752);
#3714=AXIS2_PLACEMENT_3D('',#5769,#4753,#4754);
#3715=AXIS2_PLACEMENT_3D('',#5770,#4755,#4756);
#3716=AXIS2_PLACEMENT_3D('',#5771,#4757,#4758);
#3717=AXIS2_PLACEMENT_3D('',#5772,#4759,#4760);
#3718=AXIS2_PLACEMENT_3D('',#5773,#4761,#4762);
#3719=AXIS2_PLACEMENT_3D('',#5774,#4763,#4764);
#3720=AXIS2_PLACEMENT_3D('',#5775,#4765,#4766);
#3721=AXIS2_PLACEMENT_3D('',#5776,#4767,#4768);
#3722=AXIS2_PLACEMENT_3D('',#5777,#4769,#4770);
#3723=AXIS2_PLACEMENT_3D('',#5778,#4771,#4772);
#3724=AXIS2_PLACEMENT_3D('',#5779,#4773,#4774);
#3725=AXIS2_PLACEMENT_3D('',#5780,#4775,#4776);
#3726=AXIS2_PLACEMENT_3D('',#5781,#4777,#4778);
#3727=AXIS2_PLACEMENT_3D('',#5782,#4779,#4780);
#3728=AXIS2_PLACEMENT_3D('',#5783,#4781,#4782);
#3729=AXIS2_PLACEMENT_3D('',#5784,#4783,#4784);
#3730=AXIS2_PLACEMENT_3D('',#5785,#4785,#4786);
#3731=DIRECTION('',(0.,0.,1.));
#3732=DIRECTION('',(1.,0.,0.));
#3733=DIRECTION('',(-1.,0.,-7.49715006151498E-16));
#3734=DIRECTION('',(-7.49715006151498E-16,0.,1.));
#3735=DIRECTION('',(0.,1.,0.));
#3736=DIRECTION('',(-7.49715006151498E-16,0.,1.));
#3737=DIRECTION('',(0.,1.,0.));
#3738=DIRECTION('',(-7.49715006151498E-16,0.,1.));
#3739=DIRECTION('',(-0.5,0.,0.866025403784439));
#3740=DIRECTION('',(0.866025403784439,0.,0.5));
#3741=DIRECTION('',(0.866025403784439,0.,0.5));
#3742=DIRECTION('',(0.,1.,0.));
#3743=DIRECTION('',(0.866025403784439,0.,0.5));
#3744=DIRECTION('',(0.5,0.,0.866025403784438));
#3745=DIRECTION('',(0.866025403784438,0.,-0.5));
#3746=DIRECTION('',(0.866025403784438,0.,-0.5));
#3747=DIRECTION('',(0.,1.,0.));
#3748=DIRECTION('',(0.866025403784438,0.,-0.5));
#3749=DIRECTION('',(1.,0.,0.));
#3750=DIRECTION('',(0.,0.,-1.));
#3751=DIRECTION('',(0.,0.,-1.));
#3752=DIRECTION('',(0.,1.,0.));
#3753=DIRECTION('',(0.,0.,-1.));
#3754=DIRECTION('',(0.5,0.,-0.866025403784439));
#3755=DIRECTION('',(-0.866025403784439,0.,-0.5));
#3756=DIRECTION('',(-0.866025403784439,0.,-0.5));
#3757=DIRECTION('',(0.,1.,0.));
#3758=DIRECTION('',(-0.866025403784439,0.,-0.5));
#3759=DIRECTION('',(-0.587785252292473,0.,-0.809016994374947));
#3760=DIRECTION('',(-0.809016994374948,0.,0.587785252292473));
#3761=DIRECTION('',(-0.809016994374948,0.,0.587785252292473));
#3762=DIRECTION('',(0.,-1.,0.));
#3763=DIRECTION('',(-0.809016994374948,0.,0.587785252292473));
#3764=DIRECTION('',(0.,1.,0.));
#3765=DIRECTION('',(0.,1.,0.));
#3766=DIRECTION('',(0.,0.,1.));
#3767=DIRECTION('',(0.,-1.,0.));
#3768=DIRECTION('',(0.,0.,-1.));
#3769=DIRECTION('',(0.,1.,0.));
#3770=DIRECTION('',(0.,-1.,0.));
#3771=DIRECTION('',(0.,0.,-1.));
#3772=DIRECTION('',(0.,1.,0.));
#3773=DIRECTION('',(0.951056516295154,0.,-0.309016994374948));
#3774=DIRECTION('',(-0.309016994374948,0.,-0.951056516295154));
#3775=DIRECTION('',(-0.309016994374948,0.,-0.951056516295154));
#3776=DIRECTION('',(0.,1.,0.));
#3777=DIRECTION('',(-0.309016994374948,0.,-0.951056516295154));
#3778=DIRECTION('',(0.,-1.,0.));
#3779=DIRECTION('',(0.,1.,0.));
#3780=DIRECTION('',(0.,0.,1.));
#3781=DIRECTION('',(0.,-1.,0.));
#3782=DIRECTION('',(0.,0.,-1.));
#3783=DIRECTION('',(0.,1.,0.));
#3784=DIRECTION('',(0.,-1.,0.));
#3785=DIRECTION('',(0.,0.,-1.));
#3786=DIRECTION('',(0.,1.,0.));
#3787=DIRECTION('',(-0.587785252292473,0.,-0.809016994374947));
#3788=DIRECTION('',(-0.809016994374948,0.,0.587785252292473));
#3789=DIRECTION('',(-0.809016994374948,0.,0.587785252292473));
#3790=DIRECTION('',(0.,-1.,0.));
#3791=DIRECTION('',(-0.809016994374948,0.,0.587785252292473));
#3792=DIRECTION('',(0.,1.,0.));
#3793=DIRECTION('',(0.,1.,0.));
#3794=DIRECTION('',(0.,0.,1.));
#3795=DIRECTION('',(0.,-1.,0.));
#3796=DIRECTION('',(0.,0.,-1.));
#3797=DIRECTION('',(0.,1.,0.));
#3798=DIRECTION('',(0.,-1.,0.));
#3799=DIRECTION('',(0.,0.,-1.));
#3800=DIRECTION('',(0.,1.,0.));
#3801=DIRECTION('',(0.,1.,0.));
#3802=DIRECTION('',(0.,0.,1.));
#3803=DIRECTION('',(0.,-1.,0.));
#3804=DIRECTION('',(0.,0.,-1.));
#3805=DIRECTION('',(0.,1.,0.));
#3806=DIRECTION('',(0.,-1.,0.));
#3807=DIRECTION('',(0.,0.,-1.));
#3808=DIRECTION('',(0.,1.,0.));
#3809=DIRECTION('',(-0.587785252292473,0.,0.809016994374947));
#3810=DIRECTION('',(0.809016994374947,0.,0.587785252292473));
#3811=DIRECTION('',(0.809016994374948,0.,0.587785252292473));
#3812=DIRECTION('',(0.,1.,0.));
#3813=DIRECTION('',(0.809016994374948,0.,0.587785252292473));
#3814=DIRECTION('',(0.,-1.,0.));
#3815=DIRECTION('',(0.,1.,0.));
#3816=DIRECTION('',(0.,0.,1.));
#3817=DIRECTION('',(0.,-1.,0.));
#3818=DIRECTION('',(0.,0.,-1.));
#3819=DIRECTION('',(0.,1.,0.));
#3820=DIRECTION('',(0.,-1.,0.));
#3821=DIRECTION('',(0.,0.,-1.));
#3822=DIRECTION('',(0.,1.,0.));
#3823=DIRECTION('',(0.,1.,0.));
#3824=DIRECTION('',(0.,0.,1.));
#3825=DIRECTION('',(0.,-1.,0.));
#3826=DIRECTION('',(0.,0.,-1.));
#3827=DIRECTION('',(0.,1.,0.));
#3828=DIRECTION('',(0.,-1.,0.));
#3829=DIRECTION('',(0.,0.,-1.));
#3830=DIRECTION('',(0.,1.,0.));
#3831=DIRECTION('',(-0.951056516295154,0.,-0.309016994374948));
#3832=DIRECTION('',(-0.309016994374948,0.,0.951056516295154));
#3833=DIRECTION('',(-0.309016994374948,0.,0.951056516295154));
#3834=DIRECTION('',(0.,1.,0.));
#3835=DIRECTION('',(-0.309016994374948,0.,0.951056516295154));
#3836=DIRECTION('',(0.,-1.,0.));
#3837=DIRECTION('',(0.,1.,0.));
#3838=DIRECTION('',(0.,0.,1.));
#3839=DIRECTION('',(0.,-1.,0.));
#3840=DIRECTION('',(0.,0.,-1.));
#3841=DIRECTION('',(0.,1.,0.));
#3842=DIRECTION('',(0.,-1.,0.));
#3843=DIRECTION('',(0.,0.,-1.));
#3844=DIRECTION('',(0.,1.,0.));
#3845=DIRECTION('',(0.,1.,0.));
#3846=DIRECTION('',(0.,0.,1.));
#3847=DIRECTION('',(0.,-1.,0.));
#3848=DIRECTION('',(0.,0.,-1.));
#3849=DIRECTION('',(0.,1.,0.));
#3850=DIRECTION('',(0.,-1.,0.));
#3851=DIRECTION('',(0.,0.,-1.));
#3852=DIRECTION('',(0.,1.,0.));
#3853=DIRECTION('',(0.,0.,-1.));
#3854=DIRECTION('',(-1.,0.,0.));
#3855=DIRECTION('',(-1.,0.,0.));
#3856=DIRECTION('',(0.,1.,0.));
#3857=DIRECTION('',(-1.,0.,0.));
#3858=DIRECTION('',(0.,-1.,0.));
#3859=DIRECTION('',(0.,1.,0.));
#3860=DIRECTION('',(0.,0.,1.));
#3861=DIRECTION('',(0.,-1.,0.));
#3862=DIRECTION('',(0.,0.,-1.));
#3863=DIRECTION('',(0.,1.,0.));
#3864=DIRECTION('',(0.,-1.,0.));
#3865=DIRECTION('',(0.,0.,-1.));
#3866=DIRECTION('',(0.,1.,0.));
#3867=DIRECTION('',(0.,1.,0.));
#3868=DIRECTION('',(0.,0.,1.));
#3869=DIRECTION('',(0.,-1.,0.));
#3870=DIRECTION('',(0.,0.,-1.));
#3871=DIRECTION('',(0.,1.,0.));
#3872=DIRECTION('',(0.,-1.,0.));
#3873=DIRECTION('',(0.,0.,-1.));
#3874=DIRECTION('',(0.,1.,0.));
#3875=DIRECTION('',(0.587785252292473,0.,0.809016994374947));
#3876=DIRECTION('',(0.809016994374947,0.,-0.587785252292473));
#3877=DIRECTION('',(0.809016994374947,0.,-0.587785252292473));
#3878=DIRECTION('',(0.,-1.,0.));
#3879=DIRECTION('',(0.809016994374947,0.,-0.587785252292473));
#3880=DIRECTION('',(0.,1.,0.));
#3881=DIRECTION('',(0.,1.,0.));
#3882=DIRECTION('',(0.,0.,1.));
#3883=DIRECTION('',(0.,-1.,0.));
#3884=DIRECTION('',(0.,0.,-1.));
#3885=DIRECTION('',(0.,1.,0.));
#3886=DIRECTION('',(0.,-1.,0.));
#3887=DIRECTION('',(0.,0.,-1.));
#3888=DIRECTION('',(0.,1.,0.));
#3889=DIRECTION('',(0.587785252292473,0.,-0.809016994374947));
#3890=DIRECTION('',(-0.809016994374947,0.,-0.587785252292473));
#3891=DIRECTION('',(-0.809016994374947,0.,-0.587785252292473));
#3892=DIRECTION('',(0.,-1.,0.));
#3893=DIRECTION('',(-0.809016994374947,0.,-0.587785252292473));
#3894=DIRECTION('',(0.,1.,0.));
#3895=DIRECTION('',(0.,1.,0.));
#3896=DIRECTION('',(0.,0.,1.));
#3897=DIRECTION('',(0.,-1.,0.));
#3898=DIRECTION('',(0.,0.,-1.));
#3899=DIRECTION('',(0.,1.,0.));
#3900=DIRECTION('',(0.,-1.,0.));
#3901=DIRECTION('',(0.,0.,-1.));
#3902=DIRECTION('',(0.,1.,0.));
#3903=DIRECTION('',(-0.856818808606674,0.,0.515617619188717));
#3904=DIRECTION('',(0.515617619188717,0.,0.856818808606674));
#3905=DIRECTION('',(0.515617619188717,0.,0.856818808606674));
#3906=DIRECTION('',(0.,1.,0.));
#3907=DIRECTION('',(0.515617619188717,0.,0.856818808606674));
#3908=DIRECTION('',(0.,-1.,0.));
#3909=DIRECTION('',(1.,0.,0.));
#3910=DIRECTION('',(0.,0.,-1.));
#3911=DIRECTION('',(0.,0.,-1.));
#3912=DIRECTION('',(0.,1.,0.));
#3913=DIRECTION('',(0.,0.,-1.));
#3914=DIRECTION('',(0.,1.,0.));
#3915=DIRECTION('',(0.,1.,0.));
#3916=DIRECTION('',(0.,0.,1.));
#3917=DIRECTION('',(0.,-1.,0.));
#3918=DIRECTION('',(0.,0.,-1.));
#3919=DIRECTION('',(0.,1.,0.));
#3920=DIRECTION('',(0.,-1.,0.));
#3921=DIRECTION('',(0.,0.,-1.));
#3922=DIRECTION('',(0.,1.,0.));
#3923=DIRECTION('',(-0.951056516295154,0.,0.309016994374948));
#3924=DIRECTION('',(0.309016994374948,0.,0.951056516295154));
#3925=DIRECTION('',(0.309016994374948,0.,0.951056516295154));
#3926=DIRECTION('',(0.,1.,0.));
#3927=DIRECTION('',(0.309016994374948,0.,0.951056516295154));
#3928=DIRECTION('',(0.,-1.,0.));
#3929=DIRECTION('',(0.,1.,0.));
#3930=DIRECTION('',(0.,0.,1.));
#3931=DIRECTION('',(0.,-1.,0.));
#3932=DIRECTION('',(0.,0.,-1.));
#3933=DIRECTION('',(0.,1.,0.));
#3934=DIRECTION('',(0.,-1.,0.));
#3935=DIRECTION('',(0.,0.,-1.));
#3936=DIRECTION('',(0.,1.,0.));
#3937=DIRECTION('',(0.587785252292473,0.,0.809016994374947));
#3938=DIRECTION('',(0.809016994374947,0.,-0.587785252292473));
#3939=DIRECTION('',(0.809016994374947,0.,-0.587785252292473));
#3940=DIRECTION('',(0.,1.,0.));
#3941=DIRECTION('',(0.809016994374947,0.,-0.587785252292473));
#3942=DIRECTION('',(0.,-1.,0.));
#3943=DIRECTION('',(0.,1.,0.));
#3944=DIRECTION('',(0.,0.,1.));
#3945=DIRECTION('',(0.,-1.,0.));
#3946=DIRECTION('',(0.,0.,-1.));
#3947=DIRECTION('',(0.,1.,0.));
#3948=DIRECTION('',(0.,-1.,0.));
#3949=DIRECTION('',(0.,0.,-1.));
#3950=DIRECTION('',(0.,1.,0.));
#3951=DIRECTION('',(0.225609923686464,0.,0.97421771813809));
#3952=DIRECTION('',(0.974217718138091,0.,-0.225609923686464));
#3953=DIRECTION('',(0.974217718138091,0.,-0.225609923686464));
#3954=DIRECTION('',(0.,-1.,0.));
#3955=DIRECTION('',(0.974217718138091,0.,-0.225609923686464));
#3956=DIRECTION('',(0.,1.,0.));
#3957=DIRECTION('',(0.309016994374948,0.,-0.951056516295154));
#3958=DIRECTION('',(-0.951056516295154,0.,-0.309016994374948));
#3959=DIRECTION('',(-0.951056516295154,0.,-0.309016994374948));
#3960=DIRECTION('',(0.,1.,0.));
#3961=DIRECTION('',(-0.951056516295154,0.,-0.309016994374948));
#3962=DIRECTION('',(0.,1.,0.));
#3963=DIRECTION('',(0.,1.,0.));
#3964=DIRECTION('',(0.,0.,1.));
#3965=DIRECTION('',(0.,-1.,0.));
#3966=DIRECTION('',(0.,0.,-1.));
#3967=DIRECTION('',(0.,1.,0.));
#3968=DIRECTION('',(0.,-1.,0.));
#3969=DIRECTION('',(0.,0.,-1.));
#3970=DIRECTION('',(0.,1.,0.));
#3971=DIRECTION('',(0.,0.,1.));
#3972=DIRECTION('',(1.,0.,0.));
#3973=DIRECTION('',(1.,0.,0.));
#3974=DIRECTION('',(0.,-1.,0.));
#3975=DIRECTION('',(1.,0.,0.));
#3976=DIRECTION('',(0.,1.,0.));
#3977=DIRECTION('',(0.,1.,0.));
#3978=DIRECTION('',(0.,0.,1.));
#3979=DIRECTION('',(0.,-1.,0.));
#3980=DIRECTION('',(0.,0.,-1.));
#3981=DIRECTION('',(0.,1.,0.));
#3982=DIRECTION('',(0.,-1.,0.));
#3983=DIRECTION('',(0.,0.,-1.));
#3984=DIRECTION('',(0.,1.,0.));
#3985=DIRECTION('',(-0.951056516295154,0.,0.309016994374948));
#3986=DIRECTION('',(0.309016994374948,0.,0.951056516295154));
#3987=DIRECTION('',(0.309016994374948,0.,0.951056516295154));
#3988=DIRECTION('',(0.,-1.,0.));
#3989=DIRECTION('',(0.309016994374948,0.,0.951056516295154));
#3990=DIRECTION('',(0.,1.,0.));
#3991=DIRECTION('',(0.,1.,0.));
#3992=DIRECTION('',(0.,0.,1.));
#3993=DIRECTION('',(0.,-1.,0.));
#3994=DIRECTION('',(0.,0.,-1.));
#3995=DIRECTION('',(0.,1.,0.));
#3996=DIRECTION('',(0.,-1.,0.));
#3997=DIRECTION('',(0.,0.,-1.));
#3998=DIRECTION('',(0.,1.,0.));
#3999=DIRECTION('',(0.996253409644179,0.,0.0864820430629886));
#4000=DIRECTION('',(0.0864820430629886,0.,-0.996253409644179));
#4001=DIRECTION('',(0.0864820430629886,0.,-0.996253409644179));
#4002=DIRECTION('',(0.,-1.,0.));
#4003=DIRECTION('',(0.0864820430629886,0.,-0.996253409644179));
#4004=DIRECTION('',(0.,1.,0.));
#4005=DIRECTION('',(-0.809016994374948,0.,-0.587785252292473));
#4006=DIRECTION('',(-0.587785252292473,0.,0.809016994374948));
#4007=DIRECTION('',(-0.587785252292473,0.,0.809016994374948));
#4008=DIRECTION('',(0.,1.,0.));
#4009=DIRECTION('',(-0.587785252292473,0.,0.809016994374948));
#4010=DIRECTION('',(0.,1.,0.));
#4011=DIRECTION('',(0.951056516295154,0.,0.309016994374948));
#4012=DIRECTION('',(0.309016994374948,0.,-0.951056516295154));
#4013=DIRECTION('',(0.309016994374948,0.,-0.951056516295154));
#4014=DIRECTION('',(0.,1.,0.));
#4015=DIRECTION('',(0.309016994374948,0.,-0.951056516295154));
#4016=DIRECTION('',(0.,-1.,0.));
#4017=DIRECTION('',(0.,1.,0.));
#4018=DIRECTION('',(0.,0.,1.));
#4019=DIRECTION('',(0.,-1.,0.));
#4020=DIRECTION('',(0.,0.,-1.));
#4021=DIRECTION('',(0.,1.,0.));
#4022=DIRECTION('',(0.,-1.,0.));
#4023=DIRECTION('',(0.,0.,-1.));
#4024=DIRECTION('',(0.,1.,0.));
#4025=DIRECTION('',(-0.755153069605579,0.,-0.655548504281164));
#4026=DIRECTION('',(-0.655548504281164,0.,0.755153069605579));
#4027=DIRECTION('',(-0.655548504281164,0.,0.755153069605579));
#4028=DIRECTION('',(0.,1.,0.));
#4029=DIRECTION('',(-0.655548504281164,0.,0.755153069605579));
#4030=DIRECTION('',(0.,-1.,0.));
#4031=DIRECTION('',(0.309016994374948,0.,0.951056516295154));
#4032=DIRECTION('',(0.951056516295154,0.,-0.309016994374948));
#4033=DIRECTION('',(0.951056516295154,0.,-0.309016994374948));
#4034=DIRECTION('',(0.,1.,0.));
#4035=DIRECTION('',(0.951056516295154,0.,-0.309016994374948));
#4036=DIRECTION('',(0.,1.,0.));
#4037=DIRECTION('',(-0.225609923686464,0.,0.97421771813809));
#4038=DIRECTION('',(0.97421771813809,0.,0.225609923686464));
#4039=DIRECTION('',(0.97421771813809,0.,0.225609923686464));
#4040=DIRECTION('',(0.,1.,0.));
#4041=DIRECTION('',(0.97421771813809,0.,0.225609923686464));
#4042=DIRECTION('',(0.,1.,0.));
#4043=DIRECTION('',(0.,1.,0.));
#4044=DIRECTION('',(0.,0.,1.));
#4045=DIRECTION('',(0.,-1.,0.));
#4046=DIRECTION('',(0.,0.,-1.));
#4047=DIRECTION('',(0.,1.,0.));
#4048=DIRECTION('',(0.,-1.,0.));
#4049=DIRECTION('',(0.,0.,-1.));
#4050=DIRECTION('',(0.,1.,0.));
#4051=DIRECTION('',(0.587785252292473,0.,-0.809016994374948));
#4052=DIRECTION('',(-0.809016994374948,0.,-0.587785252292473));
#4053=DIRECTION('',(-0.809016994374948,0.,-0.587785252292473));
#4054=DIRECTION('',(0.,-1.,0.));
#4055=DIRECTION('',(-0.809016994374948,0.,-0.587785252292473));
#4056=DIRECTION('',(0.,1.,0.));
#4057=DIRECTION('',(-0.996253409644179,0.,0.0864820430629883));
#4058=DIRECTION('',(0.0864820430629883,0.,0.996253409644179));
#4059=DIRECTION('',(0.0864820430629883,0.,0.996253409644179));
#4060=DIRECTION('',(0.,1.,0.));
#4061=DIRECTION('',(0.0864820430629883,0.,0.996253409644179));
#4062=DIRECTION('',(0.,1.,0.));
#4063=DIRECTION('',(0.,1.,0.));
#4064=DIRECTION('',(0.,0.,1.));
#4065=DIRECTION('',(0.,-1.,0.));
#4066=DIRECTION('',(0.,0.,-1.));
#4067=DIRECTION('',(0.,1.,0.));
#4068=DIRECTION('',(0.,-1.,0.));
#4069=DIRECTION('',(0.,0.,-1.));
#4070=DIRECTION('',(0.,1.,0.));
#4071=DIRECTION('',(0.951056516295154,0.,0.309016994374948));
#4072=DIRECTION('',(0.309016994374948,0.,-0.951056516295154));
#4073=DIRECTION('',(0.309016994374948,0.,-0.951056516295154));
#4074=DIRECTION('',(0.,-1.,0.));
#4075=DIRECTION('',(0.309016994374948,0.,-0.951056516295154));
#4076=DIRECTION('',(0.,1.,0.));
#4077=DIRECTION('',(0.,1.,0.));
#4078=DIRECTION('',(0.,0.,1.));
#4079=DIRECTION('',(0.,-1.,0.));
#4080=DIRECTION('',(0.,0.,-1.));
#4081=DIRECTION('',(0.,1.,0.));
#4082=DIRECTION('',(0.,-1.,0.));
#4083=DIRECTION('',(0.,0.,-1.));
#4084=DIRECTION('',(0.,1.,0.));
#4085=DIRECTION('',(0.,0.,1.));
#4086=DIRECTION('',(1.,0.,0.));
#4087=DIRECTION('',(1.,0.,0.));
#4088=DIRECTION('',(0.,1.,0.));
#4089=DIRECTION('',(1.,0.,0.));
#4090=DIRECTION('',(0.,-1.,0.));
#4091=DIRECTION('',(0.,1.,0.));
#4092=DIRECTION('',(0.,0.,1.));
#4093=DIRECTION('',(0.,-1.,0.));
#4094=DIRECTION('',(0.,0.,-1.));
#4095=DIRECTION('',(0.,1.,0.));
#4096=DIRECTION('',(0.,-1.,0.));
#4097=DIRECTION('',(0.,0.,-1.));
#4098=DIRECTION('',(0.,1.,0.));
#4099=DIRECTION('',(0.390108544881611,0.,-0.920768876108631));
#4100=DIRECTION('',(-0.920768876108631,0.,-0.390108544881611));
#4101=DIRECTION('',(-0.920768876108631,0.,-0.390108544881611));
#4102=DIRECTION('',(0.,-1.,0.));
#4103=DIRECTION('',(-0.920768876108631,0.,-0.390108544881611));
#4104=DIRECTION('',(0.,1.,0.));
#4105=DIRECTION('',(-0.996253409644179,0.,0.0864820430629883));
#4106=DIRECTION('',(0.0864820430629883,0.,0.996253409644179));
#4107=DIRECTION('',(0.0864820430629883,0.,0.996253409644179));
#4108=DIRECTION('',(0.,-1.,0.));
#4109=DIRECTION('',(0.0864820430629883,0.,0.996253409644179));
#4110=DIRECTION('',(0.,1.,0.));
#4111=DIRECTION('',(-0.809016994374948,0.,0.587785252292473));
#4112=DIRECTION('',(0.587785252292473,0.,0.809016994374948));
#4113=DIRECTION('',(0.587785252292473,0.,0.809016994374948));
#4114=DIRECTION('',(0.,1.,0.));
#4115=DIRECTION('',(0.587785252292473,0.,0.809016994374948));
#4116=DIRECTION('',(0.,1.,0.));
#4117=DIRECTION('',(0.390108544881611,0.,-0.920768876108632));
#4118=DIRECTION('',(-0.920768876108632,0.,-0.390108544881611));
#4119=DIRECTION('',(-0.920768876108632,0.,-0.390108544881611));
#4120=DIRECTION('',(0.,1.,0.));
#4121=DIRECTION('',(-0.920768876108632,0.,-0.390108544881611));
#4122=DIRECTION('',(0.,1.,0.));
#4123=DIRECTION('',(0.,1.,0.));
#4124=DIRECTION('',(0.,0.,1.));
#4125=DIRECTION('',(0.,-1.,0.));
#4126=DIRECTION('',(0.,0.,-1.));
#4127=DIRECTION('',(0.,1.,0.));
#4128=DIRECTION('',(0.,-1.,0.));
#4129=DIRECTION('',(0.,0.,-1.));
#4130=DIRECTION('',(0.,1.,0.));
#4131=DIRECTION('',(-0.390108544881611,0.,-0.920768876108632));
#4132=DIRECTION('',(-0.920768876108632,0.,0.390108544881611));
#4133=DIRECTION('',(-0.920768876108632,0.,0.390108544881611));
#4134=DIRECTION('',(0.,1.,0.));
#4135=DIRECTION('',(-0.920768876108632,0.,0.390108544881611));
#4136=DIRECTION('',(0.,-1.,0.));
#4137=DIRECTION('',(-0.809016994374947,0.,-0.587785252292473));
#4138=DIRECTION('',(-0.587785252292473,0.,0.809016994374947));
#4139=DIRECTION('',(-0.587785252292473,0.,0.809016994374948));
#4140=DIRECTION('',(0.,1.,0.));
#4141=DIRECTION('',(-0.587785252292473,0.,0.809016994374948));
#4142=DIRECTION('',(0.,1.,0.));
#4143=DIRECTION('',(0.996253409644179,0.,0.0864820430629882));
#4144=DIRECTION('',(0.0864820430629882,0.,-0.996253409644179));
#4145=DIRECTION('',(0.0864820430629882,0.,-0.996253409644179));
#4146=DIRECTION('',(0.,1.,0.));
#4147=DIRECTION('',(0.0864820430629882,0.,-0.996253409644179));
#4148=DIRECTION('',(0.,1.,0.));
#4149=DIRECTION('',(0.,1.,0.));
#4150=DIRECTION('',(0.,0.,1.));
#4151=DIRECTION('',(0.,-1.,0.));
#4152=DIRECTION('',(0.,0.,-1.));
#4153=DIRECTION('',(0.,1.,0.));
#4154=DIRECTION('',(0.,-1.,0.));
#4155=DIRECTION('',(0.,0.,-1.));
#4156=DIRECTION('',(0.,1.,0.));
#4157=DIRECTION('',(0.755153069605579,0.,-0.655548504281164));
#4158=DIRECTION('',(-0.655548504281164,0.,-0.755153069605579));
#4159=DIRECTION('',(-0.655548504281164,0.,-0.755153069605579));
#4160=DIRECTION('',(0.,1.,0.));
#4161=DIRECTION('',(-0.655548504281164,0.,-0.755153069605579));
#4162=DIRECTION('',(0.,-1.,0.));
#4163=DIRECTION('',(0.309016994374948,0.,-0.951056516295153));
#4164=DIRECTION('',(-0.951056516295153,0.,-0.309016994374948));
#4165=DIRECTION('',(-0.951056516295153,0.,-0.309016994374948));
#4166=DIRECTION('',(0.,1.,0.));
#4167=DIRECTION('',(-0.951056516295153,0.,-0.309016994374948));
#4168=DIRECTION('',(0.,1.,0.));
#4169=DIRECTION('',(0.225609923686464,0.,0.97421771813809));
#4170=DIRECTION('',(0.97421771813809,0.,-0.225609923686464));
#4171=DIRECTION('',(0.97421771813809,0.,-0.225609923686464));
#4172=DIRECTION('',(0.,1.,0.));
#4173=DIRECTION('',(0.97421771813809,0.,-0.225609923686464));
#4174=DIRECTION('',(0.,1.,0.));
#4175=DIRECTION('',(0.,1.,0.));
#4176=DIRECTION('',(0.,0.,1.));
#4177=DIRECTION('',(0.,-1.,0.));
#4178=DIRECTION('',(0.,0.,-1.));
#4179=DIRECTION('',(0.,1.,0.));
#4180=DIRECTION('',(0.,-1.,0.));
#4181=DIRECTION('',(0.,0.,-1.));
#4182=DIRECTION('',(0.,1.,0.));
#4183=DIRECTION('',(0.856818808606674,0.,0.515617619188717));
#4184=DIRECTION('',(0.515617619188717,0.,-0.856818808606674));
#4185=DIRECTION('',(0.515617619188717,0.,-0.856818808606674));
#4186=DIRECTION('',(0.,1.,0.));
#4187=DIRECTION('',(0.515617619188717,0.,-0.856818808606674));
#4188=DIRECTION('',(0.,-1.,0.));
#4189=DIRECTION('',(1.,0.,0.));
#4190=DIRECTION('',(0.,0.,-1.));
#4191=DIRECTION('',(0.,0.,-1.));
#4192=DIRECTION('',(0.,1.,0.));
#4193=DIRECTION('',(0.,0.,-1.));
#4194=DIRECTION('',(0.,1.,0.));
#4195=DIRECTION('',(-0.856818808606674,0.,0.515617619188717));
#4196=DIRECTION('',(0.515617619188717,0.,0.856818808606674));
#4197=DIRECTION('',(0.515617619188717,0.,0.856818808606674));
#4198=DIRECTION('',(0.,1.,0.));
#4199=DIRECTION('',(0.515617619188717,0.,0.856818808606674));
#4200=DIRECTION('',(0.,1.,0.));
#4201=DIRECTION('',(0.,1.,0.));
#4202=DIRECTION('',(0.,0.,1.));
#4203=DIRECTION('',(0.,-1.,0.));
#4204=DIRECTION('',(0.,0.,-1.));
#4205=DIRECTION('',(0.,1.,0.));
#4206=DIRECTION('',(0.,-1.,0.));
#4207=DIRECTION('',(0.,0.,-1.));
#4208=DIRECTION('',(0.,1.,0.));
#4209=DIRECTION('',(-0.225609923686464,0.,0.97421771813809));
#4210=DIRECTION('',(0.974217718138091,0.,0.225609923686464));
#4211=DIRECTION('',(0.974217718138091,0.,0.225609923686464));
#4212=DIRECTION('',(0.,1.,0.));
#4213=DIRECTION('',(0.974217718138091,0.,0.225609923686464));
#4214=DIRECTION('',(0.,-1.,0.));
#4215=DIRECTION('',(0.309016994374948,0.,0.951056516295154));
#4216=DIRECTION('',(0.951056516295154,0.,-0.309016994374948));
#4217=DIRECTION('',(0.951056516295154,0.,-0.309016994374948));
#4218=DIRECTION('',(0.,1.,0.));
#4219=DIRECTION('',(0.951056516295154,0.,-0.309016994374948));
#4220=DIRECTION('',(0.,1.,0.));
#4221=DIRECTION('',(-0.75515306960558,0.,-0.655548504281164));
#4222=DIRECTION('',(-0.655548504281164,0.,0.75515306960558));
#4223=DIRECTION('',(-0.655548504281164,0.,0.75515306960558));
#4224=DIRECTION('',(0.,1.,0.));
#4225=DIRECTION('',(-0.655548504281164,0.,0.75515306960558));
#4226=DIRECTION('',(0.,1.,0.));
#4227=DIRECTION('',(0.,1.,0.));
#4228=DIRECTION('',(0.,0.,1.));
#4229=DIRECTION('',(0.,-1.,0.));
#4230=DIRECTION('',(0.,0.,-1.));
#4231=DIRECTION('',(0.,1.,0.));
#4232=DIRECTION('',(0.,-1.,0.));
#4233=DIRECTION('',(0.,0.,-1.));
#4234=DIRECTION('',(0.,1.,0.));
#4235=DIRECTION('',(-0.587785252292473,0.,0.809016994374947));
#4236=DIRECTION('',(0.809016994374947,0.,0.587785252292473));
#4237=DIRECTION('',(0.809016994374948,0.,0.587785252292473));
#4238=DIRECTION('',(0.,-1.,0.));
#4239=DIRECTION('',(0.809016994374948,0.,0.587785252292473));
#4240=DIRECTION('',(0.,1.,0.));
#4241=DIRECTION('',(-0.951056516295154,0.,-0.309016994374948));
#4242=DIRECTION('',(-0.309016994374948,0.,0.951056516295154));
#4243=DIRECTION('',(-0.309016994374948,0.,0.951056516295154));
#4244=DIRECTION('',(0.,-1.,0.));
#4245=DIRECTION('',(-0.309016994374948,0.,0.951056516295154));
#4246=DIRECTION('',(0.,1.,0.));
#4247=DIRECTION('',(0.,0.,-1.));
#4248=DIRECTION('',(-1.,0.,0.));
#4249=DIRECTION('',(-1.,0.,0.));
#4250=DIRECTION('',(0.,-1.,0.));
#4251=DIRECTION('',(-1.,0.,0.));
#4252=DIRECTION('',(0.,1.,0.));
#4253=DIRECTION('',(0.951056516295154,0.,-0.309016994374948));
#4254=DIRECTION('',(-0.309016994374948,0.,-0.951056516295154));
#4255=DIRECTION('',(-0.309016994374948,0.,-0.951056516295154));
#4256=DIRECTION('',(0.,1.,0.));
#4257=DIRECTION('',(-0.309016994374948,0.,-0.951056516295154));
#4258=DIRECTION('',(0.,-1.,0.));
#4259=DIRECTION('',(0.856818808606674,0.,0.515617619188717));
#4260=DIRECTION('',(0.515617619188717,0.,-0.856818808606674));
#4261=DIRECTION('',(0.515617619188717,0.,-0.856818808606674));
#4262=DIRECTION('',(0.,1.,0.));
#4263=DIRECTION('',(0.515617619188717,0.,-0.856818808606674));
#4264=DIRECTION('',(0.,1.,0.));
#4265=DIRECTION('',(0.75515306960558,0.,-0.655548504281163));
#4266=DIRECTION('',(-0.655548504281163,0.,-0.75515306960558));
#4267=DIRECTION('',(-0.655548504281163,0.,-0.75515306960558));
#4268=DIRECTION('',(0.,1.,0.));
#4269=DIRECTION('',(-0.655548504281163,0.,-0.75515306960558));
#4270=DIRECTION('',(0.,1.,0.));
#4271=DIRECTION('',(-0.39010854488161,0.,-0.920768876108632));
#4272=DIRECTION('',(-0.920768876108632,0.,0.39010854488161));
#4273=DIRECTION('',(-0.920768876108632,0.,0.39010854488161));
#4274=DIRECTION('',(0.,1.,0.));
#4275=DIRECTION('',(-0.920768876108632,0.,0.39010854488161));
#4276=DIRECTION('',(0.,1.,0.));
#4277=DIRECTION('',(0.,1.,0.));
#4278=DIRECTION('',(0.,0.,1.));
#4279=DIRECTION('',(0.,-1.,0.));
#4280=DIRECTION('',(0.,0.,-1.));
#4281=DIRECTION('',(0.,1.,0.));
#4282=DIRECTION('',(0.,-1.,0.));
#4283=DIRECTION('',(0.,0.,-1.));
#4284=DIRECTION('',(0.,1.,0.));
#4285=DIRECTION('',(-0.809016994374948,0.,0.587785252292473));
#4286=DIRECTION('',(0.587785252292473,0.,0.809016994374948));
#4287=DIRECTION('',(0.587785252292473,0.,0.809016994374948));
#4288=DIRECTION('',(0.,1.,0.));
#4289=DIRECTION('',(0.587785252292473,0.,0.809016994374948));
#4290=DIRECTION('',(0.,1.,0.));
#4291=DIRECTION('',(0.,1.,0.));
#4292=DIRECTION('',(0.,0.,1.));
#4293=DIRECTION('',(0.,-1.,0.));
#4294=DIRECTION('',(0.,0.,-1.));
#4295=DIRECTION('',(0.,1.,0.));
#4296=DIRECTION('',(0.,-1.,0.));
#4297=DIRECTION('',(0.,0.,-1.));
#4298=DIRECTION('',(0.,1.,0.));
#4299=DIRECTION('',(-0.5,0.,-0.866025403784439));
#4300=DIRECTION('',(-0.866025403784439,0.,0.5));
#4301=DIRECTION('',(-0.866025403784439,0.,0.5));
#4302=DIRECTION('',(-0.866025403784439,0.,0.5));
#4303=DIRECTION('',(0.,-1.,0.));
#4304=DIRECTION('',(1.,0.,0.));
#4305=DIRECTION('',(0.,-1.,0.));
#4306=DIRECTION('',(0.,0.,-1.));
#4307=DIRECTION('',(0.,-1.,0.));
#4308=DIRECTION('',(0.,0.,-1.));
#4309=DIRECTION('',(0.,-1.,0.));
#4310=DIRECTION('',(0.,0.,-1.));
#4311=DIRECTION('',(0.,-1.,0.));
#4312=DIRECTION('',(0.,0.,-1.));
#4313=DIRECTION('',(0.,-1.,0.));
#4314=DIRECTION('',(0.,0.,-1.));
#4315=DIRECTION('',(0.,-1.,0.));
#4316=DIRECTION('',(0.,0.,-1.));
#4317=DIRECTION('',(0.,-1.,0.));
#4318=DIRECTION('',(0.,0.,-1.));
#4319=DIRECTION('',(0.,-1.,0.));
#4320=DIRECTION('',(0.,0.,-1.));
#4321=DIRECTION('',(0.,-1.,0.));
#4322=DIRECTION('',(0.,0.,-1.));
#4323=DIRECTION('',(0.,-1.,0.));
#4324=DIRECTION('',(0.,0.,-1.));
#4325=DIRECTION('',(0.,-1.,0.));
#4326=DIRECTION('',(0.,0.,-1.));
#4327=DIRECTION('',(0.,-1.,0.));
#4328=DIRECTION('',(0.,0.,-1.));
#4329=DIRECTION('',(0.,-1.,0.));
#4330=DIRECTION('',(0.,0.,-1.));
#4331=DIRECTION('',(0.,-1.,0.));
#4332=DIRECTION('',(0.,0.,-1.));
#4333=DIRECTION('',(0.,-1.,0.));
#4334=DIRECTION('',(0.,0.,-1.));
#4335=DIRECTION('',(0.,-1.,0.));
#4336=DIRECTION('',(0.,0.,-1.));
#4337=DIRECTION('',(0.,-1.,0.));
#4338=DIRECTION('',(0.,0.,-1.));
#4339=DIRECTION('',(0.,-1.,0.));
#4340=DIRECTION('',(0.,0.,-1.));
#4341=DIRECTION('',(0.,-1.,0.));
#4342=DIRECTION('',(0.,0.,-1.));
#4343=DIRECTION('',(0.,-1.,0.));
#4344=DIRECTION('',(0.,0.,-1.));
#4345=DIRECTION('',(0.,-1.,0.));
#4346=DIRECTION('',(0.,0.,-1.));
#4347=DIRECTION('',(0.,-1.,0.));
#4348=DIRECTION('',(0.,0.,-1.));
#4349=DIRECTION('',(0.,-1.,0.));
#4350=DIRECTION('',(0.,0.,-1.));
#4351=DIRECTION('',(0.,-1.,0.));
#4352=DIRECTION('',(0.,0.,-1.));
#4353=DIRECTION('',(0.,-1.,0.));
#4354=DIRECTION('',(0.,0.,-1.));
#4355=DIRECTION('',(0.,-1.,0.));
#4356=DIRECTION('',(0.,0.,-1.));
#4357=DIRECTION('',(0.,-1.,0.));
#4358=DIRECTION('',(0.,0.,-1.));
#4359=DIRECTION('',(0.,-1.,0.));
#4360=DIRECTION('',(0.,0.,-1.));
#4361=DIRECTION('',(0.,-1.,0.));
#4362=DIRECTION('',(0.,0.,-1.));
#4363=DIRECTION('',(0.,-1.,0.));
#4364=DIRECTION('',(0.,0.,-1.));
#4365=DIRECTION('',(0.,-1.,0.));
#4366=DIRECTION('',(0.,0.,-1.));
#4367=DIRECTION('',(0.,-1.,0.));
#4368=DIRECTION('',(0.,0.,-1.));
#4369=DIRECTION('',(0.,-1.,0.));
#4370=DIRECTION('',(0.,0.,-1.));
#4371=DIRECTION('',(0.,-1.,0.));
#4372=DIRECTION('',(0.,0.,-1.));
#4373=DIRECTION('',(0.,-1.,0.));
#4374=DIRECTION('',(0.,0.,-1.));
#4375=DIRECTION('',(0.,-1.,0.));
#4376=DIRECTION('',(0.,0.,-1.));
#4377=DIRECTION('',(0.,-1.,0.));
#4378=DIRECTION('',(0.,0.,-1.));
#4379=DIRECTION('',(0.,-1.,0.));
#4380=DIRECTION('',(0.,0.,-1.));
#4381=DIRECTION('',(0.,-1.,0.));
#4382=DIRECTION('',(0.,0.,-1.));
#4383=DIRECTION('',(0.,-1.,0.));
#4384=DIRECTION('',(0.,0.,-1.));
#4385=DIRECTION('',(0.,-1.,0.));
#4386=DIRECTION('',(0.,0.,-1.));
#4387=DIRECTION('',(0.,-1.,0.));
#4388=DIRECTION('',(0.,0.,-1.));
#4389=DIRECTION('',(0.,-1.,0.));
#4390=DIRECTION('',(0.,0.,-1.));
#4391=DIRECTION('',(0.,-1.,0.));
#4392=DIRECTION('',(0.,0.,-1.));
#4393=DIRECTION('',(0.,-1.,0.));
#4394=DIRECTION('',(0.,0.,-1.));
#4395=DIRECTION('',(0.,-1.,0.));
#4396=DIRECTION('',(0.,0.,-1.));
#4397=DIRECTION('',(0.,-1.,0.));
#4398=DIRECTION('',(0.,0.,-1.));
#4399=DIRECTION('',(0.,-1.,0.));
#4400=DIRECTION('',(0.,0.,-1.));
#4401=DIRECTION('',(0.,-1.,0.));
#4402=DIRECTION('',(0.,0.,-1.));
#4403=DIRECTION('',(0.,-1.,0.));
#4404=DIRECTION('',(0.,0.,-1.));
#4405=DIRECTION('',(0.,-1.,0.));
#4406=DIRECTION('',(0.,0.,-1.));
#4407=DIRECTION('',(0.,-1.,0.));
#4408=DIRECTION('',(0.,0.,-1.));
#4409=DIRECTION('',(0.,-1.,0.));
#4410=DIRECTION('',(0.,0.,-1.));
#4411=DIRECTION('',(0.,-1.,0.));
#4412=DIRECTION('',(0.,0.,-1.));
#4413=DIRECTION('',(0.,-1.,0.));
#4414=DIRECTION('',(0.,0.,-1.));
#4415=DIRECTION('',(0.,-1.,0.));
#4416=DIRECTION('',(0.,0.,-1.));
#4417=DIRECTION('',(0.,-1.,0.));
#4418=DIRECTION('',(0.,0.,-1.));
#4419=DIRECTION('',(0.,-1.,0.));
#4420=DIRECTION('',(0.,0.,-1.));
#4421=DIRECTION('',(0.,-1.,0.));
#4422=DIRECTION('',(0.,0.,-1.));
#4423=DIRECTION('',(0.,-1.,0.));
#4424=DIRECTION('',(0.,0.,-1.));
#4425=DIRECTION('',(0.,-1.,0.));
#4426=DIRECTION('',(0.,0.,-1.));
#4427=DIRECTION('',(0.,-1.,0.));
#4428=DIRECTION('',(0.,0.,-1.));
#4429=DIRECTION('',(0.,-1.,0.));
#4430=DIRECTION('',(0.,0.,-1.));
#4431=DIRECTION('',(0.,-1.,0.));
#4432=DIRECTION('',(0.,0.,-1.));
#4433=DIRECTION('',(0.,-1.,0.));
#4434=DIRECTION('',(0.,0.,-1.));
#4435=DIRECTION('',(0.,-1.,0.));
#4436=DIRECTION('',(0.,0.,-1.));
#4437=DIRECTION('',(0.,-1.,0.));
#4438=DIRECTION('',(0.,0.,-1.));
#4439=DIRECTION('',(0.,-1.,0.));
#4440=DIRECTION('',(0.,0.,-1.));
#4441=DIRECTION('',(0.,-1.,0.));
#4442=DIRECTION('',(0.,0.,-1.));
#4443=DIRECTION('',(0.,-1.,0.));
#4444=DIRECTION('',(0.,0.,-1.));
#4445=DIRECTION('',(0.,-1.,0.));
#4446=DIRECTION('',(0.,0.,-1.));
#4447=DIRECTION('',(0.,-1.,0.));
#4448=DIRECTION('',(0.,0.,-1.));
#4449=DIRECTION('',(0.,-1.,0.));
#4450=DIRECTION('',(0.,0.,-1.));
#4451=DIRECTION('',(0.,-1.,0.));
#4452=DIRECTION('',(0.,0.,-1.));
#4453=DIRECTION('',(0.,-1.,0.));
#4454=DIRECTION('',(0.,0.,-1.));
#4455=DIRECTION('',(0.,-1.,0.));
#4456=DIRECTION('',(0.,0.,-1.));
#4457=DIRECTION('',(0.,-1.,0.));
#4458=DIRECTION('',(0.,0.,-1.));
#4459=DIRECTION('',(0.,-1.,0.));
#4460=DIRECTION('',(0.,0.,-1.));
#4461=DIRECTION('',(0.,-1.,0.));
#4462=DIRECTION('',(0.,0.,-1.));
#4463=DIRECTION('',(0.,-1.,0.));
#4464=DIRECTION('',(0.,0.,-1.));
#4465=DIRECTION('',(0.,-1.,0.));
#4466=DIRECTION('',(1.,0.,0.));
#4467=DIRECTION('',(0.,-1.,0.));
#4468=DIRECTION('',(0.,0.,-1.));
#4469=DIRECTION('',(0.,-1.,0.));
#4470=DIRECTION('',(0.,0.,-1.));
#4471=DIRECTION('',(0.,-1.,0.));
#4472=DIRECTION('',(0.,0.,-1.));
#4473=DIRECTION('',(0.,-1.,0.));
#4474=DIRECTION('',(0.,0.,-1.));
#4475=DIRECTION('',(0.,-1.,0.));
#4476=DIRECTION('',(0.,0.,-1.));
#4477=DIRECTION('',(0.,-1.,0.));
#4478=DIRECTION('',(0.,0.,-1.));
#4479=DIRECTION('',(0.,-1.,0.));
#4480=DIRECTION('',(0.,0.,-1.));
#4481=DIRECTION('',(0.,-1.,0.));
#4482=DIRECTION('',(0.,0.,-1.));
#4483=DIRECTION('',(0.,-1.,0.));
#4484=DIRECTION('',(0.,0.,-1.));
#4485=DIRECTION('',(0.,-1.,0.));
#4486=DIRECTION('',(0.,0.,-1.));
#4487=DIRECTION('',(0.,-1.,0.));
#4488=DIRECTION('',(0.,0.,-1.));
#4489=DIRECTION('',(0.,-1.,0.));
#4490=DIRECTION('',(0.,0.,-1.));
#4491=DIRECTION('',(0.,-1.,0.));
#4492=DIRECTION('',(0.,0.,-1.));
#4493=DIRECTION('',(0.,-1.,0.));
#4494=DIRECTION('',(0.,0.,-1.));
#4495=DIRECTION('',(0.,-1.,0.));
#4496=DIRECTION('',(0.,0.,-1.));
#4497=DIRECTION('',(0.,-1.,0.));
#4498=DIRECTION('',(0.,0.,-1.));
#4499=DIRECTION('',(0.,-1.,0.));
#4500=DIRECTION('',(0.,0.,-1.));
#4501=DIRECTION('',(0.,-1.,0.));
#4502=DIRECTION('',(0.,0.,-1.));
#4503=DIRECTION('',(0.,-1.,0.));
#4504=DIRECTION('',(0.,0.,-1.));
#4505=DIRECTION('',(0.,-1.,0.));
#4506=DIRECTION('',(0.,0.,-1.));
#4507=DIRECTION('',(0.,-1.,0.));
#4508=DIRECTION('',(0.,0.,-1.));
#4509=DIRECTION('',(0.,-1.,0.));
#4510=DIRECTION('',(0.,0.,-1.));
#4511=DIRECTION('',(0.,-1.,0.));
#4512=DIRECTION('',(0.,0.,-1.));
#4513=DIRECTION('',(0.,-1.,0.));
#4514=DIRECTION('',(0.,0.,-1.));
#4515=DIRECTION('',(0.,-1.,0.));
#4516=DIRECTION('',(0.,0.,-1.));
#4517=DIRECTION('',(0.,-1.,0.));
#4518=DIRECTION('',(0.,0.,-1.));
#4519=DIRECTION('',(0.,-1.,0.));
#4520=DIRECTION('',(0.,0.,-1.));
#4521=DIRECTION('',(0.,-1.,0.));
#4522=DIRECTION('',(0.,0.,-1.));
#4523=DIRECTION('',(0.,-1.,0.));
#4524=DIRECTION('',(0.,0.,-1.));
#4525=DIRECTION('',(0.,-1.,0.));
#4526=DIRECTION('',(0.,0.,-1.));
#4527=DIRECTION('',(0.,-1.,0.));
#4528=DIRECTION('',(0.,0.,-1.));
#4529=DIRECTION('',(0.,-1.,0.));
#4530=DIRECTION('',(0.,0.,-1.));
#4531=DIRECTION('',(0.,-1.,0.));
#4532=DIRECTION('',(0.,0.,-1.));
#4533=DIRECTION('',(0.,-1.,0.));
#4534=DIRECTION('',(0.,0.,-1.));
#4535=DIRECTION('',(0.,-1.,0.));
#4536=DIRECTION('',(0.,0.,-1.));
#4537=DIRECTION('',(0.,-1.,0.));
#4538=DIRECTION('',(0.,0.,-1.));
#4539=DIRECTION('',(0.,-1.,0.));
#4540=DIRECTION('',(0.,0.,-1.));
#4541=DIRECTION('',(0.,-1.,0.));
#4542=DIRECTION('',(0.,0.,-1.));
#4543=DIRECTION('',(0.,-1.,0.));
#4544=DIRECTION('',(0.,0.,-1.));
#4545=DIRECTION('',(0.,-1.,0.));
#4546=DIRECTION('',(0.,0.,-1.));
#4547=DIRECTION('',(0.,-1.,0.));
#4548=DIRECTION('',(0.,0.,-1.));
#4549=DIRECTION('',(0.,-1.,0.));
#4550=DIRECTION('',(0.,0.,-1.));
#4551=DIRECTION('',(0.,-1.,0.));
#4552=DIRECTION('',(0.,0.,-1.));
#4553=DIRECTION('',(0.,-1.,0.));
#4554=DIRECTION('',(0.,0.,-1.));
#4555=DIRECTION('',(0.,-1.,0.));
#4556=DIRECTION('',(0.,0.,-1.));
#4557=DIRECTION('',(0.,-1.,0.));
#4558=DIRECTION('',(0.,0.,-1.));
#4559=DIRECTION('',(0.,-1.,0.));
#4560=DIRECTION('',(0.,0.,-1.));
#4561=DIRECTION('',(0.,-1.,0.));
#4562=DIRECTION('',(0.,0.,-1.));
#4563=DIRECTION('',(0.,-1.,0.));
#4564=DIRECTION('',(0.,0.,-1.));
#4565=DIRECTION('',(0.,-1.,0.));
#4566=DIRECTION('',(0.,0.,-1.));
#4567=DIRECTION('',(0.,-1.,0.));
#4568=DIRECTION('',(0.,0.,-1.));
#4569=DIRECTION('',(0.,-1.,0.));
#4570=DIRECTION('',(0.,0.,-1.));
#4571=DIRECTION('',(0.,-1.,0.));
#4572=DIRECTION('',(0.,0.,-1.));
#4573=DIRECTION('',(0.,-1.,0.));
#4574=DIRECTION('',(0.,0.,-1.));
#4575=DIRECTION('',(0.,-1.,0.));
#4576=DIRECTION('',(0.,0.,-1.));
#4577=DIRECTION('',(0.,-1.,0.));
#4578=DIRECTION('',(0.,0.,-1.));
#4579=DIRECTION('',(0.,-1.,0.));
#4580=DIRECTION('',(0.,0.,-1.));
#4581=DIRECTION('',(0.,-1.,0.));
#4582=DIRECTION('',(0.,0.,-1.));
#4583=DIRECTION('',(0.,-1.,0.));
#4584=DIRECTION('',(0.,0.,-1.));
#4585=DIRECTION('',(0.,-1.,0.));
#4586=DIRECTION('',(0.,0.,-1.));
#4587=DIRECTION('',(0.,-1.,0.));
#4588=DIRECTION('',(0.,0.,-1.));
#4589=DIRECTION('',(0.,-1.,0.));
#4590=DIRECTION('',(0.,0.,-1.));
#4591=DIRECTION('',(0.,-1.,0.));
#4592=DIRECTION('',(0.,0.,-1.));
#4593=DIRECTION('',(0.,-1.,0.));
#4594=DIRECTION('',(0.,0.,-1.));
#4595=DIRECTION('',(0.,-1.,0.));
#4596=DIRECTION('',(0.,0.,-1.));
#4597=DIRECTION('',(0.,-1.,0.));
#4598=DIRECTION('',(0.,0.,-1.));
#4599=DIRECTION('',(0.,-1.,0.));
#4600=DIRECTION('',(0.,0.,-1.));
#4601=DIRECTION('',(0.,-1.,0.));
#4602=DIRECTION('',(0.,0.,-1.));
#4603=DIRECTION('',(0.,-1.,0.));
#4604=DIRECTION('',(0.,0.,-1.));
#4605=DIRECTION('',(0.,-1.,0.));
#4606=DIRECTION('',(0.,0.,-1.));
#4607=DIRECTION('',(0.,-1.,0.));
#4608=DIRECTION('',(0.,0.,-1.));
#4609=DIRECTION('',(0.,-1.,0.));
#4610=DIRECTION('',(0.,0.,-1.));
#4611=DIRECTION('',(0.,-1.,0.));
#4612=DIRECTION('',(0.,0.,-1.));
#4613=DIRECTION('',(0.,-1.,0.));
#4614=DIRECTION('',(0.,0.,-1.));
#4615=DIRECTION('',(0.,-1.,0.));
#4616=DIRECTION('',(0.,0.,-1.));
#4617=DIRECTION('',(0.,-1.,0.));
#4618=DIRECTION('',(0.,0.,-1.));
#4619=DIRECTION('',(0.,-1.,0.));
#4620=DIRECTION('',(0.,0.,-1.));
#4621=DIRECTION('',(0.,-1.,0.));
#4622=DIRECTION('',(0.,0.,-1.));
#4623=DIRECTION('',(0.,-1.,0.));
#4624=DIRECTION('',(0.,0.,-1.));
#4625=DIRECTION('',(0.,-1.,0.));
#4626=DIRECTION('',(0.,0.,-1.));
#4627=DIRECTION('',(0.,1.,0.));
#4628=DIRECTION('',(0.,0.,1.));
#4629=DIRECTION('',(0.,1.,0.));
#4630=DIRECTION('',(0.,0.,1.));
#4631=DIRECTION('',(0.,1.,0.));
#4632=DIRECTION('',(0.,0.,1.));
#4633=DIRECTION('',(0.,-1.,0.));
#4634=DIRECTION('',(0.,0.,-1.));
#4635=DIRECTION('',(0.,1.,0.));
#4636=DIRECTION('',(0.,0.,1.));
#4637=DIRECTION('',(0.,1.,0.));
#4638=DIRECTION('',(0.,0.,1.));
#4639=DIRECTION('',(0.,1.,0.));
#4640=DIRECTION('',(0.,0.,1.));
#4641=DIRECTION('',(0.,1.,0.));
#4642=DIRECTION('',(0.,0.,1.));
#4643=DIRECTION('',(0.,1.,0.));
#4644=DIRECTION('',(0.,0.,1.));
#4645=DIRECTION('',(0.,1.,0.));
#4646=DIRECTION('',(0.,0.,1.));
#4647=DIRECTION('',(0.,1.,0.));
#4648=DIRECTION('',(0.,0.,1.));
#4649=DIRECTION('',(0.,-1.,0.));
#4650=DIRECTION('',(0.,0.,-1.));
#4651=DIRECTION('',(0.,1.,0.));
#4652=DIRECTION('',(0.,0.,1.));
#4653=DIRECTION('',(0.,1.,0.));
#4654=DIRECTION('',(0.,0.,1.));
#4655=DIRECTION('',(0.,1.,0.));
#4656=DIRECTION('',(0.,0.,1.));
#4657=DIRECTION('',(0.,1.,0.));
#4658=DIRECTION('',(0.,0.,1.));
#4659=DIRECTION('',(0.,1.,0.));
#4660=DIRECTION('',(0.,0.,1.));
#4661=DIRECTION('',(0.,-1.,0.));
#4662=DIRECTION('',(0.,0.,-1.));
#4663=DIRECTION('',(0.,1.,0.));
#4664=DIRECTION('',(0.,0.,1.));
#4665=DIRECTION('',(0.,1.,0.));
#4666=DIRECTION('',(0.,0.,1.));
#4667=DIRECTION('',(0.,1.,0.));
#4668=DIRECTION('',(0.,0.,1.));
#4669=DIRECTION('',(0.,1.,0.));
#4670=DIRECTION('',(0.,0.,1.));
#4671=DIRECTION('',(0.,1.,0.));
#4672=DIRECTION('',(0.,0.,1.));
#4673=DIRECTION('',(0.,1.,0.));
#4674=DIRECTION('',(0.,0.,1.));
#4675=DIRECTION('',(0.,1.,0.));
#4676=DIRECTION('',(0.,0.,1.));
#4677=DIRECTION('',(0.,1.,0.));
#4678=DIRECTION('',(0.,0.,1.));
#4679=DIRECTION('',(0.,1.,0.));
#4680=DIRECTION('',(0.,0.,1.));
#4681=DIRECTION('',(0.,-1.,0.));
#4682=DIRECTION('',(0.,0.,-1.));
#4683=DIRECTION('',(0.,1.,0.));
#4684=DIRECTION('',(0.,0.,1.));
#4685=DIRECTION('',(0.,1.,0.));
#4686=DIRECTION('',(0.,0.,1.));
#4687=DIRECTION('',(0.,1.,0.));
#4688=DIRECTION('',(0.,0.,1.));
#4689=DIRECTION('',(0.,1.,0.));
#4690=DIRECTION('',(0.,0.,1.));
#4691=DIRECTION('',(0.,1.,0.));
#4692=DIRECTION('',(0.,0.,1.));
#4693=DIRECTION('',(0.,1.,0.));
#4694=DIRECTION('',(0.,0.,1.));
#4695=DIRECTION('',(0.,1.,0.));
#4696=DIRECTION('',(0.,0.,1.));
#4697=DIRECTION('',(0.,1.,0.));
#4698=DIRECTION('',(0.,0.,1.));
#4699=DIRECTION('',(0.,1.,0.));
#4700=DIRECTION('',(0.,0.,1.));
#4701=DIRECTION('',(0.,1.,0.));
#4702=DIRECTION('',(0.,0.,1.));
#4703=DIRECTION('',(0.,1.,0.));
#4704=DIRECTION('',(0.,0.,1.));
#4705=DIRECTION('',(0.,1.,0.));
#4706=DIRECTION('',(0.,0.,1.));
#4707=DIRECTION('',(0.,1.,0.));
#4708=DIRECTION('',(0.,0.,1.));
#4709=DIRECTION('',(0.,1.,0.));
#4710=DIRECTION('',(0.,0.,1.));
#4711=DIRECTION('',(0.,1.,0.));
#4712=DIRECTION('',(0.,0.,1.));
#4713=DIRECTION('',(0.,1.,0.));
#4714=DIRECTION('',(0.,0.,1.));
#4715=DIRECTION('',(0.,1.,0.));
#4716=DIRECTION('',(0.,0.,1.));
#4717=DIRECTION('',(0.,1.,0.));
#4718=DIRECTION('',(0.,0.,1.));
#4719=DIRECTION('',(0.,1.,0.));
#4720=DIRECTION('',(0.,0.,1.));
#4721=DIRECTION('',(0.,1.,0.));
#4722=DIRECTION('',(0.,0.,1.));
#4723=DIRECTION('',(0.,1.,0.));
#4724=DIRECTION('',(0.,0.,1.));
#4725=DIRECTION('',(0.,1.,0.));
#4726=DIRECTION('',(0.,0.,1.));
#4727=DIRECTION('',(0.,1.,0.));
#4728=DIRECTION('',(0.,0.,1.));
#4729=DIRECTION('',(0.,1.,0.));
#4730=DIRECTION('',(0.,0.,1.));
#4731=DIRECTION('',(0.,1.,0.));
#4732=DIRECTION('',(0.,0.,1.));
#4733=DIRECTION('',(0.,1.,0.));
#4734=DIRECTION('',(0.,0.,1.));
#4735=DIRECTION('',(0.,1.,0.));
#4736=DIRECTION('',(0.,0.,1.));
#4737=DIRECTION('',(0.,1.,0.));
#4738=DIRECTION('',(0.,0.,1.));
#4739=DIRECTION('',(0.,-1.,0.));
#4740=DIRECTION('',(0.,0.,-1.));
#4741=DIRECTION('',(0.,1.,0.));
#4742=DIRECTION('',(0.,0.,1.));
#4743=DIRECTION('',(0.,1.,0.));
#4744=DIRECTION('',(0.,0.,1.));
#4745=DIRECTION('',(0.,1.,0.));
#4746=DIRECTION('',(0.,0.,1.));
#4747=DIRECTION('',(0.,1.,0.));
#4748=DIRECTION('',(0.,0.,1.));
#4749=DIRECTION('',(0.,1.,0.));
#4750=DIRECTION('',(0.,0.,1.));
#4751=DIRECTION('',(0.,-1.,0.));
#4752=DIRECTION('',(0.,0.,-1.));
#4753=DIRECTION('',(0.,1.,0.));
#4754=DIRECTION('',(0.,0.,1.));
#4755=DIRECTION('',(0.,1.,0.));
#4756=DIRECTION('',(0.,0.,1.));
#4757=DIRECTION('',(0.,1.,0.));
#4758=DIRECTION('',(0.,0.,1.));
#4759=DIRECTION('',(0.,-1.,0.));
#4760=DIRECTION('',(0.,0.,-1.));
#4761=DIRECTION('',(0.,1.,0.));
#4762=DIRECTION('',(0.,0.,1.));
#4763=DIRECTION('',(0.,1.,0.));
#4764=DIRECTION('',(0.,0.,1.));
#4765=DIRECTION('',(0.,1.,0.));
#4766=DIRECTION('',(0.,0.,1.));
#4767=DIRECTION('',(0.,-1.,0.));
#4768=DIRECTION('',(0.,0.,-1.));
#4769=DIRECTION('',(0.,1.,0.));
#4770=DIRECTION('',(0.,0.,1.));
#4771=DIRECTION('',(0.,1.,0.));
#4772=DIRECTION('',(0.,0.,1.));
#4773=DIRECTION('',(0.,1.,0.));
#4774=DIRECTION('',(0.,0.,1.));
#4775=DIRECTION('',(0.,-1.,0.));
#4776=DIRECTION('',(0.,0.,-1.));
#4777=DIRECTION('',(0.,1.,0.));
#4778=DIRECTION('',(0.,0.,1.));
#4779=DIRECTION('',(0.,1.,0.));
#4780=DIRECTION('',(0.,0.,1.));
#4781=DIRECTION('',(0.,1.,0.));
#4782=DIRECTION('',(0.,0.,1.));
#4783=DIRECTION('',(0.,-1.,0.));
#4784=DIRECTION('',(0.,0.,-1.));
#4785=DIRECTION('',(0.,1.,0.));
#4786=DIRECTION('',(0.,0.,1.));
#4787=CARTESIAN_POINT('',(0.,0.,0.));
#4788=CARTESIAN_POINT('',(0.0036,-0.01,0.00178923048454132));
#4789=CARTESIAN_POINT('',(0.0036,-0.01,0.00207846096908265));
#4790=CARTESIAN_POINT('',(0.0036,-0.01,0.00207846096908265));
#4791=CARTESIAN_POINT('',(0.0036,0.01,0.00207846096908265));
#4792=CARTESIAN_POINT('',(0.0036,0.01,0.00178923048454132));
#4793=CARTESIAN_POINT('',(0.0036,0.01,-0.00207846096908265));
#4794=CARTESIAN_POINT('',(0.0036,-0.01,-0.00207846096908265));
#4795=CARTESIAN_POINT('',(0.0036,-0.01,-0.00207846096908265));
#4796=CARTESIAN_POINT('',(0.0036,-0.01,0.00178923048454132));
#4797=CARTESIAN_POINT('',(0.00123268680698974,-0.01,-0.00344522987832327));
#4798=CARTESIAN_POINT('',(0.00123268680698974,0.01,-0.00344522987832327));
#4799=CARTESIAN_POINT('',(1.0842021724855E-18,0.01,-0.00415692193816531));
#4800=CARTESIAN_POINT('',(1.0842021724855E-18,-0.01,-0.00415692193816531));
#4801=CARTESIAN_POINT('',(1.0842021724855E-18,-0.01,-0.00415692193816531));
#4802=CARTESIAN_POINT('',(0.00123268680698974,-0.01,-0.00344522987832327));
#4803=CARTESIAN_POINT('',(-0.00268305571472961,-0.01,-0.0026078589990154));
#4804=CARTESIAN_POINT('',(-0.00268305571472961,0.01,-0.0026078589990154));
#4805=CARTESIAN_POINT('',(-0.0036,0.01,-0.00207846096908265));
#4806=CARTESIAN_POINT('',(-0.0036,-0.01,-0.00207846096908265));
#4807=CARTESIAN_POINT('',(-0.0036,-0.01,-0.00207846096908265));
#4808=CARTESIAN_POINT('',(-0.00268305571472961,-0.01,-0.0026078589990154));
#4809=CARTESIAN_POINT('',(-0.0036,-0.01,0.00141995605182613));
#4810=CARTESIAN_POINT('',(-0.0036,0.01,0.00141995605182613));
#4811=CARTESIAN_POINT('',(-0.0036,0.01,0.00207846096908265));
#4812=CARTESIAN_POINT('',(-0.0036,-0.01,0.00207846096908265));
#4813=CARTESIAN_POINT('',(-0.0036,-0.01,0.00207846096908265));
#4814=CARTESIAN_POINT('',(-0.0036,-0.01,0.00141995605182613));
#4815=CARTESIAN_POINT('',(-0.000139417420271749,-0.01,0.00407642925304169));
#4816=CARTESIAN_POINT('',(-0.000139417420271749,0.01,0.00407642925304169));
#4817=CARTESIAN_POINT('',(9.75781955236954E-19,0.01,0.00415692193816531));
#4818=CARTESIAN_POINT('',(9.75781955236954E-19,-0.01,0.00415692193816531));
#4819=CARTESIAN_POINT('',(9.75781955236954E-19,-0.01,0.00415692193816531));
#4820=CARTESIAN_POINT('',(-0.000139417420271749,-0.01,0.00407642925304169));
#4821=CARTESIAN_POINT('',(-0.00628433412153837,-0.01,0.00641993796574252));
#4822=CARTESIAN_POINT('',(-0.00628433412153837,-0.01,0.00641993796574252));
#4823=CARTESIAN_POINT('',(-0.00493818592833991,-0.01,0.00544190405438627));
#4824=CARTESIAN_POINT('',(-0.00669678638737404,-0.01,0.00671960207764431));
#4825=CARTESIAN_POINT('',(-0.00493818592833991,0.01,0.00544190405438627));
#4826=CARTESIAN_POINT('',(-0.00493818592833991,0.01,0.00544190405438627));
#4827=CARTESIAN_POINT('',(-0.00628433412153837,0.01,0.00641993796574252));
#4828=CARTESIAN_POINT('',(-0.00669678638737404,0.01,0.00671960207764431));
#4829=CARTESIAN_POINT('',(-0.00669678638737404,-0.01,0.00671960207764431));
#4830=CARTESIAN_POINT('',(-4.33680868994202E-19,-0.01,5.20417042793042E-18));
#4831=CARTESIAN_POINT('',(-4.33680868994202E-19,0.01,5.20417042793042E-18));
#4832=CARTESIAN_POINT('',(-0.0005207784480229,0.01,0.0119886942495034));
#4833=CARTESIAN_POINT('',(-0.00662545905934691,0.01,0.010005163279673));
#4834=CARTESIAN_POINT('',(-0.0005207784480229,-0.01,0.0119886942495034));
#4835=CARTESIAN_POINT('',(-0.0005207784480229,-0.01,0.0119886942495034));
#4836=CARTESIAN_POINT('',(-4.33680868994202E-19,-0.01,5.20417042793042E-18));
#4837=CARTESIAN_POINT('',(-0.00662545905934691,-0.01,0.010005163279673));
#4838=CARTESIAN_POINT('',(-0.00662545905934691,-0.01,0.010005163279673));
#4839=CARTESIAN_POINT('',(0.0013105882457589,-0.01,0.00888767783423725));
#4840=CARTESIAN_POINT('',(0.0013105882457589,-0.01,0.00888767783423725));
#4841=CARTESIAN_POINT('',(0.00146813099257122,-0.01,0.0093725445525029));
#4842=CARTESIAN_POINT('',(0.000796405389851355,-0.01,0.00730518572351283));
#4843=CARTESIAN_POINT('',(0.00146813099257122,-0.01,0.0093725445525029));
#4844=CARTESIAN_POINT('',(0.00146813099257122,0.01,0.0093725445525029));
#4845=CARTESIAN_POINT('',(0.0013105882457589,0.01,0.00888767783423725));
#4846=CARTESIAN_POINT('',(0.000796405389851355,0.01,0.00730518572351283));
#4847=CARTESIAN_POINT('',(0.000796405389851355,-0.01,0.00730518572351283));
#4848=CARTESIAN_POINT('',(0.,-0.01,0.));
#4849=CARTESIAN_POINT('',(0.,-0.01,0.));
#4850=CARTESIAN_POINT('',(-0.0115628551786037,-0.01,0.00320942052692348));
#4851=CARTESIAN_POINT('',(-0.0115628551786037,-0.01,-0.00320942052692349));
#4852=CARTESIAN_POINT('',(-0.0115628551786037,-0.01,-0.00320942052692349));
#4853=CARTESIAN_POINT('',(-0.0115628551786037,0.01,-0.00320942052692349));
#4854=CARTESIAN_POINT('',(0.,0.01,0.));
#4855=CARTESIAN_POINT('',(-0.0115628551786037,0.01,0.00320942052692348));
#4856=CARTESIAN_POINT('',(-0.0115628551786037,-0.01,0.00320942052692348));
#4857=CARTESIAN_POINT('',(-0.00804768987841579,-0.01,0.00399288698261768));
#4858=CARTESIAN_POINT('',(-0.00804768987841579,-0.01,0.00399288698261768));
#4859=CARTESIAN_POINT('',(-0.00670154168521733,-0.01,0.00301485307126142));
#4860=CARTESIAN_POINT('',(-0.00846014214425146,-0.01,0.00429255109451946));
#4861=CARTESIAN_POINT('',(-0.00846014214425146,0.01,0.00429255109451946));
#4862=CARTESIAN_POINT('',(-0.00846014214425146,0.01,0.00429255109451946));
#4863=CARTESIAN_POINT('',(-0.00804768987841579,0.01,0.00399288698261768));
#4864=CARTESIAN_POINT('',(-0.00670154168521733,0.01,0.00301485307126142));
#4865=CARTESIAN_POINT('',(-0.00670154168521733,-0.01,0.00301485307126142));
#4866=CARTESIAN_POINT('',(-3.46944695195361E-18,-0.01,0.));
#4867=CARTESIAN_POINT('',(-3.46944695195361E-18,-0.01,0.));
#4868=CARTESIAN_POINT('',(-0.00590783414235171,-0.01,0.00104761431188365));
#4869=CARTESIAN_POINT('',(-0.00590783414235171,-0.01,-0.00104761431188365));
#4870=CARTESIAN_POINT('',(-0.00590783414235171,-0.01,0.00104761431188365));
#4871=CARTESIAN_POINT('',(-0.00590783414235171,0.01,0.00104761431188365));
#4872=CARTESIAN_POINT('',(-3.46944695195361E-18,0.01,0.));
#4873=CARTESIAN_POINT('',(-0.00590783414235171,0.01,-0.00104761431188365));
#4874=CARTESIAN_POINT('',(-0.00590783414235171,-0.01,-0.00104761431188365));
#4875=CARTESIAN_POINT('',(1.95156391047391E-18,-0.01,-8.67361737988404E-19));
#4876=CARTESIAN_POINT('',(1.95156391047391E-18,-0.01,-8.67361737988404E-19));
#4877=CARTESIAN_POINT('',(-0.00662545905934691,-0.01,-0.010005163279673));
#4878=CARTESIAN_POINT('',(-0.000520778448022908,-0.01,-0.0119886942495033));
#4879=CARTESIAN_POINT('',(-0.000520778448022908,-0.01,-0.0119886942495034));
#4880=CARTESIAN_POINT('',(-0.000520778448022908,0.01,-0.0119886942495033));
#4881=CARTESIAN_POINT('',(1.95156391047391E-18,0.01,-8.67361737988404E-19));
#4882=CARTESIAN_POINT('',(-0.00662545905934691,0.01,-0.010005163279673));
#4883=CARTESIAN_POINT('',(-0.00662545905934691,-0.01,-0.010005163279673));
#4884=CARTESIAN_POINT('',(-0.00628433412153837,-0.01,-0.00641993796574252));
#4885=CARTESIAN_POINT('',(-0.00628433412153837,-0.01,-0.00641993796574252));
#4886=CARTESIAN_POINT('',(-0.00669678638737403,-0.01,-0.00671960207764431));
#4887=CARTESIAN_POINT('',(-0.00493818592833991,-0.01,-0.00544190405438627));
#4888=CARTESIAN_POINT('',(-0.00669678638737403,-0.01,-0.00671960207764431));
#4889=CARTESIAN_POINT('',(-0.00669678638737403,0.01,-0.00671960207764431));
#4890=CARTESIAN_POINT('',(-0.00628433412153837,0.01,-0.00641993796574252));
#4891=CARTESIAN_POINT('',(-0.00493818592833991,0.01,-0.00544190405438627));
#4892=CARTESIAN_POINT('',(-0.00493818592833991,-0.01,-0.00544190405438627));
#4893=CARTESIAN_POINT('',(-4.20128341838133E-18,-0.01,-6.07153216591882E-18));
#4894=CARTESIAN_POINT('',(-4.20128341838133E-18,0.01,-6.07153216591882E-18));
#4895=CARTESIAN_POINT('',(-0.00282196156781623,0.01,-0.00529495353235212));
#4896=CARTESIAN_POINT('',(-0.00082928073205422,0.01,-0.00594241478419705));
#4897=CARTESIAN_POINT('',(-0.00082928073205422,-0.01,-0.00594241478419705));
#4898=CARTESIAN_POINT('',(-0.00082928073205422,-0.01,-0.00594241478419705));
#4899=CARTESIAN_POINT('',(-4.20128341838133E-18,-0.01,-6.07153216591882E-18));
#4900=CARTESIAN_POINT('',(-0.00282196156781623,-0.01,-0.00529495353235212));
#4901=CARTESIAN_POINT('',(-0.00282196156781623,-0.01,-0.00529495353235212));
#4902=CARTESIAN_POINT('',(6.50521303491303E-18,-0.01,-6.39679281766448E-18));
#4903=CARTESIAN_POINT('',(6.50521303491303E-18,0.01,-6.39679281766448E-18));
#4904=CARTESIAN_POINT('',(0.00746809628885639,0.01,-0.0093929514967538));
#4905=CARTESIAN_POINT('',(0.0112409963971171,0.01,-0.0042));
#4906=CARTESIAN_POINT('',(0.00746809628885638,-0.01,-0.0093929514967538));
#4907=CARTESIAN_POINT('',(0.00746809628885639,-0.01,-0.0093929514967538));
#4908=CARTESIAN_POINT('',(6.50521303491303E-18,-0.01,-6.39679281766448E-18));
#4909=CARTESIAN_POINT('',(0.0112409963971171,-0.01,-0.0042));
#4910=CARTESIAN_POINT('',(0.0112409963971171,-0.01,-0.0042));
#4911=CARTESIAN_POINT('',(0.00416375779464436,-0.01,-0.00796062685111242));
#4912=CARTESIAN_POINT('',(0.00416375779464436,-0.01,-0.00796062685111242));
#4913=CARTESIAN_POINT('',(0.00432130054145668,-0.01,-0.00844549356937806));
#4914=CARTESIAN_POINT('',(0.00364957493873681,-0.01,-0.00637813474038799));
#4915=CARTESIAN_POINT('',(0.00432130054145668,-0.01,-0.00844549356937806));
#4916=CARTESIAN_POINT('',(0.00432130054145668,0.01,-0.00844549356937806));
#4917=CARTESIAN_POINT('',(0.00416375779464436,0.01,-0.00796062685111242));
#4918=CARTESIAN_POINT('',(0.00364957493873681,0.01,-0.00637813474038799));
#4919=CARTESIAN_POINT('',(0.00364957493873681,-0.01,-0.00637813474038799));
#4920=CARTESIAN_POINT('',(-4.77048955893622E-18,-0.01,4.98732999343332E-18));
#4921=CARTESIAN_POINT('',(-4.77048955893622E-18,-0.01,4.98732999343332E-18));
#4922=CARTESIAN_POINT('',(0.00416376597849534,-0.01,-0.00432007556372857));
#4923=CARTESIAN_POINT('',(0.00539531046372681,-0.01,-0.002625));
#4924=CARTESIAN_POINT('',(0.00416376597849534,-0.01,-0.00432007556372857));
#4925=CARTESIAN_POINT('',(0.00416376597849534,0.01,-0.00432007556372857));
#4926=CARTESIAN_POINT('',(-4.77048955893622E-18,0.01,4.98732999343332E-18));
#4927=CARTESIAN_POINT('',(0.00539531046372681,0.01,-0.002625));
#4928=CARTESIAN_POINT('',(0.00539531046372681,-0.01,-0.002625));
#4929=CARTESIAN_POINT('',(-4.33680868994202E-19,-0.01,-2.92734586571086E-18));
#4930=CARTESIAN_POINT('',(-4.33680868994202E-19,0.01,-2.92734586571086E-18));
#4931=CARTESIAN_POINT('',(0.0112409963971171,0.01,0.0042));
#4932=CARTESIAN_POINT('',(0.00746809628885639,0.01,0.00939295149675379));
#4933=CARTESIAN_POINT('',(0.0112409963971171,-0.01,0.0042));
#4934=CARTESIAN_POINT('',(0.0112409963971171,-0.01,0.0042));
#4935=CARTESIAN_POINT('',(-4.33680868994202E-19,-0.01,-2.92734586571086E-18));
#4936=CARTESIAN_POINT('',(0.00746809628885639,-0.01,0.00939295149675379));
#4937=CARTESIAN_POINT('',(0.00746809628885639,-0.01,0.00939295149675379));
#4938=CARTESIAN_POINT('',(0.00885767795955089,-0.01,0.0015));
#4939=CARTESIAN_POINT('',(0.00885767795955089,-0.01,0.0015));
#4940=CARTESIAN_POINT('',(0.00936749699759759,-0.01,0.0015));
#4941=CARTESIAN_POINT('',(0.00719374728496908,-0.01,0.0015));
#4942=CARTESIAN_POINT('',(0.00936749699759759,-0.01,0.0015));
#4943=CARTESIAN_POINT('',(0.00936749699759759,0.01,0.0015));
#4944=CARTESIAN_POINT('',(0.00885767795955089,0.01,0.0015));
#4945=CARTESIAN_POINT('',(0.00719374728496908,0.01,0.0015));
#4946=CARTESIAN_POINT('',(0.00719374728496908,-0.01,0.0015));
#4947=CARTESIAN_POINT('',(-2.16840434497101E-18,-0.01,-4.01154803819636E-18));
#4948=CARTESIAN_POINT('',(-2.16840434497101E-18,-0.01,-4.01154803819636E-18));
#4949=CARTESIAN_POINT('',(0.00539531046372681,-0.01,0.002625));
#4950=CARTESIAN_POINT('',(0.00416376597849534,-0.01,0.00432007556372857));
#4951=CARTESIAN_POINT('',(0.00539531046372681,-0.01,0.002625));
#4952=CARTESIAN_POINT('',(0.00539531046372681,0.01,0.002625));
#4953=CARTESIAN_POINT('',(-2.16840434497101E-18,0.01,-4.01154803819636E-18));
#4954=CARTESIAN_POINT('',(0.00416376597849534,0.01,0.00432007556372857));
#4955=CARTESIAN_POINT('',(0.00416376597849534,-0.01,0.00432007556372857));
#4956=CARTESIAN_POINT('',(2.77555756156289E-16,-0.01,-1.50487261540988E-16));
#4957=CARTESIAN_POINT('',(2.77555756156289E-16,0.01,-1.50487261540988E-16));
#4958=CARTESIAN_POINT('',(0.018564990505907,0.01,-0.00869431581641611));
#4959=CARTESIAN_POINT('',(0.019026723239268,0.01,-0.0076311075720566));
#4960=CARTESIAN_POINT('',(0.018564990505907,-0.01,-0.00869431581641611));
#4961=CARTESIAN_POINT('',(0.018564990505907,-0.01,-0.00869431581641611));
#4962=CARTESIAN_POINT('',(2.77555756156289E-16,-0.01,-1.50487261540988E-16));
#4963=CARTESIAN_POINT('',(0.019026723239268,-0.01,-0.0076311075720566));
#4964=CARTESIAN_POINT('',(0.019026723239268,-0.01,-0.0076311075720566));
#4965=CARTESIAN_POINT('',(0.0151890867348688,-0.01,-0.00918141550819456));
#4966=CARTESIAN_POINT('',(0.0151890867348688,-0.01,-0.00918141550819456));
#4967=CARTESIAN_POINT('',(0.0143403266440702,-0.01,-0.00856475520615569));
#4968=CARTESIAN_POINT('',(0.0155782014153799,-0.01,-0.00946412387185711));
#4969=CARTESIAN_POINT('',(0.0155782014153799,0.01,-0.00946412387185711));
#4970=CARTESIAN_POINT('',(0.0155782014153799,0.01,-0.00946412387185711));
#4971=CARTESIAN_POINT('',(0.0151890867348688,0.01,-0.00918141550819456));
#4972=CARTESIAN_POINT('',(0.0143403266440702,0.01,-0.00856475520615569));
#4973=CARTESIAN_POINT('',(0.0143403266440702,-0.01,-0.00856475520615569));
#4974=CARTESIAN_POINT('',(-4.33680868994202E-18,-0.01,8.67361737988404E-19));
#4975=CARTESIAN_POINT('',(-4.33680868994202E-18,-0.01,8.67361737988404E-19));
#4976=CARTESIAN_POINT('',(0.0136904974841075,-0.01,-0.006129459897711));
#4977=CARTESIAN_POINT('',(0.0136904974841075,-0.01,0.006129459897711));
#4978=CARTESIAN_POINT('',(0.0136904974841075,-0.01,-0.006129459897711));
#4979=CARTESIAN_POINT('',(0.0136904974841075,0.01,-0.006129459897711));
#4980=CARTESIAN_POINT('',(-4.33680868994202E-18,0.01,8.67361737988404E-19));
#4981=CARTESIAN_POINT('',(0.0136904974841075,0.01,0.006129459897711));
#4982=CARTESIAN_POINT('',(0.0136904974841075,-0.01,0.006129459897711));
#4983=CARTESIAN_POINT('',(0.0151890867348688,-0.01,0.00918141550819457));
#4984=CARTESIAN_POINT('',(0.0151890867348688,0.01,0.00918141550819457));
#4985=CARTESIAN_POINT('',(0.0155782014153799,0.01,0.00946412387185712));
#4986=CARTESIAN_POINT('',(0.0143403266440702,0.01,0.0085647552061557));
#4987=CARTESIAN_POINT('',(0.0155782014153799,-0.01,0.00946412387185712));
#4988=CARTESIAN_POINT('',(0.0155782014153799,-0.01,0.00946412387185712));
#4989=CARTESIAN_POINT('',(0.0151890867348688,-0.01,0.00918141550819457));
#4990=CARTESIAN_POINT('',(0.0143403266440702,-0.01,0.0085647552061557));
#4991=CARTESIAN_POINT('',(0.0143403266440702,-0.01,0.0085647552061557));
#4992=CARTESIAN_POINT('',(1.11022302462516E-16,-0.01,6.89552581700781E-17));
#4993=CARTESIAN_POINT('',(1.11022302462516E-16,0.01,6.89552581700781E-17));
#4994=CARTESIAN_POINT('',(0.019026723239268,0.01,0.00763110757205657));
#4995=CARTESIAN_POINT('',(0.018564990505907,0.01,0.00869431581641612));
#4996=CARTESIAN_POINT('',(0.019026723239268,-0.01,0.00763110757205657));
#4997=CARTESIAN_POINT('',(0.019026723239268,-0.01,0.00763110757205657));
#4998=CARTESIAN_POINT('',(1.11022302462516E-16,-0.01,6.89552581700781E-17));
#4999=CARTESIAN_POINT('',(0.018564990505907,-0.01,0.00869431581641612));
#5000=CARTESIAN_POINT('',(0.018564990505907,-0.01,0.00869431581641612));
#5001=CARTESIAN_POINT('',(0.0184404161786,-0.01,0.0051180980088452));
#5002=CARTESIAN_POINT('',(0.0184404161786,0.01,0.0051180980088452));
#5003=CARTESIAN_POINT('',(0.0177863623827866,0.01,0.00403123523837742));
#5004=CARTESIAN_POINT('',(0.0188840951746015,0.01,0.0058553740339663));
#5005=CARTESIAN_POINT('',(0.0177863623827866,-0.01,0.00403123523837742));
#5006=CARTESIAN_POINT('',(0.0177863623827866,-0.01,0.00403123523837742));
#5007=CARTESIAN_POINT('',(0.0184404161786,-0.01,0.0051180980088452));
#5008=CARTESIAN_POINT('',(0.0188840951746015,-0.01,0.0058553740339663));
#5009=CARTESIAN_POINT('',(0.0188840951746015,0.01,0.0058553740339663));
#5010=CARTESIAN_POINT('',(0.0175,-0.01,-1.30104260698261E-17));
#5011=CARTESIAN_POINT('',(0.0175,-0.01,-1.30104260698261E-17));
#5012=CARTESIAN_POINT('',(0.0175,-0.01,0.003));
#5013=CARTESIAN_POINT('',(0.0175,-0.01,-0.003));
#5014=CARTESIAN_POINT('',(0.0175,0.01,0.003));
#5015=CARTESIAN_POINT('',(0.0175,0.01,0.003));
#5016=CARTESIAN_POINT('',(0.0175,0.01,-1.30104260698261E-17));
#5017=CARTESIAN_POINT('',(0.0175,0.01,-0.003));
#5018=CARTESIAN_POINT('',(0.0175,-0.01,-0.003));
#5019=CARTESIAN_POINT('',(5.74627151417317E-18,-0.01,-1.28369537222284E-16));
#5020=CARTESIAN_POINT('',(5.74627151417317E-18,-0.01,-1.28369537222284E-16));
#5021=CARTESIAN_POINT('',(-0.00253188814519574,-0.01,-0.020343046537336));
#5022=CARTESIAN_POINT('',(-0.00137803375475115,-0.01,-0.0204536310461191));
#5023=CARTESIAN_POINT('',(-0.00137803375475115,-0.01,-0.0204536310461191));
#5024=CARTESIAN_POINT('',(-0.00137803375475115,0.01,-0.0204536310461191));
#5025=CARTESIAN_POINT('',(5.74627151417317E-18,0.01,-1.28369537222284E-16));
#5026=CARTESIAN_POINT('',(-0.00253188814519574,0.01,-0.020343046537336));
#5027=CARTESIAN_POINT('',(-0.00253188814519574,-0.01,-0.020343046537336));
#5028=CARTESIAN_POINT('',(-0.00403835911777229,-0.01,-0.0172828933402191));
#5029=CARTESIAN_POINT('',(-0.00403835911777229,-0.01,-0.0172828933402191));
#5030=CARTESIAN_POINT('',(-0.00418698770020598,-0.01,-0.0177403250815289));
#5031=CARTESIAN_POINT('',(-0.00371416161138167,-0.01,-0.0162851160120073));
#5032=CARTESIAN_POINT('',(-0.00418698770020598,-0.01,-0.0177403250815289));
#5033=CARTESIAN_POINT('',(-0.00418698770020598,0.01,-0.0177403250815289));
#5034=CARTESIAN_POINT('',(-0.00403835911777229,0.01,-0.0172828933402191));
#5035=CARTESIAN_POINT('',(-0.00371416161138167,0.01,-0.0162851160120073));
#5036=CARTESIAN_POINT('',(-0.00371416161138167,-0.01,-0.0162851160120073));
#5037=CARTESIAN_POINT('',(4.33680868994202E-19,-0.01,0.));
#5038=CARTESIAN_POINT('',(4.33680868994202E-19,-0.01,0.));
#5039=CARTESIAN_POINT('',(-0.0015988663930512,-0.01,-0.0149145441183152));
#5040=CARTESIAN_POINT('',(0.0100600591611245,-0.01,-0.0111263295688504));
#5041=CARTESIAN_POINT('',(-0.0015988663930512,-0.01,-0.0149145441183152));
#5042=CARTESIAN_POINT('',(-0.0015988663930512,0.01,-0.0149145441183152));
#5043=CARTESIAN_POINT('',(4.33680868994202E-19,0.01,0.));
#5044=CARTESIAN_POINT('',(0.0100600591611245,0.01,-0.0111263295688504));
#5045=CARTESIAN_POINT('',(0.0100600591611245,-0.01,-0.0111263295688504));
#5046=CARTESIAN_POINT('',(0.0134257309779913,-0.01,-0.0116084664913194));
#5047=CARTESIAN_POINT('',(0.0134257309779913,0.01,-0.0116084664913194));
#5048=CARTESIAN_POINT('',(0.0125769708871927,0.01,-0.0109918061892805));
#5049=CARTESIAN_POINT('',(0.0138148456585025,0.01,-0.011891174854982));
#5050=CARTESIAN_POINT('',(0.0138148456585025,-0.01,-0.011891174854982));
#5051=CARTESIAN_POINT('',(0.0138148456585025,-0.01,-0.011891174854982));
#5052=CARTESIAN_POINT('',(0.0134257309779913,-0.01,-0.0116084664913194));
#5053=CARTESIAN_POINT('',(0.0125769708871927,-0.01,-0.0109918061892805));
#5054=CARTESIAN_POINT('',(0.0125769708871927,0.01,-0.0109918061892805));
#5055=CARTESIAN_POINT('',(1.22298005056365E-16,-0.01,-1.27502175484295E-16));
#5056=CARTESIAN_POINT('',(1.22298005056365E-16,0.01,-1.27502175484295E-16));
#5057=CARTESIAN_POINT('',(0.0131371954111563,0.01,-0.0157373471947815));
#5058=CARTESIAN_POINT('',(0.0140056832786654,0.01,-0.014969663853865));
#5059=CARTESIAN_POINT('',(0.0131371954111563,-0.01,-0.0157373471947815));
#5060=CARTESIAN_POINT('',(0.0131371954111563,-0.01,-0.0157373471947815));
#5061=CARTESIAN_POINT('',(1.22298005056365E-16,-0.01,-1.27502175484295E-16));
#5062=CARTESIAN_POINT('',(0.0140056832786654,-0.01,-0.014969663853865));
#5063=CARTESIAN_POINT('',(0.0140056832786654,-0.01,-0.014969663853865));
#5064=CARTESIAN_POINT('',(0.0105660024448836,-0.01,-0.0159562987062424));
#5065=CARTESIAN_POINT('',(0.0105660024448836,-0.01,-0.0159562987062424));
#5066=CARTESIAN_POINT('',(0.00933022078656987,-0.01,-0.0156701156483544));
#5067=CARTESIAN_POINT('',(0.0114042979626949,-0.01,-0.0161504316852253));
#5068=CARTESIAN_POINT('',(0.0114042979626949,0.01,-0.0161504316852253));
#5069=CARTESIAN_POINT('',(0.0114042979626949,0.01,-0.0161504316852253));
#5070=CARTESIAN_POINT('',(0.0105660024448836,0.01,-0.0159562987062424));
#5071=CARTESIAN_POINT('',(0.00933022078656987,0.01,-0.0156701156483544));
#5072=CARTESIAN_POINT('',(0.00933022078656987,-0.01,-0.0156701156483544));
#5073=CARTESIAN_POINT('',(0.00540779740156158,-0.01,-0.0166434890351652));
#5074=CARTESIAN_POINT('',(0.00540779740156158,-0.01,-0.0166434890351652));
#5075=CARTESIAN_POINT('',(0.00826096695044705,-0.01,-0.0157164380520404));
#5076=CARTESIAN_POINT('',(0.0025546278526761,-0.01,-0.01757054001829));
#5077=CARTESIAN_POINT('',(0.00826096695044705,0.01,-0.0157164380520404));
#5078=CARTESIAN_POINT('',(0.00826096695044705,0.01,-0.0157164380520404));
#5079=CARTESIAN_POINT('',(0.00540779740156158,0.01,-0.0166434890351652));
#5080=CARTESIAN_POINT('',(0.0025546278526761,0.01,-0.01757054001829));
#5081=CARTESIAN_POINT('',(0.0025546278526761,-0.01,-0.01757054001829));
#5082=CARTESIAN_POINT('',(-1.99493199737333E-16,-0.01,-1.7347234759768E-17));
#5083=CARTESIAN_POINT('',(-1.99493199737333E-16,-0.01,-1.7347234759768E-17));
#5084=CARTESIAN_POINT('',(-0.0201297834353509,-0.01,-0.00387837837837838));
#5085=CARTESIAN_POINT('',(-0.0198783949373489,-0.01,-0.00500993160779507));
#5086=CARTESIAN_POINT('',(-0.0198783949373489,-0.01,-0.00500993160779507));
#5087=CARTESIAN_POINT('',(-0.0198783949373489,0.01,-0.00500993160779507));
#5088=CARTESIAN_POINT('',(-1.99493199737333E-16,0.01,-1.7347234759768E-17));
#5089=CARTESIAN_POINT('',(-0.0201297834353509,0.01,-0.00387837837837838));
#5090=CARTESIAN_POINT('',(-0.0201297834353509,-0.01,-0.00387837837837838));
#5091=CARTESIAN_POINT('',(-0.0176849299284301,-0.01,-0.0015));
#5092=CARTESIAN_POINT('',(-0.0176849299284301,0.01,-0.0015));
#5093=CARTESIAN_POINT('',(-0.018165902124585,0.01,-0.0015));
#5094=CARTESIAN_POINT('',(-0.0166358047596141,0.01,-0.0015));
#5095=CARTESIAN_POINT('',(-0.0166358047596141,-0.01,-0.0015));
#5096=CARTESIAN_POINT('',(-0.0166358047596141,-0.01,-0.0015));
#5097=CARTESIAN_POINT('',(-0.0176849299284301,-0.01,-0.0015));
#5098=CARTESIAN_POINT('',(-0.018165902124585,-0.01,-0.0015));
#5099=CARTESIAN_POINT('',(-0.018165902124585,-0.01,-0.0015));
#5100=CARTESIAN_POINT('',(1.12757025938492E-17,-0.01,6.83047368665868E-18));
#5101=CARTESIAN_POINT('',(1.12757025938492E-17,0.01,6.83047368665868E-18));
#5102=CARTESIAN_POINT('',(-0.014678651258483,0.01,-0.00308823529411765));
#5103=CARTESIAN_POINT('',(-0.00747303899369774,0.01,-0.0130059097412935));
#5104=CARTESIAN_POINT('',(-0.00747303899369774,-0.01,-0.0130059097412935));
#5105=CARTESIAN_POINT('',(-0.00747303899369774,-0.01,-0.0130059097412935));
#5106=CARTESIAN_POINT('',(1.12757025938492E-17,-0.01,6.83047368665868E-18));
#5107=CARTESIAN_POINT('',(-0.014678651258483,-0.01,-0.00308823529411765));
#5108=CARTESIAN_POINT('',(-0.014678651258483,-0.01,-0.00308823529411765));
#5109=CARTESIAN_POINT('',(-0.00689152866665775,-0.01,-0.0163558423570942));
#5110=CARTESIAN_POINT('',(-0.00689152866665775,0.01,-0.0163558423570942));
#5111=CARTESIAN_POINT('',(-0.00704015724909144,0.01,-0.016813274098404));
#5112=CARTESIAN_POINT('',(-0.00656733116026713,0.01,-0.0153580650288825));
#5113=CARTESIAN_POINT('',(-0.00704015724909144,-0.01,-0.016813274098404));
#5114=CARTESIAN_POINT('',(-0.00704015724909144,-0.01,-0.016813274098404));
#5115=CARTESIAN_POINT('',(-0.00689152866665775,-0.01,-0.0163558423570942));
#5116=CARTESIAN_POINT('',(-0.00656733116026713,-0.01,-0.0153580650288825));
#5117=CARTESIAN_POINT('',(-0.00656733116026713,-0.01,-0.0153580650288825));
#5118=CARTESIAN_POINT('',(-2.60208521396521E-16,-0.01,-4.85722573273506E-16));
#5119=CARTESIAN_POINT('',(-2.60208521396521E-16,-0.01,-4.85722573273506E-16));
#5120=CARTESIAN_POINT('',(-0.0109074899583243,-0.01,-0.0173573230311893));
#5121=CARTESIAN_POINT('',(-0.00990900220402572,-0.01,-0.0179460768782655));
#5122=CARTESIAN_POINT('',(-0.00990900220402573,-0.01,-0.0179460768782655));
#5123=CARTESIAN_POINT('',(-0.00990900220402572,0.01,-0.0179460768782655));
#5124=CARTESIAN_POINT('',(-2.60208521396521E-16,0.01,-4.85722573273506E-16));
#5125=CARTESIAN_POINT('',(-0.0109074899583243,0.01,-0.0173573230311893));
#5126=CARTESIAN_POINT('',(-0.0109074899583243,-0.01,-0.0173573230311893));
#5127=CARTESIAN_POINT('',(-0.0119102675424474,-0.01,-0.0149796329439489));
#5128=CARTESIAN_POINT('',(-0.0119102675424474,-0.01,-0.0149796329439489));
#5129=CARTESIAN_POINT('',(-0.0120199688141457,-0.01,-0.0137158993167021));
#5130=CARTESIAN_POINT('',(-0.0118358514158249,-0.01,-0.0158368897484187));
#5131=CARTESIAN_POINT('',(-0.0118358514158249,0.01,-0.0158368897484187));
#5132=CARTESIAN_POINT('',(-0.0118358514158249,0.01,-0.0158368897484187));
#5133=CARTESIAN_POINT('',(-0.0119102675424474,0.01,-0.0149796329439489));
#5134=CARTESIAN_POINT('',(-0.0120199688141457,0.01,-0.0137158993167021));
#5135=CARTESIAN_POINT('',(-0.0120199688141457,-0.01,-0.0137158993167021));
#5136=CARTESIAN_POINT('',(-0.0141577974015616,-0.01,-0.0102862419151183));
#5137=CARTESIAN_POINT('',(-0.0141577974015616,-0.01,-0.0102862419151183));
#5138=CARTESIAN_POINT('',(-0.0123944416446842,-0.01,-0.0127132928982431));
#5139=CARTESIAN_POINT('',(-0.015921153158439,-0.01,-0.00785919093199341));
#5140=CARTESIAN_POINT('',(-0.0123944416446842,0.01,-0.0127132928982431));
#5141=CARTESIAN_POINT('',(-0.0123944416446842,0.01,-0.0127132928982431));
#5142=CARTESIAN_POINT('',(-0.0141577974015616,0.01,-0.0102862419151183));
#5143=CARTESIAN_POINT('',(-0.015921153158439,0.01,-0.00785919093199341));
#5144=CARTESIAN_POINT('',(-0.015921153158439,-0.01,-0.00785919093199341));
#5145=CARTESIAN_POINT('',(-0.00403835911777229,-0.01,0.0172828933402191));
#5146=CARTESIAN_POINT('',(-0.00403835911777229,-0.01,0.0172828933402191));
#5147=CARTESIAN_POINT('',(-0.00418698770020599,-0.01,0.0177403250815289));
#5148=CARTESIAN_POINT('',(-0.00371416161138167,-0.01,0.0162851160120073));
#5149=CARTESIAN_POINT('',(-0.00371416161138167,-0.01,0.0162851160120073));
#5150=CARTESIAN_POINT('',(-0.00371416161138167,0.01,0.0162851160120073));
#5151=CARTESIAN_POINT('',(-0.00403835911777229,0.01,0.0172828933402191));
#5152=CARTESIAN_POINT('',(-0.00418698770020599,0.01,0.0177403250815289));
#5153=CARTESIAN_POINT('',(-0.00418698770020599,-0.01,0.0177403250815289));
#5154=CARTESIAN_POINT('',(6.47810798060089E-18,-0.01,1.2490009027033E-16));
#5155=CARTESIAN_POINT('',(6.47810798060089E-18,0.01,1.2490009027033E-16));
#5156=CARTESIAN_POINT('',(-0.00137803375475114,0.01,0.0204536310461191));
#5157=CARTESIAN_POINT('',(-0.00253188814519575,0.01,0.020343046537336));
#5158=CARTESIAN_POINT('',(-0.00137803375475114,-0.01,0.0204536310461191));
#5159=CARTESIAN_POINT('',(-0.00137803375475114,-0.01,0.0204536310461191));
#5160=CARTESIAN_POINT('',(6.47810798060089E-18,-0.01,1.2490009027033E-16));
#5161=CARTESIAN_POINT('',(-0.00253188814519575,-0.01,0.020343046537336));
#5162=CARTESIAN_POINT('',(-0.00253188814519575,-0.01,0.020343046537336));
#5163=CARTESIAN_POINT('',(0.000830801520184631,-0.01,0.0191194572334618));
#5164=CARTESIAN_POINT('',(0.000830801520184631,0.01,0.0191194572334618));
#5165=CARTESIAN_POINT('',(0.00166235570221485,0.01,0.018161556042318));
#5166=CARTESIAN_POINT('',(0.000266714701996713,0.01,0.01976925185506));
#5167=CARTESIAN_POINT('',(0.00166235570221485,-0.01,0.018161556042318));
#5168=CARTESIAN_POINT('',(0.00166235570221485,-0.01,0.018161556042318));
#5169=CARTESIAN_POINT('',(0.000830801520184631,-0.01,0.0191194572334618));
#5170=CARTESIAN_POINT('',(0.000266714701996713,-0.01,0.01976925185506));
#5171=CARTESIAN_POINT('',(0.000266714701996713,0.01,0.01976925185506));
#5172=CARTESIAN_POINT('',(0.00540779740156158,-0.01,0.0166434890351652));
#5173=CARTESIAN_POINT('',(0.00540779740156158,0.01,0.0166434890351652));
#5174=CARTESIAN_POINT('',(0.00255462785267612,0.01,0.01757054001829));
#5175=CARTESIAN_POINT('',(0.00826096695044704,0.01,0.0157164380520404));
#5176=CARTESIAN_POINT('',(0.00826096695044704,-0.01,0.0157164380520404));
#5177=CARTESIAN_POINT('',(0.00826096695044704,-0.01,0.0157164380520404));
#5178=CARTESIAN_POINT('',(0.00540779740156158,-0.01,0.0166434890351652));
#5179=CARTESIAN_POINT('',(0.00255462785267612,-0.01,0.01757054001829));
#5180=CARTESIAN_POINT('',(0.00255462785267612,0.01,0.01757054001829));
#5181=CARTESIAN_POINT('',(0.0105660024448836,-0.01,0.0159562987062424));
#5182=CARTESIAN_POINT('',(0.0105660024448836,0.01,0.0159562987062424));
#5183=CARTESIAN_POINT('',(0.00933022078656986,0.01,0.0156701156483544));
#5184=CARTESIAN_POINT('',(0.0114042979626949,0.01,0.0161504316852253));
#5185=CARTESIAN_POINT('',(0.0114042979626949,-0.01,0.0161504316852253));
#5186=CARTESIAN_POINT('',(0.0114042979626949,-0.01,0.0161504316852253));
#5187=CARTESIAN_POINT('',(0.0105660024448836,-0.01,0.0159562987062424));
#5188=CARTESIAN_POINT('',(0.00933022078656986,-0.01,0.0156701156483544));
#5189=CARTESIAN_POINT('',(0.00933022078656986,-0.01,0.0156701156483544));
#5190=CARTESIAN_POINT('',(9.62771529167128E-17,-0.01,9.97465998686664E-17));
#5191=CARTESIAN_POINT('',(9.62771529167128E-17,0.01,9.97465998686664E-17));
#5192=CARTESIAN_POINT('',(0.0140056832786654,0.01,0.014969663853865));
#5193=CARTESIAN_POINT('',(0.0131371954111562,0.01,0.0157373471947815));
#5194=CARTESIAN_POINT('',(0.0140056832786654,-0.01,0.014969663853865));
#5195=CARTESIAN_POINT('',(0.0140056832786654,-0.01,0.014969663853865));
#5196=CARTESIAN_POINT('',(9.62771529167128E-17,-0.01,9.97465998686664E-17));
#5197=CARTESIAN_POINT('',(0.0131371954111562,-0.01,0.0157373471947815));
#5198=CARTESIAN_POINT('',(0.0131371954111562,-0.01,0.0157373471947815));
#5199=CARTESIAN_POINT('',(0.0134257309779913,-0.01,0.0116084664913194));
#5200=CARTESIAN_POINT('',(0.0134257309779913,0.01,0.0116084664913194));
#5201=CARTESIAN_POINT('',(0.0138148456585025,0.01,0.011891174854982));
#5202=CARTESIAN_POINT('',(0.0125769708871927,0.01,0.0109918061892805));
#5203=CARTESIAN_POINT('',(0.0125769708871927,-0.01,0.0109918061892805));
#5204=CARTESIAN_POINT('',(0.0125769708871927,-0.01,0.0109918061892805));
#5205=CARTESIAN_POINT('',(0.0134257309779913,-0.01,0.0116084664913194));
#5206=CARTESIAN_POINT('',(0.0138148456585025,-0.01,0.011891174854982));
#5207=CARTESIAN_POINT('',(0.0138148456585025,-0.01,0.011891174854982));
#5208=CARTESIAN_POINT('',(-0.0119102675424474,-0.01,0.0149796329439489));
#5209=CARTESIAN_POINT('',(-0.0119102675424474,-0.01,0.0149796329439489));
#5210=CARTESIAN_POINT('',(-0.0120199688141457,-0.01,0.0137158993167021));
#5211=CARTESIAN_POINT('',(-0.0118358514158249,-0.01,0.0158368897484188));
#5212=CARTESIAN_POINT('',(-0.0120199688141457,-0.01,0.0137158993167021));
#5213=CARTESIAN_POINT('',(-0.0120199688141457,0.01,0.0137158993167021));
#5214=CARTESIAN_POINT('',(-0.0119102675424474,0.01,0.0149796329439489));
#5215=CARTESIAN_POINT('',(-0.0118358514158249,0.01,0.0158368897484188));
#5216=CARTESIAN_POINT('',(-0.0118358514158249,-0.01,0.0158368897484188));
#5217=CARTESIAN_POINT('',(-2.42427605767759E-16,-0.01,4.35415592470179E-16));
#5218=CARTESIAN_POINT('',(-2.42427605767759E-16,0.01,4.35415592470179E-16));
#5219=CARTESIAN_POINT('',(-0.00990900220402572,0.01,0.0179460768782655));
#5220=CARTESIAN_POINT('',(-0.0109074899583243,0.01,0.0173573230311893));
#5221=CARTESIAN_POINT('',(-0.00990900220402572,-0.01,0.0179460768782655));
#5222=CARTESIAN_POINT('',(-0.00990900220402572,-0.01,0.0179460768782655));
#5223=CARTESIAN_POINT('',(-2.42427605767759E-16,-0.01,4.35415592470179E-16));
#5224=CARTESIAN_POINT('',(-0.0109074899583243,-0.01,0.0173573230311893));
#5225=CARTESIAN_POINT('',(-0.0109074899583243,-0.01,0.0173573230311893));
#5226=CARTESIAN_POINT('',(-0.00689152866665775,-0.01,0.0163558423570942));
#5227=CARTESIAN_POINT('',(-0.00689152866665775,0.01,0.0163558423570942));
#5228=CARTESIAN_POINT('',(-0.00704015724909145,0.01,0.0168132740984041));
#5229=CARTESIAN_POINT('',(-0.00656733116026713,0.01,0.0153580650288825));
#5230=CARTESIAN_POINT('',(-0.00656733116026713,-0.01,0.0153580650288825));
#5231=CARTESIAN_POINT('',(-0.00656733116026713,-0.01,0.0153580650288825));
#5232=CARTESIAN_POINT('',(-0.00689152866665775,-0.01,0.0163558423570942));
#5233=CARTESIAN_POINT('',(-0.00704015724909145,-0.01,0.0168132740984041));
#5234=CARTESIAN_POINT('',(-0.00704015724909145,-0.01,0.0168132740984041));
#5235=CARTESIAN_POINT('',(7.80625564189563E-18,-0.01,-6.61363325216158E-18));
#5236=CARTESIAN_POINT('',(7.80625564189563E-18,0.01,-6.61363325216158E-18));
#5237=CARTESIAN_POINT('',(-0.00747303899369774,0.01,0.0130059097412935));
#5238=CARTESIAN_POINT('',(-0.014678651258483,0.01,0.00308823529411765));
#5239=CARTESIAN_POINT('',(-0.014678651258483,-0.01,0.00308823529411765));
#5240=CARTESIAN_POINT('',(-0.014678651258483,-0.01,0.00308823529411765));
#5241=CARTESIAN_POINT('',(7.80625564189563E-18,-0.01,-6.61363325216158E-18));
#5242=CARTESIAN_POINT('',(-0.00747303899369774,-0.01,0.0130059097412935));
#5243=CARTESIAN_POINT('',(-0.00747303899369774,-0.01,0.0130059097412935));
#5244=CARTESIAN_POINT('',(-0.0176849299284301,-0.01,0.0015));
#5245=CARTESIAN_POINT('',(-0.0176849299284301,-0.01,0.0015));
#5246=CARTESIAN_POINT('',(-0.018165902124585,-0.01,0.0015));
#5247=CARTESIAN_POINT('',(-0.0166358047596141,-0.01,0.0015));
#5248=CARTESIAN_POINT('',(-0.0166358047596141,-0.01,0.0015));
#5249=CARTESIAN_POINT('',(-0.0166358047596141,0.01,0.0015));
#5250=CARTESIAN_POINT('',(-0.0176849299284301,0.01,0.0015));
#5251=CARTESIAN_POINT('',(-0.018165902124585,0.01,0.0015));
#5252=CARTESIAN_POINT('',(-0.018165902124585,-0.01,0.0015));
#5253=CARTESIAN_POINT('',(-2.32452945780892E-16,-0.01,2.02745806254789E-17));
#5254=CARTESIAN_POINT('',(-2.32452945780892E-16,-0.01,2.02745806254789E-17));
#5255=CARTESIAN_POINT('',(-0.0198783949373489,-0.01,0.00500993160779508));
#5256=CARTESIAN_POINT('',(-0.0201297834353509,-0.01,0.00387837837837838));
#5257=CARTESIAN_POINT('',(-0.0201297834353509,-0.01,0.00387837837837838));
#5258=CARTESIAN_POINT('',(-0.0201297834353509,0.01,0.00387837837837838));
#5259=CARTESIAN_POINT('',(-2.32452945780892E-16,0.01,2.02745806254789E-17));
#5260=CARTESIAN_POINT('',(-0.0198783949373489,0.01,0.00500993160779508));
#5261=CARTESIAN_POINT('',(-0.0198783949373489,-0.01,0.00500993160779508));
#5262=CARTESIAN_POINT('',(-0.0179269526012208,-0.01,0.00669837640788423));
#5263=CARTESIAN_POINT('',(-0.0179269526012208,-0.01,0.00669837640788423));
#5264=CARTESIAN_POINT('',(-0.0167589700574256,-0.01,0.00719322368436112));
#5265=CARTESIAN_POINT('',(-0.0187192564234683,-0.01,0.0063626955446177));
#5266=CARTESIAN_POINT('',(-0.0187192564234683,0.01,0.0063626955446177));
#5267=CARTESIAN_POINT('',(-0.0187192564234683,0.01,0.0063626955446177));
#5268=CARTESIAN_POINT('',(-0.0179269526012208,0.01,0.00669837640788423));
#5269=CARTESIAN_POINT('',(-0.0167589700574256,0.01,0.00719322368436112));
#5270=CARTESIAN_POINT('',(-0.0167589700574256,-0.01,0.00719322368436112));
#5271=CARTESIAN_POINT('',(-0.0137887807080173,-0.01,0.0164657779191073));
#5272=CARTESIAN_POINT('',(-0.0137887807080173,-0.01,0.0164657779191073));
#5273=CARTESIAN_POINT('',(-0.0139644454595258,-0.01,0.0144421600506306));
#5274=CARTESIAN_POINT('',(-0.0137450429161293,-0.01,0.0169696273051243));
#5275=CARTESIAN_POINT('',(-0.0137450429161293,0.01,0.0169696273051243));
#5276=CARTESIAN_POINT('',(-0.0137450429161293,0.01,0.0169696273051243));
#5277=CARTESIAN_POINT('',(-0.0137887807080173,0.01,0.0164657779191073));
#5278=CARTESIAN_POINT('',(-0.0139644454595258,0.01,0.0144421600506306));
#5279=CARTESIAN_POINT('',(-0.0139644454595258,-0.01,0.0144421600506306));
#5280=CARTESIAN_POINT('',(-0.0148941535118728,-0.01,0.0126753379112656));
#5281=CARTESIAN_POINT('',(-0.0148941535118728,-0.01,0.0126753379112656));
#5282=CARTESIAN_POINT('',(-0.0172127444905587,-0.01,0.00948407120723483));
#5283=CARTESIAN_POINT('',(-0.0143389182900643,-0.01,0.0134395536321716));
#5284=CARTESIAN_POINT('',(-0.0143389182900643,0.01,0.0134395536321716));
#5285=CARTESIAN_POINT('',(-0.0143389182900643,0.01,0.0134395536321716));
#5286=CARTESIAN_POINT('',(-0.0148941535118728,0.01,0.0126753379112656));
#5287=CARTESIAN_POINT('',(-0.0172127444905587,0.01,0.00948407120723483));
#5288=CARTESIAN_POINT('',(-0.0172127444905587,-0.01,0.00948407120723483));
#5289=CARTESIAN_POINT('',(-0.0180793152041054,-0.01,0.00880592163128009));
#5290=CARTESIAN_POINT('',(-0.0180793152041054,0.01,0.00880592163128009));
#5291=CARTESIAN_POINT('',(-0.0180505613895453,0.01,0.00881810395960251));
#5292=CARTESIAN_POINT('',(-0.0203865264771355,0.01,0.00782840940664874));
#5293=CARTESIAN_POINT('',(-0.0203865264771355,-0.01,0.00782840940664875));
#5294=CARTESIAN_POINT('',(-0.0203865264771355,-0.01,0.00782840940664874));
#5295=CARTESIAN_POINT('',(-0.0180793152041054,-0.01,0.00880592163128009));
#5296=CARTESIAN_POINT('',(-0.0180505613895453,-0.01,0.00881810395960251));
#5297=CARTESIAN_POINT('',(-0.0180505613895453,-0.01,0.00881810395960251));
#5298=CARTESIAN_POINT('',(2.89698820488127E-16,-0.01,-1.07552855510562E-16));
#5299=CARTESIAN_POINT('',(2.89698820488127E-16,0.01,-1.07552855510562E-16));
#5300=CARTESIAN_POINT('',(-0.0215191200593111,0.01,0.00657095669388822));
#5301=CARTESIAN_POINT('',(-0.0215191200593112,0.01,-0.00657095669388816));
#5302=CARTESIAN_POINT('',(-0.0215191200593112,-0.01,-0.00657095669388816));
#5303=CARTESIAN_POINT('',(-0.0215191200593112,-0.01,-0.00657095669388816));
#5304=CARTESIAN_POINT('',(2.89698820488127E-16,-0.01,-1.07552855510562E-16));
#5305=CARTESIAN_POINT('',(-0.0215191200593111,-0.01,0.00657095669388822));
#5306=CARTESIAN_POINT('',(-0.0215191200593111,-0.01,0.00657095669388822));
#5307=CARTESIAN_POINT('',(-0.0199208529563227,-0.01,-0.00802570454151688));
#5308=CARTESIAN_POINT('',(-0.0199208529563227,0.01,-0.00802570454151688));
#5309=CARTESIAN_POINT('',(-0.0180505613895454,0.01,-0.00881810395960251));
#5310=CARTESIAN_POINT('',(-0.0203865264771356,0.01,-0.00782840940664872));
#5311=CARTESIAN_POINT('',(-0.0180505613895454,-0.01,-0.00881810395960251));
#5312=CARTESIAN_POINT('',(-0.0180505613895454,-0.01,-0.00881810395960251));
#5313=CARTESIAN_POINT('',(-0.0199208529563227,-0.01,-0.00802570454151688));
#5314=CARTESIAN_POINT('',(-0.0203865264771356,-0.01,-0.00782840940664872));
#5315=CARTESIAN_POINT('',(-0.0203865264771356,0.01,-0.00782840940664872));
#5316=CARTESIAN_POINT('',(-0.0166575092687502,-0.01,-0.0102482869281408));
#5317=CARTESIAN_POINT('',(-0.0166575092687502,0.01,-0.0102482869281408));
#5318=CARTESIAN_POINT('',(-0.0143389182900643,0.01,-0.0134395536321716));
#5319=CARTESIAN_POINT('',(-0.0172127444905587,0.01,-0.00948407120723483));
#5320=CARTESIAN_POINT('',(-0.0143389182900643,-0.01,-0.0134395536321716));
#5321=CARTESIAN_POINT('',(-0.0143389182900643,-0.01,-0.0134395536321716));
#5322=CARTESIAN_POINT('',(-0.0166575092687502,-0.01,-0.0102482869281408));
#5323=CARTESIAN_POINT('',(-0.0172127444905587,-0.01,-0.00948407120723483));
#5324=CARTESIAN_POINT('',(-0.0172127444905587,0.01,-0.00948407120723483));
#5325=CARTESIAN_POINT('',(-0.0139617447941433,-0.01,-0.014473271099819));
#5326=CARTESIAN_POINT('',(-0.0139617447941433,0.01,-0.014473271099819));
#5327=CARTESIAN_POINT('',(-0.0139644454595258,0.01,-0.0144421600506306));
#5328=CARTESIAN_POINT('',(-0.0137450429161293,0.01,-0.0169696273051243));
#5329=CARTESIAN_POINT('',(-0.0137450429161293,-0.01,-0.0169696273051243));
#5330=CARTESIAN_POINT('',(-0.0137450429161293,-0.01,-0.0169696273051243));
#5331=CARTESIAN_POINT('',(-0.0139617447941433,-0.01,-0.014473271099819));
#5332=CARTESIAN_POINT('',(-0.0139644454595258,-0.01,-0.0144421600506306));
#5333=CARTESIAN_POINT('',(-0.0139644454595258,-0.01,-0.0144421600506306));
#5334=CARTESIAN_POINT('',(1.05818132034585E-16,-0.01,1.09287578986539E-16));
#5335=CARTESIAN_POINT('',(1.05818132034585E-16,-0.01,1.09287578986539E-16));
#5336=CARTESIAN_POINT('',(-0.0128991249843376,-0.01,-0.0184353620696323));
#5337=CARTESIAN_POINT('',(-0.000400422620306353,-0.01,-0.0224964366450589));
#5338=CARTESIAN_POINT('',(-0.0128991249843376,-0.01,-0.0184353620696323));
#5339=CARTESIAN_POINT('',(-0.0128991249843376,0.01,-0.0184353620696323));
#5340=CARTESIAN_POINT('',(1.05818132034585E-16,0.01,1.09287578986539E-16));
#5341=CARTESIAN_POINT('',(-0.000400422620306353,0.01,-0.0224964366450589));
#5342=CARTESIAN_POINT('',(-0.000400422620306353,-0.01,-0.0224964366450589));
#5343=CARTESIAN_POINT('',(0.00147701649612113,-0.01,-0.0214259361094291));
#5344=CARTESIAN_POINT('',(0.00147701649612113,0.01,-0.0214259361094291));
#5345=CARTESIAN_POINT('',(0.0028085850047703,0.01,-0.019892048013995));
#5346=CARTESIAN_POINT('',(0.00114547664070982,0.01,-0.0218078503962826));
#5347=CARTESIAN_POINT('',(0.0028085850047703,-0.01,-0.019892048013995));
#5348=CARTESIAN_POINT('',(0.0028085850047703,-0.01,-0.019892048013995));
#5349=CARTESIAN_POINT('',(0.00147701649612113,-0.01,-0.0214259361094291));
#5350=CARTESIAN_POINT('',(0.00114547664070982,-0.01,-0.0218078503962826));
#5351=CARTESIAN_POINT('',(0.00114547664070982,0.01,-0.0218078503962826));
#5352=CARTESIAN_POINT('',(0.00459924661586875,-0.01,-0.0190091275593179));
#5353=CARTESIAN_POINT('',(0.00459924661586875,0.01,-0.0190091275593179));
#5354=CARTESIAN_POINT('',(0.00835080562539138,0.01,-0.017790172145544));
#5355=CARTESIAN_POINT('',(0.00370085715523157,0.01,-0.019301031989967));
#5356=CARTESIAN_POINT('',(0.00835080562539138,-0.01,-0.017790172145544));
#5357=CARTESIAN_POINT('',(0.00835080562539138,-0.01,-0.017790172145544));
#5358=CARTESIAN_POINT('',(0.00459924661586875,-0.01,-0.0190091275593179));
#5359=CARTESIAN_POINT('',(0.00370085715523157,-0.01,-0.019301031989967));
#5360=CARTESIAN_POINT('',(0.00370085715523157,0.01,-0.019301031989967));
#5361=CARTESIAN_POINT('',(0.0094504823790729,-0.01,-0.0177508950993598));
#5362=CARTESIAN_POINT('',(0.0094504823790729,0.01,-0.0177508950993598));
#5363=CARTESIAN_POINT('',(0.00942005946151421,0.01,-0.0177438497418581));
#5364=CARTESIAN_POINT('',(0.0118916227781417,0.01,-0.0183162158576338));
#5365=CARTESIAN_POINT('',(0.0118916227781417,-0.01,-0.0183162158576338));
#5366=CARTESIAN_POINT('',(0.0118916227781417,-0.01,-0.0183162158576338));
#5367=CARTESIAN_POINT('',(0.0094504823790729,-0.01,-0.0177508950993598));
#5368=CARTESIAN_POINT('',(0.00942005946151421,-0.01,-0.0177438497418581));
#5369=CARTESIAN_POINT('',(0.00942005946151421,-0.01,-0.0177438497418581));
#5370=CARTESIAN_POINT('',(-7.45931094670027E-17,-0.01,8.15320033709099E-17));
#5371=CARTESIAN_POINT('',(-7.45931094670027E-17,0.01,8.15320033709099E-17));
#5372=CARTESIAN_POINT('',(0.0135470223938575,0.01,-0.0179646370478316));
#5373=CARTESIAN_POINT('',(0.0212716452700975,0.01,-0.00733260577851683));
#5374=CARTESIAN_POINT('',(0.0212716452700975,-0.01,-0.00733260577851683));
#5375=CARTESIAN_POINT('',(0.0212716452700975,-0.01,-0.00733260577851683));
#5376=CARTESIAN_POINT('',(-7.45931094670027E-17,-0.01,8.15320033709099E-17));
#5377=CARTESIAN_POINT('',(0.0135470223938575,-0.01,-0.0179646370478316));
#5378=CARTESIAN_POINT('',(0.0135470223938575,-0.01,-0.0179646370478316));
#5379=CARTESIAN_POINT('',(0.0208336993528697,-0.01,-0.00521625221489401));
#5380=CARTESIAN_POINT('',(0.0208336993528697,0.01,-0.00521625221489401));
#5381=CARTESIAN_POINT('',(0.0197863623827866,0.01,-0.00347585781889122));
#5382=CARTESIAN_POINT('',(0.0210944699744133,0.01,-0.00564958335982679));
#5383=CARTESIAN_POINT('',(0.0197863623827866,-0.01,-0.00347585781889122));
#5384=CARTESIAN_POINT('',(0.0197863623827866,-0.01,-0.00347585781889122));
#5385=CARTESIAN_POINT('',(0.0208336993528697,-0.01,-0.00521625221489401));
#5386=CARTESIAN_POINT('',(0.0210944699744133,-0.01,-0.00564958335982679));
#5387=CARTESIAN_POINT('',(0.0210944699744133,0.01,-0.00564958335982678));
#5388=CARTESIAN_POINT('',(0.0195,-0.01,-0.0015));
#5389=CARTESIAN_POINT('',(0.0195,0.01,-0.0015));
#5390=CARTESIAN_POINT('',(0.0195,0.01,0.0024446225805138));
#5391=CARTESIAN_POINT('',(0.0195,0.01,-0.00244462258051379));
#5392=CARTESIAN_POINT('',(0.0195,-0.01,0.0024446225805138));
#5393=CARTESIAN_POINT('',(0.0195,-0.01,0.0024446225805138));
#5394=CARTESIAN_POINT('',(0.0195,-0.01,-0.0015));
#5395=CARTESIAN_POINT('',(0.0195,-0.01,-0.00244462258051379));
#5396=CARTESIAN_POINT('',(0.0195,0.01,-0.00244462258051379));
#5397=CARTESIAN_POINT('',(0.0198024641144924,-0.01,0.00350261459768067));
#5398=CARTESIAN_POINT('',(0.0198024641144924,0.01,0.00350261459768067));
#5399=CARTESIAN_POINT('',(0.0197863623827866,0.01,0.00347585781889123));
#5400=CARTESIAN_POINT('',(0.0210944699744133,0.01,0.00564958335982677));
#5401=CARTESIAN_POINT('',(0.0210944699744133,-0.01,0.00564958335982677));
#5402=CARTESIAN_POINT('',(0.0210944699744133,-0.01,0.00564958335982677));
#5403=CARTESIAN_POINT('',(0.0198024641144924,-0.01,0.00350261459768067));
#5404=CARTESIAN_POINT('',(0.0197863623827866,-0.01,0.00347585781889123));
#5405=CARTESIAN_POINT('',(0.0197863623827866,-0.01,0.00347585781889123));
#5406=CARTESIAN_POINT('',(-5.79397640976254E-16,-0.01,-1.98625837999344E-16));
#5407=CARTESIAN_POINT('',(-5.79397640976254E-16,0.01,-1.98625837999344E-16));
#5408=CARTESIAN_POINT('',(0.0212716452700975,0.01,0.00733260577851681));
#5409=CARTESIAN_POINT('',(0.0135470223938577,0.01,0.0179646370478316));
#5410=CARTESIAN_POINT('',(0.0135470223938577,-0.01,0.0179646370478316));
#5411=CARTESIAN_POINT('',(0.0135470223938577,-0.01,0.0179646370478316));
#5412=CARTESIAN_POINT('',(-5.79397640976254E-16,-0.01,-1.98625837999344E-16));
#5413=CARTESIAN_POINT('',(0.0212716452700975,-0.01,0.00733260577851681));
#5414=CARTESIAN_POINT('',(0.0212716452700975,-0.01,0.00733260577851681));
#5415=CARTESIAN_POINT('',(0.0113989178153491,-0.01,0.0182021149467327));
#5416=CARTESIAN_POINT('',(0.0113989178153491,0.01,0.0182021149467327));
#5417=CARTESIAN_POINT('',(0.00942005946151424,0.01,0.0177438497418581));
#5418=CARTESIAN_POINT('',(0.0118916227781418,0.01,0.0183162158576338));
#5419=CARTESIAN_POINT('',(0.00942005946151424,-0.01,0.0177438497418581));
#5420=CARTESIAN_POINT('',(0.00942005946151424,-0.01,0.0177438497418581));
#5421=CARTESIAN_POINT('',(0.0113989178153491,-0.01,0.0182021149467327));
#5422=CARTESIAN_POINT('',(0.0118916227781418,-0.01,0.0183162158576338));
#5423=CARTESIAN_POINT('',(0.0118916227781418,0.01,0.0183162158576338));
#5424=CARTESIAN_POINT('',(0.00745241616475421,-0.01,0.0180820765761931));
#5425=CARTESIAN_POINT('',(0.00745241616475421,0.01,0.0180820765761931));
#5426=CARTESIAN_POINT('',(0.00370085715523154,0.01,0.019301031989967));
#5427=CARTESIAN_POINT('',(0.00835080562539141,0.01,0.017790172145544));
#5428=CARTESIAN_POINT('',(0.00370085715523154,-0.01,0.019301031989967));
#5429=CARTESIAN_POINT('',(0.00370085715523154,-0.01,0.019301031989967));
#5430=CARTESIAN_POINT('',(0.00745241616475421,-0.01,0.0180820765761931));
#5431=CARTESIAN_POINT('',(0.00835080562539141,-0.01,0.017790172145544));
#5432=CARTESIAN_POINT('',(0.00835080562539141,0.01,0.017790172145544));
#5433=CARTESIAN_POINT('',(0.00278811350468345,-0.01,0.019915629970218));
#5434=CARTESIAN_POINT('',(0.00278811350468345,0.01,0.019915629970218));
#5435=CARTESIAN_POINT('',(0.00280858500477028,0.01,0.019892048013995));
#5436=CARTESIAN_POINT('',(0.00114547664070977,0.01,0.0218078503962827));
#5437=CARTESIAN_POINT('',(0.00114547664070977,-0.01,0.0218078503962827));
#5438=CARTESIAN_POINT('',(0.00114547664070977,-0.01,0.0218078503962827));
#5439=CARTESIAN_POINT('',(0.00278811350468345,-0.01,0.019915629970218));
#5440=CARTESIAN_POINT('',(0.00280858500477028,-0.01,0.019892048013995));
#5441=CARTESIAN_POINT('',(0.00280858500477028,-0.01,0.019892048013995));
#5442=CARTESIAN_POINT('',(2.71050543121376E-20,-0.01,8.67361737988404E-19));
#5443=CARTESIAN_POINT('',(2.71050543121376E-20,-0.01,8.67361737988404E-19));
#5444=CARTESIAN_POINT('',(-0.000829280732054215,-0.01,0.00594241478419705));
#5445=CARTESIAN_POINT('',(-0.00282196156781623,-0.01,0.00529495353235212));
#5446=CARTESIAN_POINT('',(-0.000829280732054215,-0.01,0.00594241478419705));
#5447=CARTESIAN_POINT('',(-0.000829280732054215,0.01,0.00594241478419705));
#5448=CARTESIAN_POINT('',(2.71050543121376E-20,0.01,8.67361737988404E-19));
#5449=CARTESIAN_POINT('',(-0.00282196156781623,0.01,0.00529495353235212));
#5450=CARTESIAN_POINT('',(-0.00282196156781623,-0.01,0.00529495353235212));
#5451=CARTESIAN_POINT('',(-0.00804768987841579,-0.01,-0.00399288698261768));
#5452=CARTESIAN_POINT('',(-0.00804768987841579,0.01,-0.00399288698261768));
#5453=CARTESIAN_POINT('',(-0.00846014214425146,0.01,-0.00429255109451947));
#5454=CARTESIAN_POINT('',(-0.00670154168521733,0.01,-0.00301485307126143));
#5455=CARTESIAN_POINT('',(-0.00846014214425146,-0.01,-0.00429255109451947));
#5456=CARTESIAN_POINT('',(-0.00846014214425146,-0.01,-0.00429255109451947));
#5457=CARTESIAN_POINT('',(-0.00804768987841579,-0.01,-0.00399288698261768));
#5458=CARTESIAN_POINT('',(-0.00670154168521733,-0.01,-0.00301485307126143));
#5459=CARTESIAN_POINT('',(-0.00670154168521733,-0.01,-0.00301485307126143));
#5460=CARTESIAN_POINT('',(0.0013105882457589,-0.01,-0.00888767783423726));
#5461=CARTESIAN_POINT('',(0.0013105882457589,0.01,-0.00888767783423726));
#5462=CARTESIAN_POINT('',(0.00146813099257122,0.01,-0.0093725445525029));
#5463=CARTESIAN_POINT('',(0.000796405389851349,0.01,-0.00730518572351283));
#5464=CARTESIAN_POINT('',(0.00146813099257122,-0.01,-0.0093725445525029));
#5465=CARTESIAN_POINT('',(0.00146813099257122,-0.01,-0.0093725445525029));
#5466=CARTESIAN_POINT('',(0.0013105882457589,-0.01,-0.00888767783423726));
#5467=CARTESIAN_POINT('',(0.000796405389851349,-0.01,-0.00730518572351283));
#5468=CARTESIAN_POINT('',(0.000796405389851349,-0.01,-0.00730518572351283));
#5469=CARTESIAN_POINT('',(0.00885767795955089,-0.01,-0.0015));
#5470=CARTESIAN_POINT('',(0.00885767795955089,0.01,-0.0015));
#5471=CARTESIAN_POINT('',(0.00936749699759759,0.01,-0.0015));
#5472=CARTESIAN_POINT('',(0.00719374728496908,0.01,-0.0015));
#5473=CARTESIAN_POINT('',(0.00936749699759759,-0.01,-0.0015));
#5474=CARTESIAN_POINT('',(0.00936749699759759,-0.01,-0.0015));
#5475=CARTESIAN_POINT('',(0.00885767795955089,-0.01,-0.0015));
#5476=CARTESIAN_POINT('',(0.00719374728496908,-0.01,-0.0015));
#5477=CARTESIAN_POINT('',(0.00719374728496908,-0.01,-0.0015));
#5478=CARTESIAN_POINT('',(0.00416375779464436,-0.01,0.00796062685111241));
#5479=CARTESIAN_POINT('',(0.00416375779464436,-0.01,0.00796062685111241));
#5480=CARTESIAN_POINT('',(0.00432130054145668,-0.01,0.00844549356937806));
#5481=CARTESIAN_POINT('',(0.00364957493873681,-0.01,0.00637813474038799));
#5482=CARTESIAN_POINT('',(0.00364957493873681,-0.01,0.00637813474038799));
#5483=CARTESIAN_POINT('',(0.00364957493873681,0.01,0.00637813474038799));
#5484=CARTESIAN_POINT('',(0.00416375779464436,0.01,0.00796062685111241));
#5485=CARTESIAN_POINT('',(0.00432130054145668,0.01,0.00844549356937806));
#5486=CARTESIAN_POINT('',(0.00432130054145668,-0.01,0.00844549356937806));
#5487=CARTESIAN_POINT('',(0.0184404161786,-0.01,-0.00511809800884524));
#5488=CARTESIAN_POINT('',(0.0184404161786,0.01,-0.00511809800884524));
#5489=CARTESIAN_POINT('',(0.0177863623827866,0.01,-0.00403123523837746));
#5490=CARTESIAN_POINT('',(0.0188840951746015,0.01,-0.00585537403396633));
#5491=CARTESIAN_POINT('',(0.0188840951746015,-0.01,-0.00585537403396633));
#5492=CARTESIAN_POINT('',(0.0188840951746015,-0.01,-0.00585537403396633));
#5493=CARTESIAN_POINT('',(0.0184404161786,-0.01,-0.00511809800884524));
#5494=CARTESIAN_POINT('',(0.0177863623827866,-0.01,-0.00403123523837746));
#5495=CARTESIAN_POINT('',(0.0177863623827866,-0.01,-0.00403123523837746));
#5496=CARTESIAN_POINT('',(0.000830801520184619,-0.01,-0.0191194572334618));
#5497=CARTESIAN_POINT('',(0.000830801520184619,-0.01,-0.0191194572334618));
#5498=CARTESIAN_POINT('',(0.00166235570221484,-0.01,-0.018161556042318));
#5499=CARTESIAN_POINT('',(0.000266714701996705,-0.01,-0.01976925185506));
#5500=CARTESIAN_POINT('',(0.00166235570221484,-0.01,-0.018161556042318));
#5501=CARTESIAN_POINT('',(0.00166235570221484,0.01,-0.018161556042318));
#5502=CARTESIAN_POINT('',(0.000830801520184619,0.01,-0.0191194572334618));
#5503=CARTESIAN_POINT('',(0.000266714701996705,0.01,-0.01976925185506));
#5504=CARTESIAN_POINT('',(0.000266714701996705,-0.01,-0.01976925185506));
#5505=CARTESIAN_POINT('',(-0.0179269526012208,-0.01,-0.00669837640788421));
#5506=CARTESIAN_POINT('',(-0.0179269526012208,-0.01,-0.00669837640788421));
#5507=CARTESIAN_POINT('',(-0.0167589700574257,-0.01,-0.00719322368436109));
#5508=CARTESIAN_POINT('',(-0.0187192564234683,-0.01,-0.00636269554461768));
#5509=CARTESIAN_POINT('',(-0.0167589700574257,-0.01,-0.00719322368436109));
#5510=CARTESIAN_POINT('',(-0.0167589700574257,0.01,-0.00719322368436109));
#5511=CARTESIAN_POINT('',(-0.0179269526012208,0.01,-0.00669837640788421));
#5512=CARTESIAN_POINT('',(-0.0187192564234683,0.01,-0.00636269554461768));
#5513=CARTESIAN_POINT('',(-0.0187192564234683,-0.01,-0.00636269554461768));
#5514=CARTESIAN_POINT('',(1.7347234759768E-18,-0.01,1.7347234759768E-18));
#5515=CARTESIAN_POINT('',(1.7347234759768E-18,-0.01,1.7347234759768E-18));
#5516=CARTESIAN_POINT('',(0.0100600591611245,-0.01,0.0111263295688504));
#5517=CARTESIAN_POINT('',(-0.0015988663930512,-0.01,0.0149145441183152));
#5518=CARTESIAN_POINT('',(0.0100600591611245,-0.01,0.0111263295688504));
#5519=CARTESIAN_POINT('',(0.0100600591611245,0.01,0.0111263295688504));
#5520=CARTESIAN_POINT('',(1.7347234759768E-18,0.01,1.7347234759768E-18));
#5521=CARTESIAN_POINT('',(-0.0015988663930512,0.01,0.0149145441183152));
#5522=CARTESIAN_POINT('',(-0.0015988663930512,-0.01,0.0149145441183152));
#5523=CARTESIAN_POINT('',(-0.0141577974015616,-0.01,0.0102862419151183));
#5524=CARTESIAN_POINT('',(-0.0141577974015616,-0.01,0.0102862419151183));
#5525=CARTESIAN_POINT('',(-0.015921153158439,-0.01,0.00785919093199344));
#5526=CARTESIAN_POINT('',(-0.0123944416446842,-0.01,0.0127132928982431));
#5527=CARTESIAN_POINT('',(-0.015921153158439,0.01,0.00785919093199344));
#5528=CARTESIAN_POINT('',(-0.015921153158439,0.01,0.00785919093199344));
#5529=CARTESIAN_POINT('',(-0.0141577974015616,0.01,0.0102862419151183));
#5530=CARTESIAN_POINT('',(-0.0123944416446842,0.01,0.0127132928982431));
#5531=CARTESIAN_POINT('',(-0.0123944416446842,-0.01,0.0127132928982431));
#5532=CARTESIAN_POINT('',(3.13984949151802E-16,-0.01,-4.49293380277993E-16));
#5533=CARTESIAN_POINT('',(3.13984949151802E-16,0.01,-4.49293380277993E-16));
#5534=CARTESIAN_POINT('',(-0.000400422620306433,0.01,0.0224964366450589));
#5535=CARTESIAN_POINT('',(-0.0128991249843376,0.01,0.0184353620696323));
#5536=CARTESIAN_POINT('',(-0.0128991249843376,-0.01,0.0184353620696323));
#5537=CARTESIAN_POINT('',(-0.0128991249843376,-0.01,0.0184353620696323));
#5538=CARTESIAN_POINT('',(3.13984949151802E-16,-0.01,-4.49293380277993E-16));
#5539=CARTESIAN_POINT('',(-0.000400422620306433,-0.01,0.0224964366450589));
#5540=CARTESIAN_POINT('',(-0.000400422620306433,-0.01,0.0224964366450589));
#5541=CARTESIAN_POINT('',(0.00303268680698975,-0.01,0.00240599939378195));
#5542=CARTESIAN_POINT('',(0.00303268680698975,0.01,0.00240599939378195));
#5543=CARTESIAN_POINT('',(0.00303268680698975,-0.01,0.00240599939378195));
#5544=CARTESIAN_POINT('',(0.,-0.01,0.));
#5545=CARTESIAN_POINT('',(-0.0117525360968409,-0.01,-0.0167966632189984));
#5546=CARTESIAN_POINT('',(-0.000364829498501335,-0.01,-0.0204967533877203));
#5547=CARTESIAN_POINT('',(0.00431889114398146,-0.01,-0.0212031450225573));
#5548=CARTESIAN_POINT('',(0.00896883961414128,-0.01,-0.0196922851781343));
#5549=CARTESIAN_POINT('',(0.0123428426255146,-0.01,-0.0163677804213576));
#5550=CARTESIAN_POINT('',(0.0193808323571999,-0.01,-0.00668081859820422));
#5551=CARTESIAN_POINT('',(0.0215,-0.01,-0.00244462258051379));
#5552=CARTESIAN_POINT('',(0.0215,-0.01,0.0024446225805138));
#5553=CARTESIAN_POINT('',(0.0193808323571999,-0.01,0.0066808185982042));
#5554=CARTESIAN_POINT('',(0.0123428426255148,-0.01,0.0163677804213577));
#5555=CARTESIAN_POINT('',(0.00896883961414131,-0.01,0.0196922851781343));
#5556=CARTESIAN_POINT('',(0.00431889114398144,-0.01,0.0212031450225573));
#5557=CARTESIAN_POINT('',(-0.00036482949850139,-0.01,0.0204967533877204));
#5558=CARTESIAN_POINT('',(-0.0117525360968409,-0.01,0.0167966632189983));
#5559=CARTESIAN_POINT('',(-0.0159569522788142,-0.01,0.0146151241367566));
#5560=CARTESIAN_POINT('',(-0.0188307784793086,-0.01,0.0106596417118198));
#5561=CARTESIAN_POINT('',(-0.0196063093873723,-0.01,0.00598687165443149));
#5562=CARTESIAN_POINT('',(-0.0196063093873724,-0.01,-0.00598687165443146));
#5563=CARTESIAN_POINT('',(-0.0188307784793086,-0.01,-0.0106596417118198));
#5564=CARTESIAN_POINT('',(-0.0159569522788142,-0.01,-0.0146151241367566));
#5565=CARTESIAN_POINT('',(-0.0175391871471889,-0.01,0.00903476143657838));
#5566=CARTESIAN_POINT('',(-0.014012475633434,-0.01,0.0138888634028281));
#5567=CARTESIAN_POINT('',(-0.00984334459653654,-0.01,0.0156639256622928));
#5568=CARTESIAN_POINT('',(-0.00894227028168175,-0.01,0.0161952401096542));
#5569=CARTESIAN_POINT('',(-0.00846944419285744,-0.01,0.0147400310401326));
#5570=CARTESIAN_POINT('',(-0.0166358047596141,-0.01,0.0035));
#5571=CARTESIAN_POINT('',(-0.018165902124585,-0.01,0.0035));
#5572=CARTESIAN_POINT('',(-0.0179390393337051,-0.01,0.00452115779240044));
#5573=CARTESIAN_POINT('',(0.00887900093919694,-0.01,0.0176185510846306));
#5574=CARTESIAN_POINT('',(0.0118555178100678,-0.01,0.0142019962489491));
#5575=CARTESIAN_POINT('',(0.0126392751539175,-0.01,0.0135092088437319));
#5576=CARTESIAN_POINT('',(0.0114014003826078,-0.01,0.0126098401780304));
#5577=CARTESIAN_POINT('',(-0.00181204857879136,-0.01,0.0169031500007572));
#5578=CARTESIAN_POINT('',(-0.00228487466761568,-0.01,0.0183583590702788));
#5579=CARTESIAN_POINT('',(-0.00124359143721444,-0.01,0.0184581548464977));
#5580=CARTESIAN_POINT('',(0.00317266184142602,-0.01,0.0194726530508804));
#5581=CARTESIAN_POINT('',(-0.014012475633434,-0.01,-0.0138888634028281));
#5582=CARTESIAN_POINT('',(-0.0175391871471889,-0.01,-0.00903476143657836));
#5583=CARTESIAN_POINT('',(-0.0179390393337051,-0.01,-0.00452115779240042));
#5584=CARTESIAN_POINT('',(-0.018165902124585,-0.01,-0.0035));
#5585=CARTESIAN_POINT('',(-0.0166358047596141,-0.01,-0.0035));
#5586=CARTESIAN_POINT('',(-0.00846944419285744,-0.01,-0.0147400310401326));
#5587=CARTESIAN_POINT('',(-0.00894227028168175,-0.01,-0.0161952401096542));
#5588=CARTESIAN_POINT('',(-0.00984334459653654,-0.01,-0.0156639256622928));
#5589=CARTESIAN_POINT('',(0.00887900093919694,-0.01,-0.0176185510846306));
#5590=CARTESIAN_POINT('',(0.003172661841426,-0.01,-0.0194726530508804));
#5591=CARTESIAN_POINT('',(-0.00124359143721445,-0.01,-0.0184581548464977));
#5592=CARTESIAN_POINT('',(-0.00228487466761567,-0.01,-0.0183583590702788));
#5593=CARTESIAN_POINT('',(-0.00181204857879136,-0.01,-0.0169031500007572));
#5594=CARTESIAN_POINT('',(0.0114014003826078,-0.01,-0.0126098401780304));
#5595=CARTESIAN_POINT('',(0.0126392751539175,-0.01,-0.0135092088437318));
#5596=CARTESIAN_POINT('',(0.0118555178100678,-0.01,-0.0142019962489491));
#5597=CARTESIAN_POINT('',(0.0195,-0.01,0.003));
#5598=CARTESIAN_POINT('',(0.0195,-0.01,-0.003));
#5599=CARTESIAN_POINT('',(0.0171704575573882,-0.01,-0.00688660927234376));
#5600=CARTESIAN_POINT('',(0.0167537719199648,-0.01,-0.00784608988310722));
#5601=CARTESIAN_POINT('',(0.0155158971486551,-0.01,-0.0069467212174058));
#5602=CARTESIAN_POINT('',(0.0155158971486551,-0.01,0.0069467212174058));
#5603=CARTESIAN_POINT('',(0.0167537719199648,-0.01,0.00784608988310723));
#5604=CARTESIAN_POINT('',(0.0171704575573882,-0.01,0.00688660927234374));
#5605=CARTESIAN_POINT('',(0.00936749699759759,-0.01,0.0035));
#5606=CARTESIAN_POINT('',(0.00719374728496908,-0.01,0.0035));
#5607=CARTESIAN_POINT('',(0.00555168797132712,-0.01,0.00576010075163809));
#5608=CARTESIAN_POINT('',(0.00622341357404699,-0.01,0.00782745958062816));
#5609=CARTESIAN_POINT('',(0.00622341357404699,-0.01,-0.00782745958062817));
#5610=CARTESIAN_POINT('',(0.00555168797132712,-0.01,-0.0057601007516381));
#5611=CARTESIAN_POINT('',(0.00719374728496908,-0.01,-0.0035));
#5612=CARTESIAN_POINT('',(0.00936749699759759,-0.01,-0.0035));
#5613=CARTESIAN_POINT('',(-0.00552121588278909,-0.01,-0.0083376360663942));
#5614=CARTESIAN_POINT('',(-0.00376261542375497,-0.01,-0.00705993804313616));
#5615=CARTESIAN_POINT('',(-0.00110570764273896,-0.01,-0.00792321971226273));
#5616=CARTESIAN_POINT('',(-0.00043398204001909,-0.01,-0.00999057854125279));
#5617=CARTESIAN_POINT('',(-0.00963571264883641,-0.01,0.00267451710576957));
#5618=CARTESIAN_POINT('',(-0.00787711218980228,-0.01,0.00139681908251153));
#5619=CARTESIAN_POINT('',(-0.00787711218980228,-0.01,-0.00139681908251153));
#5620=CARTESIAN_POINT('',(-0.0096357126488364,-0.01,-0.00267451710576957));
#5621=CARTESIAN_POINT('',(-0.00376261542375497,-0.01,0.00705993804313616));
#5622=CARTESIAN_POINT('',(-0.00552121588278909,-0.01,0.0083376360663942));
#5623=CARTESIAN_POINT('',(-0.000433982040019083,-0.01,0.00999057854125279));
#5624=CARTESIAN_POINT('',(-0.00110570764273895,-0.01,0.00792321971226273));
#5625=CARTESIAN_POINT('',(0.,0.01,0.));
#5626=CARTESIAN_POINT('',(-0.0117525360968409,0.01,-0.0167966632189984));
#5627=CARTESIAN_POINT('',(-0.0159569522788142,0.01,-0.0146151241367566));
#5628=CARTESIAN_POINT('',(-0.0188307784793086,0.01,-0.0106596417118198));
#5629=CARTESIAN_POINT('',(-0.0196063093873724,0.01,-0.00598687165443146));
#5630=CARTESIAN_POINT('',(-0.0196063093873723,0.01,0.00598687165443149));
#5631=CARTESIAN_POINT('',(-0.0188307784793086,0.01,0.0106596417118198));
#5632=CARTESIAN_POINT('',(-0.0159569522788142,0.01,0.0146151241367566));
#5633=CARTESIAN_POINT('',(-0.0117525360968409,0.01,0.0167966632189983));
#5634=CARTESIAN_POINT('',(-0.00036482949850139,0.01,0.0204967533877204));
#5635=CARTESIAN_POINT('',(0.00431889114398144,0.01,0.0212031450225573));
#5636=CARTESIAN_POINT('',(0.00896883961414131,0.01,0.0196922851781343));
#5637=CARTESIAN_POINT('',(0.0123428426255148,0.01,0.0163677804213577));
#5638=CARTESIAN_POINT('',(0.0193808323571999,0.01,0.0066808185982042));
#5639=CARTESIAN_POINT('',(0.0215,0.01,0.0024446225805138));
#5640=CARTESIAN_POINT('',(0.0215,0.01,-0.00244462258051379));
#5641=CARTESIAN_POINT('',(0.0193808323571999,0.01,-0.00668081859820422));
#5642=CARTESIAN_POINT('',(0.0123428426255146,0.01,-0.0163677804213576));
#5643=CARTESIAN_POINT('',(0.00896883961414128,0.01,-0.0196922851781343));
#5644=CARTESIAN_POINT('',(0.00431889114398146,0.01,-0.0212031450225573));
#5645=CARTESIAN_POINT('',(-0.000364829498501335,0.01,-0.0204967533877203));
#5646=CARTESIAN_POINT('',(-0.0175391871471889,0.01,0.00903476143657838));
#5647=CARTESIAN_POINT('',(-0.0179390393337051,0.01,0.00452115779240044));
#5648=CARTESIAN_POINT('',(-0.018165902124585,0.01,0.0035));
#5649=CARTESIAN_POINT('',(-0.0166358047596141,0.01,0.0035));
#5650=CARTESIAN_POINT('',(-0.00846944419285744,0.01,0.0147400310401326));
#5651=CARTESIAN_POINT('',(-0.00894227028168175,0.01,0.0161952401096542));
#5652=CARTESIAN_POINT('',(-0.00984334459653654,0.01,0.0156639256622928));
#5653=CARTESIAN_POINT('',(-0.014012475633434,0.01,0.0138888634028281));
#5654=CARTESIAN_POINT('',(0.00887900093919694,0.01,0.0176185510846306));
#5655=CARTESIAN_POINT('',(0.00317266184142602,0.01,0.0194726530508804));
#5656=CARTESIAN_POINT('',(-0.00124359143721444,0.01,0.0184581548464977));
#5657=CARTESIAN_POINT('',(-0.00228487466761568,0.01,0.0183583590702788));
#5658=CARTESIAN_POINT('',(-0.00181204857879136,0.01,0.0169031500007572));
#5659=CARTESIAN_POINT('',(0.0114014003826078,0.01,0.0126098401780304));
#5660=CARTESIAN_POINT('',(0.0126392751539175,0.01,0.0135092088437319));
#5661=CARTESIAN_POINT('',(0.0118555178100678,0.01,0.0142019962489491));
#5662=CARTESIAN_POINT('',(-0.014012475633434,0.01,-0.0138888634028281));
#5663=CARTESIAN_POINT('',(-0.00984334459653654,0.01,-0.0156639256622928));
#5664=CARTESIAN_POINT('',(-0.00894227028168175,0.01,-0.0161952401096542));
#5665=CARTESIAN_POINT('',(-0.00846944419285744,0.01,-0.0147400310401326));
#5666=CARTESIAN_POINT('',(-0.0166358047596141,0.01,-0.0035));
#5667=CARTESIAN_POINT('',(-0.018165902124585,0.01,-0.0035));
#5668=CARTESIAN_POINT('',(-0.0179390393337051,0.01,-0.00452115779240042));
#5669=CARTESIAN_POINT('',(-0.0175391871471889,0.01,-0.00903476143657836));
#5670=CARTESIAN_POINT('',(0.00887900093919694,0.01,-0.0176185510846306));
#5671=CARTESIAN_POINT('',(0.0118555178100678,0.01,-0.0142019962489491));
#5672=CARTESIAN_POINT('',(0.0126392751539175,0.01,-0.0135092088437318));
#5673=CARTESIAN_POINT('',(0.0114014003826078,0.01,-0.0126098401780304));
#5674=CARTESIAN_POINT('',(-0.00181204857879136,0.01,-0.0169031500007572));
#5675=CARTESIAN_POINT('',(-0.00228487466761567,0.01,-0.0183583590702788));
#5676=CARTESIAN_POINT('',(-0.00124359143721445,0.01,-0.0184581548464977));
#5677=CARTESIAN_POINT('',(0.003172661841426,0.01,-0.0194726530508804));
#5678=CARTESIAN_POINT('',(0.0195,0.01,0.003));
#5679=CARTESIAN_POINT('',(0.0171704575573882,0.01,0.00688660927234374));
#5680=CARTESIAN_POINT('',(0.0167537719199648,0.01,0.00784608988310723));
#5681=CARTESIAN_POINT('',(0.0155158971486551,0.01,0.0069467212174058));
#5682=CARTESIAN_POINT('',(0.0155158971486551,0.01,-0.0069467212174058));
#5683=CARTESIAN_POINT('',(0.0167537719199648,0.01,-0.00784608988310722));
#5684=CARTESIAN_POINT('',(0.0171704575573882,0.01,-0.00688660927234376));
#5685=CARTESIAN_POINT('',(0.0195,0.01,-0.003));
#5686=CARTESIAN_POINT('',(0.00936749699759759,0.01,0.0035));
#5687=CARTESIAN_POINT('',(0.00622341357404699,0.01,0.00782745958062816));
#5688=CARTESIAN_POINT('',(0.00555168797132712,0.01,0.00576010075163809));
#5689=CARTESIAN_POINT('',(0.00719374728496908,0.01,0.0035));
#5690=CARTESIAN_POINT('',(0.00622341357404699,0.01,-0.00782745958062817));
#5691=CARTESIAN_POINT('',(0.00936749699759759,0.01,-0.0035));
#5692=CARTESIAN_POINT('',(0.00719374728496908,0.01,-0.0035));
#5693=CARTESIAN_POINT('',(0.00555168797132712,0.01,-0.0057601007516381));
#5694=CARTESIAN_POINT('',(-0.00552121588278909,0.01,-0.0083376360663942));
#5695=CARTESIAN_POINT('',(-0.00043398204001909,0.01,-0.00999057854125279));
#5696=CARTESIAN_POINT('',(-0.00110570764273896,0.01,-0.00792321971226273));
#5697=CARTESIAN_POINT('',(-0.00376261542375497,0.01,-0.00705993804313616));
#5698=CARTESIAN_POINT('',(-0.00963571264883641,0.01,0.00267451710576957));
#5699=CARTESIAN_POINT('',(-0.0096357126488364,0.01,-0.00267451710576957));
#5700=CARTESIAN_POINT('',(-0.00787711218980228,0.01,-0.00139681908251153));
#5701=CARTESIAN_POINT('',(-0.00787711218980228,0.01,0.00139681908251153));
#5702=CARTESIAN_POINT('',(-0.00376261542375497,0.01,0.00705993804313616));
#5703=CARTESIAN_POINT('',(-0.00110570764273895,0.01,0.00792321971226273));
#5704=CARTESIAN_POINT('',(-0.000433982040019083,0.01,0.00999057854125279));
#5705=CARTESIAN_POINT('',(-0.00552121588278909,0.01,0.0083376360663942));
#5706=CARTESIAN_POINT('',(-0.00894227028168175,-0.01,-0.0161952401096542));
#5707=CARTESIAN_POINT('',(-0.00846944419285744,-0.01,-0.0147400310401326));
#5708=CARTESIAN_POINT('',(-0.00984334459653654,-0.01,-0.0156639256622928));
#5709=CARTESIAN_POINT('',(-0.014012475633434,-0.01,-0.0138888634028281));
#5710=CARTESIAN_POINT('',(-0.0175391871471889,-0.01,-0.00903476143657836));
#5711=CARTESIAN_POINT('',(-0.0179390393337051,-0.01,-0.00452115779240042));
#5712=CARTESIAN_POINT('',(-0.0166358047596141,-0.01,-0.0035));
#5713=CARTESIAN_POINT('',(-0.018165902124585,-0.01,-0.0035));
#5714=CARTESIAN_POINT('',(-0.0166358047596141,-0.01,0.0035));
#5715=CARTESIAN_POINT('',(-0.018165902124585,-0.01,0.0035));
#5716=CARTESIAN_POINT('',(-0.0179390393337051,-0.01,0.00452115779240044));
#5717=CARTESIAN_POINT('',(-0.0175391871471889,-0.01,0.00903476143657838));
#5718=CARTESIAN_POINT('',(-0.014012475633434,-0.01,0.0138888634028281));
#5719=CARTESIAN_POINT('',(-0.00846944419285744,-0.01,0.0147400310401326));
#5720=CARTESIAN_POINT('',(-0.00894227028168175,-0.01,0.0161952401096542));
#5721=CARTESIAN_POINT('',(-0.00984334459653654,-0.01,0.0156639256622928));
#5722=CARTESIAN_POINT('',(0.0118555178100678,-0.01,-0.0142019962489491));
#5723=CARTESIAN_POINT('',(0.00887900093919694,-0.01,-0.0176185510846306));
#5724=CARTESIAN_POINT('',(0.003172661841426,-0.01,-0.0194726530508804));
#5725=CARTESIAN_POINT('',(-0.00124359143721445,-0.01,-0.0184581548464977));
#5726=CARTESIAN_POINT('',(-0.00228487466761567,-0.01,-0.0183583590702788));
#5727=CARTESIAN_POINT('',(-0.00181204857879136,-0.01,-0.0169031500007572));
#5728=CARTESIAN_POINT('',(0.0126392751539175,-0.01,-0.0135092088437318));
#5729=CARTESIAN_POINT('',(0.0114014003826078,-0.01,-0.0126098401780304));
#5730=CARTESIAN_POINT('',(0.0167537719199648,-0.01,-0.00784608988310722));
#5731=CARTESIAN_POINT('',(0.0155158971486551,-0.01,-0.0069467212174058));
#5732=CARTESIAN_POINT('',(0.0171704575573882,-0.01,-0.00688660927234376));
#5733=CARTESIAN_POINT('',(0.0195,-0.01,0.003));
#5734=CARTESIAN_POINT('',(0.0195,-0.01,-0.003));
#5735=CARTESIAN_POINT('',(0.0171704575573882,-0.01,0.00688660927234374));
#5736=CARTESIAN_POINT('',(0.0167537719199648,-0.01,0.00784608988310723));
#5737=CARTESIAN_POINT('',(0.0155158971486551,-0.01,0.0069467212174058));
#5738=CARTESIAN_POINT('',(-0.000433982040019083,-0.01,0.00999057854125279));
#5739=CARTESIAN_POINT('',(-0.00110570764273895,-0.01,0.00792321971226273));
#5740=CARTESIAN_POINT('',(-0.00376261542375497,-0.01,0.00705993804313616));
#5741=CARTESIAN_POINT('',(-0.00552121588278909,-0.01,0.0083376360663942));
#5742=CARTESIAN_POINT('',(-0.0096357126488364,-0.01,-0.00267451710576957));
#5743=CARTESIAN_POINT('',(-0.00963571264883641,-0.01,0.00267451710576957));
#5744=CARTESIAN_POINT('',(-0.00787711218980228,-0.01,0.00139681908251153));
#5745=CARTESIAN_POINT('',(-0.00787711218980228,-0.01,-0.00139681908251153));
#5746=CARTESIAN_POINT('',(-0.00043398204001909,-0.01,-0.00999057854125279));
#5747=CARTESIAN_POINT('',(-0.00552121588278909,-0.01,-0.0083376360663942));
#5748=CARTESIAN_POINT('',(-0.00110570764273896,-0.01,-0.00792321971226273));
#5749=CARTESIAN_POINT('',(-0.00376261542375497,-0.01,-0.00705993804313616));
#5750=CARTESIAN_POINT('',(0.00622341357404699,-0.01,-0.00782745958062817));
#5751=CARTESIAN_POINT('',(0.00555168797132712,-0.01,-0.0057601007516381));
#5752=CARTESIAN_POINT('',(0.00936749699759759,-0.01,-0.0035));
#5753=CARTESIAN_POINT('',(0.00719374728496908,-0.01,-0.0035));
#5754=CARTESIAN_POINT('',(0.00936749699759759,-0.01,0.0035));
#5755=CARTESIAN_POINT('',(0.00719374728496908,-0.01,0.0035));
#5756=CARTESIAN_POINT('',(0.00555168797132712,-0.01,0.00576010075163809));
#5757=CARTESIAN_POINT('',(0.00622341357404699,-0.01,0.00782745958062816));
#5758=CARTESIAN_POINT('',(0.0114014003826078,-0.01,0.0126098401780304));
#5759=CARTESIAN_POINT('',(0.0126392751539175,-0.01,0.0135092088437319));
#5760=CARTESIAN_POINT('',(0.0118555178100678,-0.01,0.0142019962489491));
#5761=CARTESIAN_POINT('',(0.00887900093919694,-0.01,0.0176185510846306));
#5762=CARTESIAN_POINT('',(0.00317266184142602,-0.01,0.0194726530508804));
#5763=CARTESIAN_POINT('',(-0.00124359143721444,-0.01,0.0184581548464977));
#5764=CARTESIAN_POINT('',(-0.00181204857879136,-0.01,0.0169031500007572));
#5765=CARTESIAN_POINT('',(-0.00228487466761568,-0.01,0.0183583590702788));
#5766=CARTESIAN_POINT('',(-0.0117525360968409,-0.01,-0.0167966632189984));
#5767=CARTESIAN_POINT('',(-0.0159569522788142,-0.01,-0.0146151241367566));
#5768=CARTESIAN_POINT('',(-0.0188307784793086,-0.01,-0.0106596417118198));
#5769=CARTESIAN_POINT('',(-0.0196063093873724,-0.01,-0.00598687165443146));
#5770=CARTESIAN_POINT('',(-0.0196063093873723,-0.01,0.00598687165443149));
#5771=CARTESIAN_POINT('',(-0.0117525360968409,-0.01,0.0167966632189983));
#5772=CARTESIAN_POINT('',(-0.0159569522788142,-0.01,0.0146151241367566));
#5773=CARTESIAN_POINT('',(-0.0188307784793086,-0.01,0.0106596417118198));
#5774=CARTESIAN_POINT('',(-0.00036482949850139,-0.01,0.0204967533877204));
#5775=CARTESIAN_POINT('',(0.00431889114398144,-0.01,0.0212031450225573));
#5776=CARTESIAN_POINT('',(0.00896883961414131,-0.01,0.0196922851781343));
#5777=CARTESIAN_POINT('',(0.0123428426255148,-0.01,0.0163677804213577));
#5778=CARTESIAN_POINT('',(0.0193808323571999,-0.01,0.0066808185982042));
#5779=CARTESIAN_POINT('',(0.0215,-0.01,0.0024446225805138));
#5780=CARTESIAN_POINT('',(0.0215,-0.01,-0.00244462258051379));
#5781=CARTESIAN_POINT('',(0.0193808323571999,-0.01,-0.00668081859820422));
#5782=CARTESIAN_POINT('',(0.0123428426255146,-0.01,-0.0163677804213576));
#5783=CARTESIAN_POINT('',(0.00896883961414128,-0.01,-0.0196922851781343));
#5784=CARTESIAN_POINT('',(0.00431889114398146,-0.01,-0.0212031450225573));
#5785=CARTESIAN_POINT('',(-0.000364829498501335,-0.01,-0.0204967533877203));
#5786=MECHANICAL_DESIGN_GEOMETRIC_PRESENTATION_REPRESENTATION('',(#3331),
#5787);
#5787=(
GEOMETRIC_REPRESENTATION_CONTEXT(3)
GLOBAL_UNCERTAINTY_ASSIGNED_CONTEXT((#5788))
GLOBAL_UNIT_ASSIGNED_CONTEXT((#5791,#5790,#5789))
REPRESENTATION_CONTEXT('Wheel Base','TOP_LEVEL_ASSEMBLY_PART')
);
#5788=UNCERTAINTY_MEASURE_WITH_UNIT(LENGTH_MEASURE(1.E-8),#5791,
'DISTANCE_ACCURACY_VALUE','Maximum Tolerance applied to model');
#5789=(
NAMED_UNIT(*)
SI_UNIT($,.STERADIAN.)
SOLID_ANGLE_UNIT()
);
#5790=(
NAMED_UNIT(*)
PLANE_ANGLE_UNIT()
SI_UNIT($,.RADIAN.)
);
#5791=(
LENGTH_UNIT()
NAMED_UNIT(*)
SI_UNIT($,.METRE.)
);
#5792=PRODUCT_DEFINITION_SHAPE('','',#5793);
#5793=PRODUCT_DEFINITION('','',#5795,#5794);
#5794=PRODUCT_DEFINITION_CONTEXT('',#5801,'design');
#5795=PRODUCT_DEFINITION_FORMATION_WITH_SPECIFIED_SOURCE('','',#5797,
 .NOT_KNOWN.);
#5796=PRODUCT_RELATED_PRODUCT_CATEGORY('','',(#5797));
#5797=PRODUCT('Wheel Base','Wheel Base','Wheel Base',(#5799));
#5798=PRODUCT_CATEGORY('','');
#5799=PRODUCT_CONTEXT('',#5801,'mechanical');
#5800=APPLICATION_PROTOCOL_DEFINITION('international standard',
'ap242_managed_model_based_3d_engineering',2020,#5801);
#5801=APPLICATION_CONTEXT('managed model based 3d engineering');
ENDSEC;
END-ISO-10303-21;
