ISO-10303-21;
HEADER;
/* Generated by software containing ST-Developer
 * from STEP Tools, Inc. (www.steptools.com) 
 */
/* OPTION: using custom renumber hook */

FILE_DESCRIPTION(
/* description */ ('STEP AP242 Edition 2',
'CAx-IF Rec.Pracs.---Representation and Presentation of Product Manufa
cturing Information (PMI)---4.0---2014-10-13',
'CAx-IF Rec.Pracs.---3D Tessellated Geometry---0.4---2014-09-14','2;1',
'CAx-IF Rec.Pracs.---User Defined Attributes---1.5---2016-08-15'),
/* implementation_level */ '2;1');

FILE_NAME(
/* name */ 'Assembly 1 - Wheel Hub',
/* time_stamp */ '2026-08-23T18:37:23Z',
/* author */ (''),
/* organization */ (''),
/* preprocessor_version */ 'ST-DEVELOPER v20',
/* originating_system */ 'ONSHAPE BY PTC INC, 1.219',
/* authorisation */ '  ');

FILE_SCHEMA (('AP242_MANAGED_MODEL_BASED_3D_ENGINEERING_MIM_LF { 1 0 10303 442 3 1 4 }'));
ENDSEC;

DATA;
#10=SHAPE_REPRESENTATION_RELATIONSHIP('','',#1250,#11);
#11=ADVANCED_BREP_SHAPE_REPRESENTATION('',(#1248),#2293);
#12=TOROIDAL_SURFACE('',#1329,0.005489635,0.0025);
#13=TOROIDAL_SURFACE('',#1330,0.005489635,0.0025);
#14=TOROIDAL_SURFACE('',#1371,0.0025,0.0005);
#15=TOROIDAL_SURFACE('',#1375,0.0185,0.0005);
#16=TOROIDAL_SURFACE('',#1377,0.00300528521560898,0.0005);
#17=TOROIDAL_SURFACE('',#1379,0.0185,0.0005);
#18=TOROIDAL_SURFACE('',#1383,0.0015,0.0005);
#19=TOROIDAL_SURFACE('',#1384,0.0025,0.0005);
#20=TOROIDAL_SURFACE('',#1388,0.0185,0.0005);
#21=TOROIDAL_SURFACE('',#1390,0.00300528521560898,0.0005);
#22=TOROIDAL_SURFACE('',#1392,0.0185,0.0005);
#23=TOROIDAL_SURFACE('',#1396,0.0015,0.0005);
#24=TOROIDAL_SURFACE('',#1397,0.0015,0.0005);
#25=TOROIDAL_SURFACE('',#1401,0.0185,0.0005);
#26=TOROIDAL_SURFACE('',#1403,0.00300528521560898,0.0005);
#27=TOROIDAL_SURFACE('',#1405,0.0185,0.0005);
#28=TOROIDAL_SURFACE('',#1409,0.0025,0.0005);
#29=TOROIDAL_SURFACE('',#1410,0.0015,0.0005);
#30=TOROIDAL_SURFACE('',#1414,0.0185,0.0005);
#31=TOROIDAL_SURFACE('',#1416,0.00300528521560898,0.0005);
#32=TOROIDAL_SURFACE('',#1418,0.0185,0.0005);
#33=TOROIDAL_SURFACE('',#1422,0.0025,0.0005);
#34=B_SPLINE_CURVE_WITH_KNOTS('',3,(#1897,#1898,#1899,#1900),
 .UNSPECIFIED.,.F.,.F.,(4,4),(0.,0.00274659913673507),.UNSPECIFIED.);
#35=B_SPLINE_CURVE_WITH_KNOTS('',3,(#1904,#1905,#1906,#1907),
 .UNSPECIFIED.,.F.,.F.,(4,4),(0.,0.00274659913673506),.UNSPECIFIED.);
#36=B_SPLINE_CURVE_WITH_KNOTS('',3,(#1911,#1912,#1913,#1914),
 .UNSPECIFIED.,.F.,.F.,(4,4),(0.,0.00395344075162231),.UNSPECIFIED.);
#37=B_SPLINE_CURVE_WITH_KNOTS('',3,(#1922,#1923,#1924,#1925),
 .UNSPECIFIED.,.F.,.F.,(4,4),(0.,0.00395344075162228),.UNSPECIFIED.);
#38=B_SPLINE_CURVE_WITH_KNOTS('',3,(#1940,#1941,#1942,#1943),
 .UNSPECIFIED.,.F.,.F.,(4,4),(0.,0.0012930195141448),.UNSPECIFIED.);
#39=B_SPLINE_CURVE_WITH_KNOTS('',3,(#1951,#1952,#1953,#1954),
 .UNSPECIFIED.,.F.,.F.,(4,4),(0.,0.00129301951414478),.UNSPECIFIED.);
#40=B_SPLINE_CURVE_WITH_KNOTS('',3,(#1962,#1963,#1964,#1965),
 .UNSPECIFIED.,.F.,.F.,(4,4),(0.,0.00030865283982852),.UNSPECIFIED.);
#41=B_SPLINE_CURVE_WITH_KNOTS('',3,(#1977,#1978,#1979,#1980),
 .UNSPECIFIED.,.F.,.F.,(4,4),(0.,0.000308652839828563),.UNSPECIFIED.);
#42=B_SPLINE_CURVE_WITH_KNOTS('',3,(#1989,#1990,#1991,#1992),
 .UNSPECIFIED.,.F.,.F.,(4,4),(0.,0.00139720488512984),.UNSPECIFIED.);
#43=B_SPLINE_CURVE_WITH_KNOTS('',3,(#1998,#1999,#2000,#2001),
 .UNSPECIFIED.,.F.,.F.,(4,4),(0.,0.00139855934405141),.UNSPECIFIED.);
#44=B_SPLINE_CURVE_WITH_KNOTS('',3,(#2046,#2047,#2048,#2049),
 .UNSPECIFIED.,.F.,.F.,(4,4),(-0.000931789146825466,0.00123788355337491),
 .UNSPECIFIED.);
#45=B_SPLINE_CURVE_WITH_KNOTS('',3,(#2056,#2057,#2058,#2059),
 .UNSPECIFIED.,.F.,.F.,(4,4),(-0.00125229265089853,0.00094263527257898),
 .UNSPECIFIED.);
#46=B_SPLINE_CURVE_WITH_KNOTS('',3,(#2081,#2082,#2083,#2084,#2085),
 .UNSPECIFIED.,.F.,.F.,(4,1,4),(0.,0.0016459796430292,0.00329195928605841),
 .UNSPECIFIED.);
#47=B_SPLINE_CURVE_WITH_KNOTS('',3,(#2086,#2087,#2088,#2089),
 .UNSPECIFIED.,.F.,.F.,(4,4),(0.,0.000104087862945258),.UNSPECIFIED.);
#48=B_SPLINE_CURVE_WITH_KNOTS('',3,(#2091,#2092,#2093,#2094),
 .UNSPECIFIED.,.F.,.F.,(4,4),(0.,0.00138107229829345),.UNSPECIFIED.);
#49=B_SPLINE_CURVE_WITH_KNOTS('',3,(#2096,#2097,#2098,#2099),
 .UNSPECIFIED.,.F.,.F.,(4,4),(0.,0.00138107229829346),.UNSPECIFIED.);
#50=B_SPLINE_CURVE_WITH_KNOTS('',3,(#2101,#2102,#2103,#2104),
 .UNSPECIFIED.,.F.,.F.,(4,4),(0.,0.000104087862945201),.UNSPECIFIED.);
#51=B_SPLINE_CURVE_WITH_KNOTS('',3,(#2105,#2106,#2107,#2108,#2109),
 .UNSPECIFIED.,.F.,.F.,(4,1,4),(0.,0.00164574472005466,0.00329148944010932),
 .UNSPECIFIED.);
#52=B_SPLINE_CURVE_WITH_KNOTS('',3,(#2111,#2112,#2113,#2114,#2115),
 .UNSPECIFIED.,.F.,.F.,(4,1,4),(0.,0.00123078270959883,0.00246156541919766),
 .UNSPECIFIED.);
#53=B_SPLINE_CURVE_WITH_KNOTS('',3,(#2116,#2117,#2118,#2119,#2120),
 .UNSPECIFIED.,.F.,.F.,(4,1,4),(0.,0.000600690122553788,0.00120138024510758),
 .UNSPECIFIED.);
#54=B_SPLINE_CURVE_WITH_KNOTS('',3,(#2122,#2123,#2124,#2125,#2126),
 .UNSPECIFIED.,.F.,.F.,(4,1,4),(0.,0.000600690122553788,0.00120138024510758),
 .UNSPECIFIED.);
#55=B_SPLINE_CURVE_WITH_KNOTS('',3,(#2127,#2128,#2129,#2130,#2131),
 .UNSPECIFIED.,.F.,.F.,(4,1,4),(0.,0.00123059106002831,0.00246118212005662),
 .UNSPECIFIED.);
#56=B_SPLINE_CURVE_WITH_KNOTS('',3,(#2179,#2180,#2181,#2182,#2183),
 .UNSPECIFIED.,.F.,.F.,(4,1,4),(0.,0.000231448841418795,0.000462897682837589),
 .UNSPECIFIED.);
#57=B_SPLINE_CURVE_WITH_KNOTS('',3,(#2185,#2186,#2187,#2188),
 .UNSPECIFIED.,.F.,.F.,(4,4),(0.,0.000942629771082873),.UNSPECIFIED.);
#58=B_SPLINE_CURVE_WITH_KNOTS('',3,(#2190,#2191,#2192,#2193),
 .UNSPECIFIED.,.F.,.F.,(4,4),(0.,0.00124766033214284),.UNSPECIFIED.);
#59=B_SPLINE_CURVE_WITH_KNOTS('',3,(#2195,#2196,#2197,#2198),
 .UNSPECIFIED.,.F.,.F.,(4,4),(0.,0.000942629771082886),.UNSPECIFIED.);
#60=B_SPLINE_CURVE_WITH_KNOTS('',3,(#2200,#2201,#2202,#2203,#2204),
 .UNSPECIFIED.,.F.,.F.,(4,1,4),(0.,0.000231448841418787,0.000462897682837573),
 .UNSPECIFIED.);
#61=B_SPLINE_CURVE_WITH_KNOTS('',3,(#2206,#2207,#2208,#2209),
 .UNSPECIFIED.,.F.,.F.,(4,4),(0.,0.00124766033214284),.UNSPECIFIED.);
#62=CIRCLE('',#1256,0.002);
#63=CIRCLE('',#1257,0.002);
#64=CIRCLE('',#1259,0.002);
#65=CIRCLE('',#1260,0.002);
#66=CIRCLE('',#1262,0.002);
#67=CIRCLE('',#1263,0.0025);
#68=CIRCLE('',#1264,0.007);
#69=CIRCLE('',#1265,0.0025);
#70=CIRCLE('',#1266,0.002);
#71=CIRCLE('',#1267,0.002);
#72=CIRCLE('',#1268,0.0025);
#73=CIRCLE('',#1269,0.007);
#74=CIRCLE('',#1270,0.0025);
#75=CIRCLE('',#1271,0.002);
#76=CIRCLE('',#1273,0.0071);
#77=CIRCLE('',#1275,0.0071);
#78=CIRCLE('',#1276,0.0071);
#79=CIRCLE('',#1281,0.002);
#80=CIRCLE('',#1282,0.002);
#81=CIRCLE('',#1284,0.002);
#82=CIRCLE('',#1285,0.002);
#83=CIRCLE('',#1287,0.002);
#84=CIRCLE('',#1288,0.002);
#85=CIRCLE('',#1290,0.002);
#86=CIRCLE('',#1291,0.002);
#87=CIRCLE('',#1293,0.002989635);
#88=CIRCLE('',#1294,0.002989635);
#89=CIRCLE('',#1296,0.002989635);
#90=CIRCLE('',#1297,0.002989635);
#91=CIRCLE('',#1299,0.002);
#92=CIRCLE('',#1300,0.002);
#93=CIRCLE('',#1302,0.002);
#94=CIRCLE('',#1305,0.002);
#95=CIRCLE('',#1308,0.0185);
#96=CIRCLE('',#1309,0.002);
#97=CIRCLE('',#1310,0.007);
#98=CIRCLE('',#1311,0.002);
#99=CIRCLE('',#1312,0.0025);
#100=CIRCLE('',#1313,0.0185);
#101=CIRCLE('',#1314,0.00300528521560898);
#102=CIRCLE('',#1317,0.007);
#103=CIRCLE('',#1319,0.002);
#104=CIRCLE('',#1320,0.0185);
#105=CIRCLE('',#1321,0.00300528521560898);
#106=CIRCLE('',#1322,0.0185);
#107=CIRCLE('',#1323,0.0025);
#108=CIRCLE('',#1324,0.002);
#109=CIRCLE('',#1332,0.007);
#110=CIRCLE('',#1334,0.0025);
#111=CIRCLE('',#1335,0.0025);
#112=CIRCLE('',#1336,0.0025);
#113=CIRCLE('',#1337,0.0185);
#114=CIRCLE('',#1338,0.00300528521560898);
#115=CIRCLE('',#1339,0.0185);
#116=CIRCLE('',#1341,0.007);
#117=CIRCLE('',#1343,0.0025);
#118=CIRCLE('',#1344,0.0025);
#119=CIRCLE('',#1345,0.0185);
#120=CIRCLE('',#1346,0.00300528521560898);
#121=CIRCLE('',#1347,0.0185);
#122=CIRCLE('',#1348,0.0025);
#123=CIRCLE('',#1354,0.00350528521560899);
#124=CIRCLE('',#1355,0.00350528521560899);
#125=CIRCLE('',#1357,0.018);
#126=CIRCLE('',#1358,0.018);
#127=CIRCLE('',#1360,0.018);
#128=CIRCLE('',#1361,0.018);
#129=CIRCLE('',#1363,0.00350528521560899);
#130=CIRCLE('',#1364,0.00350528521560899);
#131=CIRCLE('',#1366,0.018);
#132=CIRCLE('',#1367,0.018);
#133=CIRCLE('',#1369,0.018);
#134=CIRCLE('',#1370,0.018);
#135=CIRCLE('',#1372,0.0005);
#136=CIRCLE('',#1374,0.0005);
#137=CIRCLE('',#1376,0.0005);
#138=CIRCLE('',#1378,0.0005);
#139=CIRCLE('',#1380,0.0005);
#140=CIRCLE('',#1382,0.0005);
#141=CIRCLE('',#1385,0.0005);
#142=CIRCLE('',#1387,0.0005);
#143=CIRCLE('',#1389,0.0005);
#144=CIRCLE('',#1391,0.0005);
#145=CIRCLE('',#1393,0.0005);
#146=CIRCLE('',#1395,0.0005);
#147=CIRCLE('',#1398,0.0005);
#148=CIRCLE('',#1400,0.0005);
#149=CIRCLE('',#1402,0.0005);
#150=CIRCLE('',#1404,0.0005);
#151=CIRCLE('',#1406,0.0005);
#152=CIRCLE('',#1408,0.0005);
#153=CIRCLE('',#1411,0.0005);
#154=CIRCLE('',#1413,0.0005);
#155=CIRCLE('',#1415,0.0005);
#156=CIRCLE('',#1417,0.0005);
#157=CIRCLE('',#1419,0.0005);
#158=CIRCLE('',#1421,0.0005);
#159=CYLINDRICAL_SURFACE('',#1255,0.002);
#160=CYLINDRICAL_SURFACE('',#1258,0.002);
#161=CYLINDRICAL_SURFACE('',#1274,0.0071);
#162=CYLINDRICAL_SURFACE('',#1280,0.002);
#163=CYLINDRICAL_SURFACE('',#1283,0.002);
#164=CYLINDRICAL_SURFACE('',#1286,0.002);
#165=CYLINDRICAL_SURFACE('',#1289,0.002);
#166=CYLINDRICAL_SURFACE('',#1292,0.002989635);
#167=CYLINDRICAL_SURFACE('',#1295,0.002989635);
#168=CYLINDRICAL_SURFACE('',#1303,0.002);
#169=CYLINDRICAL_SURFACE('',#1306,0.002);
#170=CYLINDRICAL_SURFACE('',#1315,0.007);
#171=CYLINDRICAL_SURFACE('',#1316,0.007);
#172=CYLINDRICAL_SURFACE('',#1325,0.002);
#173=CYLINDRICAL_SURFACE('',#1326,0.002);
#174=CYLINDRICAL_SURFACE('',#1327,0.002);
#175=CYLINDRICAL_SURFACE('',#1328,0.002);
#176=CYLINDRICAL_SURFACE('',#1331,0.007);
#177=CYLINDRICAL_SURFACE('',#1340,0.007);
#178=CYLINDRICAL_SURFACE('',#1349,0.0025);
#179=CYLINDRICAL_SURFACE('',#1350,0.0025);
#180=CYLINDRICAL_SURFACE('',#1351,0.0025);
#181=CYLINDRICAL_SURFACE('',#1352,0.0025);
#182=CYLINDRICAL_SURFACE('',#1353,0.00350528521560899);
#183=CYLINDRICAL_SURFACE('',#1356,0.018);
#184=CYLINDRICAL_SURFACE('',#1359,0.018);
#185=CYLINDRICAL_SURFACE('',#1362,0.00350528521560899);
#186=CYLINDRICAL_SURFACE('',#1365,0.018);
#187=CYLINDRICAL_SURFACE('',#1368,0.018);
#188=CYLINDRICAL_SURFACE('',#1373,0.0005);
#189=CYLINDRICAL_SURFACE('',#1381,0.0005);
#190=CYLINDRICAL_SURFACE('',#1386,0.0005);
#191=CYLINDRICAL_SURFACE('',#1394,0.0005);
#192=CYLINDRICAL_SURFACE('',#1399,0.0005);
#193=CYLINDRICAL_SURFACE('',#1407,0.0005);
#194=CYLINDRICAL_SURFACE('',#1412,0.0005);
#195=CYLINDRICAL_SURFACE('',#1420,0.0005);
#196=ORIENTED_EDGE('',*,*,#562,.F.);
#197=ORIENTED_EDGE('',*,*,#563,.T.);
#198=ORIENTED_EDGE('',*,*,#564,.T.);
#199=ORIENTED_EDGE('',*,*,#565,.T.);
#200=ORIENTED_EDGE('',*,*,#566,.T.);
#201=ORIENTED_EDGE('',*,*,#567,.T.);
#202=ORIENTED_EDGE('',*,*,#568,.T.);
#203=ORIENTED_EDGE('',*,*,#569,.T.);
#204=ORIENTED_EDGE('',*,*,#570,.T.);
#205=ORIENTED_EDGE('',*,*,#571,.T.);
#206=ORIENTED_EDGE('',*,*,#572,.F.);
#207=ORIENTED_EDGE('',*,*,#573,.T.);
#208=ORIENTED_EDGE('',*,*,#574,.F.);
#209=ORIENTED_EDGE('',*,*,#575,.T.);
#210=ORIENTED_EDGE('',*,*,#576,.F.);
#211=ORIENTED_EDGE('',*,*,#577,.F.);
#212=ORIENTED_EDGE('',*,*,#578,.T.);
#213=ORIENTED_EDGE('',*,*,#579,.T.);
#214=ORIENTED_EDGE('',*,*,#580,.F.);
#215=ORIENTED_EDGE('',*,*,#581,.T.);
#216=ORIENTED_EDGE('',*,*,#582,.T.);
#217=ORIENTED_EDGE('',*,*,#583,.F.);
#218=ORIENTED_EDGE('',*,*,#584,.T.);
#219=ORIENTED_EDGE('',*,*,#585,.T.);
#220=ORIENTED_EDGE('',*,*,#586,.F.);
#221=ORIENTED_EDGE('',*,*,#587,.T.);
#222=ORIENTED_EDGE('',*,*,#588,.T.);
#223=ORIENTED_EDGE('',*,*,#589,.T.);
#224=ORIENTED_EDGE('',*,*,#583,.T.);
#225=ORIENTED_EDGE('',*,*,#590,.T.);
#226=ORIENTED_EDGE('',*,*,#591,.T.);
#227=ORIENTED_EDGE('',*,*,#592,.T.);
#228=ORIENTED_EDGE('',*,*,#593,.T.);
#229=ORIENTED_EDGE('',*,*,#591,.F.);
#230=ORIENTED_EDGE('',*,*,#594,.T.);
#231=ORIENTED_EDGE('',*,*,#595,.F.);
#232=ORIENTED_EDGE('',*,*,#596,.T.);
#233=ORIENTED_EDGE('',*,*,#593,.F.);
#234=ORIENTED_EDGE('',*,*,#597,.T.);
#235=ORIENTED_EDGE('',*,*,#598,.T.);
#236=ORIENTED_EDGE('',*,*,#599,.F.);
#237=ORIENTED_EDGE('',*,*,#600,.T.);
#238=ORIENTED_EDGE('',*,*,#601,.T.);
#239=ORIENTED_EDGE('',*,*,#602,.T.);
#240=ORIENTED_EDGE('',*,*,#603,.T.);
#241=ORIENTED_EDGE('',*,*,#589,.F.);
#242=ORIENTED_EDGE('',*,*,#604,.T.);
#243=ORIENTED_EDGE('',*,*,#605,.T.);
#244=ORIENTED_EDGE('',*,*,#606,.T.);
#245=ORIENTED_EDGE('',*,*,#607,.T.);
#246=ORIENTED_EDGE('',*,*,#595,.T.);
#247=ORIENTED_EDGE('',*,*,#608,.T.);
#248=ORIENTED_EDGE('',*,*,#609,.T.);
#249=ORIENTED_EDGE('',*,*,#610,.F.);
#250=ORIENTED_EDGE('',*,*,#611,.F.);
#251=ORIENTED_EDGE('',*,*,#612,.T.);
#252=ORIENTED_EDGE('',*,*,#613,.T.);
#253=ORIENTED_EDGE('',*,*,#614,.T.);
#254=ORIENTED_EDGE('',*,*,#564,.F.);
#255=ORIENTED_EDGE('',*,*,#615,.T.);
#256=ORIENTED_EDGE('',*,*,#616,.T.);
#257=ORIENTED_EDGE('',*,*,#617,.T.);
#258=ORIENTED_EDGE('',*,*,#608,.F.);
#259=ORIENTED_EDGE('',*,*,#594,.F.);
#260=ORIENTED_EDGE('',*,*,#590,.F.);
#261=ORIENTED_EDGE('',*,*,#582,.F.);
#262=ORIENTED_EDGE('',*,*,#618,.T.);
#263=ORIENTED_EDGE('',*,*,#619,.T.);
#264=ORIENTED_EDGE('',*,*,#620,.T.);
#265=ORIENTED_EDGE('',*,*,#621,.T.);
#266=ORIENTED_EDGE('',*,*,#566,.F.);
#267=ORIENTED_EDGE('',*,*,#622,.T.);
#268=ORIENTED_EDGE('',*,*,#623,.T.);
#269=ORIENTED_EDGE('',*,*,#584,.F.);
#270=ORIENTED_EDGE('',*,*,#592,.F.);
#271=ORIENTED_EDGE('',*,*,#596,.F.);
#272=ORIENTED_EDGE('',*,*,#614,.F.);
#273=ORIENTED_EDGE('',*,*,#624,.T.);
#274=ORIENTED_EDGE('',*,*,#625,.T.);
#275=ORIENTED_EDGE('',*,*,#626,.T.);
#276=ORIENTED_EDGE('',*,*,#570,.F.);
#277=ORIENTED_EDGE('',*,*,#627,.T.);
#278=ORIENTED_EDGE('',*,*,#628,.T.);
#279=ORIENTED_EDGE('',*,*,#578,.F.);
#280=ORIENTED_EDGE('',*,*,#603,.F.);
#281=ORIENTED_EDGE('',*,*,#629,.T.);
#282=ORIENTED_EDGE('',*,*,#606,.F.);
#283=ORIENTED_EDGE('',*,*,#630,.T.);
#284=ORIENTED_EDGE('',*,*,#631,.T.);
#285=ORIENTED_EDGE('',*,*,#632,.T.);
#286=ORIENTED_EDGE('',*,*,#597,.F.);
#287=ORIENTED_EDGE('',*,*,#588,.F.);
#288=ORIENTED_EDGE('',*,*,#633,.T.);
#289=ORIENTED_EDGE('',*,*,#634,.T.);
#290=ORIENTED_EDGE('',*,*,#599,.T.);
#291=ORIENTED_EDGE('',*,*,#635,.T.);
#292=ORIENTED_EDGE('',*,*,#612,.F.);
#293=ORIENTED_EDGE('',*,*,#636,.F.);
#294=ORIENTED_EDGE('',*,*,#610,.T.);
#295=ORIENTED_EDGE('',*,*,#637,.T.);
#296=ORIENTED_EDGE('',*,*,#601,.F.);
#297=ORIENTED_EDGE('',*,*,#638,.F.);
#298=ORIENTED_EDGE('',*,*,#639,.F.);
#299=ORIENTED_EDGE('',*,*,#636,.T.);
#300=ORIENTED_EDGE('',*,*,#611,.T.);
#301=ORIENTED_EDGE('',*,*,#638,.T.);
#302=ORIENTED_EDGE('',*,*,#600,.F.);
#303=ORIENTED_EDGE('',*,*,#640,.F.);
#304=ORIENTED_EDGE('',*,*,#641,.T.);
#305=ORIENTED_EDGE('',*,*,#641,.F.);
#306=ORIENTED_EDGE('',*,*,#639,.T.);
#307=ORIENTED_EDGE('',*,*,#642,.T.);
#308=ORIENTED_EDGE('',*,*,#642,.F.);
#309=ORIENTED_EDGE('',*,*,#640,.T.);
#310=ORIENTED_EDGE('',*,*,#643,.T.);
#311=ORIENTED_EDGE('',*,*,#644,.T.);
#312=ORIENTED_EDGE('',*,*,#645,.T.);
#313=ORIENTED_EDGE('',*,*,#646,.T.);
#314=ORIENTED_EDGE('',*,*,#647,.T.);
#315=ORIENTED_EDGE('',*,*,#648,.T.);
#316=ORIENTED_EDGE('',*,*,#649,.T.);
#317=ORIENTED_EDGE('',*,*,#650,.T.);
#318=ORIENTED_EDGE('',*,*,#651,.T.);
#319=ORIENTED_EDGE('',*,*,#576,.T.);
#320=ORIENTED_EDGE('',*,*,#646,.F.);
#321=ORIENTED_EDGE('',*,*,#652,.T.);
#322=ORIENTED_EDGE('',*,*,#653,.T.);
#323=ORIENTED_EDGE('',*,*,#654,.T.);
#324=ORIENTED_EDGE('',*,*,#655,.T.);
#325=ORIENTED_EDGE('',*,*,#656,.T.);
#326=ORIENTED_EDGE('',*,*,#657,.T.);
#327=ORIENTED_EDGE('',*,*,#658,.F.);
#328=ORIENTED_EDGE('',*,*,#659,.T.);
#329=ORIENTED_EDGE('',*,*,#660,.T.);
#330=ORIENTED_EDGE('',*,*,#661,.T.);
#331=ORIENTED_EDGE('',*,*,#662,.T.);
#332=ORIENTED_EDGE('',*,*,#663,.T.);
#333=ORIENTED_EDGE('',*,*,#664,.T.);
#334=ORIENTED_EDGE('',*,*,#665,.T.);
#335=ORIENTED_EDGE('',*,*,#666,.T.);
#336=ORIENTED_EDGE('',*,*,#658,.T.);
#337=ORIENTED_EDGE('',*,*,#574,.T.);
#338=ORIENTED_EDGE('',*,*,#659,.F.);
#339=ORIENTED_EDGE('',*,*,#657,.F.);
#340=ORIENTED_EDGE('',*,*,#667,.T.);
#341=ORIENTED_EDGE('',*,*,#631,.F.);
#342=ORIENTED_EDGE('',*,*,#668,.T.);
#343=ORIENTED_EDGE('',*,*,#669,.T.);
#344=ORIENTED_EDGE('',*,*,#645,.F.);
#345=ORIENTED_EDGE('',*,*,#670,.T.);
#346=ORIENTED_EDGE('',*,*,#671,.T.);
#347=ORIENTED_EDGE('',*,*,#625,.F.);
#348=ORIENTED_EDGE('',*,*,#672,.T.);
#349=ORIENTED_EDGE('',*,*,#652,.F.);
#350=ORIENTED_EDGE('',*,*,#647,.F.);
#351=ORIENTED_EDGE('',*,*,#654,.F.);
#352=ORIENTED_EDGE('',*,*,#673,.T.);
#353=ORIENTED_EDGE('',*,*,#616,.F.);
#354=ORIENTED_EDGE('',*,*,#674,.T.);
#355=ORIENTED_EDGE('',*,*,#666,.F.);
#356=ORIENTED_EDGE('',*,*,#675,.T.);
#357=ORIENTED_EDGE('',*,*,#620,.F.);
#358=ORIENTED_EDGE('',*,*,#676,.T.);
#359=ORIENTED_EDGE('',*,*,#655,.F.);
#360=ORIENTED_EDGE('',*,*,#667,.F.);
#361=ORIENTED_EDGE('',*,*,#656,.F.);
#362=ORIENTED_EDGE('',*,*,#676,.F.);
#363=ORIENTED_EDGE('',*,*,#624,.F.);
#364=ORIENTED_EDGE('',*,*,#613,.F.);
#365=ORIENTED_EDGE('',*,*,#635,.F.);
#366=ORIENTED_EDGE('',*,*,#598,.F.);
#367=ORIENTED_EDGE('',*,*,#632,.F.);
#368=ORIENTED_EDGE('',*,*,#673,.F.);
#369=ORIENTED_EDGE('',*,*,#653,.F.);
#370=ORIENTED_EDGE('',*,*,#672,.F.);
#371=ORIENTED_EDGE('',*,*,#629,.F.);
#372=ORIENTED_EDGE('',*,*,#602,.F.);
#373=ORIENTED_EDGE('',*,*,#637,.F.);
#374=ORIENTED_EDGE('',*,*,#609,.F.);
#375=ORIENTED_EDGE('',*,*,#617,.F.);
#376=ORIENTED_EDGE('',*,*,#580,.T.);
#377=ORIENTED_EDGE('',*,*,#677,.T.);
#378=ORIENTED_EDGE('',*,*,#678,.F.);
#379=ORIENTED_EDGE('',*,*,#679,.T.);
#380=ORIENTED_EDGE('',*,*,#680,.T.);
#381=ORIENTED_EDGE('',*,*,#681,.T.);
#382=ORIENTED_EDGE('',*,*,#682,.T.);
#383=ORIENTED_EDGE('',*,*,#678,.T.);
#384=ORIENTED_EDGE('',*,*,#683,.T.);
#385=ORIENTED_EDGE('',*,*,#684,.T.);
#386=ORIENTED_EDGE('',*,*,#685,.T.);
#387=ORIENTED_EDGE('',*,*,#686,.T.);
#388=ORIENTED_EDGE('',*,*,#687,.T.);
#389=ORIENTED_EDGE('',*,*,#577,.T.);
#390=ORIENTED_EDGE('',*,*,#688,.F.);
#391=ORIENTED_EDGE('',*,*,#689,.T.);
#392=ORIENTED_EDGE('',*,*,#586,.T.);
#393=ORIENTED_EDGE('',*,*,#690,.T.);
#394=ORIENTED_EDGE('',*,*,#691,.T.);
#395=ORIENTED_EDGE('',*,*,#692,.T.);
#396=ORIENTED_EDGE('',*,*,#693,.T.);
#397=ORIENTED_EDGE('',*,*,#694,.T.);
#398=ORIENTED_EDGE('',*,*,#695,.T.);
#399=ORIENTED_EDGE('',*,*,#696,.T.);
#400=ORIENTED_EDGE('',*,*,#697,.T.);
#401=ORIENTED_EDGE('',*,*,#698,.T.);
#402=ORIENTED_EDGE('',*,*,#688,.T.);
#403=ORIENTED_EDGE('',*,*,#575,.F.);
#404=ORIENTED_EDGE('',*,*,#683,.F.);
#405=ORIENTED_EDGE('',*,*,#677,.F.);
#406=ORIENTED_EDGE('',*,*,#579,.F.);
#407=ORIENTED_EDGE('',*,*,#628,.F.);
#408=ORIENTED_EDGE('',*,*,#699,.T.);
#409=ORIENTED_EDGE('',*,*,#700,.T.);
#410=ORIENTED_EDGE('',*,*,#682,.F.);
#411=ORIENTED_EDGE('',*,*,#701,.T.);
#412=ORIENTED_EDGE('',*,*,#618,.F.);
#413=ORIENTED_EDGE('',*,*,#581,.F.);
#414=ORIENTED_EDGE('',*,*,#679,.F.);
#415=ORIENTED_EDGE('',*,*,#698,.F.);
#416=ORIENTED_EDGE('',*,*,#702,.T.);
#417=ORIENTED_EDGE('',*,*,#703,.T.);
#418=ORIENTED_EDGE('',*,*,#633,.F.);
#419=ORIENTED_EDGE('',*,*,#587,.F.);
#420=ORIENTED_EDGE('',*,*,#689,.F.);
#421=ORIENTED_EDGE('',*,*,#691,.F.);
#422=ORIENTED_EDGE('',*,*,#690,.F.);
#423=ORIENTED_EDGE('',*,*,#585,.F.);
#424=ORIENTED_EDGE('',*,*,#623,.F.);
#425=ORIENTED_EDGE('',*,*,#704,.T.);
#426=ORIENTED_EDGE('',*,*,#705,.T.);
#427=ORIENTED_EDGE('',*,*,#706,.T.);
#428=ORIENTED_EDGE('',*,*,#707,.T.);
#429=ORIENTED_EDGE('',*,*,#708,.T.);
#430=ORIENTED_EDGE('',*,*,#707,.F.);
#431=ORIENTED_EDGE('',*,*,#709,.T.);
#432=ORIENTED_EDGE('',*,*,#604,.F.);
#433=ORIENTED_EDGE('',*,*,#710,.T.);
#434=ORIENTED_EDGE('',*,*,#568,.F.);
#435=ORIENTED_EDGE('',*,*,#711,.T.);
#436=ORIENTED_EDGE('',*,*,#705,.F.);
#437=ORIENTED_EDGE('',*,*,#712,.T.);
#438=ORIENTED_EDGE('',*,*,#713,.F.);
#439=ORIENTED_EDGE('',*,*,#714,.T.);
#440=ORIENTED_EDGE('',*,*,#715,.F.);
#441=ORIENTED_EDGE('',*,*,#716,.T.);
#442=ORIENTED_EDGE('',*,*,#572,.T.);
#443=ORIENTED_EDGE('',*,*,#717,.T.);
#444=ORIENTED_EDGE('',*,*,#713,.T.);
#445=ORIENTED_EDGE('',*,*,#718,.T.);
#446=ORIENTED_EDGE('',*,*,#715,.T.);
#447=ORIENTED_EDGE('',*,*,#719,.T.);
#448=ORIENTED_EDGE('',*,*,#562,.T.);
#449=ORIENTED_EDGE('',*,*,#720,.T.);
#450=ORIENTED_EDGE('',*,*,#674,.F.);
#451=ORIENTED_EDGE('',*,*,#615,.F.);
#452=ORIENTED_EDGE('',*,*,#721,.F.);
#453=ORIENTED_EDGE('',*,*,#648,.F.);
#454=ORIENTED_EDGE('',*,*,#721,.T.);
#455=ORIENTED_EDGE('',*,*,#563,.F.);
#456=ORIENTED_EDGE('',*,*,#722,.F.);
#457=ORIENTED_EDGE('',*,*,#649,.F.);
#458=ORIENTED_EDGE('',*,*,#722,.T.);
#459=ORIENTED_EDGE('',*,*,#719,.F.);
#460=ORIENTED_EDGE('',*,*,#723,.F.);
#461=ORIENTED_EDGE('',*,*,#650,.F.);
#462=ORIENTED_EDGE('',*,*,#723,.T.);
#463=ORIENTED_EDGE('',*,*,#714,.F.);
#464=ORIENTED_EDGE('',*,*,#724,.F.);
#465=ORIENTED_EDGE('',*,*,#651,.F.);
#466=ORIENTED_EDGE('',*,*,#724,.T.);
#467=ORIENTED_EDGE('',*,*,#717,.F.);
#468=ORIENTED_EDGE('',*,*,#725,.F.);
#469=ORIENTED_EDGE('',*,*,#643,.F.);
#470=ORIENTED_EDGE('',*,*,#725,.T.);
#471=ORIENTED_EDGE('',*,*,#571,.F.);
#472=ORIENTED_EDGE('',*,*,#726,.F.);
#473=ORIENTED_EDGE('',*,*,#670,.F.);
#474=ORIENTED_EDGE('',*,*,#644,.F.);
#475=ORIENTED_EDGE('',*,*,#626,.F.);
#476=ORIENTED_EDGE('',*,*,#671,.F.);
#477=ORIENTED_EDGE('',*,*,#726,.T.);
#478=ORIENTED_EDGE('',*,*,#675,.F.);
#479=ORIENTED_EDGE('',*,*,#665,.F.);
#480=ORIENTED_EDGE('',*,*,#727,.F.);
#481=ORIENTED_EDGE('',*,*,#621,.F.);
#482=ORIENTED_EDGE('',*,*,#727,.T.);
#483=ORIENTED_EDGE('',*,*,#664,.F.);
#484=ORIENTED_EDGE('',*,*,#728,.F.);
#485=ORIENTED_EDGE('',*,*,#567,.F.);
#486=ORIENTED_EDGE('',*,*,#728,.T.);
#487=ORIENTED_EDGE('',*,*,#663,.F.);
#488=ORIENTED_EDGE('',*,*,#729,.F.);
#489=ORIENTED_EDGE('',*,*,#711,.F.);
#490=ORIENTED_EDGE('',*,*,#729,.T.);
#491=ORIENTED_EDGE('',*,*,#662,.F.);
#492=ORIENTED_EDGE('',*,*,#730,.F.);
#493=ORIENTED_EDGE('',*,*,#706,.F.);
#494=ORIENTED_EDGE('',*,*,#730,.T.);
#495=ORIENTED_EDGE('',*,*,#661,.F.);
#496=ORIENTED_EDGE('',*,*,#731,.F.);
#497=ORIENTED_EDGE('',*,*,#709,.F.);
#498=ORIENTED_EDGE('',*,*,#732,.F.);
#499=ORIENTED_EDGE('',*,*,#605,.F.);
#500=ORIENTED_EDGE('',*,*,#731,.T.);
#501=ORIENTED_EDGE('',*,*,#660,.F.);
#502=ORIENTED_EDGE('',*,*,#669,.F.);
#503=ORIENTED_EDGE('',*,*,#630,.F.);
#504=ORIENTED_EDGE('',*,*,#732,.T.);
#505=ORIENTED_EDGE('',*,*,#668,.F.);
#506=ORIENTED_EDGE('',*,*,#634,.F.);
#507=ORIENTED_EDGE('',*,*,#703,.F.);
#508=ORIENTED_EDGE('',*,*,#733,.F.);
#509=ORIENTED_EDGE('',*,*,#702,.F.);
#510=ORIENTED_EDGE('',*,*,#697,.F.);
#511=ORIENTED_EDGE('',*,*,#734,.F.);
#512=ORIENTED_EDGE('',*,*,#607,.F.);
#513=ORIENTED_EDGE('',*,*,#733,.T.);
#514=ORIENTED_EDGE('',*,*,#734,.T.);
#515=ORIENTED_EDGE('',*,*,#696,.F.);
#516=ORIENTED_EDGE('',*,*,#735,.F.);
#517=ORIENTED_EDGE('',*,*,#710,.F.);
#518=ORIENTED_EDGE('',*,*,#735,.T.);
#519=ORIENTED_EDGE('',*,*,#695,.F.);
#520=ORIENTED_EDGE('',*,*,#736,.F.);
#521=ORIENTED_EDGE('',*,*,#708,.F.);
#522=ORIENTED_EDGE('',*,*,#736,.T.);
#523=ORIENTED_EDGE('',*,*,#694,.F.);
#524=ORIENTED_EDGE('',*,*,#737,.F.);
#525=ORIENTED_EDGE('',*,*,#712,.F.);
#526=ORIENTED_EDGE('',*,*,#737,.T.);
#527=ORIENTED_EDGE('',*,*,#693,.F.);
#528=ORIENTED_EDGE('',*,*,#738,.F.);
#529=ORIENTED_EDGE('',*,*,#569,.F.);
#530=ORIENTED_EDGE('',*,*,#738,.T.);
#531=ORIENTED_EDGE('',*,*,#692,.F.);
#532=ORIENTED_EDGE('',*,*,#704,.F.);
#533=ORIENTED_EDGE('',*,*,#622,.F.);
#534=ORIENTED_EDGE('',*,*,#699,.F.);
#535=ORIENTED_EDGE('',*,*,#627,.F.);
#536=ORIENTED_EDGE('',*,*,#739,.F.);
#537=ORIENTED_EDGE('',*,*,#739,.T.);
#538=ORIENTED_EDGE('',*,*,#573,.F.);
#539=ORIENTED_EDGE('',*,*,#740,.F.);
#540=ORIENTED_EDGE('',*,*,#684,.F.);
#541=ORIENTED_EDGE('',*,*,#700,.F.);
#542=ORIENTED_EDGE('',*,*,#740,.T.);
#543=ORIENTED_EDGE('',*,*,#718,.F.);
#544=ORIENTED_EDGE('',*,*,#741,.F.);
#545=ORIENTED_EDGE('',*,*,#685,.F.);
#546=ORIENTED_EDGE('',*,*,#741,.T.);
#547=ORIENTED_EDGE('',*,*,#716,.F.);
#548=ORIENTED_EDGE('',*,*,#742,.F.);
#549=ORIENTED_EDGE('',*,*,#686,.F.);
#550=ORIENTED_EDGE('',*,*,#742,.T.);
#551=ORIENTED_EDGE('',*,*,#720,.F.);
#552=ORIENTED_EDGE('',*,*,#743,.F.);
#553=ORIENTED_EDGE('',*,*,#687,.F.);
#554=ORIENTED_EDGE('',*,*,#743,.T.);
#555=ORIENTED_EDGE('',*,*,#565,.F.);
#556=ORIENTED_EDGE('',*,*,#744,.F.);
#557=ORIENTED_EDGE('',*,*,#680,.F.);
#558=ORIENTED_EDGE('',*,*,#701,.F.);
#559=ORIENTED_EDGE('',*,*,#681,.F.);
#560=ORIENTED_EDGE('',*,*,#744,.T.);
#561=ORIENTED_EDGE('',*,*,#619,.F.);
#562=EDGE_CURVE('',#745,#746,#862,.T.);
#563=EDGE_CURVE('',#745,#747,#863,.F.);
#564=EDGE_CURVE('',#747,#748,#864,.F.);
#565=EDGE_CURVE('',#748,#746,#865,.T.);
#566=EDGE_CURVE('',#749,#750,#866,.T.);
#567=EDGE_CURVE('',#750,#751,#867,.T.);
#568=EDGE_CURVE('',#751,#752,#868,.T.);
#569=EDGE_CURVE('',#752,#749,#869,.F.);
#570=EDGE_CURVE('',#753,#754,#870,.F.);
#571=EDGE_CURVE('',#754,#755,#871,.T.);
#572=EDGE_CURVE('',#756,#755,#872,.T.);
#573=EDGE_CURVE('',#756,#753,#873,.F.);
#574=EDGE_CURVE('',#757,#757,#62,.T.);
#575=EDGE_CURVE('',#758,#758,#63,.F.);
#576=EDGE_CURVE('',#759,#759,#64,.F.);
#577=EDGE_CURVE('',#760,#760,#65,.T.);
#578=EDGE_CURVE('',#761,#762,#66,.F.);
#579=EDGE_CURVE('',#762,#763,#67,.F.);
#580=EDGE_CURVE('',#764,#763,#68,.T.);
#581=EDGE_CURVE('',#764,#765,#69,.F.);
#582=EDGE_CURVE('',#765,#766,#70,.T.);
#583=EDGE_CURVE('',#767,#766,#874,.T.);
#584=EDGE_CURVE('',#767,#768,#71,.T.);
#585=EDGE_CURVE('',#768,#769,#72,.F.);
#586=EDGE_CURVE('',#770,#769,#73,.T.);
#587=EDGE_CURVE('',#770,#771,#74,.F.);
#588=EDGE_CURVE('',#771,#772,#75,.F.);
#589=EDGE_CURVE('',#772,#761,#875,.T.);
#590=EDGE_CURVE('',#766,#773,#876,.T.);
#591=EDGE_CURVE('',#773,#774,#76,.F.);
#592=EDGE_CURVE('',#774,#767,#877,.F.);
#593=EDGE_CURVE('',#775,#775,#77,.T.);
#594=EDGE_CURVE('',#773,#776,#34,.T.);
#595=EDGE_CURVE('',#777,#776,#78,.F.);
#596=EDGE_CURVE('',#777,#774,#35,.T.);
#597=EDGE_CURVE('',#772,#778,#878,.F.);
#598=EDGE_CURVE('',#778,#779,#36,.T.);
#599=EDGE_CURVE('',#780,#779,#879,.T.);
#600=EDGE_CURVE('',#780,#781,#880,.T.);
#601=EDGE_CURVE('',#781,#782,#881,.T.);
#602=EDGE_CURVE('',#782,#783,#37,.F.);
#603=EDGE_CURVE('',#783,#761,#882,.T.);
#604=EDGE_CURVE('',#784,#785,#883,.T.);
#605=EDGE_CURVE('',#785,#786,#884,.F.);
#606=EDGE_CURVE('',#786,#787,#885,.T.);
#607=EDGE_CURVE('',#787,#784,#886,.T.);
#608=EDGE_CURVE('',#776,#788,#887,.T.);
#609=EDGE_CURVE('',#788,#789,#38,.T.);
#610=EDGE_CURVE('',#790,#789,#888,.T.);
#611=EDGE_CURVE('',#791,#790,#889,.T.);
#612=EDGE_CURVE('',#791,#792,#890,.T.);
#613=EDGE_CURVE('',#792,#793,#39,.F.);
#614=EDGE_CURVE('',#793,#777,#891,.F.);
#615=EDGE_CURVE('',#747,#794,#79,.T.);
#616=EDGE_CURVE('',#794,#795,#892,.T.);
#617=EDGE_CURVE('',#795,#788,#40,.T.);
#618=EDGE_CURVE('',#765,#796,#893,.T.);
#619=EDGE_CURVE('',#796,#748,#80,.T.);
#620=EDGE_CURVE('',#797,#798,#894,.T.);
#621=EDGE_CURVE('',#798,#750,#81,.T.);
#622=EDGE_CURVE('',#749,#799,#82,.T.);
#623=EDGE_CURVE('',#799,#768,#895,.T.);
#624=EDGE_CURVE('',#793,#797,#41,.T.);
#625=EDGE_CURVE('',#800,#801,#896,.F.);
#626=EDGE_CURVE('',#801,#754,#83,.F.);
#627=EDGE_CURVE('',#753,#802,#84,.F.);
#628=EDGE_CURVE('',#802,#762,#897,.T.);
#629=EDGE_CURVE('',#783,#800,#42,.T.);
#630=EDGE_CURVE('',#786,#803,#85,.F.);
#631=EDGE_CURVE('',#803,#804,#898,.T.);
#632=EDGE_CURVE('',#804,#778,#43,.T.);
#633=EDGE_CURVE('',#771,#805,#899,.F.);
#634=EDGE_CURVE('',#805,#787,#86,.F.);
#635=EDGE_CURVE('',#779,#792,#87,.T.);
#636=EDGE_CURVE('',#780,#791,#88,.T.);
#637=EDGE_CURVE('',#789,#782,#89,.T.);
#638=EDGE_CURVE('',#790,#781,#90,.T.);
#639=EDGE_CURVE('',#806,#806,#91,.T.);
#640=EDGE_CURVE('',#807,#807,#92,.T.);
#641=EDGE_CURVE('',#808,#808,#93,.T.);
#642=EDGE_CURVE('',#809,#809,#94,.T.);
#643=EDGE_CURVE('',#810,#811,#95,.F.);
#644=EDGE_CURVE('',#811,#812,#900,.F.);
#645=EDGE_CURVE('',#812,#813,#96,.F.);
#646=EDGE_CURVE('',#813,#814,#97,.T.);
#647=EDGE_CURVE('',#814,#815,#98,.F.);
#648=EDGE_CURVE('',#815,#816,#99,.F.);
#649=EDGE_CURVE('',#816,#817,#901,.T.);
#650=EDGE_CURVE('',#817,#818,#100,.F.);
#651=EDGE_CURVE('',#818,#810,#101,.T.);
#652=EDGE_CURVE('',#813,#819,#902,.T.);
#653=EDGE_CURVE('',#819,#820,#44,.T.);
#654=EDGE_CURVE('',#820,#814,#903,.F.);
#655=EDGE_CURVE('',#821,#822,#904,.T.);
#656=EDGE_CURVE('',#822,#823,#45,.T.);
#657=EDGE_CURVE('',#823,#824,#905,.F.);
#658=EDGE_CURVE('',#821,#824,#102,.T.);
#659=EDGE_CURVE('',#824,#825,#103,.F.);
#660=EDGE_CURVE('',#825,#826,#906,.T.);
#661=EDGE_CURVE('',#826,#827,#104,.F.);
#662=EDGE_CURVE('',#827,#828,#105,.T.);
#663=EDGE_CURVE('',#828,#829,#106,.F.);
#664=EDGE_CURVE('',#829,#830,#907,.F.);
#665=EDGE_CURVE('',#830,#831,#107,.F.);
#666=EDGE_CURVE('',#831,#821,#108,.F.);
#667=EDGE_CURVE('',#823,#804,#46,.T.);
#668=EDGE_CURVE('',#803,#832,#47,.F.);
#669=EDGE_CURVE('',#832,#825,#48,.F.);
#670=EDGE_CURVE('',#812,#833,#49,.T.);
#671=EDGE_CURVE('',#833,#801,#50,.T.);
#672=EDGE_CURVE('',#800,#819,#51,.T.);
#673=EDGE_CURVE('',#820,#795,#52,.T.);
#674=EDGE_CURVE('',#794,#815,#53,.F.);
#675=EDGE_CURVE('',#831,#798,#54,.T.);
#676=EDGE_CURVE('',#797,#822,#55,.T.);
#677=EDGE_CURVE('',#763,#834,#908,.F.);
#678=EDGE_CURVE('',#835,#834,#109,.T.);
#679=EDGE_CURVE('',#835,#764,#909,.T.);
#680=EDGE_CURVE('',#836,#837,#910,.F.);
#681=EDGE_CURVE('',#837,#838,#110,.F.);
#682=EDGE_CURVE('',#838,#835,#111,.F.);
#683=EDGE_CURVE('',#834,#839,#112,.F.);
#684=EDGE_CURVE('',#839,#840,#911,.T.);
#685=EDGE_CURVE('',#840,#841,#113,.F.);
#686=EDGE_CURVE('',#841,#842,#114,.T.);
#687=EDGE_CURVE('',#842,#836,#115,.F.);
#688=EDGE_CURVE('',#843,#844,#116,.T.);
#689=EDGE_CURVE('',#843,#770,#912,.T.);
#690=EDGE_CURVE('',#769,#844,#913,.F.);
#691=EDGE_CURVE('',#844,#845,#117,.F.);
#692=EDGE_CURVE('',#845,#846,#118,.F.);
#693=EDGE_CURVE('',#846,#847,#914,.T.);
#694=EDGE_CURVE('',#847,#848,#119,.F.);
#695=EDGE_CURVE('',#848,#849,#120,.T.);
#696=EDGE_CURVE('',#849,#850,#121,.F.);
#697=EDGE_CURVE('',#850,#851,#915,.F.);
#698=EDGE_CURVE('',#851,#843,#122,.F.);
#699=EDGE_CURVE('',#802,#852,#56,.F.);
#700=EDGE_CURVE('',#852,#839,#57,.F.);
#701=EDGE_CURVE('',#838,#796,#58,.T.);
#702=EDGE_CURVE('',#851,#853,#59,.T.);
#703=EDGE_CURVE('',#853,#805,#60,.T.);
#704=EDGE_CURVE('',#799,#845,#61,.F.);
#705=EDGE_CURVE('',#854,#855,#916,.T.);
#706=EDGE_CURVE('',#855,#856,#123,.F.);
#707=EDGE_CURVE('',#856,#857,#917,.F.);
#708=EDGE_CURVE('',#857,#854,#124,.F.);
#709=EDGE_CURVE('',#856,#785,#125,.T.);
#710=EDGE_CURVE('',#784,#857,#126,.T.);
#711=EDGE_CURVE('',#751,#855,#127,.T.);
#712=EDGE_CURVE('',#854,#752,#128,.T.);
#713=EDGE_CURVE('',#858,#859,#918,.F.);
#714=EDGE_CURVE('',#858,#860,#129,.F.);
#715=EDGE_CURVE('',#861,#860,#919,.T.);
#716=EDGE_CURVE('',#861,#859,#130,.F.);
#717=EDGE_CURVE('',#755,#858,#131,.T.);
#718=EDGE_CURVE('',#859,#756,#132,.T.);
#719=EDGE_CURVE('',#860,#745,#133,.T.);
#720=EDGE_CURVE('',#746,#861,#134,.T.);
#721=EDGE_CURVE('',#816,#747,#135,.T.);
#722=EDGE_CURVE('',#817,#745,#136,.T.);
#723=EDGE_CURVE('',#818,#860,#137,.T.);
#724=EDGE_CURVE('',#810,#858,#138,.T.);
#725=EDGE_CURVE('',#811,#755,#139,.T.);
#726=EDGE_CURVE('',#833,#754,#140,.T.);
#727=EDGE_CURVE('',#750,#830,#141,.T.);
#728=EDGE_CURVE('',#751,#829,#142,.T.);
#729=EDGE_CURVE('',#855,#828,#143,.T.);
#730=EDGE_CURVE('',#856,#827,#144,.T.);
#731=EDGE_CURVE('',#785,#826,#145,.T.);
#732=EDGE_CURVE('',#786,#832,#146,.T.);
#733=EDGE_CURVE('',#787,#853,#147,.T.);
#734=EDGE_CURVE('',#784,#850,#148,.T.);
#735=EDGE_CURVE('',#857,#849,#149,.T.);
#736=EDGE_CURVE('',#854,#848,#150,.T.);
#737=EDGE_CURVE('',#752,#847,#151,.T.);
#738=EDGE_CURVE('',#749,#846,#152,.T.);
#739=EDGE_CURVE('',#852,#753,#153,.T.);
#740=EDGE_CURVE('',#840,#756,#154,.T.);
#741=EDGE_CURVE('',#841,#859,#155,.T.);
#742=EDGE_CURVE('',#842,#861,#156,.T.);
#743=EDGE_CURVE('',#836,#746,#157,.T.);
#744=EDGE_CURVE('',#837,#748,#158,.T.);
#745=VERTEX_POINT('',#1828);
#746=VERTEX_POINT('',#1829);
#747=VERTEX_POINT('',#1831);
#748=VERTEX_POINT('',#1833);
#749=VERTEX_POINT('',#1837);
#750=VERTEX_POINT('',#1838);
#751=VERTEX_POINT('',#1840);
#752=VERTEX_POINT('',#1842);
#753=VERTEX_POINT('',#1846);
#754=VERTEX_POINT('',#1847);
#755=VERTEX_POINT('',#1849);
#756=VERTEX_POINT('',#1851);
#757=VERTEX_POINT('',#1855);
#758=VERTEX_POINT('',#1857);
#759=VERTEX_POINT('',#1860);
#760=VERTEX_POINT('',#1862);
#761=VERTEX_POINT('',#1865);
#762=VERTEX_POINT('',#1866);
#763=VERTEX_POINT('',#1868);
#764=VERTEX_POINT('',#1870);
#765=VERTEX_POINT('',#1872);
#766=VERTEX_POINT('',#1874);
#767=VERTEX_POINT('',#1876);
#768=VERTEX_POINT('',#1878);
#769=VERTEX_POINT('',#1880);
#770=VERTEX_POINT('',#1882);
#771=VERTEX_POINT('',#1884);
#772=VERTEX_POINT('',#1886);
#773=VERTEX_POINT('',#1890);
#774=VERTEX_POINT('',#1892);
#775=VERTEX_POINT('',#1896);
#776=VERTEX_POINT('',#1901);
#777=VERTEX_POINT('',#1903);
#778=VERTEX_POINT('',#1910);
#779=VERTEX_POINT('',#1915);
#780=VERTEX_POINT('',#1917);
#781=VERTEX_POINT('',#1919);
#782=VERTEX_POINT('',#1921);
#783=VERTEX_POINT('',#1926);
#784=VERTEX_POINT('',#1930);
#785=VERTEX_POINT('',#1931);
#786=VERTEX_POINT('',#1933);
#787=VERTEX_POINT('',#1935);
#788=VERTEX_POINT('',#1939);
#789=VERTEX_POINT('',#1944);
#790=VERTEX_POINT('',#1946);
#791=VERTEX_POINT('',#1948);
#792=VERTEX_POINT('',#1950);
#793=VERTEX_POINT('',#1955);
#794=VERTEX_POINT('',#1959);
#795=VERTEX_POINT('',#1961);
#796=VERTEX_POINT('',#1967);
#797=VERTEX_POINT('',#1971);
#798=VERTEX_POINT('',#1972);
#799=VERTEX_POINT('',#1975);
#800=VERTEX_POINT('',#1983);
#801=VERTEX_POINT('',#1984);
#802=VERTEX_POINT('',#1987);
#803=VERTEX_POINT('',#1995);
#804=VERTEX_POINT('',#1997);
#805=VERTEX_POINT('',#2003);
#806=VERTEX_POINT('',#2013);
#807=VERTEX_POINT('',#2015);
#808=VERTEX_POINT('',#2018);
#809=VERTEX_POINT('',#2022);
#810=VERTEX_POINT('',#2026);
#811=VERTEX_POINT('',#2027);
#812=VERTEX_POINT('',#2029);
#813=VERTEX_POINT('',#2031);
#814=VERTEX_POINT('',#2033);
#815=VERTEX_POINT('',#2035);
#816=VERTEX_POINT('',#2037);
#817=VERTEX_POINT('',#2039);
#818=VERTEX_POINT('',#2041);
#819=VERTEX_POINT('',#2045);
#820=VERTEX_POINT('',#2050);
#821=VERTEX_POINT('',#2054);
#822=VERTEX_POINT('',#2055);
#823=VERTEX_POINT('',#2060);
#824=VERTEX_POINT('',#2062);
#825=VERTEX_POINT('',#2066);
#826=VERTEX_POINT('',#2068);
#827=VERTEX_POINT('',#2070);
#828=VERTEX_POINT('',#2072);
#829=VERTEX_POINT('',#2074);
#830=VERTEX_POINT('',#2076);
#831=VERTEX_POINT('',#2078);
#832=VERTEX_POINT('',#2090);
#833=VERTEX_POINT('',#2100);
#834=VERTEX_POINT('',#2136);
#835=VERTEX_POINT('',#2138);
#836=VERTEX_POINT('',#2142);
#837=VERTEX_POINT('',#2143);
#838=VERTEX_POINT('',#2145);
#839=VERTEX_POINT('',#2148);
#840=VERTEX_POINT('',#2150);
#841=VERTEX_POINT('',#2152);
#842=VERTEX_POINT('',#2154);
#843=VERTEX_POINT('',#2158);
#844=VERTEX_POINT('',#2159);
#845=VERTEX_POINT('',#2164);
#846=VERTEX_POINT('',#2166);
#847=VERTEX_POINT('',#2168);
#848=VERTEX_POINT('',#2170);
#849=VERTEX_POINT('',#2172);
#850=VERTEX_POINT('',#2174);
#851=VERTEX_POINT('',#2176);
#852=VERTEX_POINT('',#2184);
#853=VERTEX_POINT('',#2199);
#854=VERTEX_POINT('',#2212);
#855=VERTEX_POINT('',#2213);
#856=VERTEX_POINT('',#2215);
#857=VERTEX_POINT('',#2217);
#858=VERTEX_POINT('',#2227);
#859=VERTEX_POINT('',#2228);
#860=VERTEX_POINT('',#2230);
#861=VERTEX_POINT('',#2232);
#862=LINE('',#1827,#920);
#863=LINE('',#1830,#921);
#864=LINE('',#1832,#922);
#865=LINE('',#1834,#923);
#866=LINE('',#1836,#924);
#867=LINE('',#1839,#925);
#868=LINE('',#1841,#926);
#869=LINE('',#1843,#927);
#870=LINE('',#1845,#928);
#871=LINE('',#1848,#929);
#872=LINE('',#1850,#930);
#873=LINE('',#1852,#931);
#874=LINE('',#1875,#932);
#875=LINE('',#1887,#933);
#876=LINE('',#1889,#934);
#877=LINE('',#1893,#935);
#878=LINE('',#1909,#936);
#879=LINE('',#1916,#937);
#880=LINE('',#1918,#938);
#881=LINE('',#1920,#939);
#882=LINE('',#1927,#940);
#883=LINE('',#1929,#941);
#884=LINE('',#1932,#942);
#885=LINE('',#1934,#943);
#886=LINE('',#1936,#944);
#887=LINE('',#1938,#945);
#888=LINE('',#1945,#946);
#889=LINE('',#1947,#947);
#890=LINE('',#1949,#948);
#891=LINE('',#1956,#949);
#892=LINE('',#1960,#950);
#893=LINE('',#1966,#951);
#894=LINE('',#1970,#952);
#895=LINE('',#1976,#953);
#896=LINE('',#1982,#954);
#897=LINE('',#1988,#955);
#898=LINE('',#1996,#956);
#899=LINE('',#2002,#957);
#900=LINE('',#2028,#958);
#901=LINE('',#2038,#959);
#902=LINE('',#2044,#960);
#903=LINE('',#2051,#961);
#904=LINE('',#2053,#962);
#905=LINE('',#2061,#963);
#906=LINE('',#2067,#964);
#907=LINE('',#2075,#965);
#908=LINE('',#2135,#966);
#909=LINE('',#2139,#967);
#910=LINE('',#2141,#968);
#911=LINE('',#2149,#969);
#912=LINE('',#2160,#970);
#913=LINE('',#2161,#971);
#914=LINE('',#2167,#972);
#915=LINE('',#2175,#973);
#916=LINE('',#2211,#974);
#917=LINE('',#2216,#975);
#918=LINE('',#2226,#976);
#919=LINE('',#2231,#977);
#920=VECTOR('',#1427,1.);
#921=VECTOR('',#1428,1.);
#922=VECTOR('',#1429,1.);
#923=VECTOR('',#1430,1.);
#924=VECTOR('',#1433,1.);
#925=VECTOR('',#1434,1.);
#926=VECTOR('',#1435,1.);
#927=VECTOR('',#1436,1.);
#928=VECTOR('',#1439,1.);
#929=VECTOR('',#1440,1.);
#930=VECTOR('',#1441,1.);
#931=VECTOR('',#1442,1.);
#932=VECTOR('',#1467,1.);
#933=VECTOR('',#1478,1.);
#934=VECTOR('',#1481,1.);
#935=VECTOR('',#1484,1.);
#936=VECTOR('',#1493,1.);
#937=VECTOR('',#1494,1.);
#938=VECTOR('',#1495,1.);
#939=VECTOR('',#1496,1.);
#940=VECTOR('',#1497,1.);
#941=VECTOR('',#1500,1.);
#942=VECTOR('',#1501,1.);
#943=VECTOR('',#1502,1.);
#944=VECTOR('',#1503,1.);
#945=VECTOR('',#1506,1.);
#946=VECTOR('',#1507,1.);
#947=VECTOR('',#1508,1.);
#948=VECTOR('',#1509,1.);
#949=VECTOR('',#1510,1.);
#950=VECTOR('',#1515,1.);
#951=VECTOR('',#1516,1.);
#952=VECTOR('',#1521,1.);
#953=VECTOR('',#1526,1.);
#954=VECTOR('',#1529,1.);
#955=VECTOR('',#1534,1.);
#956=VECTOR('',#1539,1.);
#957=VECTOR('',#1540,1.);
#958=VECTOR('',#1577,1.);
#959=VECTOR('',#1586,1.);
#960=VECTOR('',#1593,1.);
#961=VECTOR('',#1594,1.);
#962=VECTOR('',#1597,1.);
#963=VECTOR('',#1598,1.);
#964=VECTOR('',#1605,1.);
#965=VECTOR('',#1612,1.);
#966=VECTOR('',#1631,1.);
#967=VECTOR('',#1634,1.);
#968=VECTOR('',#1637,1.);
#969=VECTOR('',#1644,1.);
#970=VECTOR('',#1655,1.);
#971=VECTOR('',#1656,1.);
#972=VECTOR('',#1663,1.);
#973=VECTOR('',#1670,1.);
#974=VECTOR('',#1683,1.);
#975=VECTOR('',#1686,1.);
#976=VECTOR('',#1703,1.);
#977=VECTOR('',#1706,1.);
#978=EDGE_LOOP('',(#196,#197,#198,#199));
#979=EDGE_LOOP('',(#200,#201,#202,#203));
#980=EDGE_LOOP('',(#204,#205,#206,#207));
#981=EDGE_LOOP('',(#208));
#982=EDGE_LOOP('',(#209));
#983=EDGE_LOOP('',(#210));
#984=EDGE_LOOP('',(#211));
#985=EDGE_LOOP('',(#212,#213,#214,#215,#216,#217,#218,#219,#220,#221,#222,
#223));
#986=EDGE_LOOP('',(#224,#225,#226,#227));
#987=EDGE_LOOP('',(#228));
#988=EDGE_LOOP('',(#229,#230,#231,#232));
#989=EDGE_LOOP('',(#233));
#990=EDGE_LOOP('',(#234,#235,#236,#237,#238,#239,#240,#241));
#991=EDGE_LOOP('',(#242,#243,#244,#245));
#992=EDGE_LOOP('',(#246,#247,#248,#249,#250,#251,#252,#253));
#993=EDGE_LOOP('',(#254,#255,#256,#257,#258,#259,#260,#261,#262,#263));
#994=EDGE_LOOP('',(#264,#265,#266,#267,#268,#269,#270,#271,#272,#273));
#995=EDGE_LOOP('',(#274,#275,#276,#277,#278,#279,#280,#281));
#996=EDGE_LOOP('',(#282,#283,#284,#285,#286,#287,#288,#289));
#997=EDGE_LOOP('',(#290,#291,#292,#293));
#998=EDGE_LOOP('',(#294,#295,#296,#297));
#999=EDGE_LOOP('',(#298));
#1000=EDGE_LOOP('',(#299,#300,#301,#302));
#1001=EDGE_LOOP('',(#303));
#1002=EDGE_LOOP('',(#304));
#1003=EDGE_LOOP('',(#305));
#1004=EDGE_LOOP('',(#306));
#1005=EDGE_LOOP('',(#307));
#1006=EDGE_LOOP('',(#308));
#1007=EDGE_LOOP('',(#309));
#1008=EDGE_LOOP('',(#310,#311,#312,#313,#314,#315,#316,#317,#318));
#1009=EDGE_LOOP('',(#319));
#1010=EDGE_LOOP('',(#320,#321,#322,#323));
#1011=EDGE_LOOP('',(#324,#325,#326,#327));
#1012=EDGE_LOOP('',(#328,#329,#330,#331,#332,#333,#334,#335,#336));
#1013=EDGE_LOOP('',(#337));
#1014=EDGE_LOOP('',(#338,#339,#340,#341,#342,#343));
#1015=EDGE_LOOP('',(#344,#345,#346,#347,#348,#349));
#1016=EDGE_LOOP('',(#350,#351,#352,#353,#354));
#1017=EDGE_LOOP('',(#355,#356,#357,#358,#359));
#1018=EDGE_LOOP('',(#360,#361,#362,#363,#364,#365,#366,#367));
#1019=EDGE_LOOP('',(#368,#369,#370,#371,#372,#373,#374,#375));
#1020=EDGE_LOOP('',(#376,#377,#378,#379));
#1021=EDGE_LOOP('',(#380,#381,#382,#383,#384,#385,#386,#387,#388));
#1022=EDGE_LOOP('',(#389));
#1023=EDGE_LOOP('',(#390,#391,#392,#393));
#1024=EDGE_LOOP('',(#394,#395,#396,#397,#398,#399,#400,#401,#402));
#1025=EDGE_LOOP('',(#403));
#1026=EDGE_LOOP('',(#404,#405,#406,#407,#408,#409));
#1027=EDGE_LOOP('',(#410,#411,#412,#413,#414));
#1028=EDGE_LOOP('',(#415,#416,#417,#418,#419,#420));
#1029=EDGE_LOOP('',(#421,#422,#423,#424,#425));
#1030=EDGE_LOOP('',(#426,#427,#428,#429));
#1031=EDGE_LOOP('',(#430,#431,#432,#433));
#1032=EDGE_LOOP('',(#434,#435,#436,#437));
#1033=EDGE_LOOP('',(#438,#439,#440,#441));
#1034=EDGE_LOOP('',(#442,#443,#444,#445));
#1035=EDGE_LOOP('',(#446,#447,#448,#449));
#1036=EDGE_LOOP('',(#450,#451,#452,#453));
#1037=EDGE_LOOP('',(#454,#455,#456,#457));
#1038=EDGE_LOOP('',(#458,#459,#460,#461));
#1039=EDGE_LOOP('',(#462,#463,#464,#465));
#1040=EDGE_LOOP('',(#466,#467,#468,#469));
#1041=EDGE_LOOP('',(#470,#471,#472,#473,#474));
#1042=EDGE_LOOP('',(#475,#476,#477));
#1043=EDGE_LOOP('',(#478,#479,#480,#481));
#1044=EDGE_LOOP('',(#482,#483,#484,#485));
#1045=EDGE_LOOP('',(#486,#487,#488,#489));
#1046=EDGE_LOOP('',(#490,#491,#492,#493));
#1047=EDGE_LOOP('',(#494,#495,#496,#497));
#1048=EDGE_LOOP('',(#498,#499,#500,#501,#502));
#1049=EDGE_LOOP('',(#503,#504,#505));
#1050=EDGE_LOOP('',(#506,#507,#508));
#1051=EDGE_LOOP('',(#509,#510,#511,#512,#513));
#1052=EDGE_LOOP('',(#514,#515,#516,#517));
#1053=EDGE_LOOP('',(#518,#519,#520,#521));
#1054=EDGE_LOOP('',(#522,#523,#524,#525));
#1055=EDGE_LOOP('',(#526,#527,#528,#529));
#1056=EDGE_LOOP('',(#530,#531,#532,#533));
#1057=EDGE_LOOP('',(#534,#535,#536));
#1058=EDGE_LOOP('',(#537,#538,#539,#540,#541));
#1059=EDGE_LOOP('',(#542,#543,#544,#545));
#1060=EDGE_LOOP('',(#546,#547,#548,#549));
#1061=EDGE_LOOP('',(#550,#551,#552,#553));
#1062=EDGE_LOOP('',(#554,#555,#556,#557));
#1063=EDGE_LOOP('',(#558,#559,#560,#561));
#1064=FACE_BOUND('',#978,.T.);
#1065=FACE_BOUND('',#979,.T.);
#1066=FACE_BOUND('',#980,.T.);
#1067=FACE_BOUND('',#981,.T.);
#1068=FACE_BOUND('',#982,.T.);
#1069=FACE_BOUND('',#983,.T.);
#1070=FACE_BOUND('',#984,.T.);
#1071=FACE_BOUND('',#985,.T.);
#1072=FACE_BOUND('',#986,.T.);
#1073=FACE_BOUND('',#987,.T.);
#1074=FACE_BOUND('',#988,.T.);
#1075=FACE_BOUND('',#989,.T.);
#1076=FACE_BOUND('',#990,.T.);
#1077=FACE_BOUND('',#991,.T.);
#1078=FACE_BOUND('',#992,.T.);
#1079=FACE_BOUND('',#993,.T.);
#1080=FACE_BOUND('',#994,.T.);
#1081=FACE_BOUND('',#995,.T.);
#1082=FACE_BOUND('',#996,.T.);
#1083=FACE_BOUND('',#997,.T.);
#1084=FACE_BOUND('',#998,.T.);
#1085=FACE_BOUND('',#999,.T.);
#1086=FACE_BOUND('',#1000,.T.);
#1087=FACE_BOUND('',#1001,.T.);
#1088=FACE_BOUND('',#1002,.T.);
#1089=FACE_BOUND('',#1003,.T.);
#1090=FACE_BOUND('',#1004,.T.);
#1091=FACE_BOUND('',#1005,.T.);
#1092=FACE_BOUND('',#1006,.T.);
#1093=FACE_BOUND('',#1007,.T.);
#1094=FACE_BOUND('',#1008,.T.);
#1095=FACE_BOUND('',#1009,.T.);
#1096=FACE_BOUND('',#1010,.T.);
#1097=FACE_BOUND('',#1011,.T.);
#1098=FACE_BOUND('',#1012,.T.);
#1099=FACE_BOUND('',#1013,.T.);
#1100=FACE_BOUND('',#1014,.T.);
#1101=FACE_BOUND('',#1015,.T.);
#1102=FACE_BOUND('',#1016,.T.);
#1103=FACE_BOUND('',#1017,.T.);
#1104=FACE_BOUND('',#1018,.T.);
#1105=FACE_BOUND('',#1019,.T.);
#1106=FACE_BOUND('',#1020,.T.);
#1107=FACE_BOUND('',#1021,.T.);
#1108=FACE_BOUND('',#1022,.T.);
#1109=FACE_BOUND('',#1023,.T.);
#1110=FACE_BOUND('',#1024,.T.);
#1111=FACE_BOUND('',#1025,.T.);
#1112=FACE_BOUND('',#1026,.T.);
#1113=FACE_BOUND('',#1027,.T.);
#1114=FACE_BOUND('',#1028,.T.);
#1115=FACE_BOUND('',#1029,.T.);
#1116=FACE_BOUND('',#1030,.T.);
#1117=FACE_BOUND('',#1031,.T.);
#1118=FACE_BOUND('',#1032,.T.);
#1119=FACE_BOUND('',#1033,.T.);
#1120=FACE_BOUND('',#1034,.T.);
#1121=FACE_BOUND('',#1035,.T.);
#1122=FACE_BOUND('',#1036,.T.);
#1123=FACE_BOUND('',#1037,.T.);
#1124=FACE_BOUND('',#1038,.T.);
#1125=FACE_BOUND('',#1039,.T.);
#1126=FACE_BOUND('',#1040,.T.);
#1127=FACE_BOUND('',#1041,.T.);
#1128=FACE_BOUND('',#1042,.T.);
#1129=FACE_BOUND('',#1043,.T.);
#1130=FACE_BOUND('',#1044,.T.);
#1131=FACE_BOUND('',#1045,.T.);
#1132=FACE_BOUND('',#1046,.T.);
#1133=FACE_BOUND('',#1047,.T.);
#1134=FACE_BOUND('',#1048,.T.);
#1135=FACE_BOUND('',#1049,.T.);
#1136=FACE_BOUND('',#1050,.T.);
#1137=FACE_BOUND('',#1051,.T.);
#1138=FACE_BOUND('',#1052,.T.);
#1139=FACE_BOUND('',#1053,.T.);
#1140=FACE_BOUND('',#1054,.T.);
#1141=FACE_BOUND('',#1055,.T.);
#1142=FACE_BOUND('',#1056,.T.);
#1143=FACE_BOUND('',#1057,.T.);
#1144=FACE_BOUND('',#1058,.T.);
#1145=FACE_BOUND('',#1059,.T.);
#1146=FACE_BOUND('',#1060,.T.);
#1147=FACE_BOUND('',#1061,.T.);
#1148=FACE_BOUND('',#1062,.T.);
#1149=FACE_BOUND('',#1063,.T.);
#1150=PLANE('',#1252);
#1151=PLANE('',#1253);
#1152=PLANE('',#1254);
#1153=PLANE('',#1261);
#1154=PLANE('',#1272);
#1155=PLANE('',#1277);
#1156=PLANE('',#1278);
#1157=PLANE('',#1279);
#1158=PLANE('',#1298);
#1159=PLANE('',#1301);
#1160=PLANE('',#1304);
#1161=PLANE('',#1307);
#1162=PLANE('',#1318);
#1163=PLANE('',#1333);
#1164=PLANE('',#1342);
#1165=ADVANCED_FACE('',(#1064),#1150,.F.);
#1166=ADVANCED_FACE('',(#1065),#1151,.T.);
#1167=ADVANCED_FACE('',(#1066),#1152,.T.);
#1168=ADVANCED_FACE('',(#1067,#1068),#159,.F.);
#1169=ADVANCED_FACE('',(#1069,#1070),#160,.F.);
#1170=ADVANCED_FACE('',(#1071),#1153,.F.);
#1171=ADVANCED_FACE('',(#1072),#1154,.T.);
#1172=ADVANCED_FACE('',(#1073,#1074),#161,.F.);
#1173=ADVANCED_FACE('',(#1075,#1076),#1155,.T.);
#1174=ADVANCED_FACE('',(#1077),#1156,.F.);
#1175=ADVANCED_FACE('',(#1078),#1157,.T.);
#1176=ADVANCED_FACE('',(#1079),#162,.F.);
#1177=ADVANCED_FACE('',(#1080),#163,.F.);
#1178=ADVANCED_FACE('',(#1081),#164,.T.);
#1179=ADVANCED_FACE('',(#1082),#165,.T.);
#1180=ADVANCED_FACE('',(#1083),#166,.T.);
#1181=ADVANCED_FACE('',(#1084),#167,.T.);
#1182=ADVANCED_FACE('',(#1085,#1086,#1087),#1158,.T.);
#1183=ADVANCED_FACE('',(#1088),#1159,.T.);
#1184=ADVANCED_FACE('',(#1089,#1090),#168,.F.);
#1185=ADVANCED_FACE('',(#1091),#1160,.T.);
#1186=ADVANCED_FACE('',(#1092,#1093),#169,.F.);
#1187=ADVANCED_FACE('',(#1094,#1095),#1161,.T.);
#1188=ADVANCED_FACE('',(#1096),#170,.F.);
#1189=ADVANCED_FACE('',(#1097),#171,.F.);
#1190=ADVANCED_FACE('',(#1098,#1099),#1162,.T.);
#1191=ADVANCED_FACE('',(#1100),#172,.T.);
#1192=ADVANCED_FACE('',(#1101),#173,.T.);
#1193=ADVANCED_FACE('',(#1102),#174,.T.);
#1194=ADVANCED_FACE('',(#1103),#175,.T.);
#1195=ADVANCED_FACE('',(#1104),#12,.F.);
#1196=ADVANCED_FACE('',(#1105),#13,.F.);
#1197=ADVANCED_FACE('',(#1106),#176,.F.);
#1198=ADVANCED_FACE('',(#1107,#1108),#1163,.T.);
#1199=ADVANCED_FACE('',(#1109),#177,.F.);
#1200=ADVANCED_FACE('',(#1110,#1111),#1164,.T.);
#1201=ADVANCED_FACE('',(#1112),#178,.T.);
#1202=ADVANCED_FACE('',(#1113),#179,.T.);
#1203=ADVANCED_FACE('',(#1114),#180,.T.);
#1204=ADVANCED_FACE('',(#1115),#181,.T.);
#1205=ADVANCED_FACE('',(#1116),#182,.T.);
#1206=ADVANCED_FACE('',(#1117),#183,.F.);
#1207=ADVANCED_FACE('',(#1118),#184,.F.);
#1208=ADVANCED_FACE('',(#1119),#185,.T.);
#1209=ADVANCED_FACE('',(#1120),#186,.F.);
#1210=ADVANCED_FACE('',(#1121),#187,.F.);
#1211=ADVANCED_FACE('',(#1122),#14,.T.);
#1212=ADVANCED_FACE('',(#1123),#188,.T.);
#1213=ADVANCED_FACE('',(#1124),#15,.T.);
#1214=ADVANCED_FACE('',(#1125),#16,.T.);
#1215=ADVANCED_FACE('',(#1126),#17,.T.);
#1216=ADVANCED_FACE('',(#1127),#189,.T.);
#1217=ADVANCED_FACE('',(#1128),#18,.T.);
#1218=ADVANCED_FACE('',(#1129),#19,.T.);
#1219=ADVANCED_FACE('',(#1130),#190,.T.);
#1220=ADVANCED_FACE('',(#1131),#20,.T.);
#1221=ADVANCED_FACE('',(#1132),#21,.T.);
#1222=ADVANCED_FACE('',(#1133),#22,.T.);
#1223=ADVANCED_FACE('',(#1134),#191,.T.);
#1224=ADVANCED_FACE('',(#1135),#23,.T.);
#1225=ADVANCED_FACE('',(#1136),#24,.T.);
#1226=ADVANCED_FACE('',(#1137),#192,.T.);
#1227=ADVANCED_FACE('',(#1138),#25,.T.);
#1228=ADVANCED_FACE('',(#1139),#26,.T.);
#1229=ADVANCED_FACE('',(#1140),#27,.T.);
#1230=ADVANCED_FACE('',(#1141),#193,.T.);
#1231=ADVANCED_FACE('',(#1142),#28,.T.);
#1232=ADVANCED_FACE('',(#1143),#29,.T.);
#1233=ADVANCED_FACE('',(#1144),#194,.T.);
#1234=ADVANCED_FACE('',(#1145),#30,.T.);
#1235=ADVANCED_FACE('',(#1146),#31,.T.);
#1236=ADVANCED_FACE('',(#1147),#32,.T.);
#1237=ADVANCED_FACE('',(#1148),#195,.T.);
#1238=ADVANCED_FACE('',(#1149),#33,.T.);
#1239=CLOSED_SHELL('',(#1165,#1166,#1167,#1168,#1169,#1170,#1171,#1172,
#1173,#1174,#1175,#1176,#1177,#1178,#1179,#1180,#1181,#1182,#1183,#1184,
#1185,#1186,#1187,#1188,#1189,#1190,#1191,#1192,#1193,#1194,#1195,#1196,
#1197,#1198,#1199,#1200,#1201,#1202,#1203,#1204,#1205,#1206,#1207,#1208,
#1209,#1210,#1211,#1212,#1213,#1214,#1215,#1216,#1217,#1218,#1219,#1220,
#1221,#1222,#1223,#1224,#1225,#1226,#1227,#1228,#1229,#1230,#1231,#1232,
#1233,#1234,#1235,#1236,#1237,#1238));
#1240=STYLED_ITEM('',(#1241),#1248);
#1241=PRESENTATION_STYLE_ASSIGNMENT((#1242));
#1242=SURFACE_STYLE_USAGE(.BOTH.,#1243);
#1243=SURFACE_SIDE_STYLE('',(#1244));
#1244=SURFACE_STYLE_FILL_AREA(#1245);
#1245=FILL_AREA_STYLE('',(#1246));
#1246=FILL_AREA_STYLE_COLOUR('',#1247);
#1247=COLOUR_RGB('',0.537254901960784,0.854901960784314,0.827450980392157);
#1248=MANIFOLD_SOLID_BREP('Wheel Hub',#1239);
#1249=SHAPE_DEFINITION_REPRESENTATION(#2298,#1250);
#1250=SHAPE_REPRESENTATION('Wheel Hub',(#1251),#2293);
#1251=AXIS2_PLACEMENT_3D('',#1825,#1423,#1424);
#1252=AXIS2_PLACEMENT_3D('',#1826,#1425,#1426);
#1253=AXIS2_PLACEMENT_3D('',#1835,#1431,#1432);
#1254=AXIS2_PLACEMENT_3D('',#1844,#1437,#1438);
#1255=AXIS2_PLACEMENT_3D('',#1853,#1443,#1444);
#1256=AXIS2_PLACEMENT_3D('',#1854,#1445,#1446);
#1257=AXIS2_PLACEMENT_3D('',#1856,#1447,#1448);
#1258=AXIS2_PLACEMENT_3D('',#1858,#1449,#1450);
#1259=AXIS2_PLACEMENT_3D('',#1859,#1451,#1452);
#1260=AXIS2_PLACEMENT_3D('',#1861,#1453,#1454);
#1261=AXIS2_PLACEMENT_3D('',#1863,#1455,#1456);
#1262=AXIS2_PLACEMENT_3D('',#1864,#1457,#1458);
#1263=AXIS2_PLACEMENT_3D('',#1867,#1459,#1460);
#1264=AXIS2_PLACEMENT_3D('',#1869,#1461,#1462);
#1265=AXIS2_PLACEMENT_3D('',#1871,#1463,#1464);
#1266=AXIS2_PLACEMENT_3D('',#1873,#1465,#1466);
#1267=AXIS2_PLACEMENT_3D('',#1877,#1468,#1469);
#1268=AXIS2_PLACEMENT_3D('',#1879,#1470,#1471);
#1269=AXIS2_PLACEMENT_3D('',#1881,#1472,#1473);
#1270=AXIS2_PLACEMENT_3D('',#1883,#1474,#1475);
#1271=AXIS2_PLACEMENT_3D('',#1885,#1476,#1477);
#1272=AXIS2_PLACEMENT_3D('',#1888,#1479,#1480);
#1273=AXIS2_PLACEMENT_3D('',#1891,#1482,#1483);
#1274=AXIS2_PLACEMENT_3D('',#1894,#1485,#1486);
#1275=AXIS2_PLACEMENT_3D('',#1895,#1487,#1488);
#1276=AXIS2_PLACEMENT_3D('',#1902,#1489,#1490);
#1277=AXIS2_PLACEMENT_3D('',#1908,#1491,#1492);
#1278=AXIS2_PLACEMENT_3D('',#1928,#1498,#1499);
#1279=AXIS2_PLACEMENT_3D('',#1937,#1504,#1505);
#1280=AXIS2_PLACEMENT_3D('',#1957,#1511,#1512);
#1281=AXIS2_PLACEMENT_3D('',#1958,#1513,#1514);
#1282=AXIS2_PLACEMENT_3D('',#1968,#1517,#1518);
#1283=AXIS2_PLACEMENT_3D('',#1969,#1519,#1520);
#1284=AXIS2_PLACEMENT_3D('',#1973,#1522,#1523);
#1285=AXIS2_PLACEMENT_3D('',#1974,#1524,#1525);
#1286=AXIS2_PLACEMENT_3D('',#1981,#1527,#1528);
#1287=AXIS2_PLACEMENT_3D('',#1985,#1530,#1531);
#1288=AXIS2_PLACEMENT_3D('',#1986,#1532,#1533);
#1289=AXIS2_PLACEMENT_3D('',#1993,#1535,#1536);
#1290=AXIS2_PLACEMENT_3D('',#1994,#1537,#1538);
#1291=AXIS2_PLACEMENT_3D('',#2004,#1541,#1542);
#1292=AXIS2_PLACEMENT_3D('',#2005,#1543,#1544);
#1293=AXIS2_PLACEMENT_3D('',#2006,#1545,#1546);
#1294=AXIS2_PLACEMENT_3D('',#2007,#1547,#1548);
#1295=AXIS2_PLACEMENT_3D('',#2008,#1549,#1550);
#1296=AXIS2_PLACEMENT_3D('',#2009,#1551,#1552);
#1297=AXIS2_PLACEMENT_3D('',#2010,#1553,#1554);
#1298=AXIS2_PLACEMENT_3D('',#2011,#1555,#1556);
#1299=AXIS2_PLACEMENT_3D('',#2012,#1557,#1558);
#1300=AXIS2_PLACEMENT_3D('',#2014,#1559,#1560);
#1301=AXIS2_PLACEMENT_3D('',#2016,#1561,#1562);
#1302=AXIS2_PLACEMENT_3D('',#2017,#1563,#1564);
#1303=AXIS2_PLACEMENT_3D('',#2019,#1565,#1566);
#1304=AXIS2_PLACEMENT_3D('',#2020,#1567,#1568);
#1305=AXIS2_PLACEMENT_3D('',#2021,#1569,#1570);
#1306=AXIS2_PLACEMENT_3D('',#2023,#1571,#1572);
#1307=AXIS2_PLACEMENT_3D('',#2024,#1573,#1574);
#1308=AXIS2_PLACEMENT_3D('',#2025,#1575,#1576);
#1309=AXIS2_PLACEMENT_3D('',#2030,#1578,#1579);
#1310=AXIS2_PLACEMENT_3D('',#2032,#1580,#1581);
#1311=AXIS2_PLACEMENT_3D('',#2034,#1582,#1583);
#1312=AXIS2_PLACEMENT_3D('',#2036,#1584,#1585);
#1313=AXIS2_PLACEMENT_3D('',#2040,#1587,#1588);
#1314=AXIS2_PLACEMENT_3D('',#2042,#1589,#1590);
#1315=AXIS2_PLACEMENT_3D('',#2043,#1591,#1592);
#1316=AXIS2_PLACEMENT_3D('',#2052,#1595,#1596);
#1317=AXIS2_PLACEMENT_3D('',#2063,#1599,#1600);
#1318=AXIS2_PLACEMENT_3D('',#2064,#1601,#1602);
#1319=AXIS2_PLACEMENT_3D('',#2065,#1603,#1604);
#1320=AXIS2_PLACEMENT_3D('',#2069,#1606,#1607);
#1321=AXIS2_PLACEMENT_3D('',#2071,#1608,#1609);
#1322=AXIS2_PLACEMENT_3D('',#2073,#1610,#1611);
#1323=AXIS2_PLACEMENT_3D('',#2077,#1613,#1614);
#1324=AXIS2_PLACEMENT_3D('',#2079,#1615,#1616);
#1325=AXIS2_PLACEMENT_3D('',#2080,#1617,#1618);
#1326=AXIS2_PLACEMENT_3D('',#2095,#1619,#1620);
#1327=AXIS2_PLACEMENT_3D('',#2110,#1621,#1622);
#1328=AXIS2_PLACEMENT_3D('',#2121,#1623,#1624);
#1329=AXIS2_PLACEMENT_3D('',#2132,#1625,#1626);
#1330=AXIS2_PLACEMENT_3D('',#2133,#1627,#1628);
#1331=AXIS2_PLACEMENT_3D('',#2134,#1629,#1630);
#1332=AXIS2_PLACEMENT_3D('',#2137,#1632,#1633);
#1333=AXIS2_PLACEMENT_3D('',#2140,#1635,#1636);
#1334=AXIS2_PLACEMENT_3D('',#2144,#1638,#1639);
#1335=AXIS2_PLACEMENT_3D('',#2146,#1640,#1641);
#1336=AXIS2_PLACEMENT_3D('',#2147,#1642,#1643);
#1337=AXIS2_PLACEMENT_3D('',#2151,#1645,#1646);
#1338=AXIS2_PLACEMENT_3D('',#2153,#1647,#1648);
#1339=AXIS2_PLACEMENT_3D('',#2155,#1649,#1650);
#1340=AXIS2_PLACEMENT_3D('',#2156,#1651,#1652);
#1341=AXIS2_PLACEMENT_3D('',#2157,#1653,#1654);
#1342=AXIS2_PLACEMENT_3D('',#2162,#1657,#1658);
#1343=AXIS2_PLACEMENT_3D('',#2163,#1659,#1660);
#1344=AXIS2_PLACEMENT_3D('',#2165,#1661,#1662);
#1345=AXIS2_PLACEMENT_3D('',#2169,#1664,#1665);
#1346=AXIS2_PLACEMENT_3D('',#2171,#1666,#1667);
#1347=AXIS2_PLACEMENT_3D('',#2173,#1668,#1669);
#1348=AXIS2_PLACEMENT_3D('',#2177,#1671,#1672);
#1349=AXIS2_PLACEMENT_3D('',#2178,#1673,#1674);
#1350=AXIS2_PLACEMENT_3D('',#2189,#1675,#1676);
#1351=AXIS2_PLACEMENT_3D('',#2194,#1677,#1678);
#1352=AXIS2_PLACEMENT_3D('',#2205,#1679,#1680);
#1353=AXIS2_PLACEMENT_3D('',#2210,#1681,#1682);
#1354=AXIS2_PLACEMENT_3D('',#2214,#1684,#1685);
#1355=AXIS2_PLACEMENT_3D('',#2218,#1687,#1688);
#1356=AXIS2_PLACEMENT_3D('',#2219,#1689,#1690);
#1357=AXIS2_PLACEMENT_3D('',#2220,#1691,#1692);
#1358=AXIS2_PLACEMENT_3D('',#2221,#1693,#1694);
#1359=AXIS2_PLACEMENT_3D('',#2222,#1695,#1696);
#1360=AXIS2_PLACEMENT_3D('',#2223,#1697,#1698);
#1361=AXIS2_PLACEMENT_3D('',#2224,#1699,#1700);
#1362=AXIS2_PLACEMENT_3D('',#2225,#1701,#1702);
#1363=AXIS2_PLACEMENT_3D('',#2229,#1704,#1705);
#1364=AXIS2_PLACEMENT_3D('',#2233,#1707,#1708);
#1365=AXIS2_PLACEMENT_3D('',#2234,#1709,#1710);
#1366=AXIS2_PLACEMENT_3D('',#2235,#1711,#1712);
#1367=AXIS2_PLACEMENT_3D('',#2236,#1713,#1714);
#1368=AXIS2_PLACEMENT_3D('',#2237,#1715,#1716);
#1369=AXIS2_PLACEMENT_3D('',#2238,#1717,#1718);
#1370=AXIS2_PLACEMENT_3D('',#2239,#1719,#1720);
#1371=AXIS2_PLACEMENT_3D('',#2240,#1721,#1722);
#1372=AXIS2_PLACEMENT_3D('',#2241,#1723,#1724);
#1373=AXIS2_PLACEMENT_3D('',#2242,#1725,#1726);
#1374=AXIS2_PLACEMENT_3D('',#2243,#1727,#1728);
#1375=AXIS2_PLACEMENT_3D('',#2244,#1729,#1730);
#1376=AXIS2_PLACEMENT_3D('',#2245,#1731,#1732);
#1377=AXIS2_PLACEMENT_3D('',#2246,#1733,#1734);
#1378=AXIS2_PLACEMENT_3D('',#2247,#1735,#1736);
#1379=AXIS2_PLACEMENT_3D('',#2248,#1737,#1738);
#1380=AXIS2_PLACEMENT_3D('',#2249,#1739,#1740);
#1381=AXIS2_PLACEMENT_3D('',#2250,#1741,#1742);
#1382=AXIS2_PLACEMENT_3D('',#2251,#1743,#1744);
#1383=AXIS2_PLACEMENT_3D('',#2252,#1745,#1746);
#1384=AXIS2_PLACEMENT_3D('',#2253,#1747,#1748);
#1385=AXIS2_PLACEMENT_3D('',#2254,#1749,#1750);
#1386=AXIS2_PLACEMENT_3D('',#2255,#1751,#1752);
#1387=AXIS2_PLACEMENT_3D('',#2256,#1753,#1754);
#1388=AXIS2_PLACEMENT_3D('',#2257,#1755,#1756);
#1389=AXIS2_PLACEMENT_3D('',#2258,#1757,#1758);
#1390=AXIS2_PLACEMENT_3D('',#2259,#1759,#1760);
#1391=AXIS2_PLACEMENT_3D('',#2260,#1761,#1762);
#1392=AXIS2_PLACEMENT_3D('',#2261,#1763,#1764);
#1393=AXIS2_PLACEMENT_3D('',#2262,#1765,#1766);
#1394=AXIS2_PLACEMENT_3D('',#2263,#1767,#1768);
#1395=AXIS2_PLACEMENT_3D('',#2264,#1769,#1770);
#1396=AXIS2_PLACEMENT_3D('',#2265,#1771,#1772);
#1397=AXIS2_PLACEMENT_3D('',#2266,#1773,#1774);
#1398=AXIS2_PLACEMENT_3D('',#2267,#1775,#1776);
#1399=AXIS2_PLACEMENT_3D('',#2268,#1777,#1778);
#1400=AXIS2_PLACEMENT_3D('',#2269,#1779,#1780);
#1401=AXIS2_PLACEMENT_3D('',#2270,#1781,#1782);
#1402=AXIS2_PLACEMENT_3D('',#2271,#1783,#1784);
#1403=AXIS2_PLACEMENT_3D('',#2272,#1785,#1786);
#1404=AXIS2_PLACEMENT_3D('',#2273,#1787,#1788);
#1405=AXIS2_PLACEMENT_3D('',#2274,#1789,#1790);
#1406=AXIS2_PLACEMENT_3D('',#2275,#1791,#1792);
#1407=AXIS2_PLACEMENT_3D('',#2276,#1793,#1794);
#1408=AXIS2_PLACEMENT_3D('',#2277,#1795,#1796);
#1409=AXIS2_PLACEMENT_3D('',#2278,#1797,#1798);
#1410=AXIS2_PLACEMENT_3D('',#2279,#1799,#1800);
#1411=AXIS2_PLACEMENT_3D('',#2280,#1801,#1802);
#1412=AXIS2_PLACEMENT_3D('',#2281,#1803,#1804);
#1413=AXIS2_PLACEMENT_3D('',#2282,#1805,#1806);
#1414=AXIS2_PLACEMENT_3D('',#2283,#1807,#1808);
#1415=AXIS2_PLACEMENT_3D('',#2284,#1809,#1810);
#1416=AXIS2_PLACEMENT_3D('',#2285,#1811,#1812);
#1417=AXIS2_PLACEMENT_3D('',#2286,#1813,#1814);
#1418=AXIS2_PLACEMENT_3D('',#2287,#1815,#1816);
#1419=AXIS2_PLACEMENT_3D('',#2288,#1817,#1818);
#1420=AXIS2_PLACEMENT_3D('',#2289,#1819,#1820);
#1421=AXIS2_PLACEMENT_3D('',#2290,#1821,#1822);
#1422=AXIS2_PLACEMENT_3D('',#2291,#1823,#1824);
#1423=DIRECTION('',(0.,0.,1.));
#1424=DIRECTION('',(1.,0.,0.));
#1425=DIRECTION('',(-0.66436383882992,-0.74740931868366,0.));
#1426=DIRECTION('',(0.74740931868366,-0.66436383882992,0.));
#1427=DIRECTION('',(0.,0.,-1.));
#1428=DIRECTION('',(-0.74740931868366,0.66436383882992,0.));
#1429=DIRECTION('',(0.,0.,1.));
#1430=DIRECTION('',(-0.74740931868366,0.66436383882992,0.));
#1431=DIRECTION('',(-0.66436383882992,0.74740931868366,0.));
#1432=DIRECTION('',(-0.74740931868366,-0.66436383882992,0.));
#1433=DIRECTION('',(0.,0.,1.));
#1434=DIRECTION('',(0.74740931868366,0.66436383882992,0.));
#1435=DIRECTION('',(0.,0.,-1.));
#1436=DIRECTION('',(0.74740931868366,0.66436383882992,0.));
#1437=DIRECTION('',(-0.664363838829918,-0.747409318683661,0.));
#1438=DIRECTION('',(0.747409318683661,-0.664363838829918,0.));
#1439=DIRECTION('',(0.,0.,-1.));
#1440=DIRECTION('',(-0.747409318683661,0.664363838829918,0.));
#1441=DIRECTION('',(0.,0.,1.));
#1442=DIRECTION('',(-0.747409318683661,0.664363838829918,0.));
#1443=DIRECTION('',(0.,0.,1.));
#1444=DIRECTION('',(1.,0.,0.));
#1445=DIRECTION('',(0.,0.,-1.));
#1446=DIRECTION('',(1.,0.,0.));
#1447=DIRECTION('',(0.,0.,1.));
#1448=DIRECTION('',(1.,0.,0.));
#1449=DIRECTION('',(0.,0.,1.));
#1450=DIRECTION('',(1.,0.,0.));
#1451=DIRECTION('',(0.,0.,1.));
#1452=DIRECTION('',(1.,0.,0.));
#1453=DIRECTION('',(0.,0.,1.));
#1454=DIRECTION('',(1.,0.,0.));
#1455=DIRECTION('',(0.,0.,1.));
#1456=DIRECTION('',(1.,0.,0.));
#1457=DIRECTION('',(0.,0.,1.));
#1458=DIRECTION('',(1.,0.,0.));
#1459=DIRECTION('',(0.,0.,1.));
#1460=DIRECTION('',(1.,0.,0.));
#1461=DIRECTION('',(0.,0.,-1.));
#1462=DIRECTION('',(-1.,0.,0.));
#1463=DIRECTION('',(0.,0.,1.));
#1464=DIRECTION('',(1.,0.,0.));
#1465=DIRECTION('',(0.,0.,1.));
#1466=DIRECTION('',(1.,0.,0.));
#1467=DIRECTION('',(-1.,0.,0.));
#1468=DIRECTION('',(0.,0.,1.));
#1469=DIRECTION('',(1.,0.,0.));
#1470=DIRECTION('',(0.,0.,1.));
#1471=DIRECTION('',(1.,0.,0.));
#1472=DIRECTION('',(0.,0.,-1.));
#1473=DIRECTION('',(-1.,0.,0.));
#1474=DIRECTION('',(0.,0.,1.));
#1475=DIRECTION('',(1.,0.,0.));
#1476=DIRECTION('',(0.,0.,1.));
#1477=DIRECTION('',(1.,0.,0.));
#1478=DIRECTION('',(-1.,0.,0.));
#1479=DIRECTION('',(0.,1.,0.));
#1480=DIRECTION('',(0.,0.,1.));
#1481=DIRECTION('',(0.,0.,1.));
#1482=DIRECTION('',(0.,1.,0.));
#1483=DIRECTION('',(0.,0.,1.));
#1484=DIRECTION('',(0.,0.,1.));
#1485=DIRECTION('',(0.,1.,0.));
#1486=DIRECTION('',(0.,0.,1.));
#1487=DIRECTION('',(0.,-1.,0.));
#1488=DIRECTION('',(0.,0.,-1.));
#1489=DIRECTION('',(0.,1.,0.));
#1490=DIRECTION('',(0.,0.,1.));
#1491=DIRECTION('',(0.,-1.,0.));
#1492=DIRECTION('',(0.,0.,-1.));
#1493=DIRECTION('',(0.,0.,-1.));
#1494=DIRECTION('',(0.,0.,-1.));
#1495=DIRECTION('',(-1.,0.,0.));
#1496=DIRECTION('',(0.,0.,-1.));
#1497=DIRECTION('',(0.,0.,-1.));
#1498=DIRECTION('',(-0.66436383882992,0.74740931868366,0.));
#1499=DIRECTION('',(-0.74740931868366,-0.66436383882992,0.));
#1500=DIRECTION('',(0.,0.,1.));
#1501=DIRECTION('',(0.74740931868366,0.66436383882992,0.));
#1502=DIRECTION('',(0.,0.,-1.));
#1503=DIRECTION('',(0.74740931868366,0.66436383882992,0.));
#1504=DIRECTION('',(0.,1.,0.));
#1505=DIRECTION('',(0.,0.,1.));
#1506=DIRECTION('',(0.,0.,1.));
#1507=DIRECTION('',(0.,0.,-1.));
#1508=DIRECTION('',(-1.,0.,0.));
#1509=DIRECTION('',(0.,0.,-1.));
#1510=DIRECTION('',(0.,0.,1.));
#1511=DIRECTION('',(0.,0.,1.));
#1512=DIRECTION('',(1.,0.,0.));
#1513=DIRECTION('',(0.,0.,1.));
#1514=DIRECTION('',(1.,0.,0.));
#1515=DIRECTION('',(0.,0.,1.));
#1516=DIRECTION('',(0.,0.,1.));
#1517=DIRECTION('',(0.,0.,-1.));
#1518=DIRECTION('',(-1.,0.,0.));
#1519=DIRECTION('',(0.,0.,-1.));
#1520=DIRECTION('',(-1.,0.,0.));
#1521=DIRECTION('',(0.,0.,-1.));
#1522=DIRECTION('',(0.,0.,1.));
#1523=DIRECTION('',(1.,0.,0.));
#1524=DIRECTION('',(0.,0.,-1.));
#1525=DIRECTION('',(-1.,0.,0.));
#1526=DIRECTION('',(0.,0.,-1.));
#1527=DIRECTION('',(0.,0.,-1.));
#1528=DIRECTION('',(-1.,0.,0.));
#1529=DIRECTION('',(0.,0.,1.));
#1530=DIRECTION('',(0.,0.,1.));
#1531=DIRECTION('',(1.,0.,0.));
#1532=DIRECTION('',(0.,0.,-1.));
#1533=DIRECTION('',(-1.,0.,0.));
#1534=DIRECTION('',(0.,0.,-1.));
#1535=DIRECTION('',(0.,0.,1.));
#1536=DIRECTION('',(1.,0.,0.));
#1537=DIRECTION('',(0.,0.,1.));
#1538=DIRECTION('',(1.,0.,0.));
#1539=DIRECTION('',(0.,0.,1.));
#1540=DIRECTION('',(0.,0.,-1.));
#1541=DIRECTION('',(0.,0.,-1.));
#1542=DIRECTION('',(-1.,0.,0.));
#1543=DIRECTION('',(0.,0.,-1.));
#1544=DIRECTION('',(-1.,0.,0.));
#1545=DIRECTION('',(0.,0.,1.));
#1546=DIRECTION('',(1.,0.,0.));
#1547=DIRECTION('',(0.,0.,1.));
#1548=DIRECTION('',(1.,0.,0.));
#1549=DIRECTION('',(0.,0.,-1.));
#1550=DIRECTION('',(-1.,0.,0.));
#1551=DIRECTION('',(0.,0.,1.));
#1552=DIRECTION('',(1.,0.,0.));
#1553=DIRECTION('',(0.,0.,1.));
#1554=DIRECTION('',(1.,0.,0.));
#1555=DIRECTION('',(0.,0.,1.));
#1556=DIRECTION('',(1.,0.,0.));
#1557=DIRECTION('',(0.,0.,1.));
#1558=DIRECTION('',(1.,0.,0.));
#1559=DIRECTION('',(0.,0.,1.));
#1560=DIRECTION('',(1.,0.,0.));
#1561=DIRECTION('',(0.,0.,1.));
#1562=DIRECTION('',(1.,0.,0.));
#1563=DIRECTION('',(0.,0.,1.));
#1564=DIRECTION('',(1.,0.,0.));
#1565=DIRECTION('',(0.,0.,1.));
#1566=DIRECTION('',(1.,0.,0.));
#1567=DIRECTION('',(0.,0.,1.));
#1568=DIRECTION('',(1.,0.,0.));
#1569=DIRECTION('',(0.,0.,1.));
#1570=DIRECTION('',(1.,0.,0.));
#1571=DIRECTION('',(0.,0.,1.));
#1572=DIRECTION('',(1.,0.,0.));
#1573=DIRECTION('',(0.,0.,1.));
#1574=DIRECTION('',(1.,0.,0.));
#1575=DIRECTION('',(0.,0.,1.));
#1576=DIRECTION('',(1.,0.,0.));
#1577=DIRECTION('',(-0.747409318683661,0.664363838829918,0.));
#1578=DIRECTION('',(0.,0.,1.));
#1579=DIRECTION('',(1.,0.,0.));
#1580=DIRECTION('',(0.,0.,1.));
#1581=DIRECTION('',(1.,0.,0.));
#1582=DIRECTION('',(0.,0.,1.));
#1583=DIRECTION('',(1.,0.,0.));
#1584=DIRECTION('',(0.,0.,1.));
#1585=DIRECTION('',(1.,0.,0.));
#1586=DIRECTION('',(-0.74740931868366,0.66436383882992,0.));
#1587=DIRECTION('',(0.,0.,1.));
#1588=DIRECTION('',(1.,0.,0.));
#1589=DIRECTION('',(0.,0.,1.));
#1590=DIRECTION('',(1.,0.,0.));
#1591=DIRECTION('',(0.,0.,1.));
#1592=DIRECTION('',(1.,0.,0.));
#1593=DIRECTION('',(0.,0.,1.));
#1594=DIRECTION('',(0.,0.,1.));
#1595=DIRECTION('',(0.,0.,1.));
#1596=DIRECTION('',(1.,0.,0.));
#1597=DIRECTION('',(0.,0.,1.));
#1598=DIRECTION('',(0.,0.,1.));
#1599=DIRECTION('',(0.,0.,1.));
#1600=DIRECTION('',(1.,0.,0.));
#1601=DIRECTION('',(0.,0.,1.));
#1602=DIRECTION('',(1.,0.,0.));
#1603=DIRECTION('',(0.,0.,1.));
#1604=DIRECTION('',(1.,0.,0.));
#1605=DIRECTION('',(0.74740931868366,0.66436383882992,0.));
#1606=DIRECTION('',(0.,0.,1.));
#1607=DIRECTION('',(1.,0.,0.));
#1608=DIRECTION('',(0.,0.,1.));
#1609=DIRECTION('',(1.,0.,0.));
#1610=DIRECTION('',(0.,0.,1.));
#1611=DIRECTION('',(1.,0.,0.));
#1612=DIRECTION('',(0.74740931868366,0.66436383882992,0.));
#1613=DIRECTION('',(0.,0.,1.));
#1614=DIRECTION('',(1.,0.,0.));
#1615=DIRECTION('',(0.,0.,1.));
#1616=DIRECTION('',(1.,0.,0.));
#1617=DIRECTION('',(0.,0.,1.));
#1618=DIRECTION('',(1.,0.,0.));
#1619=DIRECTION('',(0.,0.,1.));
#1620=DIRECTION('',(1.,0.,0.));
#1621=DIRECTION('',(0.,0.,1.));
#1622=DIRECTION('',(1.,0.,0.));
#1623=DIRECTION('',(0.,0.,1.));
#1624=DIRECTION('',(1.,0.,0.));
#1625=DIRECTION('',(0.,0.,1.));
#1626=DIRECTION('',(1.,0.,0.));
#1627=DIRECTION('',(0.,0.,1.));
#1628=DIRECTION('',(1.,0.,0.));
#1629=DIRECTION('',(0.,0.,-1.));
#1630=DIRECTION('',(-1.,0.,0.));
#1631=DIRECTION('',(0.,0.,-1.));
#1632=DIRECTION('',(0.,0.,-1.));
#1633=DIRECTION('',(-1.,0.,0.));
#1634=DIRECTION('',(0.,0.,-1.));
#1635=DIRECTION('',(0.,0.,-1.));
#1636=DIRECTION('',(1.,0.,0.));
#1637=DIRECTION('',(-0.74740931868366,0.66436383882992,0.));
#1638=DIRECTION('',(0.,0.,-1.));
#1639=DIRECTION('',(-1.,0.,0.));
#1640=DIRECTION('',(0.,0.,-1.));
#1641=DIRECTION('',(-1.,0.,0.));
#1642=DIRECTION('',(0.,0.,-1.));
#1643=DIRECTION('',(-1.,0.,0.));
#1644=DIRECTION('',(-0.747409318683661,0.664363838829918,0.));
#1645=DIRECTION('',(0.,0.,-1.));
#1646=DIRECTION('',(-1.,0.,0.));
#1647=DIRECTION('',(0.,0.,-1.));
#1648=DIRECTION('',(-1.,0.,0.));
#1649=DIRECTION('',(0.,0.,-1.));
#1650=DIRECTION('',(-1.,0.,0.));
#1651=DIRECTION('',(0.,0.,-1.));
#1652=DIRECTION('',(-1.,0.,0.));
#1653=DIRECTION('',(0.,0.,-1.));
#1654=DIRECTION('',(-1.,0.,0.));
#1655=DIRECTION('',(0.,0.,-1.));
#1656=DIRECTION('',(0.,0.,-1.));
#1657=DIRECTION('',(0.,0.,-1.));
#1658=DIRECTION('',(1.,0.,0.));
#1659=DIRECTION('',(0.,0.,-1.));
#1660=DIRECTION('',(-1.,0.,0.));
#1661=DIRECTION('',(0.,0.,-1.));
#1662=DIRECTION('',(-1.,0.,0.));
#1663=DIRECTION('',(0.74740931868366,0.66436383882992,0.));
#1664=DIRECTION('',(0.,0.,-1.));
#1665=DIRECTION('',(-1.,0.,0.));
#1666=DIRECTION('',(0.,0.,-1.));
#1667=DIRECTION('',(-1.,0.,0.));
#1668=DIRECTION('',(0.,0.,-1.));
#1669=DIRECTION('',(-1.,0.,0.));
#1670=DIRECTION('',(0.74740931868366,0.66436383882992,0.));
#1671=DIRECTION('',(0.,0.,-1.));
#1672=DIRECTION('',(-1.,0.,0.));
#1673=DIRECTION('',(0.,0.,-1.));
#1674=DIRECTION('',(-1.,0.,0.));
#1675=DIRECTION('',(0.,0.,-1.));
#1676=DIRECTION('',(-1.,0.,0.));
#1677=DIRECTION('',(0.,0.,-1.));
#1678=DIRECTION('',(-1.,0.,0.));
#1679=DIRECTION('',(0.,0.,-1.));
#1680=DIRECTION('',(-1.,0.,0.));
#1681=DIRECTION('',(0.,0.,1.));
#1682=DIRECTION('',(1.,0.,0.));
#1683=DIRECTION('',(0.,0.,1.));
#1684=DIRECTION('',(0.,0.,1.));
#1685=DIRECTION('',(1.,0.,0.));
#1686=DIRECTION('',(0.,0.,1.));
#1687=DIRECTION('',(0.,0.,-1.));
#1688=DIRECTION('',(-1.,0.,0.));
#1689=DIRECTION('',(0.,0.,1.));
#1690=DIRECTION('',(1.,0.,0.));
#1691=DIRECTION('',(0.,0.,1.));
#1692=DIRECTION('',(1.,0.,0.));
#1693=DIRECTION('',(0.,0.,-1.));
#1694=DIRECTION('',(-1.,0.,0.));
#1695=DIRECTION('',(0.,0.,1.));
#1696=DIRECTION('',(1.,0.,0.));
#1697=DIRECTION('',(0.,0.,1.));
#1698=DIRECTION('',(1.,0.,0.));
#1699=DIRECTION('',(0.,0.,-1.));
#1700=DIRECTION('',(-1.,0.,0.));
#1701=DIRECTION('',(0.,0.,1.));
#1702=DIRECTION('',(-1.,0.,0.));
#1703=DIRECTION('',(0.,0.,1.));
#1704=DIRECTION('',(0.,0.,1.));
#1705=DIRECTION('',(1.,0.,0.));
#1706=DIRECTION('',(0.,0.,1.));
#1707=DIRECTION('',(0.,0.,-1.));
#1708=DIRECTION('',(-1.,0.,0.));
#1709=DIRECTION('',(0.,0.,1.));
#1710=DIRECTION('',(-1.,0.,0.));
#1711=DIRECTION('',(0.,0.,1.));
#1712=DIRECTION('',(1.,0.,0.));
#1713=DIRECTION('',(0.,0.,-1.));
#1714=DIRECTION('',(-1.,0.,0.));
#1715=DIRECTION('',(0.,0.,1.));
#1716=DIRECTION('',(-1.,0.,0.));
#1717=DIRECTION('',(0.,0.,1.));
#1718=DIRECTION('',(1.,0.,0.));
#1719=DIRECTION('',(0.,0.,-1.));
#1720=DIRECTION('',(-1.,0.,0.));
#1721=DIRECTION('',(0.,0.,1.));
#1722=DIRECTION('',(1.,0.,0.));
#1723=DIRECTION('',(-0.74740931868366,0.66436383882992,0.));
#1724=DIRECTION('',(-0.66436383882992,-0.74740931868366,0.));
#1725=DIRECTION('',(0.74740931868366,-0.66436383882992,0.));
#1726=DIRECTION('',(0.66436383882992,0.74740931868366,0.));
#1727=DIRECTION('',(-0.74740931868366,0.66436383882992,0.));
#1728=DIRECTION('',(-0.66436383882992,-0.74740931868366,0.));
#1729=DIRECTION('',(0.,0.,1.));
#1730=DIRECTION('',(1.,0.,0.));
#1731=DIRECTION('',(-0.584875602696003,0.811123005080603,0.));
#1732=DIRECTION('',(-0.811123005080603,-0.584875602696003,0.));
#1733=DIRECTION('',(0.,0.,1.));
#1734=DIRECTION('',(1.,0.,0.));
#1735=DIRECTION('',(0.874100675706458,-0.485744797943853,0.));
#1736=DIRECTION('',(0.485744797943853,0.874100675706458,0.));
#1737=DIRECTION('',(0.,0.,1.));
#1738=DIRECTION('',(1.,0.,0.));
#1739=DIRECTION('',(0.747409318683662,-0.664363838829918,0.));
#1740=DIRECTION('',(0.664363838829918,0.747409318683662,0.));
#1741=DIRECTION('',(-0.747409318683661,0.664363838829918,0.));
#1742=DIRECTION('',(-0.664363838829918,-0.747409318683661,0.));
#1743=DIRECTION('',(0.747409318683662,-0.664363838829918,0.));
#1744=DIRECTION('',(0.664363838829918,0.747409318683662,0.));
#1745=DIRECTION('',(0.,0.,1.));
#1746=DIRECTION('',(1.,0.,0.));
#1747=DIRECTION('',(0.,0.,1.));
#1748=DIRECTION('',(1.,0.,0.));
#1749=DIRECTION('',(0.74740931868366,0.66436383882992,0.));
#1750=DIRECTION('',(-0.66436383882992,0.74740931868366,0.));
#1751=DIRECTION('',(0.74740931868366,0.66436383882992,0.));
#1752=DIRECTION('',(-0.66436383882992,0.74740931868366,0.));
#1753=DIRECTION('',(0.74740931868366,0.66436383882992,0.));
#1754=DIRECTION('',(-0.66436383882992,0.74740931868366,0.));
#1755=DIRECTION('',(0.,0.,1.));
#1756=DIRECTION('',(1.,0.,0.));
#1757=DIRECTION('',(0.584875602696003,0.811123005080603,0.));
#1758=DIRECTION('',(-0.811123005080603,0.584875602696003,0.));
#1759=DIRECTION('',(0.,0.,1.));
#1760=DIRECTION('',(1.,0.,0.));
#1761=DIRECTION('',(-0.874100675706458,-0.485744797943853,0.));
#1762=DIRECTION('',(0.485744797943853,-0.874100675706458,0.));
#1763=DIRECTION('',(0.,0.,1.));
#1764=DIRECTION('',(1.,0.,0.));
#1765=DIRECTION('',(-0.74740931868366,-0.66436383882992,0.));
#1766=DIRECTION('',(0.66436383882992,-0.74740931868366,0.));
#1767=DIRECTION('',(-0.74740931868366,-0.66436383882992,0.));
#1768=DIRECTION('',(0.66436383882992,-0.74740931868366,0.));
#1769=DIRECTION('',(-0.74740931868366,-0.66436383882992,0.));
#1770=DIRECTION('',(0.66436383882992,-0.74740931868366,0.));
#1771=DIRECTION('',(0.,0.,1.));
#1772=DIRECTION('',(1.,0.,0.));
#1773=DIRECTION('',(0.,0.,-1.));
#1774=DIRECTION('',(-1.,0.,0.));
#1775=DIRECTION('',(0.74740931868366,0.66436383882992,0.));
#1776=DIRECTION('',(-0.66436383882992,0.74740931868366,0.));
#1777=DIRECTION('',(-0.74740931868366,-0.66436383882992,0.));
#1778=DIRECTION('',(0.66436383882992,-0.74740931868366,0.));
#1779=DIRECTION('',(0.74740931868366,0.66436383882992,0.));
#1780=DIRECTION('',(-0.66436383882992,0.74740931868366,0.));
#1781=DIRECTION('',(0.,0.,-1.));
#1782=DIRECTION('',(-1.,0.,0.));
#1783=DIRECTION('',(0.874100675706458,0.485744797943853,0.));
#1784=DIRECTION('',(-0.485744797943853,0.874100675706458,0.));
#1785=DIRECTION('',(0.,0.,-1.));
#1786=DIRECTION('',(-1.,0.,0.));
#1787=DIRECTION('',(-0.584875602696003,-0.811123005080603,0.));
#1788=DIRECTION('',(0.811123005080603,-0.584875602696003,0.));
#1789=DIRECTION('',(0.,0.,-1.));
#1790=DIRECTION('',(-1.,0.,0.));
#1791=DIRECTION('',(-0.74740931868366,-0.66436383882992,-5.1861939651375E-15));
#1792=DIRECTION('',(0.66436383882992,-0.74740931868366,0.));
#1793=DIRECTION('',(0.74740931868366,0.66436383882992,0.));
#1794=DIRECTION('',(-0.66436383882992,0.74740931868366,0.));
#1795=DIRECTION('',(-0.74740931868366,-0.66436383882992,2.59309698256875E-15));
#1796=DIRECTION('',(0.66436383882992,-0.74740931868366,0.));
#1797=DIRECTION('',(0.,0.,-1.));
#1798=DIRECTION('',(-1.,0.,0.));
#1799=DIRECTION('',(0.,0.,-1.));
#1800=DIRECTION('',(-1.,0.,0.));
#1801=DIRECTION('',(-0.747409318683662,0.664363838829918,0.));
#1802=DIRECTION('',(-0.664363838829918,-0.747409318683662,0.));
#1803=DIRECTION('',(-0.747409318683661,0.664363838829918,0.));
#1804=DIRECTION('',(-0.664363838829918,-0.747409318683661,0.));
#1805=DIRECTION('',(-0.74740931868366,0.66436383882992,0.));
#1806=DIRECTION('',(-0.66436383882992,-0.74740931868366,0.));
#1807=DIRECTION('',(0.,0.,-1.));
#1808=DIRECTION('',(-1.,0.,0.));
#1809=DIRECTION('',(-0.874100675706458,0.485744797943853,0.));
#1810=DIRECTION('',(-0.485744797943853,-0.874100675706458,0.));
#1811=DIRECTION('',(0.,0.,-1.));
#1812=DIRECTION('',(-1.,0.,0.));
#1813=DIRECTION('',(0.584875602696003,-0.811123005080603,0.));
#1814=DIRECTION('',(0.811123005080603,0.584875602696003,0.));
#1815=DIRECTION('',(0.,0.,-1.));
#1816=DIRECTION('',(-1.,0.,0.));
#1817=DIRECTION('',(0.747409318683657,-0.664363838829923,0.));
#1818=DIRECTION('',(0.664363838829923,0.747409318683657,0.));
#1819=DIRECTION('',(0.74740931868366,-0.66436383882992,0.));
#1820=DIRECTION('',(0.66436383882992,0.74740931868366,0.));
#1821=DIRECTION('',(0.74740931868366,-0.66436383882992,0.));
#1822=DIRECTION('',(0.66436383882992,0.74740931868366,0.));
#1823=DIRECTION('',(0.,0.,-1.));
#1824=DIRECTION('',(-1.,0.,0.));
#1825=CARTESIAN_POINT('',(0.,0.,0.));
#1826=CARTESIAN_POINT('',(-0.0124297806860343,0.0221598050542528,0.01));
#1827=CARTESIAN_POINT('',(-0.00967708592301736,0.0197129652649043,-0.00643398));
#1828=CARTESIAN_POINT('',(-0.00967708592301736,0.0197129652649043,0.00593398));
#1829=CARTESIAN_POINT('',(-0.00967708592301736,0.0197129652649043,-0.00593398));
#1830=CARTESIAN_POINT('',(-0.00829500778296177,0.0184844513626327,0.00593398));
#1831=CARTESIAN_POINT('',(-0.00829500778296177,0.0184844513626327,0.00593398));
#1832=CARTESIAN_POINT('',(-0.00829500778296177,0.0184844513626327,0.01));
#1833=CARTESIAN_POINT('',(-0.00829500778296177,0.0184844513626327,-0.00593398));
#1834=CARTESIAN_POINT('',(-0.00967708592301736,0.0197129652649043,-0.00593398));
#1835=CARTESIAN_POINT('',(0.0124297806860343,0.0221598050542528,0.01));
#1836=CARTESIAN_POINT('',(0.00829500778296177,0.0184844513626327,0.01));
#1837=CARTESIAN_POINT('',(0.00829500778296177,0.0184844513626327,-0.00593398));
#1838=CARTESIAN_POINT('',(0.00829500778296177,0.0184844513626327,0.00593398));
#1839=CARTESIAN_POINT('',(0.0124297806860343,0.0221598050542528,0.00593398));
#1840=CARTESIAN_POINT('',(0.00967708592301736,0.0197129652649043,0.00593398));
#1841=CARTESIAN_POINT('',(0.00967708592301736,0.0197129652649043,-0.00643398));
#1842=CARTESIAN_POINT('',(0.00967708592301736,0.0197129652649043,-0.00593398));
#1843=CARTESIAN_POINT('',(0.0124297806860343,0.0221598050542528,-0.00593398));
#1844=CARTESIAN_POINT('',(-0.0193426609933947,0.0203045875496842,0.01));
#1845=CARTESIAN_POINT('',(-0.0105683290329617,0.0125051813626327,0.01));
#1846=CARTESIAN_POINT('',(-0.0105683290329617,0.0125051813626327,-0.00593398));
#1847=CARTESIAN_POINT('',(-0.0105683290329617,0.0125051813626327,0.00593398));
#1848=CARTESIAN_POINT('',(-0.0193426609933947,0.0203045875496842,0.00593398));
#1849=CARTESIAN_POINT('',(-0.0136494997161214,0.0152439997476634,0.00593398));
#1850=CARTESIAN_POINT('',(-0.0136494997161214,0.0152439997476634,0.01));
#1851=CARTESIAN_POINT('',(-0.0136494997161214,0.0152439997476634,-0.00593398));
#1852=CARTESIAN_POINT('',(-0.0193426609933947,0.0203045875496842,-0.00593398));
#1853=CARTESIAN_POINT('',(0.015161968393279,0.0205884163495814,-0.015));
#1854=CARTESIAN_POINT('',(0.015161968393279,0.0205884163495814,0.00643398));
#1855=CARTESIAN_POINT('',(0.017161968393279,0.0205884163495814,0.00643398));
#1856=CARTESIAN_POINT('',(0.015161968393279,0.0205884163495814,-0.00643398));
#1857=CARTESIAN_POINT('',(0.017161968393279,0.0205884163495814,-0.00643398));
#1858=CARTESIAN_POINT('',(-0.0151619683932791,0.0205884163495813,-0.015));
#1859=CARTESIAN_POINT('',(-0.0151619683932791,0.0205884163495813,0.00643398));
#1860=CARTESIAN_POINT('',(-0.0131619683932791,0.0205884163495813,0.00643398));
#1861=CARTESIAN_POINT('',(-0.0151619683932791,0.0205884163495813,-0.00643398));
#1862=CARTESIAN_POINT('',(-0.0131619683932791,0.0205884163495813,-0.00643398));
#1863=CARTESIAN_POINT('',(0.00258483645319939,0.,-0.01));
#1864=CARTESIAN_POINT('',(-0.0092396013553019,0.014,-0.01));
#1865=CARTESIAN_POINT('',(-0.0092396013553019,0.012,-0.01));
#1866=CARTESIAN_POINT('',(-0.0103096863864259,0.0123103497325883,-0.01));
#1867=CARTESIAN_POINT('',(-0.00839631435223635,0.0139193890294302,-0.01));
#1868=CARTESIAN_POINT('',(-0.0101767496261949,0.0156743962189437,-0.01));
#1869=CARTESIAN_POINT('',(-0.0151619683932791,0.0205884163495813,-0.01));
#1870=CARTESIAN_POINT('',(-0.00925871256142528,0.0168265590179319,-0.01));
#1871=CARTESIAN_POINT('',(-0.0071504069071918,0.0154830385423429,-0.01));
#1872=CARTESIAN_POINT('',(-0.00704811423947521,0.0179809449077079,-0.01));
#1873=CARTESIAN_POINT('',(-0.00696628010530193,0.01997927,-0.01));
#1874=CARTESIAN_POINT('',(-0.00696628010530193,0.01797927,-0.01));
#1875=CARTESIAN_POINT('',(0.00258483645319939,0.01797927,-0.01));
#1876=CARTESIAN_POINT('',(0.00696628010530193,0.01797927,-0.01));
#1877=CARTESIAN_POINT('',(0.00696628010530193,0.01997927,-0.01));
#1878=CARTESIAN_POINT('',(0.00704811423947523,0.0179809449077079,-0.01));
#1879=CARTESIAN_POINT('',(0.00715040690719184,0.0154830385423429,-0.01));
#1880=CARTESIAN_POINT('',(0.00925871256142531,0.0168265590179319,-0.01));
#1881=CARTESIAN_POINT('',(0.015161968393279,0.0205884163495814,-0.01));
#1882=CARTESIAN_POINT('',(0.010176749626195,0.0156743962189437,-0.01));
#1883=CARTESIAN_POINT('',(0.00839631435223641,0.0139193890294302,-0.01));
#1884=CARTESIAN_POINT('',(0.0103096863864259,0.0123103497325883,-0.01));
#1885=CARTESIAN_POINT('',(0.00923960135530194,0.014,-0.01));
#1886=CARTESIAN_POINT('',(0.00923960135530194,0.012,-0.01));
#1887=CARTESIAN_POINT('',(-0.005,0.012,-0.01));
#1888=CARTESIAN_POINT('',(-0.003863339375,0.01797927,-0.015));
#1889=CARTESIAN_POINT('',(-0.00696628010530193,0.01797927,-0.015));
#1890=CARTESIAN_POINT('',(-0.00696628010530193,0.01797927,-0.00137147420481557));
#1891=CARTESIAN_POINT('',(0.,0.01797927,4.3474961369731E-19));
#1892=CARTESIAN_POINT('',(0.00696628010530193,0.01797927,-0.00137147420481556));
#1893=CARTESIAN_POINT('',(0.00696628010530193,0.01797927,-0.01));
#1894=CARTESIAN_POINT('',(0.,-0.005,4.3474961369731E-19));
#1895=CARTESIAN_POINT('',(0.,0.012,4.3474961369731E-19));
#1896=CARTESIAN_POINT('',(0.,0.012,-0.0071));
#1897=CARTESIAN_POINT('',(-0.00696628010530193,0.01797927,-0.00137147420481557));
#1898=CARTESIAN_POINT('',(-0.00714494757003875,0.01797927,-0.000463948856769958));
#1899=CARTESIAN_POINT('',(-0.00714495187775523,0.01797927,0.000463926976110767));
#1900=CARTESIAN_POINT('',(-0.00696628010530193,0.01797927,0.00137147420481557));
#1901=CARTESIAN_POINT('',(-0.00696628010530193,0.01797927,0.00137147420481557));
#1902=CARTESIAN_POINT('',(0.,0.01797927,4.3474961369731E-19));
#1903=CARTESIAN_POINT('',(0.00696628010530193,0.01797927,0.00137147420481556));
#1904=CARTESIAN_POINT('',(0.00696628010530193,0.01797927,0.00137147420481556));
#1905=CARTESIAN_POINT('',(0.00714494757003874,0.01797927,0.000463948856769958));
#1906=CARTESIAN_POINT('',(0.00714495187775523,0.01797927,-0.000463926976110764));
#1907=CARTESIAN_POINT('',(0.00696628010530193,0.01797927,-0.00137147420481556));
#1908=CARTESIAN_POINT('',(-0.005,0.012,0.01));
#1909=CARTESIAN_POINT('',(0.00923960135530194,0.012,0.01));
#1910=CARTESIAN_POINT('',(0.00923960135530194,0.012,0.0102459654373844));
#1911=CARTESIAN_POINT('',(0.00923960135530194,0.012,0.0102459654373844));
#1912=CARTESIAN_POINT('',(0.00797919894787929,0.012,0.0106903298214677));
#1913=CARTESIAN_POINT('',(0.00697250473597042,0.012,0.0116106928650021));
#1914=CARTESIAN_POINT('',(0.006,0.012,0.0125));
#1915=CARTESIAN_POINT('',(0.006,0.012,0.0125));
#1916=CARTESIAN_POINT('',(0.006,0.012,0.0175));
#1917=CARTESIAN_POINT('',(0.006,0.012,0.0175));
#1918=CARTESIAN_POINT('',(-0.005,0.012,0.0175));
#1919=CARTESIAN_POINT('',(-0.006,0.012,0.0175));
#1920=CARTESIAN_POINT('',(-0.006,0.012,0.0175));
#1921=CARTESIAN_POINT('',(-0.006,0.012,0.0125));
#1922=CARTESIAN_POINT('',(-0.0092396013553019,0.012,0.0102459654373844));
#1923=CARTESIAN_POINT('',(-0.00797919894787927,0.012,0.0106903298214677));
#1924=CARTESIAN_POINT('',(-0.00697250473596015,0.012,0.0116106928649909));
#1925=CARTESIAN_POINT('',(-0.006,0.012,0.0125));
#1926=CARTESIAN_POINT('',(-0.0092396013553019,0.012,0.0102459654373844));
#1927=CARTESIAN_POINT('',(-0.0092396013553019,0.012,0.01));
#1928=CARTESIAN_POINT('',(0.01225,0.014,0.01));
#1929=CARTESIAN_POINT('',(0.0136494997161214,0.0152439997476634,0.01));
#1930=CARTESIAN_POINT('',(0.0136494997161214,0.0152439997476634,-0.00593398));
#1931=CARTESIAN_POINT('',(0.0136494997161214,0.0152439997476634,0.00593398));
#1932=CARTESIAN_POINT('',(0.0105683290329618,0.0125051813626327,0.00593398));
#1933=CARTESIAN_POINT('',(0.0105683290329618,0.0125051813626327,0.00593398));
#1934=CARTESIAN_POINT('',(0.0105683290329618,0.0125051813626327,-0.01));
#1935=CARTESIAN_POINT('',(0.0105683290329618,0.0125051813626327,-0.00593398));
#1936=CARTESIAN_POINT('',(0.0136494997161214,0.0152439997476634,-0.00593398));
#1937=CARTESIAN_POINT('',(-0.003863339375,0.01797927,-0.015));
#1938=CARTESIAN_POINT('',(-0.00696628010530193,0.01797927,-0.015));
#1939=CARTESIAN_POINT('',(-0.00696628010530193,0.01797927,0.0116408146593067));
#1940=CARTESIAN_POINT('',(-0.00696628010530193,0.01797927,0.0116408146593067));
#1941=CARTESIAN_POINT('',(-0.00663618833707601,0.01797927,0.0119182127854059));
#1942=CARTESIAN_POINT('',(-0.00631806916582793,0.01797927,0.0122091415931143));
#1943=CARTESIAN_POINT('',(-0.006,0.01797927,0.0125));
#1944=CARTESIAN_POINT('',(-0.006,0.01797927,0.0125));
#1945=CARTESIAN_POINT('',(-0.006,0.01797927,0.0175));
#1946=CARTESIAN_POINT('',(-0.006,0.01797927,0.0175));
#1947=CARTESIAN_POINT('',(-0.003863339375,0.01797927,0.0175));
#1948=CARTESIAN_POINT('',(0.006,0.01797927,0.0175));
#1949=CARTESIAN_POINT('',(0.006,0.01797927,0.0175));
#1950=CARTESIAN_POINT('',(0.006,0.01797927,0.0125));
#1951=CARTESIAN_POINT('',(0.00696628010530193,0.01797927,0.0116408146593067));
#1952=CARTESIAN_POINT('',(0.00663618833707602,0.01797927,0.0119182127854059));
#1953=CARTESIAN_POINT('',(0.00631806916582905,0.01797927,0.0122091415931155));
#1954=CARTESIAN_POINT('',(0.006,0.01797927,0.0125));
#1955=CARTESIAN_POINT('',(0.00696628010530193,0.01797927,0.0116408146593067));
#1956=CARTESIAN_POINT('',(0.00696628010530193,0.01797927,-0.01));
#1957=CARTESIAN_POINT('',(-0.00696628010530193,0.01997927,-0.015));
#1958=CARTESIAN_POINT('',(-0.00696628010530193,0.01997927,0.00593398));
#1959=CARTESIAN_POINT('',(-0.00719147614714052,0.0179919887560035,0.00593398));
#1960=CARTESIAN_POINT('',(-0.00719147614714052,0.0179919887560035,-0.015));
#1961=CARTESIAN_POINT('',(-0.00719147614714052,0.0179919887560035,0.0114301216325589));
#1962=CARTESIAN_POINT('',(-0.00719147614714052,0.0179919887560035,0.0114301216325589));
#1963=CARTESIAN_POINT('',(-0.00711891484801163,0.0179837662070292,0.0115027886185801));
#1964=CARTESIAN_POINT('',(-0.00704522378582306,0.01797927,0.011574473019945));
#1965=CARTESIAN_POINT('',(-0.00696628010530194,0.01797927,0.0116408146593067));
#1966=CARTESIAN_POINT('',(-0.00704811423947521,0.0179809449077079,-0.015));
#1967=CARTESIAN_POINT('',(-0.00704811423947521,0.0179809449077079,-0.00593398));
#1968=CARTESIAN_POINT('',(-0.00696628010530193,0.01997927,-0.00593398));
#1969=CARTESIAN_POINT('',(0.00696628010530193,0.01997927,0.01));
#1970=CARTESIAN_POINT('',(0.00719147614714054,0.0179919887560035,0.01));
#1971=CARTESIAN_POINT('',(0.00719147614714054,0.0179919887560035,0.0114301216325589));
#1972=CARTESIAN_POINT('',(0.00719147614714054,0.0179919887560035,0.00593398));
#1973=CARTESIAN_POINT('',(0.00696628010530193,0.01997927,0.00593398));
#1974=CARTESIAN_POINT('',(0.00696628010530193,0.01997927,-0.00593398));
#1975=CARTESIAN_POINT('',(0.00704811423947523,0.0179809449077079,-0.00593398));
#1976=CARTESIAN_POINT('',(0.00704811423947523,0.0179809449077079,0.01));
#1977=CARTESIAN_POINT('',(0.00696628010530193,0.01797927,0.0116408146593067));
#1978=CARTESIAN_POINT('',(0.00704522378582306,0.01797927,0.011574473019945));
#1979=CARTESIAN_POINT('',(0.00711891484801164,0.0179837662070292,0.0115027886185801));
#1980=CARTESIAN_POINT('',(0.00719147614714054,0.0179919887560035,0.0114301216325589));
#1981=CARTESIAN_POINT('',(-0.0092396013553019,0.014,0.01));
#1982=CARTESIAN_POINT('',(-0.0105144691855469,0.0124589899366304,0.00821699));
#1983=CARTESIAN_POINT('',(-0.0105144691855469,0.0124589899366304,0.0100198294167999));
#1984=CARTESIAN_POINT('',(-0.0105144691855469,0.0124589899366304,0.00593398));
#1985=CARTESIAN_POINT('',(-0.0092396013553019,0.014,0.00593398));
#1986=CARTESIAN_POINT('',(-0.0092396013553019,0.014,-0.00593398));
#1987=CARTESIAN_POINT('',(-0.0103096863864259,0.0123103497325883,-0.00593398));
#1988=CARTESIAN_POINT('',(-0.0103096863864259,0.0123103497325883,-0.00821699));
#1989=CARTESIAN_POINT('',(-0.0092396013553019,0.012,0.0102459654373844));
#1990=CARTESIAN_POINT('',(-0.00968555470477663,0.012,0.010088741217324));
#1991=CARTESIAN_POINT('',(-0.0101508403628022,0.0121581621229214,0.0100413812890862));
#1992=CARTESIAN_POINT('',(-0.0105144691855469,0.0124589899366303,0.0100198294167999));
#1993=CARTESIAN_POINT('',(0.00923960135530194,0.014,0.01));
#1994=CARTESIAN_POINT('',(0.00923960135530194,0.014,0.00593398));
#1995=CARTESIAN_POINT('',(0.0105144691855469,0.0124589899366303,0.00593398));
#1996=CARTESIAN_POINT('',(0.0105144691855469,0.0124589899366303,0.00821699));
#1997=CARTESIAN_POINT('',(0.0105144691855469,0.0124589899366303,0.0100198294167999));
#1998=CARTESIAN_POINT('',(0.0105144691855469,0.0124589899366303,0.0100198294167999));
#1999=CARTESIAN_POINT('',(0.0101506687434185,0.0121580201432961,0.0100413914607746));
#2000=CARTESIAN_POINT('',(0.00968578070349698,0.012,0.010088661539769));
#2001=CARTESIAN_POINT('',(0.00923960135530193,0.012,0.0102459654373844));
#2002=CARTESIAN_POINT('',(0.0103096863864259,0.0123103497325883,-0.00821699));
#2003=CARTESIAN_POINT('',(0.0103096863864259,0.0123103497325883,-0.00593398));
#2004=CARTESIAN_POINT('',(0.00923960135530194,0.014,-0.00593398));
#2005=CARTESIAN_POINT('',(0.006,0.014989635,0.0175));
#2006=CARTESIAN_POINT('',(0.006,0.014989635,0.0125));
#2007=CARTESIAN_POINT('',(0.006,0.014989635,0.0175));
#2008=CARTESIAN_POINT('',(-0.006,0.014989635,0.0175));
#2009=CARTESIAN_POINT('',(-0.006,0.014989635,0.0125));
#2010=CARTESIAN_POINT('',(-0.006,0.014989635,0.0175));
#2011=CARTESIAN_POINT('',(0.,0.,0.0175));
#2012=CARTESIAN_POINT('',(0.006,0.014989635,0.0175));
#2013=CARTESIAN_POINT('',(0.008,0.014989635,0.0175));
#2014=CARTESIAN_POINT('',(-0.006,0.014989635,0.0175));
#2015=CARTESIAN_POINT('',(-0.004,0.014989635,0.0175));
#2016=CARTESIAN_POINT('',(0.,0.0179061116712076,0.0065));
#2017=CARTESIAN_POINT('',(0.006,0.014989635,0.0065));
#2018=CARTESIAN_POINT('',(0.008,0.014989635,0.0065));
#2019=CARTESIAN_POINT('',(0.006,0.014989635,0.0065));
#2020=CARTESIAN_POINT('',(0.,0.0179061116712076,0.0065));
#2021=CARTESIAN_POINT('',(-0.006,0.014989635,0.0065));
#2022=CARTESIAN_POINT('',(-0.004,0.014989635,0.0065));
#2023=CARTESIAN_POINT('',(-0.006,0.014989635,0.0065));
#2024=CARTESIAN_POINT('',(-6.93889390390723E-18,0.0197942081747908,0.00643398));
#2025=CARTESIAN_POINT('',(-0.02560804881506,0.00179063201135757,0.00643398));
#2026=CARTESIAN_POINT('',(-0.0166217700530987,0.017961494511927,0.00643398));
#2027=CARTESIAN_POINT('',(-0.0133173177967064,0.0156177044070053,0.00643398));
#2028=CARTESIAN_POINT('',(-0.00795183869151558,0.0108483896468357,0.00643398));
#2029=CARTESIAN_POINT('',(-0.0111188293912924,0.0136634924910817,0.00643398));
#2030=CARTESIAN_POINT('',(-0.00913355404064291,0.0139057357203031,0.00643398));
#2031=CARTESIAN_POINT('',(-0.010473201674562,0.0153907758601428,0.00643398));
#2032=CARTESIAN_POINT('',(-0.0151619683932791,0.0205884163495813,0.00643398));
#2033=CARTESIAN_POINT('',(-0.00913784912326798,0.0170233094759125,0.00643398));
#2034=CARTESIAN_POINT('',(-0.00741667218897911,0.016004707512007,0.00643398));
#2035=CARTESIAN_POINT('',(-0.0082393324177853,0.0178276803993371,0.00643398));
#2036=CARTESIAN_POINT('',(-0.00696628010530193,0.01997927,0.00643398));
#2037=CARTESIAN_POINT('',(-0.00862718970237673,0.0181107467032908,0.00643398));
#2038=CARTESIAN_POINT('',(-0.0100092678424323,0.0193392606055625,0.00643398));
#2039=CARTESIAN_POINT('',(-0.0100092678424323,0.0193392606055625,0.00643398));
#2040=CARTESIAN_POINT('',(0.00228146317592121,0.0331663330012102,0.00643398));
#2041=CARTESIAN_POINT('',(-0.0127243124180699,0.0223461343513341,0.00643398));
#2042=CARTESIAN_POINT('',(-0.015161968393279,0.0205884163495814,0.00643398));
#2043=CARTESIAN_POINT('',(-0.0151619683932791,0.0205884163495813,0.00643398));
#2044=CARTESIAN_POINT('',(-0.010473201674562,0.0153907758601428,0.00643398));
#2045=CARTESIAN_POINT('',(-0.010473201674562,0.0153907758601428,0.010208050632298));
#2046=CARTESIAN_POINT('',(-0.010473201674562,0.0153907758601428,0.010208050632298));
#2047=CARTESIAN_POINT('',(-0.00995109933359431,0.0158617618941072,0.0104162676834897));
#2048=CARTESIAN_POINT('',(-0.00951581935101705,0.0163846364113571,0.0107446209576935));
#2049=CARTESIAN_POINT('',(-0.00913784912326798,0.0170233094759125,0.0107150284229317));
#2050=CARTESIAN_POINT('',(-0.00913784912326798,0.0170233094759125,0.0107150284229317));
#2051=CARTESIAN_POINT('',(-0.00913784912326798,0.0170233094759125,0.00643398));
#2052=CARTESIAN_POINT('',(0.015161968393279,0.0205884163495814,0.00643398));
#2053=CARTESIAN_POINT('',(0.00913784912326801,0.0170233094759125,0.00643398));
#2054=CARTESIAN_POINT('',(0.00913784912326801,0.0170233094759125,0.00643398));
#2055=CARTESIAN_POINT('',(0.00913784912326801,0.0170233094759125,0.0107150284229317));
#2056=CARTESIAN_POINT('',(0.00913784912326801,0.0170233094759125,0.0107150284229317));
#2057=CARTESIAN_POINT('',(0.00951581935101709,0.0163846364113571,0.0107446209576935));
#2058=CARTESIAN_POINT('',(0.00995109933359435,0.0158617618941072,0.0104162676834897));
#2059=CARTESIAN_POINT('',(0.0104732016745621,0.0153907758601428,0.010208050632298));
#2060=CARTESIAN_POINT('',(0.0104732016745621,0.0153907758601428,0.010208050632298));
#2061=CARTESIAN_POINT('',(0.0104732016745621,0.0153907758601428,0.00643398));
#2062=CARTESIAN_POINT('',(0.0104732016745621,0.0153907758601428,0.00643398));
#2063=CARTESIAN_POINT('',(0.015161968393279,0.0205884163495814,0.00643398));
#2064=CARTESIAN_POINT('',(-6.93889390390723E-18,0.0197942081747908,0.00643398));
#2065=CARTESIAN_POINT('',(0.00913355404064297,0.0139057357203031,0.00643398));
#2066=CARTESIAN_POINT('',(0.0111188293912924,0.0136634924910817,0.00643398));
#2067=CARTESIAN_POINT('',(0.0133173177967064,0.0156177044070053,0.00643398));
#2068=CARTESIAN_POINT('',(0.0133173177967064,0.0156177044070053,0.00643398));
#2069=CARTESIAN_POINT('',(0.02560804881506,0.00179063201135757,0.00643398));
#2070=CARTESIAN_POINT('',(0.0166217700530987,0.017961494511927,0.00643398));
#2071=CARTESIAN_POINT('',(0.015161968393279,0.0205884163495814,0.00643398));
#2072=CARTESIAN_POINT('',(0.0127243124180699,0.0223461343513341,0.00643398));
#2073=CARTESIAN_POINT('',(-0.00228146317592121,0.0331663330012102,0.00643398));
#2074=CARTESIAN_POINT('',(0.0100092678424323,0.0193392606055625,0.00643398));
#2075=CARTESIAN_POINT('',(0.00464378873724208,0.0145699458453934,0.00643398));
#2076=CARTESIAN_POINT('',(0.00862718970237673,0.0181107467032908,0.00643398));
#2077=CARTESIAN_POINT('',(0.00696628010530193,0.01997927,0.00643398));
#2078=CARTESIAN_POINT('',(0.00823933241778532,0.0178276803993371,0.00643398));
#2079=CARTESIAN_POINT('',(0.00741667218897915,0.0160047075120071,0.00643398));
#2080=CARTESIAN_POINT('',(0.00913355404064297,0.0139057357203031,0.00643398));
#2081=CARTESIAN_POINT('',(0.0104732016745621,0.0153907758601428,0.010208050632298));
#2082=CARTESIAN_POINT('',(0.0108697699773358,0.0150330334838623,0.0100498971897247));
#2083=CARTESIAN_POINT('',(0.0113731936458332,0.0139452131433168,0.0100006389421146));
#2084=CARTESIAN_POINT('',(0.010916771710612,0.0128429866663703,0.00999915596532564));
#2085=CARTESIAN_POINT('',(0.0105144691855469,0.0124589899366303,0.0100198294167999));
#2086=CARTESIAN_POINT('',(0.0105649811072797,0.0125089477790251,0.00600478890458963));
#2087=CARTESIAN_POINT('',(0.0105431076039107,0.0124865318318084,0.00598925745887673));
#2088=CARTESIAN_POINT('',(0.010514469185547,0.0124589899366303,0.00596890643157056));
#2089=CARTESIAN_POINT('',(0.010514469185547,0.0124589899366303,0.00593398));
#2090=CARTESIAN_POINT('',(0.0105649811072797,0.0125089477790251,0.00600478890458963));
#2091=CARTESIAN_POINT('',(0.0111188293912924,0.0136634924910817,0.00643398));
#2092=CARTESIAN_POINT('',(0.0110622721226054,0.0131999841743158,0.00643397999999999));
#2093=CARTESIAN_POINT('',(0.0108536103456368,0.0128047347713076,0.00620973226784834));
#2094=CARTESIAN_POINT('',(0.0105649811072797,0.0125089477790251,0.00600478890458962));
#2095=CARTESIAN_POINT('',(-0.00913355404064291,0.0139057357203031,0.00643398));
#2096=CARTESIAN_POINT('',(-0.0111188293912924,0.0136634924910817,0.00643398));
#2097=CARTESIAN_POINT('',(-0.0110622721226054,0.0131999841743158,0.00643398));
#2098=CARTESIAN_POINT('',(-0.0108536103456368,0.0128047347713076,0.00620973226784827));
#2099=CARTESIAN_POINT('',(-0.0105649811072797,0.0125089477790251,0.00600478890458966));
#2100=CARTESIAN_POINT('',(-0.0105649811072797,0.0125089477790251,0.00600478890458961));
#2101=CARTESIAN_POINT('',(-0.0105649811072797,0.0125089477790251,0.00600478890458961));
#2102=CARTESIAN_POINT('',(-0.0105431076039106,0.0124865318318084,0.00598925745887671));
#2103=CARTESIAN_POINT('',(-0.010514469185547,0.0124589899366302,0.00596890643157053));
#2104=CARTESIAN_POINT('',(-0.010514469185547,0.0124589899366302,0.00593398));
#2105=CARTESIAN_POINT('',(-0.0105144691855469,0.0124589899366304,0.0100198294167999));
#2106=CARTESIAN_POINT('',(-0.0109167616528245,0.012842977066238,0.00999915648217346));
#2107=CARTESIAN_POINT('',(-0.0113731911042589,0.013945828877414,0.0100006507535641));
#2108=CARTESIAN_POINT('',(-0.0108697629895288,0.0150330397875297,0.0100498999764975));
#2109=CARTESIAN_POINT('',(-0.010473201674562,0.0153907758601428,0.010208050632298));
#2110=CARTESIAN_POINT('',(-0.00741667218897911,0.016004707512007,0.00643398));
#2111=CARTESIAN_POINT('',(-0.00913784912326798,0.0170233094759125,0.0107150284229317));
#2112=CARTESIAN_POINT('',(-0.00892606611205144,0.017381168626883,0.0106984472330356));
#2113=CARTESIAN_POINT('',(-0.00827321118217128,0.017952141944568,0.0107743398837033));
#2114=CARTESIAN_POINT('',(-0.00748490600562737,0.0180252398335188,0.0111362643879823));
#2115=CARTESIAN_POINT('',(-0.00719147614714026,0.0179919887560036,0.0114301216325583));
#2116=CARTESIAN_POINT('',(-0.0082393324177853,0.0178276803993371,0.00643398));
#2117=CARTESIAN_POINT('',(-0.00805441886324566,0.0179111270748989,0.00643398));
#2118=CARTESIAN_POINT('',(-0.00768340626297252,0.0180100700070859,0.00628174968127298));
#2119=CARTESIAN_POINT('',(-0.00735392411071569,0.0180103971410836,0.00604958235419602));
#2120=CARTESIAN_POINT('',(-0.00719147614714052,0.0179919887560035,0.00593398));
#2121=CARTESIAN_POINT('',(0.00741667218897915,0.0160047075120071,0.01));
#2122=CARTESIAN_POINT('',(0.00823933241778532,0.0178276803993371,0.00643398));
#2123=CARTESIAN_POINT('',(0.00805441886324568,0.0179111270748989,0.00643398));
#2124=CARTESIAN_POINT('',(0.00768340626297293,0.0180100700070861,0.00628174968127243));
#2125=CARTESIAN_POINT('',(0.00735392411071505,0.0180103971410835,0.00604958235419695));
#2126=CARTESIAN_POINT('',(0.00719147614714054,0.0179919887560035,0.00593398));
#2127=CARTESIAN_POINT('',(0.00719147614714054,0.0179919887560035,0.0114301216325589));
#2128=CARTESIAN_POINT('',(0.00748489956494325,0.018025239103669,0.011136270838048));
#2129=CARTESIAN_POINT('',(0.0082760032590522,0.017950872894275,0.0107735022193971));
#2130=CARTESIAN_POINT('',(0.00892605065769057,0.0173811947408023,0.0106984460230618));
#2131=CARTESIAN_POINT('',(0.00913784912326797,0.0170233094759126,0.0107150284229308));
#2132=CARTESIAN_POINT('',(0.006,0.014989635,0.0125));
#2133=CARTESIAN_POINT('',(-0.006,0.014989635,0.0125));
#2134=CARTESIAN_POINT('',(-0.0151619683932791,0.0205884163495813,-0.00643398));
#2135=CARTESIAN_POINT('',(-0.0101767496261949,0.0156743962189437,-0.00643398));
#2136=CARTESIAN_POINT('',(-0.0101767496261949,0.0156743962189437,-0.00643398));
#2137=CARTESIAN_POINT('',(-0.0151619683932791,0.0205884163495813,-0.00643398));
#2138=CARTESIAN_POINT('',(-0.00925871256142528,0.0168265590179319,-0.00643398));
#2139=CARTESIAN_POINT('',(-0.00925871256142528,0.0168265590179319,-0.00643398));
#2140=CARTESIAN_POINT('',(-6.93889390390723E-18,0.0197942081747908,-0.00643398));
#2141=CARTESIAN_POINT('',(-0.00862718970237673,0.0181107467032908,-0.00643398));
#2142=CARTESIAN_POINT('',(-0.0100092678424323,0.0193392606055625,-0.00643398));
#2143=CARTESIAN_POINT('',(-0.00862718970237673,0.0181107467032908,-0.00643398));
#2144=CARTESIAN_POINT('',(-0.00696628010530193,0.01997927,-0.00643398));
#2145=CARTESIAN_POINT('',(-0.00814715564795221,0.0177757426112956,-0.00643398));
#2146=CARTESIAN_POINT('',(-0.0071504069071918,0.0154830385423429,-0.00643398));
#2147=CARTESIAN_POINT('',(-0.00839631435223635,0.0139193890294302,-0.00643398));
#2148=CARTESIAN_POINT('',(-0.0108461560079217,0.0134211161503078,-0.00643398));
#2149=CARTESIAN_POINT('',(-0.00795183869151558,0.0108483896468357,-0.00643398));
#2150=CARTESIAN_POINT('',(-0.0133173177967064,0.0156177044070053,-0.00643398));
#2151=CARTESIAN_POINT('',(-0.02560804881506,0.00179063201135757,-0.00643398));
#2152=CARTESIAN_POINT('',(-0.0166217700530987,0.017961494511927,-0.00643398));
#2153=CARTESIAN_POINT('',(-0.015161968393279,0.0205884163495814,-0.00643398));
#2154=CARTESIAN_POINT('',(-0.0127243124180699,0.0223461343513341,-0.00643398));
#2155=CARTESIAN_POINT('',(0.00228146317592121,0.0331663330012102,-0.00643398));
#2156=CARTESIAN_POINT('',(0.015161968393279,0.0205884163495814,-0.00643398));
#2157=CARTESIAN_POINT('',(0.015161968393279,0.0205884163495814,-0.00643398));
#2158=CARTESIAN_POINT('',(0.010176749626195,0.0156743962189437,-0.00643398));
#2159=CARTESIAN_POINT('',(0.00925871256142531,0.0168265590179319,-0.00643398));
#2160=CARTESIAN_POINT('',(0.010176749626195,0.0156743962189437,-0.00643398));
#2161=CARTESIAN_POINT('',(0.00925871256142531,0.0168265590179319,-0.00643398));
#2162=CARTESIAN_POINT('',(-6.93889390390723E-18,0.0197942081747908,-0.00643398));
#2163=CARTESIAN_POINT('',(0.00715040690719184,0.0154830385423429,-0.00643398));
#2164=CARTESIAN_POINT('',(0.00814715564795223,0.0177757426112956,-0.00643398));
#2165=CARTESIAN_POINT('',(0.00696628010530193,0.01997927,-0.00643398));
#2166=CARTESIAN_POINT('',(0.00862718970237673,0.0181107467032908,-0.00643398));
#2167=CARTESIAN_POINT('',(0.00464378873724208,0.0145699458453934,-0.00643398));
#2168=CARTESIAN_POINT('',(0.0100092678424323,0.0193392606055625,-0.00643398));
#2169=CARTESIAN_POINT('',(-0.00228146317592121,0.0331663330012102,-0.00643398));
#2170=CARTESIAN_POINT('',(0.0127243124180699,0.0223461343513341,-0.00643398));
#2171=CARTESIAN_POINT('',(0.015161968393279,0.0205884163495814,-0.00643398));
#2172=CARTESIAN_POINT('',(0.0166217700530987,0.017961494511927,-0.00643398));
#2173=CARTESIAN_POINT('',(0.02560804881506,0.00179063201135757,-0.00643398));
#2174=CARTESIAN_POINT('',(0.0133173177967064,0.0156177044070053,-0.00643398));
#2175=CARTESIAN_POINT('',(0.0102361471135468,0.0128788860219745,-0.00643398));
#2176=CARTESIAN_POINT('',(0.0108461560079217,0.0134211161503078,-0.00643398));
#2177=CARTESIAN_POINT('',(0.00839631435223641,0.0139193890294302,-0.00643398));
#2178=CARTESIAN_POINT('',(-0.00839631435223635,0.0139193890294302,-0.00643398));
#2179=CARTESIAN_POINT('',(-0.0105049857093395,0.0125764426017077,-0.00622766995037196));
#2180=CARTESIAN_POINT('',(-0.0104658657998135,0.0125150171933614,-0.00620022342373117));
#2181=CARTESIAN_POINT('',(-0.0103865020514708,0.0124017818250219,-0.00613886553323394));
#2182=CARTESIAN_POINT('',(-0.0103096863864259,0.0123103497325882,-0.00601205805150199));
#2183=CARTESIAN_POINT('',(-0.0103096863864259,0.0123103497325882,-0.00593398000000001));
#2184=CARTESIAN_POINT('',(-0.0105049857093395,0.0125764426017077,-0.00622766995037196));
#2185=CARTESIAN_POINT('',(-0.0108461560079217,0.0134211161503078,-0.00643398));
#2186=CARTESIAN_POINT('',(-0.0107826833528963,0.0131090422630994,-0.00643398));
#2187=CARTESIAN_POINT('',(-0.0106623382431595,0.0128235148409157,-0.0063380684805273));
#2188=CARTESIAN_POINT('',(-0.0105049857093395,0.0125764426017077,-0.00622766995037196));
#2189=CARTESIAN_POINT('',(-0.0071504069071918,0.0154830385423429,-0.015));
#2190=CARTESIAN_POINT('',(-0.00814715564795221,0.0177757426112956,-0.00643398));
#2191=CARTESIAN_POINT('',(-0.00775988181898018,0.0179441091731143,-0.00643398));
#2192=CARTESIAN_POINT('',(-0.00739320117703167,0.0179950766877964,-0.00616566352589286));
#2193=CARTESIAN_POINT('',(-0.00704811423947521,0.0179809449077079,-0.00593398));
#2194=CARTESIAN_POINT('',(0.00839631435223641,0.0139193890294302,-0.00643398));
#2195=CARTESIAN_POINT('',(0.0108461560079217,0.0134211161503078,-0.00643398));
#2196=CARTESIAN_POINT('',(0.0107826833528963,0.0131090422630994,-0.00643398));
#2197=CARTESIAN_POINT('',(0.0106623382431595,0.0128235148409156,-0.00633806848052729));
#2198=CARTESIAN_POINT('',(0.0105049857093396,0.0125764426017077,-0.00622766995037194));
#2199=CARTESIAN_POINT('',(0.0105049857093396,0.0125764426017077,-0.00622766995037195));
#2200=CARTESIAN_POINT('',(0.0105049857093396,0.0125764426017077,-0.00622766995037195));
#2201=CARTESIAN_POINT('',(0.0104658657998135,0.0125150171933614,-0.00620022342373116));
#2202=CARTESIAN_POINT('',(0.0103865020514709,0.0124017818250219,-0.00613886553323389));
#2203=CARTESIAN_POINT('',(0.010309686386426,0.0123103497325882,-0.00601205805150197));
#2204=CARTESIAN_POINT('',(0.010309686386426,0.0123103497325882,-0.00593398));
#2205=CARTESIAN_POINT('',(0.00715040690719184,0.0154830385423429,-0.00643398));
#2206=CARTESIAN_POINT('',(0.00814715564795223,0.0177757426112956,-0.00643398));
#2207=CARTESIAN_POINT('',(0.0077598818189802,0.0179441091731143,-0.00643398000000001));
#2208=CARTESIAN_POINT('',(0.00739320117702636,0.0179950766877961,-0.00616566352590082));
#2209=CARTESIAN_POINT('',(0.00704811423947523,0.0179809449077079,-0.00593398));
#2210=CARTESIAN_POINT('',(0.015161968393279,0.0205884163495814,-0.00556602));
#2211=CARTESIAN_POINT('',(0.0123187509155296,0.0226385721526822,-0.00556602));
#2212=CARTESIAN_POINT('',(0.0123187509155296,0.0226385721526822,-0.00593398));
#2213=CARTESIAN_POINT('',(0.0123187509155296,0.0226385721526822,0.00593398));
#2214=CARTESIAN_POINT('',(0.015161968393279,0.0205884163495814,0.00593398));
#2215=CARTESIAN_POINT('',(0.0168646424520706,0.0175244441740738,0.00593398));
#2216=CARTESIAN_POINT('',(0.0168646424520706,0.0175244441740738,-0.00556602));
#2217=CARTESIAN_POINT('',(0.0168646424520706,0.0175244441740738,-0.00593398));
#2218=CARTESIAN_POINT('',(0.015161968393279,0.0205884163495814,-0.00593398));
#2219=CARTESIAN_POINT('',(0.02560804881506,0.00179063201135757,-0.00556602));
#2220=CARTESIAN_POINT('',(0.02560804881506,0.00179063201135757,0.00593398));
#2221=CARTESIAN_POINT('',(0.02560804881506,0.00179063201135757,-0.00593398));
#2222=CARTESIAN_POINT('',(-0.00228146317592121,0.0331663330012102,-0.00556602));
#2223=CARTESIAN_POINT('',(-0.00228146317592121,0.0331663330012102,0.00593398));
#2224=CARTESIAN_POINT('',(-0.00228146317592121,0.0331663330012102,-0.00593398));
#2225=CARTESIAN_POINT('',(-0.015161968393279,0.0205884163495814,-0.00556602));
#2226=CARTESIAN_POINT('',(-0.0168646424520706,0.0175244441740738,-0.00556602));
#2227=CARTESIAN_POINT('',(-0.0168646424520706,0.0175244441740738,0.00593398));
#2228=CARTESIAN_POINT('',(-0.0168646424520706,0.0175244441740738,-0.00593398));
#2229=CARTESIAN_POINT('',(-0.015161968393279,0.0205884163495814,0.00593398));
#2230=CARTESIAN_POINT('',(-0.0123187509155296,0.0226385721526822,0.00593398));
#2231=CARTESIAN_POINT('',(-0.0123187509155296,0.0226385721526822,-0.00556602));
#2232=CARTESIAN_POINT('',(-0.0123187509155296,0.0226385721526822,-0.00593398));
#2233=CARTESIAN_POINT('',(-0.015161968393279,0.0205884163495814,-0.00593398));
#2234=CARTESIAN_POINT('',(-0.02560804881506,0.00179063201135757,-0.00556602));
#2235=CARTESIAN_POINT('',(-0.02560804881506,0.00179063201135757,0.00593398));
#2236=CARTESIAN_POINT('',(-0.02560804881506,0.00179063201135757,-0.00593398));
#2237=CARTESIAN_POINT('',(0.00228146317592121,0.0331663330012102,-0.00556602));
#2238=CARTESIAN_POINT('',(0.00228146317592121,0.0331663330012102,0.00593398));
#2239=CARTESIAN_POINT('',(0.00228146317592121,0.0331663330012102,-0.00593398));
#2240=CARTESIAN_POINT('',(-0.00696628010530193,0.01997927,0.00593398));
#2241=CARTESIAN_POINT('',(-0.00862718970237673,0.0181107467032908,0.00593398));
#2242=CARTESIAN_POINT('',(-0.00464378873724209,0.0145699458453934,0.00593398));
#2243=CARTESIAN_POINT('',(-0.0100092678424323,0.0193392606055625,0.00593398));
#2244=CARTESIAN_POINT('',(0.00228146317592121,0.0331663330012102,0.00593398));
#2245=CARTESIAN_POINT('',(-0.0127243124180699,0.0223461343513341,0.00593398));
#2246=CARTESIAN_POINT('',(-0.015161968393279,0.0205884163495814,0.00593398));
#2247=CARTESIAN_POINT('',(-0.0166217700530987,0.017961494511927,0.00593398));
#2248=CARTESIAN_POINT('',(-0.02560804881506,0.00179063201135757,0.00593398));
#2249=CARTESIAN_POINT('',(-0.0133173177967064,0.0156177044070053,0.00593398));
#2250=CARTESIAN_POINT('',(-0.0190104790739797,0.020678292209026,0.00593398));
#2251=CARTESIAN_POINT('',(-0.0102361471135468,0.0128788860219745,0.00593398));
#2252=CARTESIAN_POINT('',(-0.0092396013553019,0.014,0.00593398));
#2253=CARTESIAN_POINT('',(0.00696628010530193,0.01997927,0.00593398));
#2254=CARTESIAN_POINT('',(0.00862718970237673,0.0181107467032908,0.00593398));
#2255=CARTESIAN_POINT('',(0.0127619626054493,0.021786100394911,0.00593398));
#2256=CARTESIAN_POINT('',(0.0100092678424323,0.0193392606055625,0.00593398));
#2257=CARTESIAN_POINT('',(-0.00228146317592121,0.0331663330012102,0.00593398));
#2258=CARTESIAN_POINT('',(0.0127243124180699,0.0223461343513341,0.00593398));
#2259=CARTESIAN_POINT('',(0.015161968393279,0.0205884163495814,0.00593398));
#2260=CARTESIAN_POINT('',(0.0166217700530987,0.017961494511927,0.00593398));
#2261=CARTESIAN_POINT('',(0.02560804881506,0.00179063201135757,0.00593398));
#2262=CARTESIAN_POINT('',(0.0133173177967064,0.0156177044070053,0.00593398));
#2263=CARTESIAN_POINT('',(0.00795183869151561,0.0108483896468357,0.00593398));
#2264=CARTESIAN_POINT('',(0.0102361471135468,0.0128788860219745,0.00593398));
#2265=CARTESIAN_POINT('',(0.00923960135530194,0.014,0.00593398));
#2266=CARTESIAN_POINT('',(0.00923960135530194,0.014,-0.00593398));
#2267=CARTESIAN_POINT('',(0.0102361471135468,0.0128788860219745,-0.00593398));
#2268=CARTESIAN_POINT('',(0.011917818080585,0.0143737046593418,-0.00593398));
#2269=CARTESIAN_POINT('',(0.0133173177967064,0.0156177044070053,-0.00593398));
#2270=CARTESIAN_POINT('',(0.02560804881506,0.00179063201135757,-0.00593398));
#2271=CARTESIAN_POINT('',(0.0166217700530987,0.017961494511927,-0.00593398));
#2272=CARTESIAN_POINT('',(0.015161968393279,0.0205884163495814,-0.00593398));
#2273=CARTESIAN_POINT('',(0.0127243124180699,0.0223461343513341,-0.00593398));
#2274=CARTESIAN_POINT('',(-0.00228146317592121,0.0331663330012102,-0.00593398));
#2275=CARTESIAN_POINT('',(0.0100092678424323,0.0193392606055625,-0.00593398));
#2276=CARTESIAN_POINT('',(0.00464378873724208,0.0145699458453934,-0.00593398));
#2277=CARTESIAN_POINT('',(0.00862718970237673,0.0181107467032908,-0.00593398));
#2278=CARTESIAN_POINT('',(0.00696628010530193,0.01997927,-0.00593398));
#2279=CARTESIAN_POINT('',(-0.0092396013553019,0.014,-0.00593398));
#2280=CARTESIAN_POINT('',(-0.0102361471135468,0.0128788860219745,-0.00593398));
#2281=CARTESIAN_POINT('',(-0.00795183869151558,0.0108483896468357,-0.00593398));
#2282=CARTESIAN_POINT('',(-0.0133173177967064,0.0156177044070053,-0.00593398));
#2283=CARTESIAN_POINT('',(-0.02560804881506,0.00179063201135757,-0.00593398));
#2284=CARTESIAN_POINT('',(-0.0166217700530987,0.017961494511927,-0.00593398));
#2285=CARTESIAN_POINT('',(-0.015161968393279,0.0205884163495814,-0.00593398));
#2286=CARTESIAN_POINT('',(-0.0127243124180699,0.0223461343513341,-0.00593398));
#2287=CARTESIAN_POINT('',(0.00228146317592121,0.0331663330012102,-0.00593398));
#2288=CARTESIAN_POINT('',(-0.0100092678424323,0.0193392606055625,-0.00593398));
#2289=CARTESIAN_POINT('',(-0.0127619626054493,0.021786100394911,-0.00593398));
#2290=CARTESIAN_POINT('',(-0.00862718970237673,0.0181107467032908,-0.00593398));
#2291=CARTESIAN_POINT('',(-0.00696628010530193,0.01997927,-0.00593398));
#2292=MECHANICAL_DESIGN_GEOMETRIC_PRESENTATION_REPRESENTATION('',(#1240),
#2293);
#2293=(
GEOMETRIC_REPRESENTATION_CONTEXT(3)
GLOBAL_UNCERTAINTY_ASSIGNED_CONTEXT((#2294))
GLOBAL_UNIT_ASSIGNED_CONTEXT((#2297,#2296,#2295))
REPRESENTATION_CONTEXT('Wheel Hub','TOP_LEVEL_ASSEMBLY_PART')
);
#2294=UNCERTAINTY_MEASURE_WITH_UNIT(LENGTH_MEASURE(2.E-5),#2297,
'DISTANCE_ACCURACY_VALUE','Maximum Tolerance applied to model');
#2295=(
NAMED_UNIT(*)
SI_UNIT($,.STERADIAN.)
SOLID_ANGLE_UNIT()
);
#2296=(
NAMED_UNIT(*)
PLANE_ANGLE_UNIT()
SI_UNIT($,.RADIAN.)
);
#2297=(
LENGTH_UNIT()
NAMED_UNIT(*)
SI_UNIT($,.METRE.)
);
#2298=PRODUCT_DEFINITION_SHAPE('','',#2299);
#2299=PRODUCT_DEFINITION('','',#2301,#2300);
#2300=PRODUCT_DEFINITION_CONTEXT('',#2307,'design');
#2301=PRODUCT_DEFINITION_FORMATION_WITH_SPECIFIED_SOURCE('','',#2303,
 .NOT_KNOWN.);
#2302=PRODUCT_RELATED_PRODUCT_CATEGORY('','',(#2303));
#2303=PRODUCT('Wheel Hub','Wheel Hub','Wheel Hub',(#2305));
#2304=PRODUCT_CATEGORY('','');
#2305=PRODUCT_CONTEXT('',#2307,'mechanical');
#2306=APPLICATION_PROTOCOL_DEFINITION('international standard',
'ap242_managed_model_based_3d_engineering',2020,#2307);
#2307=APPLICATION_CONTEXT('managed model based 3d engineering');
ENDSEC;
END-ISO-10303-21;
