ISO-10303-21;
HEADER;
/* Generated by software containing ST-Developer
 * from STEP Tools, Inc. (www.steptools.com) 
 */
/* OPTION: using custom renumber hook */

FILE_DESCRIPTION(
/* description */ ('STEP AP242 Edition 2',
'CAx-IF Rec.Pracs.---Representation and Presentation of Product Manufa
cturing Information (PMI)---4.0---2014-10-13',
'CAx-IF Rec.Pracs.---3D Tessellated Geometry---0.4---2014-09-14','2;1',
'CAx-IF Rec.Pracs.---User Defined Attributes---1.5---2016-08-15'),
/* implementation_level */ '2;1');

FILE_NAME(
/* name */ 'Assembly 1 - Wheel hub Ring',
/* time_stamp */ '2026-08-23T18:37:23Z',
/* author */ (''),
/* organization */ (''),
/* preprocessor_version */ 'ST-DEVELOPER v20',
/* originating_system */ 'ONSHAPE BY PTC INC, 1.219',
/* authorisation */ '  ');

FILE_SCHEMA (('AP242_MANAGED_MODEL_BASED_3D_ENGINEERING_MIM_LF { 1 0 10303 442 3 1 4 }'));
ENDSEC;

DATA;
#10=SHAPE_REPRESENTATION_RELATIONSHIP('','',#4552,#11);
#11=ADVANCED_BREP_SHAPE_REPRESENTATION('',(#4550),#9269);
#12=CONICAL_SURFACE('',#5066,0.0292080589659824,0.785398163397449);
#13=CONICAL_SURFACE('',#5068,0.0307080589659824,0.785398163397448);
#14=PLANE('',#4557);
#15=PLANE('',#4692);
#16=PLANE('',#4841);
#17=PLANE('',#4844);
#18=PLANE('',#4847);
#19=PLANE('',#4853);
#20=PLANE('',#4856);
#21=PLANE('',#4859);
#22=PLANE('',#4861);
#23=PLANE('',#4863);
#24=PLANE('',#4864);
#25=PLANE('',#4866);
#26=PLANE('',#4869);
#27=PLANE('',#4871);
#28=PLANE('',#4874);
#29=PLANE('',#4877);
#30=PLANE('',#4879);
#31=PLANE('',#4881);
#32=PLANE('',#4882);
#33=PLANE('',#4884);
#34=PLANE('',#4886);
#35=PLANE('',#4890);
#36=PLANE('',#4892);
#37=PLANE('',#4893);
#38=PLANE('',#4898);
#39=PLANE('',#4899);
#40=PLANE('',#4900);
#41=PLANE('',#4901);
#42=PLANE('',#4902);
#43=PLANE('',#4903);
#44=PLANE('',#4950);
#45=PLANE('',#4953);
#46=PLANE('',#4956);
#47=PLANE('',#4962);
#48=PLANE('',#4965);
#49=PLANE('',#4968);
#50=PLANE('',#4970);
#51=PLANE('',#4972);
#52=PLANE('',#4973);
#53=PLANE('',#4974);
#54=PLANE('',#4977);
#55=PLANE('',#4979);
#56=PLANE('',#4982);
#57=PLANE('',#4985);
#58=PLANE('',#4987);
#59=PLANE('',#4989);
#60=PLANE('',#4990);
#61=PLANE('',#4992);
#62=PLANE('',#4994);
#63=PLANE('',#4998);
#64=PLANE('',#5000);
#65=PLANE('',#5001);
#66=PLANE('',#5006);
#67=PLANE('',#5007);
#68=PLANE('',#5008);
#69=PLANE('',#5009);
#70=PLANE('',#5010);
#71=PLANE('',#5011);
#72=CIRCLE('',#4555,0.0035);
#73=CIRCLE('',#4556,0.0035);
#74=CIRCLE('',#4558,0.0292080589659824);
#75=CIRCLE('',#4559,0.003);
#76=CIRCLE('',#4560,0.001);
#77=CIRCLE('',#4561,0.001);
#78=CIRCLE('',#4562,0.0265080589659826);
#79=CIRCLE('',#4563,0.001);
#80=CIRCLE('',#4564,0.001);
#81=CIRCLE('',#4565,0.001);
#82=CIRCLE('',#4566,0.003);
#83=CIRCLE('',#4567,0.001);
#84=CIRCLE('',#4568,0.003);
#85=CIRCLE('',#4569,0.001);
#86=CIRCLE('',#4570,0.001);
#87=CIRCLE('',#4571,0.0035);
#88=CIRCLE('',#4572,0.001);
#89=CIRCLE('',#4573,0.001);
#90=CIRCLE('',#4574,0.001);
#91=CIRCLE('',#4575,0.001);
#92=CIRCLE('',#4576,0.0005);
#93=CIRCLE('',#4577,0.001);
#94=CIRCLE('',#4578,0.0005);
#95=CIRCLE('',#4579,0.001);
#96=CIRCLE('',#4580,0.0005);
#97=CIRCLE('',#4581,0.001);
#98=CIRCLE('',#4582,0.0005);
#99=CIRCLE('',#4583,0.001);
#100=CIRCLE('',#4584,0.001);
#101=CIRCLE('',#4585,0.00948213896554089);
#102=CIRCLE('',#4586,0.0006);
#103=CIRCLE('',#4587,0.0006);
#104=CIRCLE('',#4588,0.0006);
#105=CIRCLE('',#4589,0.004);
#106=CIRCLE('',#4590,0.002989635);
#107=CIRCLE('',#4591,0.004);
#108=CIRCLE('',#4592,0.001);
#109=CIRCLE('',#4593,0.001);
#110=CIRCLE('',#4594,0.0265080589659824);
#111=CIRCLE('',#4595,0.001);
#112=CIRCLE('',#4596,0.001);
#113=CIRCLE('',#4597,0.004);
#114=CIRCLE('',#4598,0.002989635);
#115=CIRCLE('',#4599,0.004);
#116=CIRCLE('',#4600,0.001);
#117=CIRCLE('',#4601,0.001);
#118=CIRCLE('',#4602,0.0035);
#119=CIRCLE('',#4603,0.001);
#120=CIRCLE('',#4604,0.001);
#121=CIRCLE('',#4605,0.00295133696454156);
#122=CIRCLE('',#4606,0.004);
#123=CIRCLE('',#4607,0.0007);
#124=CIRCLE('',#4608,0.0007);
#125=CIRCLE('',#4609,0.001);
#126=CIRCLE('',#4610,0.001);
#127=CIRCLE('',#4611,0.0265080589659824);
#128=CIRCLE('',#4612,0.001);
#129=CIRCLE('',#4613,0.001);
#130=CIRCLE('',#4614,0.001);
#131=CIRCLE('',#4615,0.001);
#132=CIRCLE('',#4616,0.001);
#133=CIRCLE('',#4617,0.0265080589659823);
#134=CIRCLE('',#4618,0.001);
#135=CIRCLE('',#4619,0.001);
#136=CIRCLE('',#4620,0.001);
#137=CIRCLE('',#4621,0.004);
#138=CIRCLE('',#4622,0.001);
#139=CIRCLE('',#4623,0.001);
#140=CIRCLE('',#4624,0.0265080589659824);
#141=CIRCLE('',#4625,0.001);
#142=CIRCLE('',#4626,0.0035);
#143=CIRCLE('',#4627,0.001);
#144=CIRCLE('',#4628,0.001);
#145=CIRCLE('',#4629,0.004);
#146=CIRCLE('',#4630,0.001);
#147=CIRCLE('',#4631,0.001);
#148=CIRCLE('',#4632,0.003);
#149=CIRCLE('',#4633,0.001);
#150=CIRCLE('',#4634,0.003);
#151=CIRCLE('',#4635,0.001);
#152=CIRCLE('',#4636,0.001);
#153=CIRCLE('',#4637,0.0015);
#154=CIRCLE('',#4638,0.00295133696454156);
#155=CIRCLE('',#4639,0.001);
#156=CIRCLE('',#4640,0.001);
#157=CIRCLE('',#4641,0.0035);
#158=CIRCLE('',#4642,0.001);
#159=CIRCLE('',#4643,0.001);
#160=CIRCLE('',#4644,0.004);
#161=CIRCLE('',#4645,0.002989635);
#162=CIRCLE('',#4646,0.004);
#163=CIRCLE('',#4647,0.001);
#164=CIRCLE('',#4648,0.001);
#165=CIRCLE('',#4649,0.0265080589659824);
#166=CIRCLE('',#4650,0.001);
#167=CIRCLE('',#4651,0.001);
#168=CIRCLE('',#4652,0.004);
#169=CIRCLE('',#4653,0.002989635);
#170=CIRCLE('',#4654,0.004);
#171=CIRCLE('',#4655,0.0006);
#172=CIRCLE('',#4656,0.0006);
#173=CIRCLE('',#4657,0.0006);
#174=CIRCLE('',#4658,0.00948213896554076);
#175=CIRCLE('',#4659,0.001);
#176=CIRCLE('',#4660,0.004);
#177=CIRCLE('',#4661,0.001);
#178=CIRCLE('',#4662,0.001);
#179=CIRCLE('',#4663,0.0265080589659824);
#180=CIRCLE('',#4664,0.001);
#181=CIRCLE('',#4665,0.001);
#182=CIRCLE('',#4666,0.0007);
#183=CIRCLE('',#4667,0.0007);
#184=CIRCLE('',#4668,0.001);
#185=CIRCLE('',#4669,0.0265080589659823);
#186=CIRCLE('',#4670,0.001);
#187=CIRCLE('',#4671,0.001);
#188=CIRCLE('',#4672,0.001);
#189=CIRCLE('',#4673,0.001);
#190=CIRCLE('',#4674,0.0265080589659824);
#191=CIRCLE('',#4675,0.001);
#192=CIRCLE('',#4676,0.001);
#193=CIRCLE('',#4677,0.004);
#194=CIRCLE('',#4678,0.001);
#195=CIRCLE('',#4679,0.001);
#196=CIRCLE('',#4680,0.0035);
#197=CIRCLE('',#4681,0.001);
#198=CIRCLE('',#4682,0.001);
#199=CIRCLE('',#4683,0.003);
#200=CIRCLE('',#4684,0.001);
#201=CIRCLE('',#4685,0.003);
#202=CIRCLE('',#4686,0.001);
#203=CIRCLE('',#4687,0.001);
#204=CIRCLE('',#4688,0.004);
#205=CIRCLE('',#4689,0.001);
#206=CIRCLE('',#4690,0.001);
#207=CIRCLE('',#4691,0.0015);
#208=CIRCLE('',#4693,0.0292080589659824);
#209=CIRCLE('',#4694,0.001);
#210=CIRCLE('',#4695,0.003);
#211=CIRCLE('',#4696,0.001);
#212=CIRCLE('',#4697,0.003);
#213=CIRCLE('',#4698,0.001);
#214=CIRCLE('',#4699,0.001);
#215=CIRCLE('',#4700,0.001);
#216=CIRCLE('',#4701,0.001);
#217=CIRCLE('',#4702,0.001);
#218=CIRCLE('',#4703,0.0035);
#219=CIRCLE('',#4704,0.001);
#220=CIRCLE('',#4705,0.003);
#221=CIRCLE('',#4706,0.001);
#222=CIRCLE('',#4707,0.001);
#223=CIRCLE('',#4708,0.0265080589659826);
#224=CIRCLE('',#4709,0.001);
#225=CIRCLE('',#4710,0.001);
#226=CIRCLE('',#4711,0.0005);
#227=CIRCLE('',#4712,0.001);
#228=CIRCLE('',#4713,0.0005);
#229=CIRCLE('',#4714,0.001);
#230=CIRCLE('',#4715,0.0005);
#231=CIRCLE('',#4716,0.001);
#232=CIRCLE('',#4717,0.0005);
#233=CIRCLE('',#4718,0.001);
#234=CIRCLE('',#4719,0.00948213896554089);
#235=CIRCLE('',#4720,0.001);
#236=CIRCLE('',#4721,0.00295133696454156);
#237=CIRCLE('',#4722,0.001);
#238=CIRCLE('',#4723,0.001);
#239=CIRCLE('',#4724,0.0035);
#240=CIRCLE('',#4725,0.001);
#241=CIRCLE('',#4726,0.001);
#242=CIRCLE('',#4727,0.004);
#243=CIRCLE('',#4728,0.001);
#244=CIRCLE('',#4729,0.0015);
#245=CIRCLE('',#4730,0.001);
#246=CIRCLE('',#4731,0.001);
#247=CIRCLE('',#4732,0.0265080589659824);
#248=CIRCLE('',#4733,0.001);
#249=CIRCLE('',#4734,0.001);
#250=CIRCLE('',#4735,0.004);
#251=CIRCLE('',#4736,0.001);
#252=CIRCLE('',#4737,0.001);
#253=CIRCLE('',#4738,0.004);
#254=CIRCLE('',#4739,0.001);
#255=CIRCLE('',#4740,0.001);
#256=CIRCLE('',#4741,0.004);
#257=CIRCLE('',#4742,0.001);
#258=CIRCLE('',#4743,0.001);
#259=CIRCLE('',#4744,0.0265080589659824);
#260=CIRCLE('',#4745,0.001);
#261=CIRCLE('',#4746,0.0035);
#262=CIRCLE('',#4747,0.001);
#263=CIRCLE('',#4748,0.001);
#264=CIRCLE('',#4749,0.003);
#265=CIRCLE('',#4750,0.001);
#266=CIRCLE('',#4751,0.003);
#267=CIRCLE('',#4752,0.001);
#268=CIRCLE('',#4753,0.001);
#269=CIRCLE('',#4754,0.004);
#270=CIRCLE('',#4755,0.001);
#271=CIRCLE('',#4756,0.001);
#272=CIRCLE('',#4757,0.002);
#273=CIRCLE('',#4758,0.002);
#274=CIRCLE('',#4759,0.001);
#275=CIRCLE('',#4760,0.001);
#276=CIRCLE('',#4761,0.001);
#277=CIRCLE('',#4762,0.0265080589659823);
#278=CIRCLE('',#4763,0.001);
#279=CIRCLE('',#4764,0.0007);
#280=CIRCLE('',#4765,0.004);
#281=CIRCLE('',#4766,0.001);
#282=CIRCLE('',#4767,0.001);
#283=CIRCLE('',#4768,0.0265080589659824);
#284=CIRCLE('',#4769,0.001);
#285=CIRCLE('',#4770,0.001);
#286=CIRCLE('',#4771,0.0007);
#287=CIRCLE('',#4772,0.0006);
#288=CIRCLE('',#4773,0.0006);
#289=CIRCLE('',#4774,0.004);
#290=CIRCLE('',#4775,0.0006);
#291=CIRCLE('',#4776,0.0006);
#292=CIRCLE('',#4777,0.0006);
#293=CIRCLE('',#4778,0.00948213896554076);
#294=CIRCLE('',#4779,0.001);
#295=CIRCLE('',#4780,0.004);
#296=CIRCLE('',#4781,0.001);
#297=CIRCLE('',#4782,0.001);
#298=CIRCLE('',#4783,0.0035);
#299=CIRCLE('',#4784,0.001);
#300=CIRCLE('',#4785,0.001);
#301=CIRCLE('',#4786,0.00295133696454156);
#302=CIRCLE('',#4787,0.001);
#303=CIRCLE('',#4788,0.0015);
#304=CIRCLE('',#4789,0.001);
#305=CIRCLE('',#4790,0.004);
#306=CIRCLE('',#4791,0.001);
#307=CIRCLE('',#4792,0.001);
#308=CIRCLE('',#4793,0.0265080589659824);
#309=CIRCLE('',#4794,0.001);
#310=CIRCLE('',#4795,0.001);
#311=CIRCLE('',#4796,0.001);
#312=CIRCLE('',#4797,0.0265080589659824);
#313=CIRCLE('',#4798,0.001);
#314=CIRCLE('',#4799,0.001);
#315=CIRCLE('',#4800,0.004);
#316=CIRCLE('',#4801,0.001);
#317=CIRCLE('',#4802,0.001);
#318=CIRCLE('',#4803,0.004);
#319=CIRCLE('',#4804,0.001);
#320=CIRCLE('',#4805,0.0035);
#321=CIRCLE('',#4806,0.001);
#322=CIRCLE('',#4807,0.001);
#323=CIRCLE('',#4808,0.004);
#324=CIRCLE('',#4809,0.001);
#325=CIRCLE('',#4810,0.001);
#326=CIRCLE('',#4811,0.003);
#327=CIRCLE('',#4812,0.001);
#328=CIRCLE('',#4813,0.003);
#329=CIRCLE('',#4814,0.001);
#330=CIRCLE('',#4815,0.001);
#331=CIRCLE('',#4816,0.002);
#332=CIRCLE('',#4817,0.002);
#333=CIRCLE('',#4818,0.001);
#334=CIRCLE('',#4819,0.0265080589659823);
#335=CIRCLE('',#4820,0.001);
#336=CIRCLE('',#4821,0.001);
#337=CIRCLE('',#4822,0.001);
#338=CIRCLE('',#4823,0.0007);
#339=CIRCLE('',#4824,0.001);
#340=CIRCLE('',#4825,0.001);
#341=CIRCLE('',#4826,0.0265080589659824);
#342=CIRCLE('',#4827,0.001);
#343=CIRCLE('',#4828,0.001);
#344=CIRCLE('',#4829,0.004);
#345=CIRCLE('',#4830,0.0007);
#346=CIRCLE('',#4831,0.0006);
#347=CIRCLE('',#4832,0.0006);
#348=CIRCLE('',#4833,0.0006);
#349=CIRCLE('',#4834,0.004);
#350=CIRCLE('',#4835,0.0006);
#351=CIRCLE('',#4836,0.0006);
#352=CIRCLE('',#4840,0.002989635);
#353=CIRCLE('',#4843,0.002);
#354=CIRCLE('',#4845,0.002989635);
#355=CIRCLE('',#4846,0.002);
#356=CIRCLE('',#4858,0.004);
#357=CIRCLE('',#4868,0.004);
#358=CIRCLE('',#4873,0.004);
#359=CIRCLE('',#4875,0.001);
#360=CIRCLE('',#4876,0.001);
#361=CIRCLE('',#4887,0.0006);
#362=CIRCLE('',#4888,0.004);
#363=CIRCLE('',#4889,0.0006);
#364=CIRCLE('',#4894,0.001);
#365=CIRCLE('',#4949,0.002989635);
#366=CIRCLE('',#4952,0.002);
#367=CIRCLE('',#4954,0.002989635);
#368=CIRCLE('',#4955,0.002);
#369=CIRCLE('',#4967,0.004);
#370=CIRCLE('',#4976,0.004);
#371=CIRCLE('',#4981,0.004);
#372=CIRCLE('',#4983,0.001);
#373=CIRCLE('',#4984,0.001);
#374=CIRCLE('',#4995,0.0006);
#375=CIRCLE('',#4996,0.004);
#376=CIRCLE('',#4997,0.0006);
#377=CIRCLE('',#5002,0.001);
#378=CIRCLE('',#5067,0.0307080589659824);
#379=CYLINDRICAL_SURFACE('',#4554,0.0035);
#380=CYLINDRICAL_SURFACE('',#4837,0.003);
#381=CYLINDRICAL_SURFACE('',#4838,0.004);
#382=CYLINDRICAL_SURFACE('',#4839,0.002989635);
#383=CYLINDRICAL_SURFACE('',#4842,0.002);
#384=CYLINDRICAL_SURFACE('',#4848,0.002989635);
#385=CYLINDRICAL_SURFACE('',#4849,0.002);
#386=CYLINDRICAL_SURFACE('',#4850,0.003);
#387=CYLINDRICAL_SURFACE('',#4851,0.003);
#388=CYLINDRICAL_SURFACE('',#4852,0.00948213896554089);
#389=CYLINDRICAL_SURFACE('',#4854,0.001);
#390=CYLINDRICAL_SURFACE('',#4855,0.001);
#391=CYLINDRICAL_SURFACE('',#4857,0.004);
#392=CYLINDRICAL_SURFACE('',#4860,0.00295133696454156);
#393=CYLINDRICAL_SURFACE('',#4862,0.0265080589659823);
#394=CYLINDRICAL_SURFACE('',#4865,0.0265080589659826);
#395=CYLINDRICAL_SURFACE('',#4867,0.004);
#396=CYLINDRICAL_SURFACE('',#4870,0.0265080589659824);
#397=CYLINDRICAL_SURFACE('',#4872,0.004);
#398=CYLINDRICAL_SURFACE('',#4878,0.004);
#399=CYLINDRICAL_SURFACE('',#4880,0.0265080589659824);
#400=CYLINDRICAL_SURFACE('',#4883,0.0265080589659824);
#401=CYLINDRICAL_SURFACE('',#4885,0.004);
#402=CYLINDRICAL_SURFACE('',#4891,0.004);
#403=CYLINDRICAL_SURFACE('',#4895,0.0035);
#404=CYLINDRICAL_SURFACE('',#4896,0.0035);
#405=CYLINDRICAL_SURFACE('',#4897,0.0015);
#406=CYLINDRICAL_SURFACE('',#4904,0.0006);
#407=CYLINDRICAL_SURFACE('',#4905,0.0006);
#408=CYLINDRICAL_SURFACE('',#4906,0.0006);
#409=CYLINDRICAL_SURFACE('',#4907,0.0006);
#410=CYLINDRICAL_SURFACE('',#4908,0.0006);
#411=CYLINDRICAL_SURFACE('',#4909,0.0007);
#412=CYLINDRICAL_SURFACE('',#4910,0.0007);
#413=CYLINDRICAL_SURFACE('',#4911,0.001);
#414=CYLINDRICAL_SURFACE('',#4912,0.001);
#415=CYLINDRICAL_SURFACE('',#4913,0.001);
#416=CYLINDRICAL_SURFACE('',#4914,0.001);
#417=CYLINDRICAL_SURFACE('',#4915,0.001);
#418=CYLINDRICAL_SURFACE('',#4916,0.001);
#419=CYLINDRICAL_SURFACE('',#4917,0.001);
#420=CYLINDRICAL_SURFACE('',#4918,0.001);
#421=CYLINDRICAL_SURFACE('',#4919,0.001);
#422=CYLINDRICAL_SURFACE('',#4920,0.001);
#423=CYLINDRICAL_SURFACE('',#4921,0.001);
#424=CYLINDRICAL_SURFACE('',#4922,0.001);
#425=CYLINDRICAL_SURFACE('',#4923,0.001);
#426=CYLINDRICAL_SURFACE('',#4924,0.001);
#427=CYLINDRICAL_SURFACE('',#4925,0.001);
#428=CYLINDRICAL_SURFACE('',#4926,0.001);
#429=CYLINDRICAL_SURFACE('',#4927,0.001);
#430=CYLINDRICAL_SURFACE('',#4928,0.001);
#431=CYLINDRICAL_SURFACE('',#4929,0.001);
#432=CYLINDRICAL_SURFACE('',#4930,0.001);
#433=CYLINDRICAL_SURFACE('',#4931,0.001);
#434=CYLINDRICAL_SURFACE('',#4932,0.001);
#435=CYLINDRICAL_SURFACE('',#4933,0.001);
#436=CYLINDRICAL_SURFACE('',#4934,0.001);
#437=CYLINDRICAL_SURFACE('',#4935,0.001);
#438=CYLINDRICAL_SURFACE('',#4936,0.001);
#439=CYLINDRICAL_SURFACE('',#4937,0.001);
#440=CYLINDRICAL_SURFACE('',#4938,0.001);
#441=CYLINDRICAL_SURFACE('',#4939,0.001);
#442=CYLINDRICAL_SURFACE('',#4940,0.001);
#443=CYLINDRICAL_SURFACE('',#4941,0.001);
#444=CYLINDRICAL_SURFACE('',#4942,0.001);
#445=CYLINDRICAL_SURFACE('',#4943,0.001);
#446=CYLINDRICAL_SURFACE('',#4944,0.001);
#447=CYLINDRICAL_SURFACE('',#4945,0.0035);
#448=CYLINDRICAL_SURFACE('',#4946,0.003);
#449=CYLINDRICAL_SURFACE('',#4947,0.004);
#450=CYLINDRICAL_SURFACE('',#4948,0.002989635);
#451=CYLINDRICAL_SURFACE('',#4951,0.002);
#452=CYLINDRICAL_SURFACE('',#4957,0.002989635);
#453=CYLINDRICAL_SURFACE('',#4958,0.002);
#454=CYLINDRICAL_SURFACE('',#4959,0.003);
#455=CYLINDRICAL_SURFACE('',#4960,0.003);
#456=CYLINDRICAL_SURFACE('',#4961,0.00948213896554076);
#457=CYLINDRICAL_SURFACE('',#4963,0.001);
#458=CYLINDRICAL_SURFACE('',#4964,0.001);
#459=CYLINDRICAL_SURFACE('',#4966,0.004);
#460=CYLINDRICAL_SURFACE('',#4969,0.00295133696454156);
#461=CYLINDRICAL_SURFACE('',#4971,0.0265080589659823);
#462=CYLINDRICAL_SURFACE('',#4975,0.004);
#463=CYLINDRICAL_SURFACE('',#4978,0.0265080589659824);
#464=CYLINDRICAL_SURFACE('',#4980,0.004);
#465=CYLINDRICAL_SURFACE('',#4986,0.004);
#466=CYLINDRICAL_SURFACE('',#4988,0.0265080589659824);
#467=CYLINDRICAL_SURFACE('',#4991,0.0265080589659824);
#468=CYLINDRICAL_SURFACE('',#4993,0.004);
#469=CYLINDRICAL_SURFACE('',#4999,0.004);
#470=CYLINDRICAL_SURFACE('',#5003,0.0035);
#471=CYLINDRICAL_SURFACE('',#5004,0.0035);
#472=CYLINDRICAL_SURFACE('',#5005,0.0015);
#473=CYLINDRICAL_SURFACE('',#5012,0.0006);
#474=CYLINDRICAL_SURFACE('',#5013,0.0006);
#475=CYLINDRICAL_SURFACE('',#5014,0.0006);
#476=CYLINDRICAL_SURFACE('',#5015,0.0006);
#477=CYLINDRICAL_SURFACE('',#5016,0.0006);
#478=CYLINDRICAL_SURFACE('',#5017,0.0007);
#479=CYLINDRICAL_SURFACE('',#5018,0.0007);
#480=CYLINDRICAL_SURFACE('',#5019,0.001);
#481=CYLINDRICAL_SURFACE('',#5020,0.001);
#482=CYLINDRICAL_SURFACE('',#5021,0.001);
#483=CYLINDRICAL_SURFACE('',#5022,0.001);
#484=CYLINDRICAL_SURFACE('',#5023,0.001);
#485=CYLINDRICAL_SURFACE('',#5024,0.001);
#486=CYLINDRICAL_SURFACE('',#5025,0.001);
#487=CYLINDRICAL_SURFACE('',#5026,0.001);
#488=CYLINDRICAL_SURFACE('',#5027,0.001);
#489=CYLINDRICAL_SURFACE('',#5028,0.001);
#490=CYLINDRICAL_SURFACE('',#5029,0.001);
#491=CYLINDRICAL_SURFACE('',#5030,0.001);
#492=CYLINDRICAL_SURFACE('',#5031,0.001);
#493=CYLINDRICAL_SURFACE('',#5032,0.001);
#494=CYLINDRICAL_SURFACE('',#5033,0.001);
#495=CYLINDRICAL_SURFACE('',#5034,0.001);
#496=CYLINDRICAL_SURFACE('',#5035,0.001);
#497=CYLINDRICAL_SURFACE('',#5036,0.001);
#498=CYLINDRICAL_SURFACE('',#5037,0.001);
#499=CYLINDRICAL_SURFACE('',#5038,0.001);
#500=CYLINDRICAL_SURFACE('',#5039,0.001);
#501=CYLINDRICAL_SURFACE('',#5040,0.001);
#502=CYLINDRICAL_SURFACE('',#5041,0.001);
#503=CYLINDRICAL_SURFACE('',#5042,0.001);
#504=CYLINDRICAL_SURFACE('',#5043,0.001);
#505=CYLINDRICAL_SURFACE('',#5044,0.001);
#506=CYLINDRICAL_SURFACE('',#5045,0.001);
#507=CYLINDRICAL_SURFACE('',#5046,0.001);
#508=CYLINDRICAL_SURFACE('',#5047,0.001);
#509=CYLINDRICAL_SURFACE('',#5048,0.001);
#510=CYLINDRICAL_SURFACE('',#5049,0.001);
#511=CYLINDRICAL_SURFACE('',#5050,0.001);
#512=CYLINDRICAL_SURFACE('',#5051,0.001);
#513=CYLINDRICAL_SURFACE('',#5052,0.001);
#514=CYLINDRICAL_SURFACE('',#5053,0.003);
#515=CYLINDRICAL_SURFACE('',#5054,0.001);
#516=CYLINDRICAL_SURFACE('',#5055,0.001);
#517=CYLINDRICAL_SURFACE('',#5056,0.001);
#518=CYLINDRICAL_SURFACE('',#5057,0.001);
#519=CYLINDRICAL_SURFACE('',#5058,0.001);
#520=CYLINDRICAL_SURFACE('',#5059,0.001);
#521=CYLINDRICAL_SURFACE('',#5060,0.001);
#522=CYLINDRICAL_SURFACE('',#5061,0.001);
#523=CYLINDRICAL_SURFACE('',#5062,0.0005);
#524=CYLINDRICAL_SURFACE('',#5063,0.0005);
#525=CYLINDRICAL_SURFACE('',#5064,0.0005);
#526=CYLINDRICAL_SURFACE('',#5065,0.0005);
#527=LINE('',#6542,#849);
#528=LINE('',#6631,#850);
#529=LINE('',#6636,#851);
#530=LINE('',#6640,#852);
#531=LINE('',#6672,#853);
#532=LINE('',#6680,#854);
#533=LINE('',#6694,#855);
#534=LINE('',#6707,#856);
#535=LINE('',#6715,#857);
#536=LINE('',#6719,#858);
#537=LINE('',#6723,#859);
#538=LINE('',#6728,#860);
#539=LINE('',#6736,#861);
#540=LINE('',#6740,#862);
#541=LINE('',#6772,#863);
#542=LINE('',#6797,#864);
#543=LINE('',#6803,#865);
#544=LINE('',#6807,#866);
#545=LINE('',#6813,#867);
#546=LINE('',#6821,#868);
#547=LINE('',#6827,#869);
#548=LINE('',#6831,#870);
#549=LINE('',#6837,#871);
#550=LINE('',#6845,#872);
#551=LINE('',#6848,#873);
#552=LINE('',#6943,#874);
#553=LINE('',#6957,#875);
#554=LINE('',#6965,#876);
#555=LINE('',#6968,#877);
#556=LINE('',#6988,#878);
#557=LINE('',#6995,#879);
#558=LINE('',#7028,#880);
#559=LINE('',#7040,#881);
#560=LINE('',#7071,#882);
#561=LINE('',#7173,#883);
#562=LINE('',#7264,#884);
#563=LINE('',#7272,#885);
#564=LINE('',#7278,#886);
#565=LINE('',#7282,#887);
#566=LINE('',#7288,#888);
#567=LINE('',#7296,#889);
#568=LINE('',#7302,#890);
#569=LINE('',#7306,#891);
#570=LINE('',#7312,#892);
#571=LINE('',#7337,#893);
#572=LINE('',#7360,#894);
#573=LINE('',#7368,#895);
#574=LINE('',#7382,#896);
#575=LINE('',#7385,#897);
#576=LINE('',#7394,#898);
#577=LINE('',#7412,#899);
#578=LINE('',#7421,#900);
#579=LINE('',#7457,#901);
#580=LINE('',#7488,#902);
#581=LINE('',#7496,#903);
#582=LINE('',#7509,#904);
#583=LINE('',#7514,#905);
#584=LINE('',#7518,#906);
#585=LINE('',#7553,#907);
#586=LINE('',#7561,#908);
#587=LINE('',#7575,#909);
#588=LINE('',#7580,#910);
#589=LINE('',#7588,#911);
#590=LINE('',#7592,#912);
#591=LINE('',#7700,#913);
#592=LINE('',#7703,#914);
#593=LINE('',#7711,#915);
#594=LINE('',#7758,#916);
#595=LINE('',#7766,#917);
#596=LINE('',#7773,#918);
#597=LINE('',#7782,#919);
#598=LINE('',#7790,#920);
#599=LINE('',#7802,#921);
#600=LINE('',#7833,#922);
#601=LINE('',#7840,#923);
#602=LINE('',#7860,#924);
#603=LINE('',#7867,#925);
#604=LINE('',#7876,#926);
#605=LINE('',#7884,#927);
#606=LINE('',#7913,#928);
#607=LINE('',#7921,#929);
#608=LINE('',#7954,#930);
#609=LINE('',#7962,#931);
#610=LINE('',#8053,#932);
#611=LINE('',#8183,#933);
#612=LINE('',#8191,#934);
#613=LINE('',#8194,#935);
#614=LINE('',#8203,#936);
#615=LINE('',#8211,#937);
#616=LINE('',#8223,#938);
#617=LINE('',#8254,#939);
#618=LINE('',#8261,#940);
#619=LINE('',#8270,#941);
#620=LINE('',#8288,#942);
#621=LINE('',#8303,#943);
#622=LINE('',#8311,#944);
#623=LINE('',#8342,#945);
#624=LINE('',#8350,#946);
#625=LINE('',#8354,#947);
#626=LINE('',#8355,#948);
#627=LINE('',#8357,#949);
#628=LINE('',#8358,#950);
#629=LINE('',#8371,#951);
#630=LINE('',#8385,#952);
#631=LINE('',#8420,#953);
#632=LINE('',#8421,#954);
#633=LINE('',#8438,#955);
#634=LINE('',#8439,#956);
#635=LINE('',#8444,#957);
#636=LINE('',#8445,#958);
#637=LINE('',#8447,#959);
#638=LINE('',#8448,#960);
#639=LINE('',#8450,#961);
#640=LINE('',#8451,#962);
#641=LINE('',#8456,#963);
#642=LINE('',#8462,#964);
#643=LINE('',#8463,#965);
#644=LINE('',#8467,#966);
#645=LINE('',#8468,#967);
#646=LINE('',#8470,#968);
#647=LINE('',#8471,#969);
#648=LINE('',#8473,#970);
#649=LINE('',#8482,#971);
#650=LINE('',#8484,#972);
#651=LINE('',#8485,#973);
#652=LINE('',#8487,#974);
#653=LINE('',#8489,#975);
#654=LINE('',#8490,#976);
#655=LINE('',#8492,#977);
#656=LINE('',#8494,#978);
#657=LINE('',#8497,#979);
#658=LINE('',#8499,#980);
#659=LINE('',#8502,#981);
#660=LINE('',#8503,#982);
#661=LINE('',#8505,#983);
#662=LINE('',#8506,#984);
#663=LINE('',#8508,#985);
#664=LINE('',#8509,#986);
#665=LINE('',#8522,#987);
#666=LINE('',#8523,#988);
#667=LINE('',#8525,#989);
#668=LINE('',#8526,#990);
#669=LINE('',#8561,#991);
#670=LINE('',#8562,#992);
#671=LINE('',#8573,#993);
#672=LINE('',#8575,#994);
#673=LINE('',#8576,#995);
#674=LINE('',#8578,#996);
#675=LINE('',#8581,#997);
#676=LINE('',#8582,#998);
#677=LINE('',#8586,#999);
#678=LINE('',#8587,#1000);
#679=LINE('',#8589,#1001);
#680=LINE('',#8590,#1002);
#681=LINE('',#8592,#1003);
#682=LINE('',#8593,#1004);
#683=LINE('',#8595,#1005);
#684=LINE('',#8596,#1006);
#685=LINE('',#8598,#1007);
#686=LINE('',#8599,#1008);
#687=LINE('',#8606,#1009);
#688=LINE('',#8607,#1010);
#689=LINE('',#8624,#1011);
#690=LINE('',#8625,#1012);
#691=LINE('',#8627,#1013);
#692=LINE('',#8628,#1014);
#693=LINE('',#8630,#1015);
#694=LINE('',#8631,#1016);
#695=LINE('',#8633,#1017);
#696=LINE('',#8634,#1018);
#697=LINE('',#8636,#1019);
#698=LINE('',#8637,#1020);
#699=LINE('',#8654,#1021);
#700=LINE('',#8655,#1022);
#701=LINE('',#8657,#1023);
#702=LINE('',#8658,#1024);
#703=LINE('',#8660,#1025);
#704=LINE('',#8661,#1026);
#705=LINE('',#8663,#1027);
#706=LINE('',#8664,#1028);
#707=LINE('',#8666,#1029);
#708=LINE('',#8667,#1030);
#709=LINE('',#8669,#1031);
#710=LINE('',#8697,#1032);
#711=LINE('',#8698,#1033);
#712=LINE('',#8707,#1034);
#713=LINE('',#8708,#1035);
#714=LINE('',#8710,#1036);
#715=LINE('',#8711,#1037);
#716=LINE('',#8713,#1038);
#717=LINE('',#8714,#1039);
#718=LINE('',#8716,#1040);
#719=LINE('',#8717,#1041);
#720=LINE('',#8721,#1042);
#721=LINE('',#8722,#1043);
#722=LINE('',#8724,#1044);
#723=LINE('',#8725,#1045);
#724=LINE('',#8728,#1046);
#725=LINE('',#8729,#1047);
#726=LINE('',#8731,#1048);
#727=LINE('',#8732,#1049);
#728=LINE('',#8734,#1050);
#729=LINE('',#8735,#1051);
#730=LINE('',#8737,#1052);
#731=LINE('',#8738,#1053);
#732=LINE('',#8740,#1054);
#733=LINE('',#8741,#1055);
#734=LINE('',#8743,#1056);
#735=LINE('',#8744,#1057);
#736=LINE('',#8816,#1058);
#737=LINE('',#8817,#1059);
#738=LINE('',#8819,#1060);
#739=LINE('',#8820,#1061);
#740=LINE('',#8822,#1062);
#741=LINE('',#8823,#1063);
#742=LINE('',#8825,#1064);
#743=LINE('',#8826,#1065);
#744=LINE('',#8839,#1066);
#745=LINE('',#8853,#1067);
#746=LINE('',#8888,#1068);
#747=LINE('',#8889,#1069);
#748=LINE('',#8906,#1070);
#749=LINE('',#8907,#1071);
#750=LINE('',#8912,#1072);
#751=LINE('',#8913,#1073);
#752=LINE('',#8915,#1074);
#753=LINE('',#8916,#1075);
#754=LINE('',#8918,#1076);
#755=LINE('',#8919,#1077);
#756=LINE('',#8926,#1078);
#757=LINE('',#8930,#1079);
#758=LINE('',#8931,#1080);
#759=LINE('',#8935,#1081);
#760=LINE('',#8936,#1082);
#761=LINE('',#8938,#1083);
#762=LINE('',#8939,#1084);
#763=LINE('',#8941,#1085);
#764=LINE('',#8950,#1086);
#765=LINE('',#8952,#1087);
#766=LINE('',#8953,#1088);
#767=LINE('',#8955,#1089);
#768=LINE('',#8957,#1090);
#769=LINE('',#8958,#1091);
#770=LINE('',#8960,#1092);
#771=LINE('',#8962,#1093);
#772=LINE('',#8965,#1094);
#773=LINE('',#8967,#1095);
#774=LINE('',#8970,#1096);
#775=LINE('',#8971,#1097);
#776=LINE('',#8973,#1098);
#777=LINE('',#8974,#1099);
#778=LINE('',#8976,#1100);
#779=LINE('',#8977,#1101);
#780=LINE('',#8990,#1102);
#781=LINE('',#8991,#1103);
#782=LINE('',#8993,#1104);
#783=LINE('',#8994,#1105);
#784=LINE('',#9029,#1106);
#785=LINE('',#9030,#1107);
#786=LINE('',#9041,#1108);
#787=LINE('',#9043,#1109);
#788=LINE('',#9046,#1110);
#789=LINE('',#9047,#1111);
#790=LINE('',#9051,#1112);
#791=LINE('',#9052,#1113);
#792=LINE('',#9054,#1114);
#793=LINE('',#9055,#1115);
#794=LINE('',#9057,#1116);
#795=LINE('',#9058,#1117);
#796=LINE('',#9060,#1118);
#797=LINE('',#9061,#1119);
#798=LINE('',#9065,#1120);
#799=LINE('',#9066,#1121);
#800=LINE('',#9071,#1122);
#801=LINE('',#9072,#1123);
#802=LINE('',#9089,#1124);
#803=LINE('',#9090,#1125);
#804=LINE('',#9092,#1126);
#805=LINE('',#9093,#1127);
#806=LINE('',#9095,#1128);
#807=LINE('',#9096,#1129);
#808=LINE('',#9098,#1130);
#809=LINE('',#9099,#1131);
#810=LINE('',#9101,#1132);
#811=LINE('',#9102,#1133);
#812=LINE('',#9119,#1134);
#813=LINE('',#9120,#1135);
#814=LINE('',#9122,#1136);
#815=LINE('',#9123,#1137);
#816=LINE('',#9125,#1138);
#817=LINE('',#9126,#1139);
#818=LINE('',#9128,#1140);
#819=LINE('',#9129,#1141);
#820=LINE('',#9131,#1142);
#821=LINE('',#9132,#1143);
#822=LINE('',#9134,#1144);
#823=LINE('',#9162,#1145);
#824=LINE('',#9163,#1146);
#825=LINE('',#9172,#1147);
#826=LINE('',#9173,#1148);
#827=LINE('',#9175,#1149);
#828=LINE('',#9176,#1150);
#829=LINE('',#9178,#1151);
#830=LINE('',#9179,#1152);
#831=LINE('',#9181,#1153);
#832=LINE('',#9182,#1154);
#833=LINE('',#9186,#1155);
#834=LINE('',#9187,#1156);
#835=LINE('',#9189,#1157);
#836=LINE('',#9190,#1158);
#837=LINE('',#9193,#1159);
#838=LINE('',#9194,#1160);
#839=LINE('',#9196,#1161);
#840=LINE('',#9197,#1162);
#841=LINE('',#9199,#1163);
#842=LINE('',#9200,#1164);
#843=LINE('',#9202,#1165);
#844=LINE('',#9203,#1166);
#845=LINE('',#9205,#1167);
#846=LINE('',#9206,#1168);
#847=LINE('',#9208,#1169);
#848=LINE('',#9209,#1170);
#849=VECTOR('',#5071,1.);
#850=VECTOR('',#5072,1.);
#851=VECTOR('',#5077,1.);
#852=VECTOR('',#5080,1.);
#853=VECTOR('',#5089,1.);
#854=VECTOR('',#5096,1.);
#855=VECTOR('',#5099,1.);
#856=VECTOR('',#5110,1.);
#857=VECTOR('',#5117,1.);
#858=VECTOR('',#5120,1.);
#859=VECTOR('',#5125,1.);
#860=VECTOR('',#5128,1.);
#861=VECTOR('',#5135,1.);
#862=VECTOR('',#5138,1.);
#863=VECTOR('',#5149,1.);
#864=VECTOR('',#5154,1.);
#865=VECTOR('',#5159,1.);
#866=VECTOR('',#5162,1.);
#867=VECTOR('',#5167,1.);
#868=VECTOR('',#5174,1.);
#869=VECTOR('',#5179,1.);
#870=VECTOR('',#5182,1.);
#871=VECTOR('',#5187,1.);
#872=VECTOR('',#5194,1.);
#873=VECTOR('',#5197,1.);
#874=VECTOR('',#5204,1.);
#875=VECTOR('',#5209,1.);
#876=VECTOR('',#5216,1.);
#877=VECTOR('',#5219,1.);
#878=VECTOR('',#5224,1.);
#879=VECTOR('',#5231,1.);
#880=VECTOR('',#5240,1.);
#881=VECTOR('',#5251,1.);
#882=VECTOR('',#5268,1.);
#883=VECTOR('',#5275,1.);
#884=VECTOR('',#5278,1.);
#885=VECTOR('',#5285,1.);
#886=VECTOR('',#5290,1.);
#887=VECTOR('',#5293,1.);
#888=VECTOR('',#5298,1.);
#889=VECTOR('',#5305,1.);
#890=VECTOR('',#5310,1.);
#891=VECTOR('',#5313,1.);
#892=VECTOR('',#5318,1.);
#893=VECTOR('',#5323,1.);
#894=VECTOR('',#5332,1.);
#895=VECTOR('',#5339,1.);
#896=VECTOR('',#5344,1.);
#897=VECTOR('',#5347,1.);
#898=VECTOR('',#5354,1.);
#899=VECTOR('',#5359,1.);
#900=VECTOR('',#5366,1.);
#901=VECTOR('',#5379,1.);
#902=VECTOR('',#5396,1.);
#903=VECTOR('',#5405,1.);
#904=VECTOR('',#5416,1.);
#905=VECTOR('',#5421,1.);
#906=VECTOR('',#5424,1.);
#907=VECTOR('',#5435,1.);
#908=VECTOR('',#5442,1.);
#909=VECTOR('',#5445,1.);
#910=VECTOR('',#5448,1.);
#911=VECTOR('',#5455,1.);
#912=VECTOR('',#5458,1.);
#913=VECTOR('',#5471,1.);
#914=VECTOR('',#5474,1.);
#915=VECTOR('',#5481,1.);
#916=VECTOR('',#5492,1.);
#917=VECTOR('',#5499,1.);
#918=VECTOR('',#5506,1.);
#919=VECTOR('',#5513,1.);
#920=VECTOR('',#5520,1.);
#921=VECTOR('',#5531,1.);
#922=VECTOR('',#5548,1.);
#923=VECTOR('',#5555,1.);
#924=VECTOR('',#5560,1.);
#925=VECTOR('',#5567,1.);
#926=VECTOR('',#5574,1.);
#927=VECTOR('',#5581,1.);
#928=VECTOR('',#5588,1.);
#929=VECTOR('',#5595,1.);
#930=VECTOR('',#5608,1.);
#931=VECTOR('',#5615,1.);
#932=VECTOR('',#5618,1.);
#933=VECTOR('',#5631,1.);
#934=VECTOR('',#5638,1.);
#935=VECTOR('',#5641,1.);
#936=VECTOR('',#5648,1.);
#937=VECTOR('',#5655,1.);
#938=VECTOR('',#5666,1.);
#939=VECTOR('',#5683,1.);
#940=VECTOR('',#5690,1.);
#941=VECTOR('',#5697,1.);
#942=VECTOR('',#5702,1.);
#943=VECTOR('',#5707,1.);
#944=VECTOR('',#5714,1.);
#945=VECTOR('',#5725,1.);
#946=VECTOR('',#5732,1.);
#947=VECTOR('',#5737,1.);
#948=VECTOR('',#5738,1.);
#949=VECTOR('',#5741,1.);
#950=VECTOR('',#5742,1.);
#951=VECTOR('',#5743,1.);
#952=VECTOR('',#5744,1.);
#953=VECTOR('',#5745,1.);
#954=VECTOR('',#5746,1.);
#955=VECTOR('',#5747,1.);
#956=VECTOR('',#5748,1.);
#957=VECTOR('',#5753,1.);
#958=VECTOR('',#5754,1.);
#959=VECTOR('',#5757,1.);
#960=VECTOR('',#5758,1.);
#961=VECTOR('',#5759,1.);
#962=VECTOR('',#5760,1.);
#963=VECTOR('',#5767,1.);
#964=VECTOR('',#5774,1.);
#965=VECTOR('',#5775,1.);
#966=VECTOR('',#5782,1.);
#967=VECTOR('',#5783,1.);
#968=VECTOR('',#5786,1.);
#969=VECTOR('',#5787,1.);
#970=VECTOR('',#5790,1.);
#971=VECTOR('',#5791,1.);
#972=VECTOR('',#5794,1.);
#973=VECTOR('',#5795,1.);
#974=VECTOR('',#5798,1.);
#975=VECTOR('',#5801,1.);
#976=VECTOR('',#5802,1.);
#977=VECTOR('',#5805,1.);
#978=VECTOR('',#5808,1.);
#979=VECTOR('',#5811,1.);
#980=VECTOR('',#5814,1.);
#981=VECTOR('',#5819,1.);
#982=VECTOR('',#5820,1.);
#983=VECTOR('',#5823,1.);
#984=VECTOR('',#5824,1.);
#985=VECTOR('',#5827,1.);
#986=VECTOR('',#5828,1.);
#987=VECTOR('',#5829,1.);
#988=VECTOR('',#5830,1.);
#989=VECTOR('',#5833,1.);
#990=VECTOR('',#5834,1.);
#991=VECTOR('',#5835,1.);
#992=VECTOR('',#5836,1.);
#993=VECTOR('',#5837,1.);
#994=VECTOR('',#5840,1.);
#995=VECTOR('',#5841,1.);
#996=VECTOR('',#5844,1.);
#997=VECTOR('',#5845,1.);
#998=VECTOR('',#5846,1.);
#999=VECTOR('',#5851,1.);
#1000=VECTOR('',#5852,1.);
#1001=VECTOR('',#5855,1.);
#1002=VECTOR('',#5856,1.);
#1003=VECTOR('',#5859,1.);
#1004=VECTOR('',#5860,1.);
#1005=VECTOR('',#5863,1.);
#1006=VECTOR('',#5864,1.);
#1007=VECTOR('',#5867,1.);
#1008=VECTOR('',#5868,1.);
#1009=VECTOR('',#5879,1.);
#1010=VECTOR('',#5880,1.);
#1011=VECTOR('',#5881,1.);
#1012=VECTOR('',#5882,1.);
#1013=VECTOR('',#5885,1.);
#1014=VECTOR('',#5886,1.);
#1015=VECTOR('',#5889,1.);
#1016=VECTOR('',#5890,1.);
#1017=VECTOR('',#5893,1.);
#1018=VECTOR('',#5894,1.);
#1019=VECTOR('',#5897,1.);
#1020=VECTOR('',#5898,1.);
#1021=VECTOR('',#5899,1.);
#1022=VECTOR('',#5900,1.);
#1023=VECTOR('',#5903,1.);
#1024=VECTOR('',#5904,1.);
#1025=VECTOR('',#5907,1.);
#1026=VECTOR('',#5908,1.);
#1027=VECTOR('',#5911,1.);
#1028=VECTOR('',#5912,1.);
#1029=VECTOR('',#5915,1.);
#1030=VECTOR('',#5916,1.);
#1031=VECTOR('',#5919,1.);
#1032=VECTOR('',#5926,1.);
#1033=VECTOR('',#5927,1.);
#1034=VECTOR('',#5928,1.);
#1035=VECTOR('',#5929,1.);
#1036=VECTOR('',#5932,1.);
#1037=VECTOR('',#5933,1.);
#1038=VECTOR('',#5936,1.);
#1039=VECTOR('',#5937,1.);
#1040=VECTOR('',#5940,1.);
#1041=VECTOR('',#5941,1.);
#1042=VECTOR('',#5948,1.);
#1043=VECTOR('',#5949,1.);
#1044=VECTOR('',#5952,1.);
#1045=VECTOR('',#5953,1.);
#1046=VECTOR('',#5958,1.);
#1047=VECTOR('',#5959,1.);
#1048=VECTOR('',#5962,1.);
#1049=VECTOR('',#5963,1.);
#1050=VECTOR('',#5966,1.);
#1051=VECTOR('',#5967,1.);
#1052=VECTOR('',#5970,1.);
#1053=VECTOR('',#5971,1.);
#1054=VECTOR('',#5974,1.);
#1055=VECTOR('',#5975,1.);
#1056=VECTOR('',#5978,1.);
#1057=VECTOR('',#5979,1.);
#1058=VECTOR('',#6062,1.);
#1059=VECTOR('',#6063,1.);
#1060=VECTOR('',#6066,1.);
#1061=VECTOR('',#6067,1.);
#1062=VECTOR('',#6070,1.);
#1063=VECTOR('',#6071,1.);
#1064=VECTOR('',#6074,1.);
#1065=VECTOR('',#6075,1.);
#1066=VECTOR('',#6076,1.);
#1067=VECTOR('',#6077,1.);
#1068=VECTOR('',#6078,1.);
#1069=VECTOR('',#6079,1.);
#1070=VECTOR('',#6080,1.);
#1071=VECTOR('',#6081,1.);
#1072=VECTOR('',#6086,1.);
#1073=VECTOR('',#6087,1.);
#1074=VECTOR('',#6090,1.);
#1075=VECTOR('',#6091,1.);
#1076=VECTOR('',#6092,1.);
#1077=VECTOR('',#6093,1.);
#1078=VECTOR('',#6102,1.);
#1079=VECTOR('',#6107,1.);
#1080=VECTOR('',#6108,1.);
#1081=VECTOR('',#6115,1.);
#1082=VECTOR('',#6116,1.);
#1083=VECTOR('',#6119,1.);
#1084=VECTOR('',#6120,1.);
#1085=VECTOR('',#6123,1.);
#1086=VECTOR('',#6124,1.);
#1087=VECTOR('',#6127,1.);
#1088=VECTOR('',#6128,1.);
#1089=VECTOR('',#6131,1.);
#1090=VECTOR('',#6134,1.);
#1091=VECTOR('',#6135,1.);
#1092=VECTOR('',#6138,1.);
#1093=VECTOR('',#6141,1.);
#1094=VECTOR('',#6144,1.);
#1095=VECTOR('',#6147,1.);
#1096=VECTOR('',#6152,1.);
#1097=VECTOR('',#6153,1.);
#1098=VECTOR('',#6156,1.);
#1099=VECTOR('',#6157,1.);
#1100=VECTOR('',#6160,1.);
#1101=VECTOR('',#6161,1.);
#1102=VECTOR('',#6162,1.);
#1103=VECTOR('',#6163,1.);
#1104=VECTOR('',#6166,1.);
#1105=VECTOR('',#6167,1.);
#1106=VECTOR('',#6168,1.);
#1107=VECTOR('',#6169,1.);
#1108=VECTOR('',#6170,1.);
#1109=VECTOR('',#6173,1.);
#1110=VECTOR('',#6174,1.);
#1111=VECTOR('',#6175,1.);
#1112=VECTOR('',#6180,1.);
#1113=VECTOR('',#6181,1.);
#1114=VECTOR('',#6184,1.);
#1115=VECTOR('',#6185,1.);
#1116=VECTOR('',#6188,1.);
#1117=VECTOR('',#6189,1.);
#1118=VECTOR('',#6192,1.);
#1119=VECTOR('',#6193,1.);
#1120=VECTOR('',#6198,1.);
#1121=VECTOR('',#6199,1.);
#1122=VECTOR('',#6208,1.);
#1123=VECTOR('',#6209,1.);
#1124=VECTOR('',#6210,1.);
#1125=VECTOR('',#6211,1.);
#1126=VECTOR('',#6214,1.);
#1127=VECTOR('',#6215,1.);
#1128=VECTOR('',#6218,1.);
#1129=VECTOR('',#6219,1.);
#1130=VECTOR('',#6222,1.);
#1131=VECTOR('',#6223,1.);
#1132=VECTOR('',#6226,1.);
#1133=VECTOR('',#6227,1.);
#1134=VECTOR('',#6228,1.);
#1135=VECTOR('',#6229,1.);
#1136=VECTOR('',#6232,1.);
#1137=VECTOR('',#6233,1.);
#1138=VECTOR('',#6236,1.);
#1139=VECTOR('',#6237,1.);
#1140=VECTOR('',#6240,1.);
#1141=VECTOR('',#6241,1.);
#1142=VECTOR('',#6244,1.);
#1143=VECTOR('',#6245,1.);
#1144=VECTOR('',#6248,1.);
#1145=VECTOR('',#6255,1.);
#1146=VECTOR('',#6256,1.);
#1147=VECTOR('',#6257,1.);
#1148=VECTOR('',#6258,1.);
#1149=VECTOR('',#6261,1.);
#1150=VECTOR('',#6262,1.);
#1151=VECTOR('',#6265,1.);
#1152=VECTOR('',#6266,1.);
#1153=VECTOR('',#6269,1.);
#1154=VECTOR('',#6270,1.);
#1155=VECTOR('',#6277,1.);
#1156=VECTOR('',#6278,1.);
#1157=VECTOR('',#6281,1.);
#1158=VECTOR('',#6282,1.);
#1159=VECTOR('',#6287,1.);
#1160=VECTOR('',#6288,1.);
#1161=VECTOR('',#6291,1.);
#1162=VECTOR('',#6292,1.);
#1163=VECTOR('',#6295,1.);
#1164=VECTOR('',#6296,1.);
#1165=VECTOR('',#6299,1.);
#1166=VECTOR('',#6300,1.);
#1167=VECTOR('',#6303,1.);
#1168=VECTOR('',#6304,1.);
#1169=VECTOR('',#6307,1.);
#1170=VECTOR('',#6308,1.);
#1171=ORIENTED_EDGE('',*,*,#2533,.T.);
#1172=ORIENTED_EDGE('',*,*,#2534,.T.);
#1173=ORIENTED_EDGE('',*,*,#2535,.F.);
#1174=ORIENTED_EDGE('',*,*,#2536,.F.);
#1175=ORIENTED_EDGE('',*,*,#2537,.F.);
#1176=ORIENTED_EDGE('',*,*,#2538,.T.);
#1177=ORIENTED_EDGE('',*,*,#2539,.T.);
#1178=ORIENTED_EDGE('',*,*,#2540,.T.);
#1179=ORIENTED_EDGE('',*,*,#2541,.T.);
#1180=ORIENTED_EDGE('',*,*,#2542,.T.);
#1181=ORIENTED_EDGE('',*,*,#2543,.T.);
#1182=ORIENTED_EDGE('',*,*,#2544,.F.);
#1183=ORIENTED_EDGE('',*,*,#2545,.F.);
#1184=ORIENTED_EDGE('',*,*,#2546,.F.);
#1185=ORIENTED_EDGE('',*,*,#2547,.T.);
#1186=ORIENTED_EDGE('',*,*,#2548,.F.);
#1187=ORIENTED_EDGE('',*,*,#2549,.T.);
#1188=ORIENTED_EDGE('',*,*,#2550,.T.);
#1189=ORIENTED_EDGE('',*,*,#2551,.F.);
#1190=ORIENTED_EDGE('',*,*,#2552,.T.);
#1191=ORIENTED_EDGE('',*,*,#2553,.T.);
#1192=ORIENTED_EDGE('',*,*,#2554,.T.);
#1193=ORIENTED_EDGE('',*,*,#2555,.T.);
#1194=ORIENTED_EDGE('',*,*,#2556,.T.);
#1195=ORIENTED_EDGE('',*,*,#2557,.T.);
#1196=ORIENTED_EDGE('',*,*,#2558,.F.);
#1197=ORIENTED_EDGE('',*,*,#2559,.T.);
#1198=ORIENTED_EDGE('',*,*,#2560,.F.);
#1199=ORIENTED_EDGE('',*,*,#2561,.T.);
#1200=ORIENTED_EDGE('',*,*,#2562,.T.);
#1201=ORIENTED_EDGE('',*,*,#2563,.T.);
#1202=ORIENTED_EDGE('',*,*,#2564,.T.);
#1203=ORIENTED_EDGE('',*,*,#2565,.T.);
#1204=ORIENTED_EDGE('',*,*,#2566,.F.);
#1205=ORIENTED_EDGE('',*,*,#2567,.T.);
#1206=ORIENTED_EDGE('',*,*,#2539,.F.);
#1207=ORIENTED_EDGE('',*,*,#2568,.T.);
#1208=ORIENTED_EDGE('',*,*,#2569,.F.);
#1209=ORIENTED_EDGE('',*,*,#2570,.T.);
#1210=ORIENTED_EDGE('',*,*,#2571,.T.);
#1211=ORIENTED_EDGE('',*,*,#2572,.T.);
#1212=ORIENTED_EDGE('',*,*,#2573,.T.);
#1213=ORIENTED_EDGE('',*,*,#2574,.T.);
#1214=ORIENTED_EDGE('',*,*,#2575,.T.);
#1215=ORIENTED_EDGE('',*,*,#2576,.T.);
#1216=ORIENTED_EDGE('',*,*,#2577,.F.);
#1217=ORIENTED_EDGE('',*,*,#2578,.F.);
#1218=ORIENTED_EDGE('',*,*,#2579,.T.);
#1219=ORIENTED_EDGE('',*,*,#2580,.F.);
#1220=ORIENTED_EDGE('',*,*,#2581,.F.);
#1221=ORIENTED_EDGE('',*,*,#2582,.T.);
#1222=ORIENTED_EDGE('',*,*,#2583,.F.);
#1223=ORIENTED_EDGE('',*,*,#2584,.F.);
#1224=ORIENTED_EDGE('',*,*,#2585,.T.);
#1225=ORIENTED_EDGE('',*,*,#2586,.T.);
#1226=ORIENTED_EDGE('',*,*,#2587,.T.);
#1227=ORIENTED_EDGE('',*,*,#2588,.T.);
#1228=ORIENTED_EDGE('',*,*,#2589,.T.);
#1229=ORIENTED_EDGE('',*,*,#2590,.F.);
#1230=ORIENTED_EDGE('',*,*,#2591,.T.);
#1231=ORIENTED_EDGE('',*,*,#2592,.F.);
#1232=ORIENTED_EDGE('',*,*,#2593,.T.);
#1233=ORIENTED_EDGE('',*,*,#2594,.F.);
#1234=ORIENTED_EDGE('',*,*,#2595,.F.);
#1235=ORIENTED_EDGE('',*,*,#2596,.F.);
#1236=ORIENTED_EDGE('',*,*,#2597,.T.);
#1237=ORIENTED_EDGE('',*,*,#2598,.T.);
#1238=ORIENTED_EDGE('',*,*,#2599,.T.);
#1239=ORIENTED_EDGE('',*,*,#2600,.T.);
#1240=ORIENTED_EDGE('',*,*,#2601,.T.);
#1241=ORIENTED_EDGE('',*,*,#2602,.F.);
#1242=ORIENTED_EDGE('',*,*,#2603,.T.);
#1243=ORIENTED_EDGE('',*,*,#2604,.F.);
#1244=ORIENTED_EDGE('',*,*,#2605,.F.);
#1245=ORIENTED_EDGE('',*,*,#2606,.F.);
#1246=ORIENTED_EDGE('',*,*,#2607,.F.);
#1247=ORIENTED_EDGE('',*,*,#2608,.F.);
#1248=ORIENTED_EDGE('',*,*,#2609,.T.);
#1249=ORIENTED_EDGE('',*,*,#2610,.F.);
#1250=ORIENTED_EDGE('',*,*,#2611,.T.);
#1251=ORIENTED_EDGE('',*,*,#2612,.F.);
#1252=ORIENTED_EDGE('',*,*,#2613,.T.);
#1253=ORIENTED_EDGE('',*,*,#2614,.T.);
#1254=ORIENTED_EDGE('',*,*,#2615,.T.);
#1255=ORIENTED_EDGE('',*,*,#2533,.F.);
#1256=ORIENTED_EDGE('',*,*,#2616,.F.);
#1257=ORIENTED_EDGE('',*,*,#2617,.T.);
#1258=ORIENTED_EDGE('',*,*,#2618,.F.);
#1259=ORIENTED_EDGE('',*,*,#2619,.F.);
#1260=ORIENTED_EDGE('',*,*,#2620,.T.);
#1261=ORIENTED_EDGE('',*,*,#2621,.T.);
#1262=ORIENTED_EDGE('',*,*,#2622,.T.);
#1263=ORIENTED_EDGE('',*,*,#2623,.T.);
#1264=ORIENTED_EDGE('',*,*,#2624,.T.);
#1265=ORIENTED_EDGE('',*,*,#2625,.T.);
#1266=ORIENTED_EDGE('',*,*,#2626,.T.);
#1267=ORIENTED_EDGE('',*,*,#2627,.T.);
#1268=ORIENTED_EDGE('',*,*,#2628,.T.);
#1269=ORIENTED_EDGE('',*,*,#2629,.F.);
#1270=ORIENTED_EDGE('',*,*,#2630,.T.);
#1271=ORIENTED_EDGE('',*,*,#2631,.F.);
#1272=ORIENTED_EDGE('',*,*,#2632,.T.);
#1273=ORIENTED_EDGE('',*,*,#2633,.T.);
#1274=ORIENTED_EDGE('',*,*,#2634,.T.);
#1275=ORIENTED_EDGE('',*,*,#2635,.T.);
#1276=ORIENTED_EDGE('',*,*,#2636,.T.);
#1277=ORIENTED_EDGE('',*,*,#2637,.T.);
#1278=ORIENTED_EDGE('',*,*,#2638,.T.);
#1279=ORIENTED_EDGE('',*,*,#2639,.F.);
#1280=ORIENTED_EDGE('',*,*,#2640,.T.);
#1281=ORIENTED_EDGE('',*,*,#2641,.T.);
#1282=ORIENTED_EDGE('',*,*,#2642,.T.);
#1283=ORIENTED_EDGE('',*,*,#2643,.F.);
#1284=ORIENTED_EDGE('',*,*,#2644,.T.);
#1285=ORIENTED_EDGE('',*,*,#2645,.T.);
#1286=ORIENTED_EDGE('',*,*,#2646,.T.);
#1287=ORIENTED_EDGE('',*,*,#2647,.T.);
#1288=ORIENTED_EDGE('',*,*,#2648,.T.);
#1289=ORIENTED_EDGE('',*,*,#2649,.F.);
#1290=ORIENTED_EDGE('',*,*,#2650,.T.);
#1291=ORIENTED_EDGE('',*,*,#2651,.T.);
#1292=ORIENTED_EDGE('',*,*,#2652,.T.);
#1293=ORIENTED_EDGE('',*,*,#2653,.F.);
#1294=ORIENTED_EDGE('',*,*,#2654,.T.);
#1295=ORIENTED_EDGE('',*,*,#2655,.F.);
#1296=ORIENTED_EDGE('',*,*,#2656,.T.);
#1297=ORIENTED_EDGE('',*,*,#2657,.T.);
#1298=ORIENTED_EDGE('',*,*,#2658,.T.);
#1299=ORIENTED_EDGE('',*,*,#2659,.T.);
#1300=ORIENTED_EDGE('',*,*,#2660,.T.);
#1301=ORIENTED_EDGE('',*,*,#2661,.F.);
#1302=ORIENTED_EDGE('',*,*,#2662,.T.);
#1303=ORIENTED_EDGE('',*,*,#2663,.T.);
#1304=ORIENTED_EDGE('',*,*,#2664,.T.);
#1305=ORIENTED_EDGE('',*,*,#2665,.T.);
#1306=ORIENTED_EDGE('',*,*,#2666,.F.);
#1307=ORIENTED_EDGE('',*,*,#2667,.T.);
#1308=ORIENTED_EDGE('',*,*,#2668,.T.);
#1309=ORIENTED_EDGE('',*,*,#2669,.F.);
#1310=ORIENTED_EDGE('',*,*,#2670,.F.);
#1311=ORIENTED_EDGE('',*,*,#2671,.F.);
#1312=ORIENTED_EDGE('',*,*,#2672,.T.);
#1313=ORIENTED_EDGE('',*,*,#2673,.F.);
#1314=ORIENTED_EDGE('',*,*,#2674,.T.);
#1315=ORIENTED_EDGE('',*,*,#2675,.F.);
#1316=ORIENTED_EDGE('',*,*,#2676,.T.);
#1317=ORIENTED_EDGE('',*,*,#2677,.T.);
#1318=ORIENTED_EDGE('',*,*,#2678,.T.);
#1319=ORIENTED_EDGE('',*,*,#2679,.T.);
#1320=ORIENTED_EDGE('',*,*,#2680,.T.);
#1321=ORIENTED_EDGE('',*,*,#2681,.F.);
#1322=ORIENTED_EDGE('',*,*,#2682,.T.);
#1323=ORIENTED_EDGE('',*,*,#2683,.F.);
#1324=ORIENTED_EDGE('',*,*,#2684,.F.);
#1325=ORIENTED_EDGE('',*,*,#2685,.F.);
#1326=ORIENTED_EDGE('',*,*,#2686,.F.);
#1327=ORIENTED_EDGE('',*,*,#2687,.F.);
#1328=ORIENTED_EDGE('',*,*,#2688,.T.);
#1329=ORIENTED_EDGE('',*,*,#2689,.T.);
#1330=ORIENTED_EDGE('',*,*,#2690,.T.);
#1331=ORIENTED_EDGE('',*,*,#2691,.F.);
#1332=ORIENTED_EDGE('',*,*,#2692,.T.);
#1333=ORIENTED_EDGE('',*,*,#2693,.F.);
#1334=ORIENTED_EDGE('',*,*,#2694,.T.);
#1335=ORIENTED_EDGE('',*,*,#2695,.F.);
#1336=ORIENTED_EDGE('',*,*,#2696,.F.);
#1337=ORIENTED_EDGE('',*,*,#2697,.F.);
#1338=ORIENTED_EDGE('',*,*,#2698,.F.);
#1339=ORIENTED_EDGE('',*,*,#2699,.F.);
#1340=ORIENTED_EDGE('',*,*,#2700,.T.);
#1341=ORIENTED_EDGE('',*,*,#2701,.T.);
#1342=ORIENTED_EDGE('',*,*,#2702,.F.);
#1343=ORIENTED_EDGE('',*,*,#2703,.T.);
#1344=ORIENTED_EDGE('',*,*,#2704,.F.);
#1345=ORIENTED_EDGE('',*,*,#2705,.T.);
#1346=ORIENTED_EDGE('',*,*,#2706,.F.);
#1347=ORIENTED_EDGE('',*,*,#2707,.F.);
#1348=ORIENTED_EDGE('',*,*,#2708,.F.);
#1349=ORIENTED_EDGE('',*,*,#2709,.F.);
#1350=ORIENTED_EDGE('',*,*,#2710,.F.);
#1351=ORIENTED_EDGE('',*,*,#2711,.F.);
#1352=ORIENTED_EDGE('',*,*,#2712,.F.);
#1353=ORIENTED_EDGE('',*,*,#2713,.F.);
#1354=ORIENTED_EDGE('',*,*,#2714,.F.);
#1355=ORIENTED_EDGE('',*,*,#2715,.T.);
#1356=ORIENTED_EDGE('',*,*,#2716,.F.);
#1357=ORIENTED_EDGE('',*,*,#2717,.F.);
#1358=ORIENTED_EDGE('',*,*,#2718,.F.);
#1359=ORIENTED_EDGE('',*,*,#2719,.F.);
#1360=ORIENTED_EDGE('',*,*,#2720,.F.);
#1361=ORIENTED_EDGE('',*,*,#2721,.F.);
#1362=ORIENTED_EDGE('',*,*,#2722,.F.);
#1363=ORIENTED_EDGE('',*,*,#2723,.T.);
#1364=ORIENTED_EDGE('',*,*,#2724,.F.);
#1365=ORIENTED_EDGE('',*,*,#2725,.F.);
#1366=ORIENTED_EDGE('',*,*,#2726,.F.);
#1367=ORIENTED_EDGE('',*,*,#2727,.F.);
#1368=ORIENTED_EDGE('',*,*,#2728,.F.);
#1369=ORIENTED_EDGE('',*,*,#2729,.T.);
#1370=ORIENTED_EDGE('',*,*,#2730,.F.);
#1371=ORIENTED_EDGE('',*,*,#2731,.F.);
#1372=ORIENTED_EDGE('',*,*,#2732,.F.);
#1373=ORIENTED_EDGE('',*,*,#2733,.T.);
#1374=ORIENTED_EDGE('',*,*,#2734,.F.);
#1375=ORIENTED_EDGE('',*,*,#2735,.T.);
#1376=ORIENTED_EDGE('',*,*,#2736,.F.);
#1377=ORIENTED_EDGE('',*,*,#2737,.F.);
#1378=ORIENTED_EDGE('',*,*,#2738,.F.);
#1379=ORIENTED_EDGE('',*,*,#2739,.F.);
#1380=ORIENTED_EDGE('',*,*,#2740,.F.);
#1381=ORIENTED_EDGE('',*,*,#2741,.T.);
#1382=ORIENTED_EDGE('',*,*,#2742,.F.);
#1383=ORIENTED_EDGE('',*,*,#2743,.T.);
#1384=ORIENTED_EDGE('',*,*,#2744,.F.);
#1385=ORIENTED_EDGE('',*,*,#2745,.F.);
#1386=ORIENTED_EDGE('',*,*,#2746,.F.);
#1387=ORIENTED_EDGE('',*,*,#2747,.F.);
#1388=ORIENTED_EDGE('',*,*,#2748,.T.);
#1389=ORIENTED_EDGE('',*,*,#2749,.T.);
#1390=ORIENTED_EDGE('',*,*,#2750,.T.);
#1391=ORIENTED_EDGE('',*,*,#2751,.T.);
#1392=ORIENTED_EDGE('',*,*,#2752,.T.);
#1393=ORIENTED_EDGE('',*,*,#2753,.F.);
#1394=ORIENTED_EDGE('',*,*,#2754,.T.);
#1395=ORIENTED_EDGE('',*,*,#2755,.F.);
#1396=ORIENTED_EDGE('',*,*,#2756,.T.);
#1397=ORIENTED_EDGE('',*,*,#2537,.T.);
#1398=ORIENTED_EDGE('',*,*,#2757,.T.);
#1399=ORIENTED_EDGE('',*,*,#2758,.T.);
#1400=ORIENTED_EDGE('',*,*,#2759,.T.);
#1401=ORIENTED_EDGE('',*,*,#2760,.F.);
#1402=ORIENTED_EDGE('',*,*,#2761,.T.);
#1403=ORIENTED_EDGE('',*,*,#2762,.F.);
#1404=ORIENTED_EDGE('',*,*,#2763,.T.);
#1405=ORIENTED_EDGE('',*,*,#2764,.T.);
#1406=ORIENTED_EDGE('',*,*,#2765,.T.);
#1407=ORIENTED_EDGE('',*,*,#2766,.F.);
#1408=ORIENTED_EDGE('',*,*,#2767,.F.);
#1409=ORIENTED_EDGE('',*,*,#2768,.T.);
#1410=ORIENTED_EDGE('',*,*,#2769,.T.);
#1411=ORIENTED_EDGE('',*,*,#2770,.T.);
#1412=ORIENTED_EDGE('',*,*,#2771,.F.);
#1413=ORIENTED_EDGE('',*,*,#2772,.F.);
#1414=ORIENTED_EDGE('',*,*,#2773,.F.);
#1415=ORIENTED_EDGE('',*,*,#2774,.F.);
#1416=ORIENTED_EDGE('',*,*,#2775,.T.);
#1417=ORIENTED_EDGE('',*,*,#2776,.F.);
#1418=ORIENTED_EDGE('',*,*,#2777,.T.);
#1419=ORIENTED_EDGE('',*,*,#2778,.T.);
#1420=ORIENTED_EDGE('',*,*,#2779,.T.);
#1421=ORIENTED_EDGE('',*,*,#2780,.T.);
#1422=ORIENTED_EDGE('',*,*,#2781,.T.);
#1423=ORIENTED_EDGE('',*,*,#2782,.T.);
#1424=ORIENTED_EDGE('',*,*,#2783,.T.);
#1425=ORIENTED_EDGE('',*,*,#2784,.F.);
#1426=ORIENTED_EDGE('',*,*,#2785,.F.);
#1427=ORIENTED_EDGE('',*,*,#2786,.T.);
#1428=ORIENTED_EDGE('',*,*,#2787,.F.);
#1429=ORIENTED_EDGE('',*,*,#2788,.T.);
#1430=ORIENTED_EDGE('',*,*,#2789,.T.);
#1431=ORIENTED_EDGE('',*,*,#2790,.T.);
#1432=ORIENTED_EDGE('',*,*,#2791,.T.);
#1433=ORIENTED_EDGE('',*,*,#2792,.F.);
#1434=ORIENTED_EDGE('',*,*,#2793,.T.);
#1435=ORIENTED_EDGE('',*,*,#2535,.T.);
#1436=ORIENTED_EDGE('',*,*,#2794,.T.);
#1437=ORIENTED_EDGE('',*,*,#2795,.F.);
#1438=ORIENTED_EDGE('',*,*,#2796,.T.);
#1439=ORIENTED_EDGE('',*,*,#2797,.T.);
#1440=ORIENTED_EDGE('',*,*,#2798,.T.);
#1441=ORIENTED_EDGE('',*,*,#2799,.T.);
#1442=ORIENTED_EDGE('',*,*,#2800,.T.);
#1443=ORIENTED_EDGE('',*,*,#2801,.T.);
#1444=ORIENTED_EDGE('',*,*,#2802,.T.);
#1445=ORIENTED_EDGE('',*,*,#2803,.T.);
#1446=ORIENTED_EDGE('',*,*,#2804,.F.);
#1447=ORIENTED_EDGE('',*,*,#2805,.F.);
#1448=ORIENTED_EDGE('',*,*,#2806,.T.);
#1449=ORIENTED_EDGE('',*,*,#2807,.T.);
#1450=ORIENTED_EDGE('',*,*,#2808,.T.);
#1451=ORIENTED_EDGE('',*,*,#2809,.F.);
#1452=ORIENTED_EDGE('',*,*,#2810,.T.);
#1453=ORIENTED_EDGE('',*,*,#2811,.F.);
#1454=ORIENTED_EDGE('',*,*,#2812,.T.);
#1455=ORIENTED_EDGE('',*,*,#2813,.T.);
#1456=ORIENTED_EDGE('',*,*,#2814,.T.);
#1457=ORIENTED_EDGE('',*,*,#2815,.F.);
#1458=ORIENTED_EDGE('',*,*,#2816,.T.);
#1459=ORIENTED_EDGE('',*,*,#2817,.T.);
#1460=ORIENTED_EDGE('',*,*,#2818,.T.);
#1461=ORIENTED_EDGE('',*,*,#2819,.T.);
#1462=ORIENTED_EDGE('',*,*,#2820,.T.);
#1463=ORIENTED_EDGE('',*,*,#2821,.T.);
#1464=ORIENTED_EDGE('',*,*,#2822,.T.);
#1465=ORIENTED_EDGE('',*,*,#2823,.T.);
#1466=ORIENTED_EDGE('',*,*,#2824,.T.);
#1467=ORIENTED_EDGE('',*,*,#2825,.F.);
#1468=ORIENTED_EDGE('',*,*,#2826,.T.);
#1469=ORIENTED_EDGE('',*,*,#2827,.T.);
#1470=ORIENTED_EDGE('',*,*,#2828,.T.);
#1471=ORIENTED_EDGE('',*,*,#2829,.T.);
#1472=ORIENTED_EDGE('',*,*,#2830,.T.);
#1473=ORIENTED_EDGE('',*,*,#2831,.F.);
#1474=ORIENTED_EDGE('',*,*,#2832,.T.);
#1475=ORIENTED_EDGE('',*,*,#2833,.F.);
#1476=ORIENTED_EDGE('',*,*,#2834,.T.);
#1477=ORIENTED_EDGE('',*,*,#2835,.T.);
#1478=ORIENTED_EDGE('',*,*,#2836,.T.);
#1479=ORIENTED_EDGE('',*,*,#2837,.T.);
#1480=ORIENTED_EDGE('',*,*,#2838,.T.);
#1481=ORIENTED_EDGE('',*,*,#2839,.F.);
#1482=ORIENTED_EDGE('',*,*,#2840,.T.);
#1483=ORIENTED_EDGE('',*,*,#2841,.T.);
#1484=ORIENTED_EDGE('',*,*,#2842,.T.);
#1485=ORIENTED_EDGE('',*,*,#2843,.F.);
#1486=ORIENTED_EDGE('',*,*,#2844,.T.);
#1487=ORIENTED_EDGE('',*,*,#2845,.F.);
#1488=ORIENTED_EDGE('',*,*,#2846,.T.);
#1489=ORIENTED_EDGE('',*,*,#2847,.T.);
#1490=ORIENTED_EDGE('',*,*,#2848,.T.);
#1491=ORIENTED_EDGE('',*,*,#2849,.F.);
#1492=ORIENTED_EDGE('',*,*,#2850,.T.);
#1493=ORIENTED_EDGE('',*,*,#2851,.F.);
#1494=ORIENTED_EDGE('',*,*,#2852,.T.);
#1495=ORIENTED_EDGE('',*,*,#2853,.T.);
#1496=ORIENTED_EDGE('',*,*,#2854,.T.);
#1497=ORIENTED_EDGE('',*,*,#2855,.T.);
#1498=ORIENTED_EDGE('',*,*,#2856,.T.);
#1499=ORIENTED_EDGE('',*,*,#2857,.F.);
#1500=ORIENTED_EDGE('',*,*,#2858,.T.);
#1501=ORIENTED_EDGE('',*,*,#2859,.F.);
#1502=ORIENTED_EDGE('',*,*,#2860,.T.);
#1503=ORIENTED_EDGE('',*,*,#2861,.F.);
#1504=ORIENTED_EDGE('',*,*,#2862,.T.);
#1505=ORIENTED_EDGE('',*,*,#2863,.F.);
#1506=ORIENTED_EDGE('',*,*,#2864,.T.);
#1507=ORIENTED_EDGE('',*,*,#2865,.F.);
#1508=ORIENTED_EDGE('',*,*,#2866,.T.);
#1509=ORIENTED_EDGE('',*,*,#2867,.T.);
#1510=ORIENTED_EDGE('',*,*,#2868,.T.);
#1511=ORIENTED_EDGE('',*,*,#2869,.T.);
#1512=ORIENTED_EDGE('',*,*,#2870,.T.);
#1513=ORIENTED_EDGE('',*,*,#2871,.F.);
#1514=ORIENTED_EDGE('',*,*,#2872,.T.);
#1515=ORIENTED_EDGE('',*,*,#2873,.F.);
#1516=ORIENTED_EDGE('',*,*,#2874,.F.);
#1517=ORIENTED_EDGE('',*,*,#2875,.F.);
#1518=ORIENTED_EDGE('',*,*,#2876,.F.);
#1519=ORIENTED_EDGE('',*,*,#2877,.F.);
#1520=ORIENTED_EDGE('',*,*,#2878,.F.);
#1521=ORIENTED_EDGE('',*,*,#2879,.F.);
#1522=ORIENTED_EDGE('',*,*,#2880,.F.);
#1523=ORIENTED_EDGE('',*,*,#2881,.F.);
#1524=ORIENTED_EDGE('',*,*,#2882,.T.);
#1525=ORIENTED_EDGE('',*,*,#2883,.F.);
#1526=ORIENTED_EDGE('',*,*,#2884,.F.);
#1527=ORIENTED_EDGE('',*,*,#2885,.F.);
#1528=ORIENTED_EDGE('',*,*,#2886,.T.);
#1529=ORIENTED_EDGE('',*,*,#2887,.F.);
#1530=ORIENTED_EDGE('',*,*,#2888,.F.);
#1531=ORIENTED_EDGE('',*,*,#2889,.F.);
#1532=ORIENTED_EDGE('',*,*,#2890,.T.);
#1533=ORIENTED_EDGE('',*,*,#2891,.T.);
#1534=ORIENTED_EDGE('',*,*,#2892,.F.);
#1535=ORIENTED_EDGE('',*,*,#2893,.F.);
#1536=ORIENTED_EDGE('',*,*,#2894,.F.);
#1537=ORIENTED_EDGE('',*,*,#2895,.T.);
#1538=ORIENTED_EDGE('',*,*,#2896,.F.);
#1539=ORIENTED_EDGE('',*,*,#2897,.T.);
#1540=ORIENTED_EDGE('',*,*,#2898,.F.);
#1541=ORIENTED_EDGE('',*,*,#2899,.F.);
#1542=ORIENTED_EDGE('',*,*,#2900,.F.);
#1543=ORIENTED_EDGE('',*,*,#2901,.T.);
#1544=ORIENTED_EDGE('',*,*,#2902,.F.);
#1545=ORIENTED_EDGE('',*,*,#2903,.T.);
#1546=ORIENTED_EDGE('',*,*,#2904,.F.);
#1547=ORIENTED_EDGE('',*,*,#2905,.F.);
#1548=ORIENTED_EDGE('',*,*,#2906,.F.);
#1549=ORIENTED_EDGE('',*,*,#2907,.F.);
#1550=ORIENTED_EDGE('',*,*,#2908,.F.);
#1551=ORIENTED_EDGE('',*,*,#2909,.F.);
#1552=ORIENTED_EDGE('',*,*,#2910,.F.);
#1553=ORIENTED_EDGE('',*,*,#2911,.F.);
#1554=ORIENTED_EDGE('',*,*,#2912,.F.);
#1555=ORIENTED_EDGE('',*,*,#2913,.F.);
#1556=ORIENTED_EDGE('',*,*,#2914,.F.);
#1557=ORIENTED_EDGE('',*,*,#2915,.T.);
#1558=ORIENTED_EDGE('',*,*,#2916,.F.);
#1559=ORIENTED_EDGE('',*,*,#2917,.F.);
#1560=ORIENTED_EDGE('',*,*,#2918,.F.);
#1561=ORIENTED_EDGE('',*,*,#2919,.F.);
#1562=ORIENTED_EDGE('',*,*,#2920,.F.);
#1563=ORIENTED_EDGE('',*,*,#2921,.T.);
#1564=ORIENTED_EDGE('',*,*,#2922,.F.);
#1565=ORIENTED_EDGE('',*,*,#2923,.T.);
#1566=ORIENTED_EDGE('',*,*,#2924,.F.);
#1567=ORIENTED_EDGE('',*,*,#2925,.F.);
#1568=ORIENTED_EDGE('',*,*,#2926,.F.);
#1569=ORIENTED_EDGE('',*,*,#2927,.F.);
#1570=ORIENTED_EDGE('',*,*,#2928,.F.);
#1571=ORIENTED_EDGE('',*,*,#2929,.T.);
#1572=ORIENTED_EDGE('',*,*,#2930,.F.);
#1573=ORIENTED_EDGE('',*,*,#2931,.T.);
#1574=ORIENTED_EDGE('',*,*,#2932,.F.);
#1575=ORIENTED_EDGE('',*,*,#2933,.F.);
#1576=ORIENTED_EDGE('',*,*,#2934,.F.);
#1577=ORIENTED_EDGE('',*,*,#2935,.T.);
#1578=ORIENTED_EDGE('',*,*,#2936,.F.);
#1579=ORIENTED_EDGE('',*,*,#2937,.T.);
#1580=ORIENTED_EDGE('',*,*,#2938,.F.);
#1581=ORIENTED_EDGE('',*,*,#2939,.T.);
#1582=ORIENTED_EDGE('',*,*,#2940,.F.);
#1583=ORIENTED_EDGE('',*,*,#2941,.T.);
#1584=ORIENTED_EDGE('',*,*,#2942,.F.);
#1585=ORIENTED_EDGE('',*,*,#2943,.T.);
#1586=ORIENTED_EDGE('',*,*,#2944,.F.);
#1587=ORIENTED_EDGE('',*,*,#2945,.F.);
#1588=ORIENTED_EDGE('',*,*,#2946,.F.);
#1589=ORIENTED_EDGE('',*,*,#2947,.F.);
#1590=ORIENTED_EDGE('',*,*,#2948,.F.);
#1591=ORIENTED_EDGE('',*,*,#2949,.T.);
#1592=ORIENTED_EDGE('',*,*,#2950,.F.);
#1593=ORIENTED_EDGE('',*,*,#2951,.T.);
#1594=ORIENTED_EDGE('',*,*,#2952,.F.);
#1595=ORIENTED_EDGE('',*,*,#2953,.F.);
#1596=ORIENTED_EDGE('',*,*,#2954,.F.);
#1597=ORIENTED_EDGE('',*,*,#2955,.F.);
#1598=ORIENTED_EDGE('',*,*,#2956,.F.);
#1599=ORIENTED_EDGE('',*,*,#2957,.T.);
#1600=ORIENTED_EDGE('',*,*,#2958,.F.);
#1601=ORIENTED_EDGE('',*,*,#2831,.T.);
#1602=ORIENTED_EDGE('',*,*,#2959,.T.);
#1603=ORIENTED_EDGE('',*,*,#2659,.F.);
#1604=ORIENTED_EDGE('',*,*,#2960,.T.);
#1605=ORIENTED_EDGE('',*,*,#2837,.F.);
#1606=ORIENTED_EDGE('',*,*,#2961,.T.);
#1607=ORIENTED_EDGE('',*,*,#2653,.T.);
#1608=ORIENTED_EDGE('',*,*,#2962,.T.);
#1609=ORIENTED_EDGE('',*,*,#2803,.F.);
#1610=ORIENTED_EDGE('',*,*,#2963,.T.);
#1611=ORIENTED_EDGE('',*,*,#2964,.T.);
#1612=ORIENTED_EDGE('',*,*,#2584,.T.);
#1613=ORIENTED_EDGE('',*,*,#2965,.T.);
#1614=ORIENTED_EDGE('',*,*,#2618,.T.);
#1615=ORIENTED_EDGE('',*,*,#2966,.T.);
#1616=ORIENTED_EDGE('',*,*,#2791,.F.);
#1617=ORIENTED_EDGE('',*,*,#2967,.F.);
#1618=ORIENTED_EDGE('',*,*,#2835,.F.);
#1619=ORIENTED_EDGE('',*,*,#2968,.T.);
#1620=ORIENTED_EDGE('',*,*,#2655,.T.);
#1621=ORIENTED_EDGE('',*,*,#2969,.T.);
#1622=ORIENTED_EDGE('',*,*,#2970,.F.);
#1623=ORIENTED_EDGE('',*,*,#2971,.F.);
#1624=ORIENTED_EDGE('',*,*,#2606,.T.);
#1625=ORIENTED_EDGE('',*,*,#2972,.T.);
#1626=ORIENTED_EDGE('',*,*,#2585,.F.);
#1627=ORIENTED_EDGE('',*,*,#2973,.T.);
#1628=ORIENTED_EDGE('',*,*,#2607,.T.);
#1629=ORIENTED_EDGE('',*,*,#2971,.T.);
#1630=ORIENTED_EDGE('',*,*,#2974,.T.);
#1631=ORIENTED_EDGE('',*,*,#2975,.F.);
#1632=ORIENTED_EDGE('',*,*,#2593,.F.);
#1633=ORIENTED_EDGE('',*,*,#2976,.F.);
#1634=ORIENTED_EDGE('',*,*,#2842,.F.);
#1635=ORIENTED_EDGE('',*,*,#2977,.T.);
#1636=ORIENTED_EDGE('',*,*,#2974,.F.);
#1637=ORIENTED_EDGE('',*,*,#2970,.T.);
#1638=ORIENTED_EDGE('',*,*,#2978,.T.);
#1639=ORIENTED_EDGE('',*,*,#2979,.T.);
#1640=ORIENTED_EDGE('',*,*,#2980,.F.);
#1641=ORIENTED_EDGE('',*,*,#2977,.F.);
#1642=ORIENTED_EDGE('',*,*,#2978,.F.);
#1643=ORIENTED_EDGE('',*,*,#2972,.F.);
#1644=ORIENTED_EDGE('',*,*,#2605,.T.);
#1645=ORIENTED_EDGE('',*,*,#2981,.T.);
#1646=ORIENTED_EDGE('',*,*,#2595,.T.);
#1647=ORIENTED_EDGE('',*,*,#2982,.T.);
#1648=ORIENTED_EDGE('',*,*,#2979,.F.);
#1649=ORIENTED_EDGE('',*,*,#2982,.F.);
#1650=ORIENTED_EDGE('',*,*,#2594,.T.);
#1651=ORIENTED_EDGE('',*,*,#2975,.T.);
#1652=ORIENTED_EDGE('',*,*,#2980,.T.);
#1653=ORIENTED_EDGE('',*,*,#2841,.F.);
#1654=ORIENTED_EDGE('',*,*,#2657,.F.);
#1655=ORIENTED_EDGE('',*,*,#2983,.T.);
#1656=ORIENTED_EDGE('',*,*,#2833,.T.);
#1657=ORIENTED_EDGE('',*,*,#2984,.T.);
#1658=ORIENTED_EDGE('',*,*,#2753,.T.);
#1659=ORIENTED_EDGE('',*,*,#2985,.T.);
#1660=ORIENTED_EDGE('',*,*,#2556,.F.);
#1661=ORIENTED_EDGE('',*,*,#2986,.T.);
#1662=ORIENTED_EDGE('',*,*,#2583,.T.);
#1663=ORIENTED_EDGE('',*,*,#2987,.T.);
#1664=ORIENTED_EDGE('',*,*,#2788,.F.);
#1665=ORIENTED_EDGE('',*,*,#2965,.F.);
#1666=ORIENTED_EDGE('',*,*,#2790,.F.);
#1667=ORIENTED_EDGE('',*,*,#2988,.T.);
#1668=ORIENTED_EDGE('',*,*,#2581,.T.);
#1669=ORIENTED_EDGE('',*,*,#2967,.T.);
#1670=ORIENTED_EDGE('',*,*,#2577,.T.);
#1671=ORIENTED_EDGE('',*,*,#2989,.T.);
#1672=ORIENTED_EDGE('',*,*,#2782,.F.);
#1673=ORIENTED_EDGE('',*,*,#2990,.F.);
#1674=ORIENTED_EDGE('',*,*,#2781,.F.);
#1675=ORIENTED_EDGE('',*,*,#2991,.T.);
#1676=ORIENTED_EDGE('',*,*,#2578,.T.);
#1677=ORIENTED_EDGE('',*,*,#2990,.T.);
#1678=ORIENTED_EDGE('',*,*,#2580,.T.);
#1679=ORIENTED_EDGE('',*,*,#2992,.T.);
#1680=ORIENTED_EDGE('',*,*,#2779,.F.);
#1681=ORIENTED_EDGE('',*,*,#2993,.F.);
#1682=ORIENTED_EDGE('',*,*,#2778,.F.);
#1683=ORIENTED_EDGE('',*,*,#2994,.T.);
#1684=ORIENTED_EDGE('',*,*,#2569,.T.);
#1685=ORIENTED_EDGE('',*,*,#2993,.T.);
#1686=ORIENTED_EDGE('',*,*,#2801,.F.);
#1687=ORIENTED_EDGE('',*,*,#2995,.T.);
#1688=ORIENTED_EDGE('',*,*,#2608,.T.);
#1689=ORIENTED_EDGE('',*,*,#2996,.T.);
#1690=ORIENTED_EDGE('',*,*,#2997,.T.);
#1691=ORIENTED_EDGE('',*,*,#2616,.T.);
#1692=ORIENTED_EDGE('',*,*,#2536,.T.);
#1693=ORIENTED_EDGE('',*,*,#2793,.F.);
#1694=ORIENTED_EDGE('',*,*,#2998,.F.);
#1695=ORIENTED_EDGE('',*,*,#2998,.T.);
#1696=ORIENTED_EDGE('',*,*,#2792,.T.);
#1697=ORIENTED_EDGE('',*,*,#2966,.F.);
#1698=ORIENTED_EDGE('',*,*,#2617,.F.);
#1699=ORIENTED_EDGE('',*,*,#2635,.F.);
#1700=ORIENTED_EDGE('',*,*,#2999,.T.);
#1701=ORIENTED_EDGE('',*,*,#2843,.T.);
#1702=ORIENTED_EDGE('',*,*,#3000,.T.);
#1703=ORIENTED_EDGE('',*,*,#2637,.F.);
#1704=ORIENTED_EDGE('',*,*,#3001,.T.);
#1705=ORIENTED_EDGE('',*,*,#2849,.T.);
#1706=ORIENTED_EDGE('',*,*,#3002,.T.);
#1707=ORIENTED_EDGE('',*,*,#2631,.T.);
#1708=ORIENTED_EDGE('',*,*,#3003,.T.);
#1709=ORIENTED_EDGE('',*,*,#2847,.F.);
#1710=ORIENTED_EDGE('',*,*,#3004,.T.);
#1711=ORIENTED_EDGE('',*,*,#2845,.T.);
#1712=ORIENTED_EDGE('',*,*,#3005,.T.);
#1713=ORIENTED_EDGE('',*,*,#2633,.F.);
#1714=ORIENTED_EDGE('',*,*,#3006,.T.);
#1715=ORIENTED_EDGE('',*,*,#2551,.T.);
#1716=ORIENTED_EDGE('',*,*,#3007,.T.);
#1717=ORIENTED_EDGE('',*,*,#2769,.F.);
#1718=ORIENTED_EDGE('',*,*,#3008,.T.);
#1719=ORIENTED_EDGE('',*,*,#2553,.F.);
#1720=ORIENTED_EDGE('',*,*,#3009,.T.);
#1721=ORIENTED_EDGE('',*,*,#2767,.T.);
#1722=ORIENTED_EDGE('',*,*,#3010,.F.);
#1723=ORIENTED_EDGE('',*,*,#2766,.T.);
#1724=ORIENTED_EDGE('',*,*,#3011,.T.);
#1725=ORIENTED_EDGE('',*,*,#2542,.F.);
#1726=ORIENTED_EDGE('',*,*,#3010,.T.);
#1727=ORIENTED_EDGE('',*,*,#2771,.T.);
#1728=ORIENTED_EDGE('',*,*,#3012,.T.);
#1729=ORIENTED_EDGE('',*,*,#2549,.F.);
#1730=ORIENTED_EDGE('',*,*,#3013,.F.);
#1731=ORIENTED_EDGE('',*,*,#3014,.T.);
#1732=ORIENTED_EDGE('',*,*,#3015,.T.);
#1733=ORIENTED_EDGE('',*,*,#2819,.F.);
#1734=ORIENTED_EDGE('',*,*,#3016,.T.);
#1735=ORIENTED_EDGE('',*,*,#3017,.T.);
#1736=ORIENTED_EDGE('',*,*,#3018,.T.);
#1737=ORIENTED_EDGE('',*,*,#2817,.F.);
#1738=ORIENTED_EDGE('',*,*,#3019,.T.);
#1739=ORIENTED_EDGE('',*,*,#2596,.T.);
#1740=ORIENTED_EDGE('',*,*,#2815,.T.);
#1741=ORIENTED_EDGE('',*,*,#3020,.T.);
#1742=ORIENTED_EDGE('',*,*,#2598,.F.);
#1743=ORIENTED_EDGE('',*,*,#3021,.T.);
#1744=ORIENTED_EDGE('',*,*,#2600,.F.);
#1745=ORIENTED_EDGE('',*,*,#3022,.T.);
#1746=ORIENTED_EDGE('',*,*,#2825,.T.);
#1747=ORIENTED_EDGE('',*,*,#3023,.T.);
#1748=ORIENTED_EDGE('',*,*,#2602,.T.);
#1749=ORIENTED_EDGE('',*,*,#3024,.T.);
#1750=ORIENTED_EDGE('',*,*,#2823,.F.);
#1751=ORIENTED_EDGE('',*,*,#3025,.T.);
#1752=ORIENTED_EDGE('',*,*,#2604,.T.);
#1753=ORIENTED_EDGE('',*,*,#3026,.T.);
#1754=ORIENTED_EDGE('',*,*,#2821,.F.);
#1755=ORIENTED_EDGE('',*,*,#3027,.T.);
#1756=ORIENTED_EDGE('',*,*,#3028,.T.);
#1757=ORIENTED_EDGE('',*,*,#3028,.F.);
#1758=ORIENTED_EDGE('',*,*,#3029,.T.);
#1759=ORIENTED_EDGE('',*,*,#3014,.F.);
#1760=ORIENTED_EDGE('',*,*,#3030,.T.);
#1761=ORIENTED_EDGE('',*,*,#3017,.F.);
#1762=ORIENTED_EDGE('',*,*,#2981,.F.);
#1763=ORIENTED_EDGE('',*,*,#2639,.T.);
#1764=ORIENTED_EDGE('',*,*,#3031,.T.);
#1765=ORIENTED_EDGE('',*,*,#2807,.F.);
#1766=ORIENTED_EDGE('',*,*,#3032,.T.);
#1767=ORIENTED_EDGE('',*,*,#2641,.F.);
#1768=ORIENTED_EDGE('',*,*,#3033,.T.);
#1769=ORIENTED_EDGE('',*,*,#2805,.T.);
#1770=ORIENTED_EDGE('',*,*,#3034,.T.);
#1771=ORIENTED_EDGE('',*,*,#2643,.T.);
#1772=ORIENTED_EDGE('',*,*,#3035,.T.);
#1773=ORIENTED_EDGE('',*,*,#2813,.F.);
#1774=ORIENTED_EDGE('',*,*,#3036,.T.);
#1775=ORIENTED_EDGE('',*,*,#2811,.T.);
#1776=ORIENTED_EDGE('',*,*,#3037,.T.);
#1777=ORIENTED_EDGE('',*,*,#2645,.F.);
#1778=ORIENTED_EDGE('',*,*,#3038,.T.);
#1779=ORIENTED_EDGE('',*,*,#2809,.T.);
#1780=ORIENTED_EDGE('',*,*,#3039,.T.);
#1781=ORIENTED_EDGE('',*,*,#2647,.F.);
#1782=ORIENTED_EDGE('',*,*,#3040,.T.);
#1783=ORIENTED_EDGE('',*,*,#2621,.F.);
#1784=ORIENTED_EDGE('',*,*,#3041,.T.);
#1785=ORIENTED_EDGE('',*,*,#2851,.T.);
#1786=ORIENTED_EDGE('',*,*,#3042,.T.);
#1787=ORIENTED_EDGE('',*,*,#2861,.T.);
#1788=ORIENTED_EDGE('',*,*,#3043,.T.);
#1789=ORIENTED_EDGE('',*,*,#2623,.F.);
#1790=ORIENTED_EDGE('',*,*,#3044,.T.);
#1791=ORIENTED_EDGE('',*,*,#2625,.F.);
#1792=ORIENTED_EDGE('',*,*,#3045,.T.);
#1793=ORIENTED_EDGE('',*,*,#2859,.T.);
#1794=ORIENTED_EDGE('',*,*,#3046,.T.);
#1795=ORIENTED_EDGE('',*,*,#2857,.T.);
#1796=ORIENTED_EDGE('',*,*,#3047,.T.);
#1797=ORIENTED_EDGE('',*,*,#2627,.F.);
#1798=ORIENTED_EDGE('',*,*,#3048,.T.);
#1799=ORIENTED_EDGE('',*,*,#2855,.F.);
#1800=ORIENTED_EDGE('',*,*,#3049,.T.);
#1801=ORIENTED_EDGE('',*,*,#2629,.T.);
#1802=ORIENTED_EDGE('',*,*,#3050,.T.);
#1803=ORIENTED_EDGE('',*,*,#2619,.T.);
#1804=ORIENTED_EDGE('',*,*,#3051,.T.);
#1805=ORIENTED_EDGE('',*,*,#2853,.F.);
#1806=ORIENTED_EDGE('',*,*,#3052,.T.);
#1807=ORIENTED_EDGE('',*,*,#3053,.T.);
#1808=ORIENTED_EDGE('',*,*,#3054,.T.);
#1809=ORIENTED_EDGE('',*,*,#3055,.T.);
#1810=ORIENTED_EDGE('',*,*,#2976,.T.);
#1811=ORIENTED_EDGE('',*,*,#3056,.F.);
#1812=ORIENTED_EDGE('',*,*,#3057,.T.);
#1813=ORIENTED_EDGE('',*,*,#3055,.F.);
#1814=ORIENTED_EDGE('',*,*,#3058,.T.);
#1815=ORIENTED_EDGE('',*,*,#2863,.T.);
#1816=ORIENTED_EDGE('',*,*,#3059,.T.);
#1817=ORIENTED_EDGE('',*,*,#2586,.F.);
#1818=ORIENTED_EDGE('',*,*,#2588,.F.);
#1819=ORIENTED_EDGE('',*,*,#3060,.T.);
#1820=ORIENTED_EDGE('',*,*,#2871,.T.);
#1821=ORIENTED_EDGE('',*,*,#3061,.T.);
#1822=ORIENTED_EDGE('',*,*,#2869,.F.);
#1823=ORIENTED_EDGE('',*,*,#3062,.T.);
#1824=ORIENTED_EDGE('',*,*,#2590,.T.);
#1825=ORIENTED_EDGE('',*,*,#3063,.T.);
#1826=ORIENTED_EDGE('',*,*,#2867,.F.);
#1827=ORIENTED_EDGE('',*,*,#3064,.T.);
#1828=ORIENTED_EDGE('',*,*,#3056,.T.);
#1829=ORIENTED_EDGE('',*,*,#2592,.T.);
#1830=ORIENTED_EDGE('',*,*,#3065,.T.);
#1831=ORIENTED_EDGE('',*,*,#2865,.T.);
#1832=ORIENTED_EDGE('',*,*,#3066,.T.);
#1833=ORIENTED_EDGE('',*,*,#3053,.F.);
#1834=ORIENTED_EDGE('',*,*,#3067,.T.);
#1835=ORIENTED_EDGE('',*,*,#2964,.F.);
#1836=ORIENTED_EDGE('',*,*,#3068,.T.);
#1837=ORIENTED_EDGE('',*,*,#2996,.F.);
#1838=ORIENTED_EDGE('',*,*,#2973,.F.);
#1839=ORIENTED_EDGE('',*,*,#2612,.T.);
#1840=ORIENTED_EDGE('',*,*,#3069,.T.);
#1841=ORIENTED_EDGE('',*,*,#2797,.F.);
#1842=ORIENTED_EDGE('',*,*,#3070,.T.);
#1843=ORIENTED_EDGE('',*,*,#2649,.T.);
#1844=ORIENTED_EDGE('',*,*,#3071,.T.);
#1845=ORIENTED_EDGE('',*,*,#2827,.F.);
#1846=ORIENTED_EDGE('',*,*,#3072,.T.);
#1847=ORIENTED_EDGE('',*,*,#2804,.T.);
#1848=ORIENTED_EDGE('',*,*,#2663,.F.);
#1849=ORIENTED_EDGE('',*,*,#2829,.F.);
#1850=ORIENTED_EDGE('',*,*,#3073,.T.);
#1851=ORIENTED_EDGE('',*,*,#2661,.T.);
#1852=ORIENTED_EDGE('',*,*,#3074,.T.);
#1853=ORIENTED_EDGE('',*,*,#2755,.T.);
#1854=ORIENTED_EDGE('',*,*,#3075,.T.);
#1855=ORIENTED_EDGE('',*,*,#2554,.F.);
#1856=ORIENTED_EDGE('',*,*,#3076,.T.);
#1857=ORIENTED_EDGE('',*,*,#2839,.T.);
#1858=ORIENTED_EDGE('',*,*,#3077,.T.);
#1859=ORIENTED_EDGE('',*,*,#2651,.F.);
#1860=ORIENTED_EDGE('',*,*,#3078,.T.);
#1861=ORIENTED_EDGE('',*,*,#2799,.F.);
#1862=ORIENTED_EDGE('',*,*,#3079,.T.);
#1863=ORIENTED_EDGE('',*,*,#2610,.T.);
#1864=ORIENTED_EDGE('',*,*,#3080,.T.);
#1865=ORIENTED_EDGE('',*,*,#2614,.F.);
#1866=ORIENTED_EDGE('',*,*,#3081,.T.);
#1867=ORIENTED_EDGE('',*,*,#2795,.T.);
#1868=ORIENTED_EDGE('',*,*,#3082,.T.);
#1869=ORIENTED_EDGE('',*,*,#2758,.F.);
#1870=ORIENTED_EDGE('',*,*,#3083,.T.);
#1871=ORIENTED_EDGE('',*,*,#2566,.T.);
#1872=ORIENTED_EDGE('',*,*,#3084,.T.);
#1873=ORIENTED_EDGE('',*,*,#3054,.F.);
#1874=ORIENTED_EDGE('',*,*,#3066,.F.);
#1875=ORIENTED_EDGE('',*,*,#2864,.F.);
#1876=ORIENTED_EDGE('',*,*,#3058,.F.);
#1877=ORIENTED_EDGE('',*,*,#3057,.F.);
#1878=ORIENTED_EDGE('',*,*,#3064,.F.);
#1879=ORIENTED_EDGE('',*,*,#2866,.F.);
#1880=ORIENTED_EDGE('',*,*,#3067,.F.);
#1881=ORIENTED_EDGE('',*,*,#2591,.F.);
#1882=ORIENTED_EDGE('',*,*,#3062,.F.);
#1883=ORIENTED_EDGE('',*,*,#2868,.F.);
#1884=ORIENTED_EDGE('',*,*,#3065,.F.);
#1885=ORIENTED_EDGE('',*,*,#2587,.F.);
#1886=ORIENTED_EDGE('',*,*,#3059,.F.);
#1887=ORIENTED_EDGE('',*,*,#2872,.F.);
#1888=ORIENTED_EDGE('',*,*,#3060,.F.);
#1889=ORIENTED_EDGE('',*,*,#2589,.F.);
#1890=ORIENTED_EDGE('',*,*,#3061,.F.);
#1891=ORIENTED_EDGE('',*,*,#2870,.F.);
#1892=ORIENTED_EDGE('',*,*,#3063,.F.);
#1893=ORIENTED_EDGE('',*,*,#2620,.F.);
#1894=ORIENTED_EDGE('',*,*,#3052,.F.);
#1895=ORIENTED_EDGE('',*,*,#2852,.F.);
#1896=ORIENTED_EDGE('',*,*,#3041,.F.);
#1897=ORIENTED_EDGE('',*,*,#2622,.F.);
#1898=ORIENTED_EDGE('',*,*,#3042,.F.);
#1899=ORIENTED_EDGE('',*,*,#2862,.F.);
#1900=ORIENTED_EDGE('',*,*,#3044,.F.);
#1901=ORIENTED_EDGE('',*,*,#2656,.F.);
#1902=ORIENTED_EDGE('',*,*,#2968,.F.);
#1903=ORIENTED_EDGE('',*,*,#2834,.F.);
#1904=ORIENTED_EDGE('',*,*,#2983,.F.);
#1905=ORIENTED_EDGE('',*,*,#2662,.F.);
#1906=ORIENTED_EDGE('',*,*,#3073,.F.);
#1907=ORIENTED_EDGE('',*,*,#2828,.F.);
#1908=ORIENTED_EDGE('',*,*,#3071,.F.);
#1909=ORIENTED_EDGE('',*,*,#2660,.F.);
#1910=ORIENTED_EDGE('',*,*,#2959,.F.);
#1911=ORIENTED_EDGE('',*,*,#2830,.F.);
#1912=ORIENTED_EDGE('',*,*,#3074,.F.);
#1913=ORIENTED_EDGE('',*,*,#2658,.F.);
#1914=ORIENTED_EDGE('',*,*,#2984,.F.);
#1915=ORIENTED_EDGE('',*,*,#2832,.F.);
#1916=ORIENTED_EDGE('',*,*,#2960,.F.);
#1917=ORIENTED_EDGE('',*,*,#2654,.F.);
#1918=ORIENTED_EDGE('',*,*,#2961,.F.);
#1919=ORIENTED_EDGE('',*,*,#2836,.F.);
#1920=ORIENTED_EDGE('',*,*,#2969,.F.);
#1921=ORIENTED_EDGE('',*,*,#2652,.F.);
#1922=ORIENTED_EDGE('',*,*,#3077,.F.);
#1923=ORIENTED_EDGE('',*,*,#2838,.F.);
#1924=ORIENTED_EDGE('',*,*,#2962,.F.);
#1925=ORIENTED_EDGE('',*,*,#2650,.F.);
#1926=ORIENTED_EDGE('',*,*,#3072,.F.);
#1927=ORIENTED_EDGE('',*,*,#2840,.F.);
#1928=ORIENTED_EDGE('',*,*,#3078,.F.);
#1929=ORIENTED_EDGE('',*,*,#2611,.F.);
#1930=ORIENTED_EDGE('',*,*,#3079,.F.);
#1931=ORIENTED_EDGE('',*,*,#2798,.F.);
#1932=ORIENTED_EDGE('',*,*,#3069,.F.);
#1933=ORIENTED_EDGE('',*,*,#2609,.F.);
#1934=ORIENTED_EDGE('',*,*,#2995,.F.);
#1935=ORIENTED_EDGE('',*,*,#2800,.F.);
#1936=ORIENTED_EDGE('',*,*,#3080,.F.);
#1937=ORIENTED_EDGE('',*,*,#3068,.F.);
#1938=ORIENTED_EDGE('',*,*,#2963,.F.);
#1939=ORIENTED_EDGE('',*,*,#2802,.F.);
#1940=ORIENTED_EDGE('',*,*,#2997,.F.);
#1941=ORIENTED_EDGE('',*,*,#2613,.F.);
#1942=ORIENTED_EDGE('',*,*,#3070,.F.);
#1943=ORIENTED_EDGE('',*,*,#2796,.F.);
#1944=ORIENTED_EDGE('',*,*,#3081,.F.);
#1945=ORIENTED_EDGE('',*,*,#2615,.F.);
#1946=ORIENTED_EDGE('',*,*,#3082,.F.);
#1947=ORIENTED_EDGE('',*,*,#2794,.F.);
#1948=ORIENTED_EDGE('',*,*,#2534,.F.);
#1949=ORIENTED_EDGE('',*,*,#2582,.F.);
#1950=ORIENTED_EDGE('',*,*,#2988,.F.);
#1951=ORIENTED_EDGE('',*,*,#2789,.F.);
#1952=ORIENTED_EDGE('',*,*,#2987,.F.);
#1953=ORIENTED_EDGE('',*,*,#2550,.F.);
#1954=ORIENTED_EDGE('',*,*,#3012,.F.);
#1955=ORIENTED_EDGE('',*,*,#2770,.F.);
#1956=ORIENTED_EDGE('',*,*,#3007,.F.);
#1957=ORIENTED_EDGE('',*,*,#2552,.F.);
#1958=ORIENTED_EDGE('',*,*,#3008,.F.);
#1959=ORIENTED_EDGE('',*,*,#2768,.F.);
#1960=ORIENTED_EDGE('',*,*,#3009,.F.);
#1961=ORIENTED_EDGE('',*,*,#2630,.F.);
#1962=ORIENTED_EDGE('',*,*,#3049,.F.);
#1963=ORIENTED_EDGE('',*,*,#2854,.F.);
#1964=ORIENTED_EDGE('',*,*,#3051,.F.);
#1965=ORIENTED_EDGE('',*,*,#2628,.F.);
#1966=ORIENTED_EDGE('',*,*,#3047,.F.);
#1967=ORIENTED_EDGE('',*,*,#2856,.F.);
#1968=ORIENTED_EDGE('',*,*,#3050,.F.);
#1969=ORIENTED_EDGE('',*,*,#2624,.F.);
#1970=ORIENTED_EDGE('',*,*,#3043,.F.);
#1971=ORIENTED_EDGE('',*,*,#2860,.F.);
#1972=ORIENTED_EDGE('',*,*,#3045,.F.);
#1973=ORIENTED_EDGE('',*,*,#2626,.F.);
#1974=ORIENTED_EDGE('',*,*,#3046,.F.);
#1975=ORIENTED_EDGE('',*,*,#2858,.F.);
#1976=ORIENTED_EDGE('',*,*,#3048,.F.);
#1977=ORIENTED_EDGE('',*,*,#2599,.F.);
#1978=ORIENTED_EDGE('',*,*,#3020,.F.);
#1979=ORIENTED_EDGE('',*,*,#2826,.F.);
#1980=ORIENTED_EDGE('',*,*,#3022,.F.);
#1981=ORIENTED_EDGE('',*,*,#2601,.F.);
#1982=ORIENTED_EDGE('',*,*,#3023,.F.);
#1983=ORIENTED_EDGE('',*,*,#2824,.F.);
#1984=ORIENTED_EDGE('',*,*,#3024,.F.);
#1985=ORIENTED_EDGE('',*,*,#2603,.F.);
#1986=ORIENTED_EDGE('',*,*,#3025,.F.);
#1987=ORIENTED_EDGE('',*,*,#2822,.F.);
#1988=ORIENTED_EDGE('',*,*,#3026,.F.);
#1989=ORIENTED_EDGE('',*,*,#3029,.F.);
#1990=ORIENTED_EDGE('',*,*,#3027,.F.);
#1991=ORIENTED_EDGE('',*,*,#2820,.F.);
#1992=ORIENTED_EDGE('',*,*,#3015,.F.);
#1993=ORIENTED_EDGE('',*,*,#3030,.F.);
#1994=ORIENTED_EDGE('',*,*,#3016,.F.);
#1995=ORIENTED_EDGE('',*,*,#2818,.F.);
#1996=ORIENTED_EDGE('',*,*,#3018,.F.);
#1997=ORIENTED_EDGE('',*,*,#2597,.F.);
#1998=ORIENTED_EDGE('',*,*,#3019,.F.);
#1999=ORIENTED_EDGE('',*,*,#2816,.F.);
#2000=ORIENTED_EDGE('',*,*,#3021,.F.);
#2001=ORIENTED_EDGE('',*,*,#2634,.F.);
#2002=ORIENTED_EDGE('',*,*,#3005,.F.);
#2003=ORIENTED_EDGE('',*,*,#2844,.F.);
#2004=ORIENTED_EDGE('',*,*,#2999,.F.);
#2005=ORIENTED_EDGE('',*,*,#2636,.F.);
#2006=ORIENTED_EDGE('',*,*,#3000,.F.);
#2007=ORIENTED_EDGE('',*,*,#2850,.F.);
#2008=ORIENTED_EDGE('',*,*,#3001,.F.);
#2009=ORIENTED_EDGE('',*,*,#2638,.F.);
#2010=ORIENTED_EDGE('',*,*,#3002,.F.);
#2011=ORIENTED_EDGE('',*,*,#2848,.F.);
#2012=ORIENTED_EDGE('',*,*,#3003,.F.);
#2013=ORIENTED_EDGE('',*,*,#2632,.F.);
#2014=ORIENTED_EDGE('',*,*,#3004,.F.);
#2015=ORIENTED_EDGE('',*,*,#2846,.F.);
#2016=ORIENTED_EDGE('',*,*,#3006,.F.);
#2017=ORIENTED_EDGE('',*,*,#2648,.F.);
#2018=ORIENTED_EDGE('',*,*,#3039,.F.);
#2019=ORIENTED_EDGE('',*,*,#2808,.F.);
#2020=ORIENTED_EDGE('',*,*,#3031,.F.);
#2021=ORIENTED_EDGE('',*,*,#2640,.F.);
#2022=ORIENTED_EDGE('',*,*,#3032,.F.);
#2023=ORIENTED_EDGE('',*,*,#2806,.F.);
#2024=ORIENTED_EDGE('',*,*,#3033,.F.);
#2025=ORIENTED_EDGE('',*,*,#2646,.F.);
#2026=ORIENTED_EDGE('',*,*,#3037,.F.);
#2027=ORIENTED_EDGE('',*,*,#2810,.F.);
#2028=ORIENTED_EDGE('',*,*,#3040,.F.);
#2029=ORIENTED_EDGE('',*,*,#2642,.F.);
#2030=ORIENTED_EDGE('',*,*,#3034,.F.);
#2031=ORIENTED_EDGE('',*,*,#2814,.F.);
#2032=ORIENTED_EDGE('',*,*,#3035,.F.);
#2033=ORIENTED_EDGE('',*,*,#2644,.F.);
#2034=ORIENTED_EDGE('',*,*,#3036,.F.);
#2035=ORIENTED_EDGE('',*,*,#2812,.F.);
#2036=ORIENTED_EDGE('',*,*,#3038,.F.);
#2037=ORIENTED_EDGE('',*,*,#2668,.F.);
#2038=ORIENTED_EDGE('',*,*,#3085,.T.);
#2039=ORIENTED_EDGE('',*,*,#2884,.T.);
#2040=ORIENTED_EDGE('',*,*,#3086,.F.);
#2041=ORIENTED_EDGE('',*,*,#2562,.F.);
#2042=ORIENTED_EDGE('',*,*,#3087,.T.);
#2043=ORIENTED_EDGE('',*,*,#2762,.T.);
#2044=ORIENTED_EDGE('',*,*,#3088,.T.);
#2045=ORIENTED_EDGE('',*,*,#2923,.F.);
#2046=ORIENTED_EDGE('',*,*,#3089,.F.);
#2047=ORIENTED_EDGE('',*,*,#2737,.T.);
#2048=ORIENTED_EDGE('',*,*,#3090,.F.);
#2049=ORIENTED_EDGE('',*,*,#2917,.T.);
#2050=ORIENTED_EDGE('',*,*,#3091,.F.);
#2051=ORIENTED_EDGE('',*,*,#2743,.F.);
#2052=ORIENTED_EDGE('',*,*,#3092,.F.);
#2053=ORIENTED_EDGE('',*,*,#2874,.T.);
#2054=ORIENTED_EDGE('',*,*,#3093,.F.);
#2055=ORIENTED_EDGE('',*,*,#2700,.F.);
#2056=ORIENTED_EDGE('',*,*,#3094,.F.);
#2057=ORIENTED_EDGE('',*,*,#3095,.F.);
#2058=ORIENTED_EDGE('',*,*,#2665,.F.);
#2059=ORIENTED_EDGE('',*,*,#3096,.T.);
#2060=ORIENTED_EDGE('',*,*,#2887,.T.);
#2061=ORIENTED_EDGE('',*,*,#3097,.F.);
#2062=ORIENTED_EDGE('',*,*,#2919,.T.);
#2063=ORIENTED_EDGE('',*,*,#3098,.F.);
#2064=ORIENTED_EDGE('',*,*,#2741,.F.);
#2065=ORIENTED_EDGE('',*,*,#3099,.F.);
#2066=ORIENTED_EDGE('',*,*,#3100,.T.);
#2067=ORIENTED_EDGE('',*,*,#3101,.F.);
#2068=ORIENTED_EDGE('',*,*,#2678,.F.);
#2069=ORIENTED_EDGE('',*,*,#3102,.T.);
#2070=ORIENTED_EDGE('',*,*,#2699,.T.);
#2071=ORIENTED_EDGE('',*,*,#3103,.T.);
#2072=ORIENTED_EDGE('',*,*,#2691,.T.);
#2073=ORIENTED_EDGE('',*,*,#3104,.T.);
#2074=ORIENTED_EDGE('',*,*,#3105,.F.);
#2075=ORIENTED_EDGE('',*,*,#3102,.F.);
#2076=ORIENTED_EDGE('',*,*,#2677,.F.);
#2077=ORIENTED_EDGE('',*,*,#3106,.F.);
#2078=ORIENTED_EDGE('',*,*,#2928,.T.);
#2079=ORIENTED_EDGE('',*,*,#3107,.F.);
#2080=ORIENTED_EDGE('',*,*,#3105,.T.);
#2081=ORIENTED_EDGE('',*,*,#3108,.F.);
#2082=ORIENTED_EDGE('',*,*,#3109,.F.);
#2083=ORIENTED_EDGE('',*,*,#3100,.F.);
#2084=ORIENTED_EDGE('',*,*,#3110,.T.);
#2085=ORIENTED_EDGE('',*,*,#3107,.T.);
#2086=ORIENTED_EDGE('',*,*,#3109,.T.);
#2087=ORIENTED_EDGE('',*,*,#3111,.F.);
#2088=ORIENTED_EDGE('',*,*,#2689,.F.);
#2089=ORIENTED_EDGE('',*,*,#3112,.F.);
#2090=ORIENTED_EDGE('',*,*,#2679,.F.);
#2091=ORIENTED_EDGE('',*,*,#3101,.T.);
#2092=ORIENTED_EDGE('',*,*,#3108,.T.);
#2093=ORIENTED_EDGE('',*,*,#3104,.F.);
#2094=ORIENTED_EDGE('',*,*,#2690,.F.);
#2095=ORIENTED_EDGE('',*,*,#3111,.T.);
#2096=ORIENTED_EDGE('',*,*,#3110,.F.);
#2097=ORIENTED_EDGE('',*,*,#2927,.T.);
#2098=ORIENTED_EDGE('',*,*,#2739,.T.);
#2099=ORIENTED_EDGE('',*,*,#3113,.F.);
#2100=ORIENTED_EDGE('',*,*,#2921,.F.);
#2101=ORIENTED_EDGE('',*,*,#3114,.F.);
#2102=ORIENTED_EDGE('',*,*,#2751,.F.);
#2103=ORIENTED_EDGE('',*,*,#3115,.T.);
#2104=ORIENTED_EDGE('',*,*,#2558,.T.);
#2105=ORIENTED_EDGE('',*,*,#3116,.T.);
#2106=ORIENTED_EDGE('',*,*,#2701,.F.);
#2107=ORIENTED_EDGE('',*,*,#3093,.T.);
#2108=ORIENTED_EDGE('',*,*,#2873,.T.);
#2109=ORIENTED_EDGE('',*,*,#3117,.F.);
#2110=ORIENTED_EDGE('',*,*,#2888,.T.);
#2111=ORIENTED_EDGE('',*,*,#3096,.F.);
#2112=ORIENTED_EDGE('',*,*,#2664,.F.);
#2113=ORIENTED_EDGE('',*,*,#3118,.F.);
#2114=ORIENTED_EDGE('',*,*,#2784,.T.);
#2115=ORIENTED_EDGE('',*,*,#3119,.T.);
#2116=ORIENTED_EDGE('',*,*,#2575,.F.);
#2117=ORIENTED_EDGE('',*,*,#3120,.T.);
#2118=ORIENTED_EDGE('',*,*,#2574,.F.);
#2119=ORIENTED_EDGE('',*,*,#3121,.T.);
#2120=ORIENTED_EDGE('',*,*,#2785,.T.);
#2121=ORIENTED_EDGE('',*,*,#3120,.F.);
#2122=ORIENTED_EDGE('',*,*,#2787,.T.);
#2123=ORIENTED_EDGE('',*,*,#3122,.T.);
#2124=ORIENTED_EDGE('',*,*,#2572,.F.);
#2125=ORIENTED_EDGE('',*,*,#3123,.T.);
#2126=ORIENTED_EDGE('',*,*,#2571,.F.);
#2127=ORIENTED_EDGE('',*,*,#3124,.T.);
#2128=ORIENTED_EDGE('',*,*,#2776,.T.);
#2129=ORIENTED_EDGE('',*,*,#3123,.F.);
#2130=ORIENTED_EDGE('',*,*,#2876,.T.);
#2131=ORIENTED_EDGE('',*,*,#3125,.F.);
#2132=ORIENTED_EDGE('',*,*,#3126,.F.);
#2133=ORIENTED_EDGE('',*,*,#2676,.F.);
#2134=ORIENTED_EDGE('',*,*,#3127,.F.);
#2135=ORIENTED_EDGE('',*,*,#2667,.F.);
#2136=ORIENTED_EDGE('',*,*,#3128,.T.);
#2137=ORIENTED_EDGE('',*,*,#2885,.T.);
#2138=ORIENTED_EDGE('',*,*,#3085,.F.);
#2139=ORIENTED_EDGE('',*,*,#3128,.F.);
#2140=ORIENTED_EDGE('',*,*,#2666,.T.);
#2141=ORIENTED_EDGE('',*,*,#3097,.T.);
#2142=ORIENTED_EDGE('',*,*,#2886,.F.);
#2143=ORIENTED_EDGE('',*,*,#2719,.T.);
#2144=ORIENTED_EDGE('',*,*,#3129,.F.);
#2145=ORIENTED_EDGE('',*,*,#2929,.F.);
#2146=ORIENTED_EDGE('',*,*,#3130,.F.);
#2147=ORIENTED_EDGE('',*,*,#2717,.T.);
#2148=ORIENTED_EDGE('',*,*,#3131,.F.);
#2149=ORIENTED_EDGE('',*,*,#2931,.F.);
#2150=ORIENTED_EDGE('',*,*,#3132,.F.);
#2151=ORIENTED_EDGE('',*,*,#2715,.F.);
#2152=ORIENTED_EDGE('',*,*,#3133,.F.);
#2153=ORIENTED_EDGE('',*,*,#2933,.T.);
#2154=ORIENTED_EDGE('',*,*,#3134,.F.);
#2155=ORIENTED_EDGE('',*,*,#2935,.F.);
#2156=ORIENTED_EDGE('',*,*,#3135,.F.);
#2157=ORIENTED_EDGE('',*,*,#2721,.T.);
#2158=ORIENTED_EDGE('',*,*,#3136,.F.);
#2159=ORIENTED_EDGE('',*,*,#2547,.F.);
#2160=ORIENTED_EDGE('',*,*,#3137,.F.);
#2161=ORIENTED_EDGE('',*,*,#2773,.T.);
#2162=ORIENTED_EDGE('',*,*,#3138,.F.);
#2163=ORIENTED_EDGE('',*,*,#2545,.T.);
#2164=ORIENTED_EDGE('',*,*,#3139,.T.);
#2165=ORIENTED_EDGE('',*,*,#2775,.F.);
#2166=ORIENTED_EDGE('',*,*,#3140,.F.);
#2167=ORIENTED_EDGE('',*,*,#2544,.T.);
#2168=ORIENTED_EDGE('',*,*,#3141,.T.);
#2169=ORIENTED_EDGE('',*,*,#2764,.F.);
#2170=ORIENTED_EDGE('',*,*,#3139,.F.);
#2171=ORIENTED_EDGE('',*,*,#3142,.F.);
#2172=ORIENTED_EDGE('',*,*,#3143,.F.);
#2173=ORIENTED_EDGE('',*,*,#2909,.T.);
#2174=ORIENTED_EDGE('',*,*,#3144,.F.);
#2175=ORIENTED_EDGE('',*,*,#3145,.F.);
#2176=ORIENTED_EDGE('',*,*,#2688,.F.);
#2177=ORIENTED_EDGE('',*,*,#3146,.F.);
#2178=ORIENTED_EDGE('',*,*,#2911,.T.);
#2179=ORIENTED_EDGE('',*,*,#3147,.F.);
#2180=ORIENTED_EDGE('',*,*,#2901,.F.);
#2181=ORIENTED_EDGE('',*,*,#3148,.F.);
#2182=ORIENTED_EDGE('',*,*,#2686,.T.);
#2183=ORIENTED_EDGE('',*,*,#3149,.F.);
#2184=ORIENTED_EDGE('',*,*,#2684,.T.);
#2185=ORIENTED_EDGE('',*,*,#3150,.F.);
#2186=ORIENTED_EDGE('',*,*,#2903,.F.);
#2187=ORIENTED_EDGE('',*,*,#3151,.F.);
#2188=ORIENTED_EDGE('',*,*,#2682,.F.);
#2189=ORIENTED_EDGE('',*,*,#3152,.F.);
#2190=ORIENTED_EDGE('',*,*,#2905,.T.);
#2191=ORIENTED_EDGE('',*,*,#3153,.F.);
#2192=ORIENTED_EDGE('',*,*,#2680,.F.);
#2193=ORIENTED_EDGE('',*,*,#3154,.F.);
#2194=ORIENTED_EDGE('',*,*,#3155,.F.);
#2195=ORIENTED_EDGE('',*,*,#2907,.T.);
#2196=ORIENTED_EDGE('',*,*,#3156,.F.);
#2197=ORIENTED_EDGE('',*,*,#3154,.T.);
#2198=ORIENTED_EDGE('',*,*,#3112,.T.);
#2199=ORIENTED_EDGE('',*,*,#3145,.T.);
#2200=ORIENTED_EDGE('',*,*,#3157,.F.);
#2201=ORIENTED_EDGE('',*,*,#3142,.T.);
#2202=ORIENTED_EDGE('',*,*,#3158,.F.);
#2203=ORIENTED_EDGE('',*,*,#2723,.F.);
#2204=ORIENTED_EDGE('',*,*,#3159,.F.);
#2205=ORIENTED_EDGE('',*,*,#2899,.T.);
#2206=ORIENTED_EDGE('',*,*,#3160,.F.);
#2207=ORIENTED_EDGE('',*,*,#2731,.T.);
#2208=ORIENTED_EDGE('',*,*,#3161,.F.);
#2209=ORIENTED_EDGE('',*,*,#2891,.F.);
#2210=ORIENTED_EDGE('',*,*,#3162,.F.);
#2211=ORIENTED_EDGE('',*,*,#2729,.F.);
#2212=ORIENTED_EDGE('',*,*,#3163,.F.);
#2213=ORIENTED_EDGE('',*,*,#2893,.T.);
#2214=ORIENTED_EDGE('',*,*,#3164,.F.);
#2215=ORIENTED_EDGE('',*,*,#2895,.F.);
#2216=ORIENTED_EDGE('',*,*,#3165,.F.);
#2217=ORIENTED_EDGE('',*,*,#2727,.T.);
#2218=ORIENTED_EDGE('',*,*,#3166,.F.);
#2219=ORIENTED_EDGE('',*,*,#2897,.F.);
#2220=ORIENTED_EDGE('',*,*,#3167,.F.);
#2221=ORIENTED_EDGE('',*,*,#2725,.T.);
#2222=ORIENTED_EDGE('',*,*,#3168,.F.);
#2223=ORIENTED_EDGE('',*,*,#2713,.T.);
#2224=ORIENTED_EDGE('',*,*,#3169,.F.);
#2225=ORIENTED_EDGE('',*,*,#2937,.F.);
#2226=ORIENTED_EDGE('',*,*,#3170,.F.);
#2227=ORIENTED_EDGE('',*,*,#2939,.F.);
#2228=ORIENTED_EDGE('',*,*,#3171,.F.);
#2229=ORIENTED_EDGE('',*,*,#2711,.T.);
#2230=ORIENTED_EDGE('',*,*,#3172,.F.);
#2231=ORIENTED_EDGE('',*,*,#2709,.T.);
#2232=ORIENTED_EDGE('',*,*,#3173,.F.);
#2233=ORIENTED_EDGE('',*,*,#2941,.F.);
#2234=ORIENTED_EDGE('',*,*,#3174,.F.);
#2235=ORIENTED_EDGE('',*,*,#2943,.F.);
#2236=ORIENTED_EDGE('',*,*,#3175,.F.);
#2237=ORIENTED_EDGE('',*,*,#2707,.T.);
#2238=ORIENTED_EDGE('',*,*,#3176,.F.);
#2239=ORIENTED_EDGE('',*,*,#2945,.T.);
#2240=ORIENTED_EDGE('',*,*,#3177,.F.);
#2241=ORIENTED_EDGE('',*,*,#2705,.F.);
#2242=ORIENTED_EDGE('',*,*,#3178,.F.);
#2243=ORIENTED_EDGE('',*,*,#2703,.F.);
#2244=ORIENTED_EDGE('',*,*,#3179,.F.);
#2245=ORIENTED_EDGE('',*,*,#2947,.T.);
#2246=ORIENTED_EDGE('',*,*,#3180,.F.);
#2247=ORIENTED_EDGE('',*,*,#3181,.F.);
#2248=ORIENTED_EDGE('',*,*,#3182,.F.);
#2249=ORIENTED_EDGE('',*,*,#3183,.T.);
#2250=ORIENTED_EDGE('',*,*,#3103,.F.);
#2251=ORIENTED_EDGE('',*,*,#3184,.F.);
#2252=ORIENTED_EDGE('',*,*,#3185,.F.);
#2253=ORIENTED_EDGE('',*,*,#3184,.T.);
#2254=ORIENTED_EDGE('',*,*,#2698,.T.);
#2255=ORIENTED_EDGE('',*,*,#3186,.F.);
#2256=ORIENTED_EDGE('',*,*,#2949,.F.);
#2257=ORIENTED_EDGE('',*,*,#3187,.F.);
#2258=ORIENTED_EDGE('',*,*,#2696,.T.);
#2259=ORIENTED_EDGE('',*,*,#3188,.F.);
#2260=ORIENTED_EDGE('',*,*,#2951,.F.);
#2261=ORIENTED_EDGE('',*,*,#3189,.F.);
#2262=ORIENTED_EDGE('',*,*,#2953,.T.);
#2263=ORIENTED_EDGE('',*,*,#3190,.F.);
#2264=ORIENTED_EDGE('',*,*,#2694,.F.);
#2265=ORIENTED_EDGE('',*,*,#3191,.F.);
#2266=ORIENTED_EDGE('',*,*,#2955,.T.);
#2267=ORIENTED_EDGE('',*,*,#3192,.F.);
#2268=ORIENTED_EDGE('',*,*,#2692,.F.);
#2269=ORIENTED_EDGE('',*,*,#3183,.F.);
#2270=ORIENTED_EDGE('',*,*,#3193,.F.);
#2271=ORIENTED_EDGE('',*,*,#2957,.F.);
#2272=ORIENTED_EDGE('',*,*,#3194,.F.);
#2273=ORIENTED_EDGE('',*,*,#3181,.T.);
#2274=ORIENTED_EDGE('',*,*,#3195,.F.);
#2275=ORIENTED_EDGE('',*,*,#3094,.T.);
#2276=ORIENTED_EDGE('',*,*,#3106,.T.);
#2277=ORIENTED_EDGE('',*,*,#3126,.T.);
#2278=ORIENTED_EDGE('',*,*,#3196,.F.);
#2279=ORIENTED_EDGE('',*,*,#2672,.F.);
#2280=ORIENTED_EDGE('',*,*,#3197,.F.);
#2281=ORIENTED_EDGE('',*,*,#2880,.T.);
#2282=ORIENTED_EDGE('',*,*,#3198,.F.);
#2283=ORIENTED_EDGE('',*,*,#2733,.F.);
#2284=ORIENTED_EDGE('',*,*,#3199,.F.);
#2285=ORIENTED_EDGE('',*,*,#2913,.T.);
#2286=ORIENTED_EDGE('',*,*,#3200,.F.);
#2287=ORIENTED_EDGE('',*,*,#2890,.F.);
#2288=ORIENTED_EDGE('',*,*,#2747,.T.);
#2289=ORIENTED_EDGE('',*,*,#2925,.T.);
#2290=ORIENTED_EDGE('',*,*,#3201,.F.);
#2291=ORIENTED_EDGE('',*,*,#2735,.F.);
#2292=ORIENTED_EDGE('',*,*,#3202,.F.);
#2293=ORIENTED_EDGE('',*,*,#2749,.F.);
#2294=ORIENTED_EDGE('',*,*,#3203,.T.);
#2295=ORIENTED_EDGE('',*,*,#2560,.T.);
#2296=ORIENTED_EDGE('',*,*,#3204,.T.);
#2297=ORIENTED_EDGE('',*,*,#2915,.F.);
#2298=ORIENTED_EDGE('',*,*,#3205,.F.);
#2299=ORIENTED_EDGE('',*,*,#2745,.T.);
#2300=ORIENTED_EDGE('',*,*,#3206,.F.);
#2301=ORIENTED_EDGE('',*,*,#2878,.T.);
#2302=ORIENTED_EDGE('',*,*,#3207,.F.);
#2303=ORIENTED_EDGE('',*,*,#2674,.F.);
#2304=ORIENTED_EDGE('',*,*,#3208,.F.);
#2305=ORIENTED_EDGE('',*,*,#2670,.T.);
#2306=ORIENTED_EDGE('',*,*,#3209,.F.);
#2307=ORIENTED_EDGE('',*,*,#2882,.F.);
#2308=ORIENTED_EDGE('',*,*,#3210,.F.);
#2309=ORIENTED_EDGE('',*,*,#2564,.F.);
#2310=ORIENTED_EDGE('',*,*,#3211,.T.);
#2311=ORIENTED_EDGE('',*,*,#2760,.T.);
#2312=ORIENTED_EDGE('',*,*,#3212,.T.);
#2313=ORIENTED_EDGE('',*,*,#3185,.T.);
#2314=ORIENTED_EDGE('',*,*,#3187,.T.);
#2315=ORIENTED_EDGE('',*,*,#2958,.T.);
#2316=ORIENTED_EDGE('',*,*,#3195,.T.);
#2317=ORIENTED_EDGE('',*,*,#3182,.T.);
#2318=ORIENTED_EDGE('',*,*,#3194,.T.);
#2319=ORIENTED_EDGE('',*,*,#2956,.T.);
#2320=ORIENTED_EDGE('',*,*,#3193,.T.);
#2321=ORIENTED_EDGE('',*,*,#2693,.T.);
#2322=ORIENTED_EDGE('',*,*,#3192,.T.);
#2323=ORIENTED_EDGE('',*,*,#2954,.T.);
#2324=ORIENTED_EDGE('',*,*,#3191,.T.);
#2325=ORIENTED_EDGE('',*,*,#2697,.T.);
#2326=ORIENTED_EDGE('',*,*,#3189,.T.);
#2327=ORIENTED_EDGE('',*,*,#2950,.T.);
#2328=ORIENTED_EDGE('',*,*,#3186,.T.);
#2329=ORIENTED_EDGE('',*,*,#2695,.T.);
#2330=ORIENTED_EDGE('',*,*,#3190,.T.);
#2331=ORIENTED_EDGE('',*,*,#2952,.T.);
#2332=ORIENTED_EDGE('',*,*,#3188,.T.);
#2333=ORIENTED_EDGE('',*,*,#2714,.T.);
#2334=ORIENTED_EDGE('',*,*,#3170,.T.);
#2335=ORIENTED_EDGE('',*,*,#2948,.T.);
#2336=ORIENTED_EDGE('',*,*,#3179,.T.);
#2337=ORIENTED_EDGE('',*,*,#2712,.T.);
#2338=ORIENTED_EDGE('',*,*,#3171,.T.);
#2339=ORIENTED_EDGE('',*,*,#2938,.T.);
#2340=ORIENTED_EDGE('',*,*,#3169,.T.);
#2341=ORIENTED_EDGE('',*,*,#2740,.T.);
#2342=ORIENTED_EDGE('',*,*,#3114,.T.);
#2343=ORIENTED_EDGE('',*,*,#2920,.T.);
#2344=ORIENTED_EDGE('',*,*,#3099,.T.);
#2345=ORIENTED_EDGE('',*,*,#2734,.T.);
#2346=ORIENTED_EDGE('',*,*,#3200,.T.);
#2347=ORIENTED_EDGE('',*,*,#2926,.T.);
#2348=ORIENTED_EDGE('',*,*,#3202,.T.);
#2349=ORIENTED_EDGE('',*,*,#2736,.T.);
#2350=ORIENTED_EDGE('',*,*,#3201,.T.);
#2351=ORIENTED_EDGE('',*,*,#2924,.T.);
#2352=ORIENTED_EDGE('',*,*,#3090,.T.);
#2353=ORIENTED_EDGE('',*,*,#2738,.T.);
#2354=ORIENTED_EDGE('',*,*,#3089,.T.);
#2355=ORIENTED_EDGE('',*,*,#2922,.T.);
#2356=ORIENTED_EDGE('',*,*,#3113,.T.);
#2357=ORIENTED_EDGE('',*,*,#2742,.T.);
#2358=ORIENTED_EDGE('',*,*,#3098,.T.);
#2359=ORIENTED_EDGE('',*,*,#2918,.T.);
#2360=ORIENTED_EDGE('',*,*,#3092,.T.);
#2361=ORIENTED_EDGE('',*,*,#2744,.T.);
#2362=ORIENTED_EDGE('',*,*,#3091,.T.);
#2363=ORIENTED_EDGE('',*,*,#2916,.T.);
#2364=ORIENTED_EDGE('',*,*,#3206,.T.);
#2365=ORIENTED_EDGE('',*,*,#2746,.T.);
#2366=ORIENTED_EDGE('',*,*,#3205,.T.);
#2367=ORIENTED_EDGE('',*,*,#2914,.T.);
#2368=ORIENTED_EDGE('',*,*,#3199,.T.);
#2369=ORIENTED_EDGE('',*,*,#2673,.T.);
#2370=ORIENTED_EDGE('',*,*,#3198,.T.);
#2371=ORIENTED_EDGE('',*,*,#2879,.T.);
#2372=ORIENTED_EDGE('',*,*,#3208,.T.);
#2373=ORIENTED_EDGE('',*,*,#2675,.T.);
#2374=ORIENTED_EDGE('',*,*,#3207,.T.);
#2375=ORIENTED_EDGE('',*,*,#2877,.T.);
#2376=ORIENTED_EDGE('',*,*,#3127,.T.);
#2377=ORIENTED_EDGE('',*,*,#3196,.T.);
#2378=ORIENTED_EDGE('',*,*,#3125,.T.);
#2379=ORIENTED_EDGE('',*,*,#2875,.T.);
#2380=ORIENTED_EDGE('',*,*,#3095,.T.);
#2381=ORIENTED_EDGE('',*,*,#2671,.T.);
#2382=ORIENTED_EDGE('',*,*,#3210,.T.);
#2383=ORIENTED_EDGE('',*,*,#2881,.T.);
#2384=ORIENTED_EDGE('',*,*,#3197,.T.);
#2385=ORIENTED_EDGE('',*,*,#2669,.T.);
#2386=ORIENTED_EDGE('',*,*,#3086,.T.);
#2387=ORIENTED_EDGE('',*,*,#2883,.T.);
#2388=ORIENTED_EDGE('',*,*,#3209,.T.);
#2389=ORIENTED_EDGE('',*,*,#2702,.T.);
#2390=ORIENTED_EDGE('',*,*,#3117,.T.);
#2391=ORIENTED_EDGE('',*,*,#2889,.T.);
#2392=ORIENTED_EDGE('',*,*,#3118,.T.);
#2393=ORIENTED_EDGE('',*,*,#2548,.T.);
#2394=ORIENTED_EDGE('',*,*,#3138,.T.);
#2395=ORIENTED_EDGE('',*,*,#2772,.T.);
#2396=ORIENTED_EDGE('',*,*,#3013,.T.);
#2397=ORIENTED_EDGE('',*,*,#2546,.T.);
#2398=ORIENTED_EDGE('',*,*,#3140,.T.);
#2399=ORIENTED_EDGE('',*,*,#2774,.T.);
#2400=ORIENTED_EDGE('',*,*,#3137,.T.);
#2401=ORIENTED_EDGE('',*,*,#2704,.T.);
#2402=ORIENTED_EDGE('',*,*,#3180,.T.);
#2403=ORIENTED_EDGE('',*,*,#2946,.T.);
#2404=ORIENTED_EDGE('',*,*,#3178,.T.);
#2405=ORIENTED_EDGE('',*,*,#2706,.T.);
#2406=ORIENTED_EDGE('',*,*,#3177,.T.);
#2407=ORIENTED_EDGE('',*,*,#2944,.T.);
#2408=ORIENTED_EDGE('',*,*,#3176,.T.);
#2409=ORIENTED_EDGE('',*,*,#2710,.T.);
#2410=ORIENTED_EDGE('',*,*,#3174,.T.);
#2411=ORIENTED_EDGE('',*,*,#2940,.T.);
#2412=ORIENTED_EDGE('',*,*,#3172,.T.);
#2413=ORIENTED_EDGE('',*,*,#2708,.T.);
#2414=ORIENTED_EDGE('',*,*,#3175,.T.);
#2415=ORIENTED_EDGE('',*,*,#2942,.T.);
#2416=ORIENTED_EDGE('',*,*,#3173,.T.);
#2417=ORIENTED_EDGE('',*,*,#2685,.T.);
#2418=ORIENTED_EDGE('',*,*,#3151,.T.);
#2419=ORIENTED_EDGE('',*,*,#2902,.T.);
#2420=ORIENTED_EDGE('',*,*,#3149,.T.);
#2421=ORIENTED_EDGE('',*,*,#2683,.T.);
#2422=ORIENTED_EDGE('',*,*,#3153,.T.);
#2423=ORIENTED_EDGE('',*,*,#2904,.T.);
#2424=ORIENTED_EDGE('',*,*,#3150,.T.);
#2425=ORIENTED_EDGE('',*,*,#2681,.T.);
#2426=ORIENTED_EDGE('',*,*,#3156,.T.);
#2427=ORIENTED_EDGE('',*,*,#2906,.T.);
#2428=ORIENTED_EDGE('',*,*,#3152,.T.);
#2429=ORIENTED_EDGE('',*,*,#3158,.T.);
#2430=ORIENTED_EDGE('',*,*,#3144,.T.);
#2431=ORIENTED_EDGE('',*,*,#2908,.T.);
#2432=ORIENTED_EDGE('',*,*,#3155,.T.);
#2433=ORIENTED_EDGE('',*,*,#3157,.T.);
#2434=ORIENTED_EDGE('',*,*,#3147,.T.);
#2435=ORIENTED_EDGE('',*,*,#2910,.T.);
#2436=ORIENTED_EDGE('',*,*,#3143,.T.);
#2437=ORIENTED_EDGE('',*,*,#2687,.T.);
#2438=ORIENTED_EDGE('',*,*,#3148,.T.);
#2439=ORIENTED_EDGE('',*,*,#2912,.T.);
#2440=ORIENTED_EDGE('',*,*,#3146,.T.);
#2441=ORIENTED_EDGE('',*,*,#2720,.T.);
#2442=ORIENTED_EDGE('',*,*,#3130,.T.);
#2443=ORIENTED_EDGE('',*,*,#2936,.T.);
#2444=ORIENTED_EDGE('',*,*,#3136,.T.);
#2445=ORIENTED_EDGE('',*,*,#2718,.T.);
#2446=ORIENTED_EDGE('',*,*,#3132,.T.);
#2447=ORIENTED_EDGE('',*,*,#2930,.T.);
#2448=ORIENTED_EDGE('',*,*,#3129,.T.);
#2449=ORIENTED_EDGE('',*,*,#2716,.T.);
#2450=ORIENTED_EDGE('',*,*,#3134,.T.);
#2451=ORIENTED_EDGE('',*,*,#2932,.T.);
#2452=ORIENTED_EDGE('',*,*,#3131,.T.);
#2453=ORIENTED_EDGE('',*,*,#2722,.T.);
#2454=ORIENTED_EDGE('',*,*,#3135,.T.);
#2455=ORIENTED_EDGE('',*,*,#2934,.T.);
#2456=ORIENTED_EDGE('',*,*,#3133,.T.);
#2457=ORIENTED_EDGE('',*,*,#2724,.T.);
#2458=ORIENTED_EDGE('',*,*,#3160,.T.);
#2459=ORIENTED_EDGE('',*,*,#2898,.T.);
#2460=ORIENTED_EDGE('',*,*,#3168,.T.);
#2461=ORIENTED_EDGE('',*,*,#2732,.T.);
#2462=ORIENTED_EDGE('',*,*,#3162,.T.);
#2463=ORIENTED_EDGE('',*,*,#2900,.T.);
#2464=ORIENTED_EDGE('',*,*,#3159,.T.);
#2465=ORIENTED_EDGE('',*,*,#2726,.T.);
#2466=ORIENTED_EDGE('',*,*,#3167,.T.);
#2467=ORIENTED_EDGE('',*,*,#2896,.T.);
#2468=ORIENTED_EDGE('',*,*,#3166,.T.);
#2469=ORIENTED_EDGE('',*,*,#2730,.T.);
#2470=ORIENTED_EDGE('',*,*,#3164,.T.);
#2471=ORIENTED_EDGE('',*,*,#2892,.T.);
#2472=ORIENTED_EDGE('',*,*,#3161,.T.);
#2473=ORIENTED_EDGE('',*,*,#2728,.T.);
#2474=ORIENTED_EDGE('',*,*,#3165,.T.);
#2475=ORIENTED_EDGE('',*,*,#2894,.T.);
#2476=ORIENTED_EDGE('',*,*,#3163,.T.);
#2477=ORIENTED_EDGE('',*,*,#2543,.F.);
#2478=ORIENTED_EDGE('',*,*,#3011,.F.);
#2479=ORIENTED_EDGE('',*,*,#2765,.F.);
#2480=ORIENTED_EDGE('',*,*,#3141,.F.);
#2481=ORIENTED_EDGE('',*,*,#2561,.F.);
#2482=ORIENTED_EDGE('',*,*,#3203,.F.);
#2483=ORIENTED_EDGE('',*,*,#2763,.F.);
#2484=ORIENTED_EDGE('',*,*,#3087,.F.);
#2485=ORIENTED_EDGE('',*,*,#2559,.F.);
#2486=ORIENTED_EDGE('',*,*,#3115,.F.);
#2487=ORIENTED_EDGE('',*,*,#2750,.F.);
#2488=ORIENTED_EDGE('',*,*,#3204,.F.);
#2489=ORIENTED_EDGE('',*,*,#2563,.F.);
#2490=ORIENTED_EDGE('',*,*,#3088,.F.);
#2491=ORIENTED_EDGE('',*,*,#2761,.F.);
#2492=ORIENTED_EDGE('',*,*,#3211,.F.);
#2493=ORIENTED_EDGE('',*,*,#2557,.F.);
#2494=ORIENTED_EDGE('',*,*,#2985,.F.);
#2495=ORIENTED_EDGE('',*,*,#2752,.F.);
#2496=ORIENTED_EDGE('',*,*,#3116,.F.);
#2497=ORIENTED_EDGE('',*,*,#2555,.F.);
#2498=ORIENTED_EDGE('',*,*,#3075,.F.);
#2499=ORIENTED_EDGE('',*,*,#2754,.F.);
#2500=ORIENTED_EDGE('',*,*,#2986,.F.);
#2501=ORIENTED_EDGE('',*,*,#2568,.F.);
#2502=ORIENTED_EDGE('',*,*,#2538,.F.);
#2503=ORIENTED_EDGE('',*,*,#2756,.F.);
#2504=ORIENTED_EDGE('',*,*,#3076,.F.);
#2505=ORIENTED_EDGE('',*,*,#2567,.F.);
#2506=ORIENTED_EDGE('',*,*,#3083,.F.);
#2507=ORIENTED_EDGE('',*,*,#2757,.F.);
#2508=ORIENTED_EDGE('',*,*,#2540,.F.);
#2509=ORIENTED_EDGE('',*,*,#2759,.F.);
#2510=ORIENTED_EDGE('',*,*,#3084,.F.);
#2511=ORIENTED_EDGE('',*,*,#2565,.F.);
#2512=ORIENTED_EDGE('',*,*,#3212,.F.);
#2513=ORIENTED_EDGE('',*,*,#2570,.F.);
#2514=ORIENTED_EDGE('',*,*,#2994,.F.);
#2515=ORIENTED_EDGE('',*,*,#2777,.F.);
#2516=ORIENTED_EDGE('',*,*,#3124,.F.);
#2517=ORIENTED_EDGE('',*,*,#2573,.F.);
#2518=ORIENTED_EDGE('',*,*,#3122,.F.);
#2519=ORIENTED_EDGE('',*,*,#2786,.F.);
#2520=ORIENTED_EDGE('',*,*,#3121,.F.);
#2521=ORIENTED_EDGE('',*,*,#2576,.F.);
#2522=ORIENTED_EDGE('',*,*,#3119,.F.);
#2523=ORIENTED_EDGE('',*,*,#2783,.F.);
#2524=ORIENTED_EDGE('',*,*,#2989,.F.);
#2525=ORIENTED_EDGE('',*,*,#2579,.F.);
#2526=ORIENTED_EDGE('',*,*,#2991,.F.);
#2527=ORIENTED_EDGE('',*,*,#2780,.F.);
#2528=ORIENTED_EDGE('',*,*,#2992,.F.);
#2529=ORIENTED_EDGE('',*,*,#2748,.F.);
#2530=ORIENTED_EDGE('',*,*,#3213,.F.);
#2531=ORIENTED_EDGE('',*,*,#2541,.F.);
#2532=ORIENTED_EDGE('',*,*,#3213,.T.);
#2533=EDGE_CURVE('',#3214,#3215,#3669,.T.);
#2534=EDGE_CURVE('',#3215,#3216,#527,.T.);
#2535=EDGE_CURVE('',#3217,#3216,#3670,.T.);
#2536=EDGE_CURVE('',#3214,#3217,#528,.T.);
#2537=EDGE_CURVE('',#3218,#3219,#72,.T.);
#2538=EDGE_CURVE('',#3218,#3220,#529,.F.);
#2539=EDGE_CURVE('',#3220,#3221,#73,.T.);
#2540=EDGE_CURVE('',#3221,#3219,#530,.T.);
#2541=EDGE_CURVE('',#3222,#3222,#74,.F.);
#2542=EDGE_CURVE('',#3223,#3224,#3671,.T.);
#2543=EDGE_CURVE('',#3224,#3225,#75,.F.);
#2544=EDGE_CURVE('',#3226,#3225,#3672,.T.);
#2545=EDGE_CURVE('',#3227,#3226,#3673,.T.);
#2546=EDGE_CURVE('',#3228,#3227,#76,.T.);
#2547=EDGE_CURVE('',#3228,#3229,#531,.T.);
#2548=EDGE_CURVE('',#3230,#3229,#77,.T.);
#2549=EDGE_CURVE('',#3230,#3231,#78,.T.);
#2550=EDGE_CURVE('',#3231,#3232,#79,.T.);
#2551=EDGE_CURVE('',#3233,#3232,#532,.T.);
#2552=EDGE_CURVE('',#3233,#3234,#80,.T.);
#2553=EDGE_CURVE('',#3234,#3223,#3674,.T.);
#2554=EDGE_CURVE('',#3235,#3236,#533,.T.);
#2555=EDGE_CURVE('',#3236,#3237,#81,.T.);
#2556=EDGE_CURVE('',#3237,#3238,#82,.F.);
#2557=EDGE_CURVE('',#3238,#3239,#83,.T.);
#2558=EDGE_CURVE('',#3240,#3239,#84,.F.);
#2559=EDGE_CURVE('',#3240,#3241,#85,.T.);
#2560=EDGE_CURVE('',#3242,#3241,#534,.T.);
#2561=EDGE_CURVE('',#3242,#3243,#86,.T.);
#2562=EDGE_CURVE('',#3243,#3244,#87,.T.);
#2563=EDGE_CURVE('',#3244,#3245,#88,.T.);
#2564=EDGE_CURVE('',#3245,#3246,#535,.T.);
#2565=EDGE_CURVE('',#3246,#3247,#89,.T.);
#2566=EDGE_CURVE('',#3248,#3247,#536,.T.);
#2567=EDGE_CURVE('',#3248,#3221,#90,.T.);
#2568=EDGE_CURVE('',#3220,#3235,#91,.T.);
#2569=EDGE_CURVE('',#3249,#3250,#537,.T.);
#2570=EDGE_CURVE('',#3249,#3251,#92,.F.);
#2571=EDGE_CURVE('',#3251,#3252,#538,.T.);
#2572=EDGE_CURVE('',#3252,#3253,#93,.F.);
#2573=EDGE_CURVE('',#3253,#3254,#94,.F.);
#2574=EDGE_CURVE('',#3254,#3255,#95,.F.);
#2575=EDGE_CURVE('',#3255,#3256,#539,.T.);
#2576=EDGE_CURVE('',#3256,#3257,#96,.F.);
#2577=EDGE_CURVE('',#3258,#3257,#540,.T.);
#2578=EDGE_CURVE('',#3259,#3258,#97,.F.);
#2579=EDGE_CURVE('',#3259,#3260,#98,.F.);
#2580=EDGE_CURVE('',#3250,#3260,#99,.F.);
#2581=EDGE_CURVE('',#3261,#3262,#3675,.T.);
#2582=EDGE_CURVE('',#3261,#3263,#100,.F.);
#2583=EDGE_CURVE('',#3264,#3263,#101,.T.);
#2584=EDGE_CURVE('',#3265,#3264,#3676,.T.);
#2585=EDGE_CURVE('',#3265,#3266,#541,.T.);
#2586=EDGE_CURVE('',#3266,#3267,#3677,.T.);
#2587=EDGE_CURVE('',#3267,#3268,#102,.T.);
#2588=EDGE_CURVE('',#3268,#3269,#3678,.T.);
#2589=EDGE_CURVE('',#3269,#3270,#103,.T.);
#2590=EDGE_CURVE('',#3271,#3270,#542,.T.);
#2591=EDGE_CURVE('',#3271,#3272,#104,.T.);
#2592=EDGE_CURVE('',#3273,#3272,#105,.T.);
#2593=EDGE_CURVE('',#3273,#3274,#543,.T.);
#2594=EDGE_CURVE('',#3275,#3274,#106,.T.);
#2595=EDGE_CURVE('',#3276,#3275,#544,.T.);
#2596=EDGE_CURVE('',#3277,#3276,#107,.T.);
#2597=EDGE_CURVE('',#3277,#3278,#108,.T.);
#2598=EDGE_CURVE('',#3278,#3279,#545,.T.);
#2599=EDGE_CURVE('',#3279,#3280,#109,.T.);
#2600=EDGE_CURVE('',#3280,#3281,#110,.T.);
#2601=EDGE_CURVE('',#3281,#3282,#111,.T.);
#2602=EDGE_CURVE('',#3283,#3282,#546,.T.);
#2603=EDGE_CURVE('',#3283,#3284,#112,.T.);
#2604=EDGE_CURVE('',#3285,#3284,#113,.T.);
#2605=EDGE_CURVE('',#3286,#3285,#547,.T.);
#2606=EDGE_CURVE('',#3287,#3286,#114,.T.);
#2607=EDGE_CURVE('',#3288,#3287,#548,.T.);
#2608=EDGE_CURVE('',#3289,#3288,#115,.T.);
#2609=EDGE_CURVE('',#3289,#3290,#116,.T.);
#2610=EDGE_CURVE('',#3291,#3290,#549,.T.);
#2611=EDGE_CURVE('',#3291,#3292,#117,.T.);
#2612=EDGE_CURVE('',#3293,#3292,#118,.T.);
#2613=EDGE_CURVE('',#3293,#3294,#119,.T.);
#2614=EDGE_CURVE('',#3294,#3295,#550,.T.);
#2615=EDGE_CURVE('',#3295,#3215,#120,.T.);
#2616=EDGE_CURVE('',#3296,#3214,#551,.T.);
#2617=EDGE_CURVE('',#3296,#3297,#121,.T.);
#2618=EDGE_CURVE('',#3262,#3297,#3679,.T.);
#2619=EDGE_CURVE('',#3298,#3299,#122,.T.);
#2620=EDGE_CURVE('',#3298,#3300,#123,.T.);
#2621=EDGE_CURVE('',#3300,#3301,#552,.T.);
#2622=EDGE_CURVE('',#3301,#3302,#124,.T.);
#2623=EDGE_CURVE('',#3302,#3303,#3680,.T.);
#2624=EDGE_CURVE('',#3303,#3304,#125,.T.);
#2625=EDGE_CURVE('',#3304,#3305,#553,.T.);
#2626=EDGE_CURVE('',#3305,#3306,#126,.T.);
#2627=EDGE_CURVE('',#3306,#3307,#127,.T.);
#2628=EDGE_CURVE('',#3307,#3308,#128,.T.);
#2629=EDGE_CURVE('',#3309,#3308,#554,.T.);
#2630=EDGE_CURVE('',#3309,#3299,#129,.T.);
#2631=EDGE_CURVE('',#3310,#3311,#555,.T.);
#2632=EDGE_CURVE('',#3310,#3312,#130,.T.);
#2633=EDGE_CURVE('',#3312,#3313,#3681,.T.);
#2634=EDGE_CURVE('',#3313,#3314,#131,.T.);
#2635=EDGE_CURVE('',#3314,#3315,#556,.T.);
#2636=EDGE_CURVE('',#3315,#3316,#132,.T.);
#2637=EDGE_CURVE('',#3316,#3317,#133,.T.);
#2638=EDGE_CURVE('',#3317,#3311,#134,.T.);
#2639=EDGE_CURVE('',#3318,#3319,#557,.T.);
#2640=EDGE_CURVE('',#3318,#3320,#135,.T.);
#2641=EDGE_CURVE('',#3320,#3321,#3682,.T.);
#2642=EDGE_CURVE('',#3321,#3322,#136,.T.);
#2643=EDGE_CURVE('',#3323,#3322,#137,.T.);
#2644=EDGE_CURVE('',#3323,#3324,#138,.T.);
#2645=EDGE_CURVE('',#3324,#3325,#558,.T.);
#2646=EDGE_CURVE('',#3325,#3326,#139,.T.);
#2647=EDGE_CURVE('',#3326,#3327,#140,.T.);
#2648=EDGE_CURVE('',#3327,#3319,#141,.T.);
#2649=EDGE_CURVE('',#3328,#3329,#142,.T.);
#2650=EDGE_CURVE('',#3328,#3330,#143,.T.);
#2651=EDGE_CURVE('',#3330,#3331,#559,.T.);
#2652=EDGE_CURVE('',#3331,#3332,#144,.T.);
#2653=EDGE_CURVE('',#3333,#3332,#145,.T.);
#2654=EDGE_CURVE('',#3333,#3334,#146,.T.);
#2655=EDGE_CURVE('',#3335,#3334,#3683,.T.);
#2656=EDGE_CURVE('',#3335,#3336,#147,.T.);
#2657=EDGE_CURVE('',#3336,#3337,#148,.F.);
#2658=EDGE_CURVE('',#3337,#3338,#149,.T.);
#2659=EDGE_CURVE('',#3338,#3339,#150,.F.);
#2660=EDGE_CURVE('',#3339,#3340,#151,.T.);
#2661=EDGE_CURVE('',#3341,#3340,#560,.T.);
#2662=EDGE_CURVE('',#3341,#3329,#152,.T.);
#2663=EDGE_CURVE('',#3342,#3342,#153,.T.);
#2664=EDGE_CURVE('',#3343,#3344,#3684,.T.);
#2665=EDGE_CURVE('',#3344,#3345,#3685,.T.);
#2666=EDGE_CURVE('',#3346,#3345,#154,.T.);
#2667=EDGE_CURVE('',#3346,#3347,#561,.T.);
#2668=EDGE_CURVE('',#3347,#3348,#3686,.T.);
#2669=EDGE_CURVE('',#3349,#3348,#155,.T.);
#2670=EDGE_CURVE('',#3350,#3349,#562,.T.);
#2671=EDGE_CURVE('',#3351,#3350,#156,.T.);
#2672=EDGE_CURVE('',#3351,#3352,#157,.T.);
#2673=EDGE_CURVE('',#3353,#3352,#158,.T.);
#2674=EDGE_CURVE('',#3353,#3354,#563,.T.);
#2675=EDGE_CURVE('',#3355,#3354,#159,.T.);
#2676=EDGE_CURVE('',#3355,#3356,#160,.T.);
#2677=EDGE_CURVE('',#3356,#3357,#564,.T.);
#2678=EDGE_CURVE('',#3357,#3358,#161,.T.);
#2679=EDGE_CURVE('',#3358,#3359,#565,.T.);
#2680=EDGE_CURVE('',#3359,#3360,#162,.T.);
#2681=EDGE_CURVE('',#3361,#3360,#163,.T.);
#2682=EDGE_CURVE('',#3361,#3362,#566,.T.);
#2683=EDGE_CURVE('',#3363,#3362,#164,.T.);
#2684=EDGE_CURVE('',#3364,#3363,#165,.T.);
#2685=EDGE_CURVE('',#3365,#3364,#166,.T.);
#2686=EDGE_CURVE('',#3366,#3365,#567,.T.);
#2687=EDGE_CURVE('',#3367,#3366,#167,.T.);
#2688=EDGE_CURVE('',#3367,#3368,#168,.T.);
#2689=EDGE_CURVE('',#3368,#3369,#568,.T.);
#2690=EDGE_CURVE('',#3369,#3370,#169,.T.);
#2691=EDGE_CURVE('',#3371,#3370,#569,.T.);
#2692=EDGE_CURVE('',#3371,#3372,#170,.T.);
#2693=EDGE_CURVE('',#3373,#3372,#171,.T.);
#2694=EDGE_CURVE('',#3373,#3374,#570,.T.);
#2695=EDGE_CURVE('',#3375,#3374,#172,.T.);
#2696=EDGE_CURVE('',#3376,#3375,#3687,.T.);
#2697=EDGE_CURVE('',#3377,#3376,#173,.T.);
#2698=EDGE_CURVE('',#3378,#3377,#3688,.T.);
#2699=EDGE_CURVE('',#3379,#3378,#571,.T.);
#2700=EDGE_CURVE('',#3379,#3380,#3689,.T.);
#2701=EDGE_CURVE('',#3380,#3381,#174,.T.);
#2702=EDGE_CURVE('',#3343,#3381,#175,.F.);
#2703=EDGE_CURVE('',#3382,#3383,#176,.T.);
#2704=EDGE_CURVE('',#3384,#3383,#177,.T.);
#2705=EDGE_CURVE('',#3384,#3385,#572,.T.);
#2706=EDGE_CURVE('',#3386,#3385,#178,.T.);
#2707=EDGE_CURVE('',#3387,#3386,#179,.T.);
#2708=EDGE_CURVE('',#3388,#3387,#180,.T.);
#2709=EDGE_CURVE('',#3389,#3388,#573,.T.);
#2710=EDGE_CURVE('',#3390,#3389,#181,.T.);
#2711=EDGE_CURVE('',#3391,#3390,#3690,.T.);
#2712=EDGE_CURVE('',#3392,#3391,#182,.T.);
#2713=EDGE_CURVE('',#3393,#3392,#574,.T.);
#2714=EDGE_CURVE('',#3382,#3393,#183,.T.);
#2715=EDGE_CURVE('',#3394,#3395,#575,.T.);
#2716=EDGE_CURVE('',#3396,#3395,#184,.T.);
#2717=EDGE_CURVE('',#3397,#3396,#185,.T.);
#2718=EDGE_CURVE('',#3398,#3397,#186,.T.);
#2719=EDGE_CURVE('',#3399,#3398,#576,.T.);
#2720=EDGE_CURVE('',#3400,#3399,#187,.T.);
#2721=EDGE_CURVE('',#3401,#3400,#3691,.T.);
#2722=EDGE_CURVE('',#3394,#3401,#188,.T.);
#2723=EDGE_CURVE('',#3402,#3403,#577,.T.);
#2724=EDGE_CURVE('',#3404,#3403,#189,.T.);
#2725=EDGE_CURVE('',#3405,#3404,#190,.T.);
#2726=EDGE_CURVE('',#3406,#3405,#191,.T.);
#2727=EDGE_CURVE('',#3407,#3406,#578,.T.);
#2728=EDGE_CURVE('',#3408,#3407,#192,.T.);
#2729=EDGE_CURVE('',#3408,#3409,#193,.T.);
#2730=EDGE_CURVE('',#3410,#3409,#194,.T.);
#2731=EDGE_CURVE('',#3411,#3410,#3692,.T.);
#2732=EDGE_CURVE('',#3402,#3411,#195,.T.);
#2733=EDGE_CURVE('',#3412,#3413,#196,.T.);
#2734=EDGE_CURVE('',#3414,#3413,#197,.T.);
#2735=EDGE_CURVE('',#3414,#3415,#579,.T.);
#2736=EDGE_CURVE('',#3416,#3415,#198,.T.);
#2737=EDGE_CURVE('',#3417,#3416,#199,.F.);
#2738=EDGE_CURVE('',#3418,#3417,#200,.T.);
#2739=EDGE_CURVE('',#3419,#3418,#201,.F.);
#2740=EDGE_CURVE('',#3420,#3419,#202,.T.);
#2741=EDGE_CURVE('',#3420,#3421,#3693,.T.);
#2742=EDGE_CURVE('',#3422,#3421,#203,.T.);
#2743=EDGE_CURVE('',#3422,#3423,#204,.T.);
#2744=EDGE_CURVE('',#3424,#3423,#205,.T.);
#2745=EDGE_CURVE('',#3425,#3424,#580,.T.);
#2746=EDGE_CURVE('',#3412,#3425,#206,.T.);
#2747=EDGE_CURVE('',#3426,#3426,#207,.T.);
#2748=EDGE_CURVE('',#3427,#3427,#208,.T.);
#2749=EDGE_CURVE('',#3428,#3429,#581,.T.);
#2750=EDGE_CURVE('',#3429,#3430,#209,.F.);
#2751=EDGE_CURVE('',#3430,#3431,#210,.T.);
#2752=EDGE_CURVE('',#3431,#3432,#211,.F.);
#2753=EDGE_CURVE('',#3433,#3432,#212,.T.);
#2754=EDGE_CURVE('',#3433,#3434,#213,.F.);
#2755=EDGE_CURVE('',#3435,#3434,#582,.T.);
#2756=EDGE_CURVE('',#3435,#3218,#214,.F.);
#2757=EDGE_CURVE('',#3219,#3436,#215,.F.);
#2758=EDGE_CURVE('',#3436,#3437,#583,.T.);
#2759=EDGE_CURVE('',#3437,#3438,#216,.F.);
#2760=EDGE_CURVE('',#3439,#3438,#584,.T.);
#2761=EDGE_CURVE('',#3439,#3440,#217,.F.);
#2762=EDGE_CURVE('',#3441,#3440,#218,.T.);
#2763=EDGE_CURVE('',#3441,#3428,#219,.F.);
#2764=EDGE_CURVE('',#3442,#3443,#3694,.T.);
#2765=EDGE_CURVE('',#3443,#3444,#220,.T.);
#2766=EDGE_CURVE('',#3445,#3444,#3695,.T.);
#2767=EDGE_CURVE('',#3446,#3445,#3696,.T.);
#2768=EDGE_CURVE('',#3446,#3447,#221,.F.);
#2769=EDGE_CURVE('',#3447,#3448,#585,.T.);
#2770=EDGE_CURVE('',#3448,#3449,#222,.F.);
#2771=EDGE_CURVE('',#3450,#3449,#223,.T.);
#2772=EDGE_CURVE('',#3451,#3450,#224,.F.);
#2773=EDGE_CURVE('',#3452,#3451,#586,.T.);
#2774=EDGE_CURVE('',#3453,#3452,#225,.F.);
#2775=EDGE_CURVE('',#3453,#3442,#3697,.T.);
#2776=EDGE_CURVE('',#3454,#3455,#587,.T.);
#2777=EDGE_CURVE('',#3454,#3456,#226,.T.);
#2778=EDGE_CURVE('',#3456,#3457,#588,.T.);
#2779=EDGE_CURVE('',#3457,#3458,#227,.T.);
#2780=EDGE_CURVE('',#3458,#3459,#228,.T.);
#2781=EDGE_CURVE('',#3459,#3460,#229,.T.);
#2782=EDGE_CURVE('',#3460,#3461,#589,.T.);
#2783=EDGE_CURVE('',#3461,#3462,#230,.T.);
#2784=EDGE_CURVE('',#3463,#3462,#590,.T.);
#2785=EDGE_CURVE('',#3464,#3463,#231,.T.);
#2786=EDGE_CURVE('',#3464,#3465,#232,.T.);
#2787=EDGE_CURVE('',#3455,#3465,#233,.T.);
#2788=EDGE_CURVE('',#3466,#3467,#234,.T.);
#2789=EDGE_CURVE('',#3467,#3468,#235,.T.);
#2790=EDGE_CURVE('',#3468,#3469,#3698,.T.);
#2791=EDGE_CURVE('',#3469,#3470,#3699,.T.);
#2792=EDGE_CURVE('',#3471,#3470,#236,.T.);
#2793=EDGE_CURVE('',#3471,#3217,#591,.T.);
#2794=EDGE_CURVE('',#3216,#3472,#237,.F.);
#2795=EDGE_CURVE('',#3473,#3472,#592,.T.);
#2796=EDGE_CURVE('',#3473,#3474,#238,.F.);
#2797=EDGE_CURVE('',#3474,#3475,#239,.T.);
#2798=EDGE_CURVE('',#3475,#3476,#240,.F.);
#2799=EDGE_CURVE('',#3476,#3477,#593,.T.);
#2800=EDGE_CURVE('',#3477,#3478,#241,.F.);
#2801=EDGE_CURVE('',#3478,#3479,#242,.T.);
#2802=EDGE_CURVE('',#3479,#3480,#243,.F.);
#2803=EDGE_CURVE('',#3480,#3466,#3700,.T.);
#2804=EDGE_CURVE('',#3481,#3481,#244,.T.);
#2805=EDGE_CURVE('',#3482,#3483,#3701,.T.);
#2806=EDGE_CURVE('',#3482,#3484,#245,.F.);
#2807=EDGE_CURVE('',#3484,#3485,#594,.T.);
#2808=EDGE_CURVE('',#3485,#3486,#246,.F.);
#2809=EDGE_CURVE('',#3487,#3486,#247,.T.);
#2810=EDGE_CURVE('',#3487,#3488,#248,.F.);
#2811=EDGE_CURVE('',#3489,#3488,#595,.T.);
#2812=EDGE_CURVE('',#3489,#3490,#249,.F.);
#2813=EDGE_CURVE('',#3490,#3491,#250,.T.);
#2814=EDGE_CURVE('',#3491,#3483,#251,.F.);
#2815=EDGE_CURVE('',#3492,#3493,#596,.T.);
#2816=EDGE_CURVE('',#3492,#3494,#252,.F.);
#2817=EDGE_CURVE('',#3494,#3495,#253,.T.);
#2818=EDGE_CURVE('',#3495,#3496,#254,.F.);
#2819=EDGE_CURVE('',#3496,#3497,#597,.T.);
#2820=EDGE_CURVE('',#3497,#3498,#255,.F.);
#2821=EDGE_CURVE('',#3498,#3499,#256,.T.);
#2822=EDGE_CURVE('',#3499,#3500,#257,.F.);
#2823=EDGE_CURVE('',#3500,#3501,#598,.T.);
#2824=EDGE_CURVE('',#3501,#3502,#258,.F.);
#2825=EDGE_CURVE('',#3503,#3502,#259,.T.);
#2826=EDGE_CURVE('',#3503,#3493,#260,.F.);
#2827=EDGE_CURVE('',#3504,#3505,#261,.T.);
#2828=EDGE_CURVE('',#3505,#3506,#262,.F.);
#2829=EDGE_CURVE('',#3506,#3507,#599,.T.);
#2830=EDGE_CURVE('',#3507,#3508,#263,.F.);
#2831=EDGE_CURVE('',#3509,#3508,#264,.T.);
#2832=EDGE_CURVE('',#3509,#3510,#265,.F.);
#2833=EDGE_CURVE('',#3511,#3510,#266,.T.);
#2834=EDGE_CURVE('',#3511,#3512,#267,.F.);
#2835=EDGE_CURVE('',#3512,#3513,#3702,.T.);
#2836=EDGE_CURVE('',#3513,#3514,#268,.F.);
#2837=EDGE_CURVE('',#3514,#3515,#269,.T.);
#2838=EDGE_CURVE('',#3515,#3516,#270,.F.);
#2839=EDGE_CURVE('',#3517,#3516,#600,.T.);
#2840=EDGE_CURVE('',#3517,#3504,#271,.F.);
#2841=EDGE_CURVE('',#3518,#3518,#272,.T.);
#2842=EDGE_CURVE('',#3519,#3519,#273,.T.);
#2843=EDGE_CURVE('',#3520,#3521,#601,.T.);
#2844=EDGE_CURVE('',#3520,#3522,#274,.F.);
#2845=EDGE_CURVE('',#3523,#3522,#3703,.T.);
#2846=EDGE_CURVE('',#3523,#3524,#275,.F.);
#2847=EDGE_CURVE('',#3524,#3525,#602,.T.);
#2848=EDGE_CURVE('',#3525,#3526,#276,.F.);
#2849=EDGE_CURVE('',#3527,#3526,#277,.T.);
#2850=EDGE_CURVE('',#3527,#3521,#278,.F.);
#2851=EDGE_CURVE('',#3528,#3529,#603,.T.);
#2852=EDGE_CURVE('',#3528,#3530,#279,.F.);
#2853=EDGE_CURVE('',#3530,#3531,#280,.T.);
#2854=EDGE_CURVE('',#3531,#3532,#281,.F.);
#2855=EDGE_CURVE('',#3532,#3533,#604,.T.);
#2856=EDGE_CURVE('',#3533,#3534,#282,.F.);
#2857=EDGE_CURVE('',#3535,#3534,#283,.T.);
#2858=EDGE_CURVE('',#3535,#3536,#284,.F.);
#2859=EDGE_CURVE('',#3537,#3536,#605,.T.);
#2860=EDGE_CURVE('',#3537,#3538,#285,.F.);
#2861=EDGE_CURVE('',#3539,#3538,#3704,.T.);
#2862=EDGE_CURVE('',#3539,#3529,#286,.F.);
#2863=EDGE_CURVE('',#3540,#3541,#3705,.T.);
#2864=EDGE_CURVE('',#3540,#3542,#287,.F.);
#2865=EDGE_CURVE('',#3543,#3542,#606,.T.);
#2866=EDGE_CURVE('',#3543,#3544,#288,.F.);
#2867=EDGE_CURVE('',#3544,#3545,#289,.T.);
#2868=EDGE_CURVE('',#3545,#3546,#290,.F.);
#2869=EDGE_CURVE('',#3546,#3547,#607,.T.);
#2870=EDGE_CURVE('',#3547,#3548,#291,.F.);
#2871=EDGE_CURVE('',#3549,#3548,#3706,.T.);
#2872=EDGE_CURVE('',#3549,#3541,#292,.F.);
#2873=EDGE_CURVE('',#3550,#3551,#293,.T.);
#2874=EDGE_CURVE('',#3552,#3550,#3707,.T.);
#2875=EDGE_CURVE('',#3553,#3552,#294,.F.);
#2876=EDGE_CURVE('',#3554,#3553,#295,.T.);
#2877=EDGE_CURVE('',#3555,#3554,#296,.F.);
#2878=EDGE_CURVE('',#3556,#3555,#608,.T.);
#2879=EDGE_CURVE('',#3557,#3556,#297,.F.);
#2880=EDGE_CURVE('',#3558,#3557,#298,.T.);
#2881=EDGE_CURVE('',#3559,#3558,#299,.F.);
#2882=EDGE_CURVE('',#3559,#3560,#609,.T.);
#2883=EDGE_CURVE('',#3561,#3560,#300,.F.);
#2884=EDGE_CURVE('',#3562,#3561,#3708,.T.);
#2885=EDGE_CURVE('',#3563,#3562,#610,.T.);
#2886=EDGE_CURVE('',#3563,#3564,#301,.T.);
#2887=EDGE_CURVE('',#3565,#3564,#3709,.T.);
#2888=EDGE_CURVE('',#3566,#3565,#3710,.T.);
#2889=EDGE_CURVE('',#3551,#3566,#302,.T.);
#2890=EDGE_CURVE('',#3567,#3567,#303,.T.);
#2891=EDGE_CURVE('',#3568,#3569,#3711,.T.);
#2892=EDGE_CURVE('',#3570,#3569,#304,.F.);
#2893=EDGE_CURVE('',#3571,#3570,#305,.T.);
#2894=EDGE_CURVE('',#3572,#3571,#306,.F.);
#2895=EDGE_CURVE('',#3572,#3573,#611,.T.);
#2896=EDGE_CURVE('',#3574,#3573,#307,.F.);
#2897=EDGE_CURVE('',#3574,#3575,#308,.T.);
#2898=EDGE_CURVE('',#3576,#3575,#309,.F.);
#2899=EDGE_CURVE('',#3577,#3576,#612,.T.);
#2900=EDGE_CURVE('',#3568,#3577,#310,.F.);
#2901=EDGE_CURVE('',#3578,#3579,#613,.T.);
#2902=EDGE_CURVE('',#3580,#3579,#311,.F.);
#2903=EDGE_CURVE('',#3580,#3581,#312,.T.);
#2904=EDGE_CURVE('',#3582,#3581,#313,.F.);
#2905=EDGE_CURVE('',#3583,#3582,#614,.T.);
#2906=EDGE_CURVE('',#3584,#3583,#314,.F.);
#2907=EDGE_CURVE('',#3585,#3584,#315,.T.);
#2908=EDGE_CURVE('',#3586,#3585,#316,.F.);
#2909=EDGE_CURVE('',#3587,#3586,#615,.T.);
#2910=EDGE_CURVE('',#3588,#3587,#317,.F.);
#2911=EDGE_CURVE('',#3589,#3588,#318,.T.);
#2912=EDGE_CURVE('',#3578,#3589,#319,.F.);
#2913=EDGE_CURVE('',#3590,#3591,#320,.T.);
#2914=EDGE_CURVE('',#3592,#3590,#321,.F.);
#2915=EDGE_CURVE('',#3592,#3593,#616,.T.);
#2916=EDGE_CURVE('',#3594,#3593,#322,.F.);
#2917=EDGE_CURVE('',#3595,#3594,#323,.T.);
#2918=EDGE_CURVE('',#3596,#3595,#324,.F.);
#2919=EDGE_CURVE('',#3597,#3596,#3712,.T.);
#2920=EDGE_CURVE('',#3598,#3597,#325,.F.);
#2921=EDGE_CURVE('',#3598,#3599,#326,.T.);
#2922=EDGE_CURVE('',#3600,#3599,#327,.F.);
#2923=EDGE_CURVE('',#3600,#3601,#328,.T.);
#2924=EDGE_CURVE('',#3602,#3601,#329,.F.);
#2925=EDGE_CURVE('',#3603,#3602,#617,.T.);
#2926=EDGE_CURVE('',#3591,#3603,#330,.F.);
#2927=EDGE_CURVE('',#3604,#3604,#331,.T.);
#2928=EDGE_CURVE('',#3605,#3605,#332,.T.);
#2929=EDGE_CURVE('',#3606,#3607,#618,.T.);
#2930=EDGE_CURVE('',#3608,#3607,#333,.F.);
#2931=EDGE_CURVE('',#3608,#3609,#334,.T.);
#2932=EDGE_CURVE('',#3610,#3609,#335,.F.);
#2933=EDGE_CURVE('',#3611,#3610,#619,.T.);
#2934=EDGE_CURVE('',#3612,#3611,#336,.F.);
#2935=EDGE_CURVE('',#3612,#3613,#3713,.T.);
#2936=EDGE_CURVE('',#3606,#3613,#337,.F.);
#2937=EDGE_CURVE('',#3614,#3615,#620,.T.);
#2938=EDGE_CURVE('',#3616,#3615,#338,.F.);
#2939=EDGE_CURVE('',#3616,#3617,#3714,.T.);
#2940=EDGE_CURVE('',#3618,#3617,#339,.F.);
#2941=EDGE_CURVE('',#3618,#3619,#621,.T.);
#2942=EDGE_CURVE('',#3620,#3619,#340,.F.);
#2943=EDGE_CURVE('',#3620,#3621,#341,.T.);
#2944=EDGE_CURVE('',#3622,#3621,#342,.F.);
#2945=EDGE_CURVE('',#3623,#3622,#622,.T.);
#2946=EDGE_CURVE('',#3624,#3623,#343,.F.);
#2947=EDGE_CURVE('',#3625,#3624,#344,.T.);
#2948=EDGE_CURVE('',#3614,#3625,#345,.F.);
#2949=EDGE_CURVE('',#3626,#3627,#3715,.T.);
#2950=EDGE_CURVE('',#3628,#3627,#346,.F.);
#2951=EDGE_CURVE('',#3628,#3629,#3716,.T.);
#2952=EDGE_CURVE('',#3630,#3629,#347,.F.);
#2953=EDGE_CURVE('',#3631,#3630,#623,.T.);
#2954=EDGE_CURVE('',#3632,#3631,#348,.F.);
#2955=EDGE_CURVE('',#3633,#3632,#349,.T.);
#2956=EDGE_CURVE('',#3634,#3633,#350,.F.);
#2957=EDGE_CURVE('',#3634,#3635,#624,.T.);
#2958=EDGE_CURVE('',#3626,#3635,#351,.F.);
#2959=EDGE_CURVE('',#3508,#3339,#625,.F.);
#2960=EDGE_CURVE('',#3338,#3509,#626,.T.);
#2961=EDGE_CURVE('',#3514,#3333,#627,.F.);
#2962=EDGE_CURVE('',#3332,#3515,#628,.T.);
#2963=EDGE_CURVE('',#3480,#3636,#629,.F.);
#2964=EDGE_CURVE('',#3636,#3265,#3717,.T.);
#2965=EDGE_CURVE('',#3264,#3466,#630,.T.);
#2966=EDGE_CURVE('',#3297,#3470,#631,.T.);
#2967=EDGE_CURVE('',#3262,#3469,#632,.T.);
#2968=EDGE_CURVE('',#3512,#3335,#633,.F.);
#2969=EDGE_CURVE('',#3334,#3513,#634,.T.);
#2970=EDGE_CURVE('',#3637,#3638,#352,.T.);
#2971=EDGE_CURVE('',#3287,#3637,#635,.T.);
#2972=EDGE_CURVE('',#3286,#3638,#636,.T.);
#2973=EDGE_CURVE('',#3265,#3288,#637,.T.);
#2974=EDGE_CURVE('',#3637,#3639,#638,.T.);
#2975=EDGE_CURVE('',#3274,#3639,#639,.T.);
#2976=EDGE_CURVE('',#3266,#3273,#640,.T.);
#2977=EDGE_CURVE('',#3640,#3640,#353,.T.);
#2978=EDGE_CURVE('',#3638,#3641,#641,.T.);
#2979=EDGE_CURVE('',#3641,#3639,#354,.T.);
#2980=EDGE_CURVE('',#3642,#3642,#355,.T.);
#2981=EDGE_CURVE('',#3285,#3276,#642,.T.);
#2982=EDGE_CURVE('',#3275,#3641,#643,.T.);
#2983=EDGE_CURVE('',#3336,#3511,#644,.T.);
#2984=EDGE_CURVE('',#3510,#3337,#645,.F.);
#2985=EDGE_CURVE('',#3432,#3238,#646,.F.);
#2986=EDGE_CURVE('',#3237,#3433,#647,.T.);
#2987=EDGE_CURVE('',#3263,#3467,#648,.T.);
#2988=EDGE_CURVE('',#3468,#3261,#649,.F.);
#2989=EDGE_CURVE('',#3257,#3461,#650,.T.);
#2990=EDGE_CURVE('',#3258,#3460,#651,.T.);
#2991=EDGE_CURVE('',#3459,#3259,#652,.F.);
#2992=EDGE_CURVE('',#3260,#3458,#653,.T.);
#2993=EDGE_CURVE('',#3250,#3457,#654,.T.);
#2994=EDGE_CURVE('',#3456,#3249,#655,.F.);
#2995=EDGE_CURVE('',#3478,#3289,#656,.F.);
#2996=EDGE_CURVE('',#3288,#3643,#356,.T.);
#2997=EDGE_CURVE('',#3643,#3479,#657,.T.);
#2998=EDGE_CURVE('',#3296,#3471,#658,.T.);
#2999=EDGE_CURVE('',#3314,#3520,#659,.F.);
#3000=EDGE_CURVE('',#3521,#3315,#660,.T.);
#3001=EDGE_CURVE('',#3316,#3527,#661,.T.);
#3002=EDGE_CURVE('',#3526,#3317,#662,.F.);
#3003=EDGE_CURVE('',#3311,#3525,#663,.T.);
#3004=EDGE_CURVE('',#3524,#3310,#664,.F.);
#3005=EDGE_CURVE('',#3522,#3313,#665,.F.);
#3006=EDGE_CURVE('',#3312,#3523,#666,.T.);
#3007=EDGE_CURVE('',#3232,#3448,#667,.T.);
#3008=EDGE_CURVE('',#3447,#3233,#668,.F.);
#3009=EDGE_CURVE('',#3234,#3446,#669,.T.);
#3010=EDGE_CURVE('',#3223,#3445,#670,.T.);
#3011=EDGE_CURVE('',#3444,#3224,#671,.F.);
#3012=EDGE_CURVE('',#3449,#3231,#672,.F.);
#3013=EDGE_CURVE('',#3450,#3230,#673,.F.);
#3014=EDGE_CURVE('',#3644,#3645,#674,.T.);
#3015=EDGE_CURVE('',#3645,#3497,#675,.F.);
#3016=EDGE_CURVE('',#3496,#3644,#676,.T.);
#3017=EDGE_CURVE('',#3276,#3646,#357,.T.);
#3018=EDGE_CURVE('',#3646,#3495,#677,.T.);
#3019=EDGE_CURVE('',#3494,#3277,#678,.F.);
#3020=EDGE_CURVE('',#3493,#3279,#679,.T.);
#3021=EDGE_CURVE('',#3278,#3492,#680,.T.);
#3022=EDGE_CURVE('',#3280,#3503,#681,.T.);
#3023=EDGE_CURVE('',#3502,#3281,#682,.F.);
#3024=EDGE_CURVE('',#3282,#3501,#683,.T.);
#3025=EDGE_CURVE('',#3500,#3283,#684,.T.);
#3026=EDGE_CURVE('',#3284,#3499,#685,.T.);
#3027=EDGE_CURVE('',#3498,#3647,#686,.F.);
#3028=EDGE_CURVE('',#3647,#3285,#358,.T.);
#3029=EDGE_CURVE('',#3647,#3645,#359,.T.);
#3030=EDGE_CURVE('',#3644,#3646,#360,.T.);
#3031=EDGE_CURVE('',#3319,#3485,#687,.T.);
#3032=EDGE_CURVE('',#3484,#3318,#688,.F.);
#3033=EDGE_CURVE('',#3320,#3482,#689,.T.);
#3034=EDGE_CURVE('',#3483,#3321,#690,.F.);
#3035=EDGE_CURVE('',#3322,#3491,#691,.T.);
#3036=EDGE_CURVE('',#3490,#3323,#692,.F.);
#3037=EDGE_CURVE('',#3488,#3325,#693,.T.);
#3038=EDGE_CURVE('',#3324,#3489,#694,.T.);
#3039=EDGE_CURVE('',#3486,#3327,#695,.F.);
#3040=EDGE_CURVE('',#3326,#3487,#696,.T.);
#3041=EDGE_CURVE('',#3300,#3528,#697,.T.);
#3042=EDGE_CURVE('',#3529,#3301,#698,.T.);
#3043=EDGE_CURVE('',#3538,#3303,#699,.F.);
#3044=EDGE_CURVE('',#3302,#3539,#700,.T.);
#3045=EDGE_CURVE('',#3304,#3537,#701,.F.);
#3046=EDGE_CURVE('',#3536,#3305,#702,.T.);
#3047=EDGE_CURVE('',#3534,#3307,#703,.F.);
#3048=EDGE_CURVE('',#3306,#3535,#704,.T.);
#3049=EDGE_CURVE('',#3532,#3309,#705,.T.);
#3050=EDGE_CURVE('',#3308,#3533,#706,.T.);
#3051=EDGE_CURVE('',#3299,#3531,#707,.T.);
#3052=EDGE_CURVE('',#3530,#3298,#708,.F.);
#3053=EDGE_CURVE('',#3648,#3649,#709,.T.);
#3054=EDGE_CURVE('',#3649,#3650,#361,.T.);
#3055=EDGE_CURVE('',#3650,#3266,#3718,.T.);
#3056=EDGE_CURVE('',#3651,#3273,#362,.T.);
#3057=EDGE_CURVE('',#3651,#3648,#363,.T.);
#3058=EDGE_CURVE('',#3650,#3540,#710,.T.);
#3059=EDGE_CURVE('',#3541,#3267,#711,.F.);
#3060=EDGE_CURVE('',#3268,#3549,#712,.T.);
#3061=EDGE_CURVE('',#3548,#3269,#713,.F.);
#3062=EDGE_CURVE('',#3546,#3271,#714,.T.);
#3063=EDGE_CURVE('',#3270,#3547,#715,.T.);
#3064=EDGE_CURVE('',#3544,#3651,#716,.F.);
#3065=EDGE_CURVE('',#3272,#3545,#717,.T.);
#3066=EDGE_CURVE('',#3542,#3649,#718,.T.);
#3067=EDGE_CURVE('',#3648,#3543,#719,.T.);
#3068=EDGE_CURVE('',#3636,#3643,#364,.F.);
#3069=EDGE_CURVE('',#3292,#3475,#720,.T.);
#3070=EDGE_CURVE('',#3474,#3293,#721,.F.);
#3071=EDGE_CURVE('',#3329,#3505,#722,.T.);
#3072=EDGE_CURVE('',#3504,#3328,#723,.F.);
#3073=EDGE_CURVE('',#3506,#3341,#724,.T.);
#3074=EDGE_CURVE('',#3340,#3507,#725,.T.);
#3075=EDGE_CURVE('',#3434,#3236,#726,.T.);
#3076=EDGE_CURVE('',#3235,#3435,#727,.T.);
#3077=EDGE_CURVE('',#3516,#3331,#728,.F.);
#3078=EDGE_CURVE('',#3330,#3517,#729,.T.);
#3079=EDGE_CURVE('',#3476,#3291,#730,.T.);
#3080=EDGE_CURVE('',#3290,#3477,#731,.F.);
#3081=EDGE_CURVE('',#3294,#3473,#732,.T.);
#3082=EDGE_CURVE('',#3472,#3295,#733,.F.);
#3083=EDGE_CURVE('',#3436,#3248,#734,.T.);
#3084=EDGE_CURVE('',#3247,#3437,#735,.F.);
#3085=EDGE_CURVE('',#3347,#3562,#736,.T.);
#3086=EDGE_CURVE('',#3348,#3561,#737,.T.);
#3087=EDGE_CURVE('',#3243,#3441,#738,.T.);
#3088=EDGE_CURVE('',#3440,#3244,#739,.F.);
#3089=EDGE_CURVE('',#3417,#3600,#740,.T.);
#3090=EDGE_CURVE('',#3601,#3416,#741,.F.);
#3091=EDGE_CURVE('',#3423,#3594,#742,.T.);
#3092=EDGE_CURVE('',#3595,#3422,#743,.F.);
#3093=EDGE_CURVE('',#3380,#3550,#744,.T.);
#3094=EDGE_CURVE('',#3652,#3379,#3719,.T.);
#3095=EDGE_CURVE('',#3552,#3652,#745,.F.);
#3096=EDGE_CURVE('',#3344,#3565,#746,.T.);
#3097=EDGE_CURVE('',#3345,#3564,#747,.T.);
#3098=EDGE_CURVE('',#3421,#3596,#748,.T.);
#3099=EDGE_CURVE('',#3597,#3420,#749,.F.);
#3100=EDGE_CURVE('',#3653,#3654,#365,.T.);
#3101=EDGE_CURVE('',#3358,#3654,#750,.T.);
#3102=EDGE_CURVE('',#3357,#3653,#751,.T.);
#3103=EDGE_CURVE('',#3378,#3371,#752,.T.);
#3104=EDGE_CURVE('',#3370,#3655,#753,.T.);
#3105=EDGE_CURVE('',#3653,#3655,#754,.T.);
#3106=EDGE_CURVE('',#3379,#3356,#755,.T.);
#3107=EDGE_CURVE('',#3656,#3656,#366,.T.);
#3108=EDGE_CURVE('',#3657,#3655,#367,.T.);
#3109=EDGE_CURVE('',#3654,#3657,#756,.T.);
#3110=EDGE_CURVE('',#3658,#3658,#368,.T.);
#3111=EDGE_CURVE('',#3369,#3657,#757,.T.);
#3112=EDGE_CURVE('',#3359,#3368,#758,.T.);
#3113=EDGE_CURVE('',#3599,#3418,#759,.F.);
#3114=EDGE_CURVE('',#3419,#3598,#760,.T.);
#3115=EDGE_CURVE('',#3430,#3240,#761,.F.);
#3116=EDGE_CURVE('',#3239,#3431,#762,.T.);
#3117=EDGE_CURVE('',#3381,#3551,#763,.T.);
#3118=EDGE_CURVE('',#3566,#3343,#764,.F.);
#3119=EDGE_CURVE('',#3462,#3256,#765,.F.);
#3120=EDGE_CURVE('',#3255,#3463,#766,.T.);
#3121=EDGE_CURVE('',#3254,#3464,#767,.T.);
#3122=EDGE_CURVE('',#3465,#3253,#768,.F.);
#3123=EDGE_CURVE('',#3252,#3455,#769,.T.);
#3124=EDGE_CURVE('',#3251,#3454,#770,.T.);
#3125=EDGE_CURVE('',#3659,#3553,#771,.T.);
#3126=EDGE_CURVE('',#3356,#3659,#369,.T.);
#3127=EDGE_CURVE('',#3554,#3355,#772,.F.);
#3128=EDGE_CURVE('',#3346,#3563,#773,.T.);
#3129=EDGE_CURVE('',#3607,#3398,#774,.T.);
#3130=EDGE_CURVE('',#3399,#3606,#775,.F.);
#3131=EDGE_CURVE('',#3609,#3396,#776,.F.);
#3132=EDGE_CURVE('',#3397,#3608,#777,.T.);
#3133=EDGE_CURVE('',#3611,#3394,#778,.F.);
#3134=EDGE_CURVE('',#3395,#3610,#779,.T.);
#3135=EDGE_CURVE('',#3401,#3612,#780,.T.);
#3136=EDGE_CURVE('',#3613,#3400,#781,.F.);
#3137=EDGE_CURVE('',#3452,#3228,#782,.F.);
#3138=EDGE_CURVE('',#3229,#3451,#783,.T.);
#3139=EDGE_CURVE('',#3226,#3442,#784,.T.);
#3140=EDGE_CURVE('',#3227,#3453,#785,.T.);
#3141=EDGE_CURVE('',#3225,#3443,#786,.T.);
#3142=EDGE_CURVE('',#3660,#3661,#787,.T.);
#3143=EDGE_CURVE('',#3587,#3660,#788,.T.);
#3144=EDGE_CURVE('',#3661,#3586,#789,.F.);
#3145=EDGE_CURVE('',#3368,#3662,#370,.T.);
#3146=EDGE_CURVE('',#3589,#3367,#790,.F.);
#3147=EDGE_CURVE('',#3662,#3588,#791,.T.);
#3148=EDGE_CURVE('',#3366,#3578,#792,.T.);
#3149=EDGE_CURVE('',#3579,#3365,#793,.T.);
#3150=EDGE_CURVE('',#3581,#3363,#794,.F.);
#3151=EDGE_CURVE('',#3364,#3580,#795,.T.);
#3152=EDGE_CURVE('',#3583,#3361,#796,.T.);
#3153=EDGE_CURVE('',#3362,#3582,#797,.T.);
#3154=EDGE_CURVE('',#3663,#3359,#371,.T.);
#3155=EDGE_CURVE('',#3585,#3663,#798,.F.);
#3156=EDGE_CURVE('',#3360,#3584,#799,.T.);
#3157=EDGE_CURVE('',#3660,#3662,#372,.T.);
#3158=EDGE_CURVE('',#3663,#3661,#373,.T.);
#3159=EDGE_CURVE('',#3577,#3402,#800,.F.);
#3160=EDGE_CURVE('',#3403,#3576,#801,.T.);
#3161=EDGE_CURVE('',#3569,#3410,#802,.F.);
#3162=EDGE_CURVE('',#3411,#3568,#803,.T.);
#3163=EDGE_CURVE('',#3571,#3408,#804,.F.);
#3164=EDGE_CURVE('',#3409,#3570,#805,.T.);
#3165=EDGE_CURVE('',#3407,#3572,#806,.T.);
#3166=EDGE_CURVE('',#3573,#3406,#807,.T.);
#3167=EDGE_CURVE('',#3405,#3574,#808,.T.);
#3168=EDGE_CURVE('',#3575,#3404,#809,.F.);
#3169=EDGE_CURVE('',#3615,#3392,#810,.T.);
#3170=EDGE_CURVE('',#3393,#3614,#811,.T.);
#3171=EDGE_CURVE('',#3391,#3616,#812,.T.);
#3172=EDGE_CURVE('',#3617,#3390,#813,.F.);
#3173=EDGE_CURVE('',#3619,#3388,#814,.T.);
#3174=EDGE_CURVE('',#3389,#3618,#815,.F.);
#3175=EDGE_CURVE('',#3387,#3620,#816,.T.);
#3176=EDGE_CURVE('',#3621,#3386,#817,.F.);
#3177=EDGE_CURVE('',#3385,#3622,#818,.T.);
#3178=EDGE_CURVE('',#3623,#3384,#819,.T.);
#3179=EDGE_CURVE('',#3625,#3382,#820,.F.);
#3180=EDGE_CURVE('',#3383,#3624,#821,.T.);
#3181=EDGE_CURVE('',#3664,#3665,#822,.T.);
#3182=EDGE_CURVE('',#3666,#3664,#374,.T.);
#3183=EDGE_CURVE('',#3666,#3371,#375,.T.);
#3184=EDGE_CURVE('',#3667,#3378,#3720,.T.);
#3185=EDGE_CURVE('',#3665,#3667,#376,.T.);
#3186=EDGE_CURVE('',#3627,#3377,#823,.F.);
#3187=EDGE_CURVE('',#3667,#3626,#824,.T.);
#3188=EDGE_CURVE('',#3629,#3375,#825,.F.);
#3189=EDGE_CURVE('',#3376,#3628,#826,.T.);
#3190=EDGE_CURVE('',#3374,#3630,#827,.T.);
#3191=EDGE_CURVE('',#3631,#3373,#828,.T.);
#3192=EDGE_CURVE('',#3372,#3632,#829,.T.);
#3193=EDGE_CURVE('',#3633,#3666,#830,.F.);
#3194=EDGE_CURVE('',#3664,#3634,#831,.T.);
#3195=EDGE_CURVE('',#3635,#3665,#832,.T.);
#3196=EDGE_CURVE('',#3652,#3659,#377,.F.);
#3197=EDGE_CURVE('',#3558,#3351,#833,.F.);
#3198=EDGE_CURVE('',#3352,#3557,#834,.T.);
#3199=EDGE_CURVE('',#3590,#3412,#835,.F.);
#3200=EDGE_CURVE('',#3413,#3591,#836,.T.);
#3201=EDGE_CURVE('',#3415,#3602,#837,.T.);
#3202=EDGE_CURVE('',#3603,#3414,#838,.T.);
#3203=EDGE_CURVE('',#3428,#3242,#839,.F.);
#3204=EDGE_CURVE('',#3241,#3429,#840,.F.);
#3205=EDGE_CURVE('',#3425,#3592,#841,.T.);
#3206=EDGE_CURVE('',#3593,#3424,#842,.F.);
#3207=EDGE_CURVE('',#3354,#3555,#843,.F.);
#3208=EDGE_CURVE('',#3556,#3353,#844,.T.);
#3209=EDGE_CURVE('',#3560,#3349,#845,.F.);
#3210=EDGE_CURVE('',#3350,#3559,#846,.T.);
#3211=EDGE_CURVE('',#3245,#3439,#847,.F.);
#3212=EDGE_CURVE('',#3438,#3246,#848,.T.);
#3213=EDGE_CURVE('',#3668,#3668,#378,.F.);
#3214=VERTEX_POINT('',#6540);
#3215=VERTEX_POINT('',#6541);
#3216=VERTEX_POINT('',#6543);
#3217=VERTEX_POINT('',#6630);
#3218=VERTEX_POINT('',#6634);
#3219=VERTEX_POINT('',#6635);
#3220=VERTEX_POINT('',#6637);
#3221=VERTEX_POINT('',#6639);
#3222=VERTEX_POINT('',#6643);
#3223=VERTEX_POINT('',#6649);
#3224=VERTEX_POINT('',#6650);
#3225=VERTEX_POINT('',#6652);
#3226=VERTEX_POINT('',#6658);
#3227=VERTEX_POINT('',#6669);
#3228=VERTEX_POINT('',#6671);
#3229=VERTEX_POINT('',#6673);
#3230=VERTEX_POINT('',#6675);
#3231=VERTEX_POINT('',#6677);
#3232=VERTEX_POINT('',#6679);
#3233=VERTEX_POINT('',#6681);
#3234=VERTEX_POINT('',#6683);
#3235=VERTEX_POINT('',#6695);
#3236=VERTEX_POINT('',#6696);
#3237=VERTEX_POINT('',#6698);
#3238=VERTEX_POINT('',#6700);
#3239=VERTEX_POINT('',#6702);
#3240=VERTEX_POINT('',#6704);
#3241=VERTEX_POINT('',#6706);
#3242=VERTEX_POINT('',#6708);
#3243=VERTEX_POINT('',#6710);
#3244=VERTEX_POINT('',#6712);
#3245=VERTEX_POINT('',#6714);
#3246=VERTEX_POINT('',#6716);
#3247=VERTEX_POINT('',#6718);
#3248=VERTEX_POINT('',#6720);
#3249=VERTEX_POINT('',#6724);
#3250=VERTEX_POINT('',#6725);
#3251=VERTEX_POINT('',#6727);
#3252=VERTEX_POINT('',#6729);
#3253=VERTEX_POINT('',#6731);
#3254=VERTEX_POINT('',#6733);
#3255=VERTEX_POINT('',#6735);
#3256=VERTEX_POINT('',#6737);
#3257=VERTEX_POINT('',#6739);
#3258=VERTEX_POINT('',#6741);
#3259=VERTEX_POINT('',#6743);
#3260=VERTEX_POINT('',#6745);
#3261=VERTEX_POINT('',#6753);
#3262=VERTEX_POINT('',#6754);
#3263=VERTEX_POINT('',#6756);
#3264=VERTEX_POINT('',#6758);
#3265=VERTEX_POINT('',#6771);
#3266=VERTEX_POINT('',#6773);
#3267=VERTEX_POINT('',#6786);
#3268=VERTEX_POINT('',#6788);
#3269=VERTEX_POINT('',#6794);
#3270=VERTEX_POINT('',#6796);
#3271=VERTEX_POINT('',#6798);
#3272=VERTEX_POINT('',#6800);
#3273=VERTEX_POINT('',#6802);
#3274=VERTEX_POINT('',#6804);
#3275=VERTEX_POINT('',#6806);
#3276=VERTEX_POINT('',#6808);
#3277=VERTEX_POINT('',#6810);
#3278=VERTEX_POINT('',#6812);
#3279=VERTEX_POINT('',#6814);
#3280=VERTEX_POINT('',#6816);
#3281=VERTEX_POINT('',#6818);
#3282=VERTEX_POINT('',#6820);
#3283=VERTEX_POINT('',#6822);
#3284=VERTEX_POINT('',#6824);
#3285=VERTEX_POINT('',#6826);
#3286=VERTEX_POINT('',#6828);
#3287=VERTEX_POINT('',#6830);
#3288=VERTEX_POINT('',#6832);
#3289=VERTEX_POINT('',#6834);
#3290=VERTEX_POINT('',#6836);
#3291=VERTEX_POINT('',#6838);
#3292=VERTEX_POINT('',#6840);
#3293=VERTEX_POINT('',#6842);
#3294=VERTEX_POINT('',#6844);
#3295=VERTEX_POINT('',#6846);
#3296=VERTEX_POINT('',#6849);
#3297=VERTEX_POINT('',#6851);
#3298=VERTEX_POINT('',#6939);
#3299=VERTEX_POINT('',#6940);
#3300=VERTEX_POINT('',#6942);
#3301=VERTEX_POINT('',#6944);
#3302=VERTEX_POINT('',#6946);
#3303=VERTEX_POINT('',#6954);
#3304=VERTEX_POINT('',#6956);
#3305=VERTEX_POINT('',#6958);
#3306=VERTEX_POINT('',#6960);
#3307=VERTEX_POINT('',#6962);
#3308=VERTEX_POINT('',#6964);
#3309=VERTEX_POINT('',#6966);
#3310=VERTEX_POINT('',#6969);
#3311=VERTEX_POINT('',#6970);
#3312=VERTEX_POINT('',#6972);
#3313=VERTEX_POINT('',#6985);
#3314=VERTEX_POINT('',#6987);
#3315=VERTEX_POINT('',#6989);
#3316=VERTEX_POINT('',#6991);
#3317=VERTEX_POINT('',#6993);
#3318=VERTEX_POINT('',#6996);
#3319=VERTEX_POINT('',#6997);
#3320=VERTEX_POINT('',#6999);
#3321=VERTEX_POINT('',#7021);
#3322=VERTEX_POINT('',#7023);
#3323=VERTEX_POINT('',#7025);
#3324=VERTEX_POINT('',#7027);
#3325=VERTEX_POINT('',#7029);
#3326=VERTEX_POINT('',#7031);
#3327=VERTEX_POINT('',#7033);
#3328=VERTEX_POINT('',#7036);
#3329=VERTEX_POINT('',#7037);
#3330=VERTEX_POINT('',#7039);
#3331=VERTEX_POINT('',#7041);
#3332=VERTEX_POINT('',#7043);
#3333=VERTEX_POINT('',#7045);
#3334=VERTEX_POINT('',#7047);
#3335=VERTEX_POINT('',#7060);
#3336=VERTEX_POINT('',#7062);
#3337=VERTEX_POINT('',#7064);
#3338=VERTEX_POINT('',#7066);
#3339=VERTEX_POINT('',#7068);
#3340=VERTEX_POINT('',#7070);
#3341=VERTEX_POINT('',#7072);
#3342=VERTEX_POINT('',#7075);
#3343=VERTEX_POINT('',#7082);
#3344=VERTEX_POINT('',#7083);
#3345=VERTEX_POINT('',#7170);
#3346=VERTEX_POINT('',#7172);
#3347=VERTEX_POINT('',#7174);
#3348=VERTEX_POINT('',#7261);
#3349=VERTEX_POINT('',#7263);
#3350=VERTEX_POINT('',#7265);
#3351=VERTEX_POINT('',#7267);
#3352=VERTEX_POINT('',#7269);
#3353=VERTEX_POINT('',#7271);
#3354=VERTEX_POINT('',#7273);
#3355=VERTEX_POINT('',#7275);
#3356=VERTEX_POINT('',#7277);
#3357=VERTEX_POINT('',#7279);
#3358=VERTEX_POINT('',#7281);
#3359=VERTEX_POINT('',#7283);
#3360=VERTEX_POINT('',#7285);
#3361=VERTEX_POINT('',#7287);
#3362=VERTEX_POINT('',#7289);
#3363=VERTEX_POINT('',#7291);
#3364=VERTEX_POINT('',#7293);
#3365=VERTEX_POINT('',#7295);
#3366=VERTEX_POINT('',#7297);
#3367=VERTEX_POINT('',#7299);
#3368=VERTEX_POINT('',#7301);
#3369=VERTEX_POINT('',#7303);
#3370=VERTEX_POINT('',#7305);
#3371=VERTEX_POINT('',#7307);
#3372=VERTEX_POINT('',#7309);
#3373=VERTEX_POINT('',#7311);
#3374=VERTEX_POINT('',#7313);
#3375=VERTEX_POINT('',#7315);
#3376=VERTEX_POINT('',#7321);
#3377=VERTEX_POINT('',#7323);
#3378=VERTEX_POINT('',#7336);
#3379=VERTEX_POINT('',#7338);
#3380=VERTEX_POINT('',#7351);
#3381=VERTEX_POINT('',#7353);
#3382=VERTEX_POINT('',#7356);
#3383=VERTEX_POINT('',#7357);
#3384=VERTEX_POINT('',#7359);
#3385=VERTEX_POINT('',#7361);
#3386=VERTEX_POINT('',#7363);
#3387=VERTEX_POINT('',#7365);
#3388=VERTEX_POINT('',#7367);
#3389=VERTEX_POINT('',#7369);
#3390=VERTEX_POINT('',#7371);
#3391=VERTEX_POINT('',#7379);
#3392=VERTEX_POINT('',#7381);
#3393=VERTEX_POINT('',#7383);
#3394=VERTEX_POINT('',#7386);
#3395=VERTEX_POINT('',#7387);
#3396=VERTEX_POINT('',#7389);
#3397=VERTEX_POINT('',#7391);
#3398=VERTEX_POINT('',#7393);
#3399=VERTEX_POINT('',#7395);
#3400=VERTEX_POINT('',#7397);
#3401=VERTEX_POINT('',#7410);
#3402=VERTEX_POINT('',#7413);
#3403=VERTEX_POINT('',#7414);
#3404=VERTEX_POINT('',#7416);
#3405=VERTEX_POINT('',#7418);
#3406=VERTEX_POINT('',#7420);
#3407=VERTEX_POINT('',#7422);
#3408=VERTEX_POINT('',#7424);
#3409=VERTEX_POINT('',#7426);
#3410=VERTEX_POINT('',#7428);
#3411=VERTEX_POINT('',#7450);
#3412=VERTEX_POINT('',#7453);
#3413=VERTEX_POINT('',#7454);
#3414=VERTEX_POINT('',#7456);
#3415=VERTEX_POINT('',#7458);
#3416=VERTEX_POINT('',#7460);
#3417=VERTEX_POINT('',#7462);
#3418=VERTEX_POINT('',#7464);
#3419=VERTEX_POINT('',#7466);
#3420=VERTEX_POINT('',#7468);
#3421=VERTEX_POINT('',#7481);
#3422=VERTEX_POINT('',#7483);
#3423=VERTEX_POINT('',#7485);
#3424=VERTEX_POINT('',#7487);
#3425=VERTEX_POINT('',#7489);
#3426=VERTEX_POINT('',#7492);
#3427=VERTEX_POINT('',#7495);
#3428=VERTEX_POINT('',#7497);
#3429=VERTEX_POINT('',#7498);
#3430=VERTEX_POINT('',#7500);
#3431=VERTEX_POINT('',#7502);
#3432=VERTEX_POINT('',#7504);
#3433=VERTEX_POINT('',#7506);
#3434=VERTEX_POINT('',#7508);
#3435=VERTEX_POINT('',#7510);
#3436=VERTEX_POINT('',#7513);
#3437=VERTEX_POINT('',#7515);
#3438=VERTEX_POINT('',#7517);
#3439=VERTEX_POINT('',#7519);
#3440=VERTEX_POINT('',#7521);
#3441=VERTEX_POINT('',#7523);
#3442=VERTEX_POINT('',#7530);
#3443=VERTEX_POINT('',#7531);
#3444=VERTEX_POINT('',#7533);
#3445=VERTEX_POINT('',#7539);
#3446=VERTEX_POINT('',#7550);
#3447=VERTEX_POINT('',#7552);
#3448=VERTEX_POINT('',#7554);
#3449=VERTEX_POINT('',#7556);
#3450=VERTEX_POINT('',#7558);
#3451=VERTEX_POINT('',#7560);
#3452=VERTEX_POINT('',#7562);
#3453=VERTEX_POINT('',#7564);
#3454=VERTEX_POINT('',#7576);
#3455=VERTEX_POINT('',#7577);
#3456=VERTEX_POINT('',#7579);
#3457=VERTEX_POINT('',#7581);
#3458=VERTEX_POINT('',#7583);
#3459=VERTEX_POINT('',#7585);
#3460=VERTEX_POINT('',#7587);
#3461=VERTEX_POINT('',#7589);
#3462=VERTEX_POINT('',#7591);
#3463=VERTEX_POINT('',#7593);
#3464=VERTEX_POINT('',#7595);
#3465=VERTEX_POINT('',#7597);
#3466=VERTEX_POINT('',#7600);
#3467=VERTEX_POINT('',#7601);
#3468=VERTEX_POINT('',#7603);
#3469=VERTEX_POINT('',#7610);
#3470=VERTEX_POINT('',#7697);
#3471=VERTEX_POINT('',#7699);
#3472=VERTEX_POINT('',#7702);
#3473=VERTEX_POINT('',#7704);
#3474=VERTEX_POINT('',#7706);
#3475=VERTEX_POINT('',#7708);
#3476=VERTEX_POINT('',#7710);
#3477=VERTEX_POINT('',#7712);
#3478=VERTEX_POINT('',#7714);
#3479=VERTEX_POINT('',#7716);
#3480=VERTEX_POINT('',#7718);
#3481=VERTEX_POINT('',#7732);
#3482=VERTEX_POINT('',#7754);
#3483=VERTEX_POINT('',#7755);
#3484=VERTEX_POINT('',#7757);
#3485=VERTEX_POINT('',#7759);
#3486=VERTEX_POINT('',#7761);
#3487=VERTEX_POINT('',#7763);
#3488=VERTEX_POINT('',#7765);
#3489=VERTEX_POINT('',#7767);
#3490=VERTEX_POINT('',#7769);
#3491=VERTEX_POINT('',#7771);
#3492=VERTEX_POINT('',#7774);
#3493=VERTEX_POINT('',#7775);
#3494=VERTEX_POINT('',#7777);
#3495=VERTEX_POINT('',#7779);
#3496=VERTEX_POINT('',#7781);
#3497=VERTEX_POINT('',#7783);
#3498=VERTEX_POINT('',#7785);
#3499=VERTEX_POINT('',#7787);
#3500=VERTEX_POINT('',#7789);
#3501=VERTEX_POINT('',#7791);
#3502=VERTEX_POINT('',#7793);
#3503=VERTEX_POINT('',#7795);
#3504=VERTEX_POINT('',#7798);
#3505=VERTEX_POINT('',#7799);
#3506=VERTEX_POINT('',#7801);
#3507=VERTEX_POINT('',#7803);
#3508=VERTEX_POINT('',#7805);
#3509=VERTEX_POINT('',#7807);
#3510=VERTEX_POINT('',#7809);
#3511=VERTEX_POINT('',#7811);
#3512=VERTEX_POINT('',#7813);
#3513=VERTEX_POINT('',#7826);
#3514=VERTEX_POINT('',#7828);
#3515=VERTEX_POINT('',#7830);
#3516=VERTEX_POINT('',#7832);
#3517=VERTEX_POINT('',#7834);
#3518=VERTEX_POINT('',#7837);
#3519=VERTEX_POINT('',#7839);
#3520=VERTEX_POINT('',#7841);
#3521=VERTEX_POINT('',#7842);
#3522=VERTEX_POINT('',#7844);
#3523=VERTEX_POINT('',#7857);
#3524=VERTEX_POINT('',#7859);
#3525=VERTEX_POINT('',#7861);
#3526=VERTEX_POINT('',#7863);
#3527=VERTEX_POINT('',#7865);
#3528=VERTEX_POINT('',#7868);
#3529=VERTEX_POINT('',#7869);
#3530=VERTEX_POINT('',#7871);
#3531=VERTEX_POINT('',#7873);
#3532=VERTEX_POINT('',#7875);
#3533=VERTEX_POINT('',#7877);
#3534=VERTEX_POINT('',#7879);
#3535=VERTEX_POINT('',#7881);
#3536=VERTEX_POINT('',#7883);
#3537=VERTEX_POINT('',#7885);
#3538=VERTEX_POINT('',#7887);
#3539=VERTEX_POINT('',#7895);
#3540=VERTEX_POINT('',#7909);
#3541=VERTEX_POINT('',#7910);
#3542=VERTEX_POINT('',#7912);
#3543=VERTEX_POINT('',#7914);
#3544=VERTEX_POINT('',#7916);
#3545=VERTEX_POINT('',#7918);
#3546=VERTEX_POINT('',#7920);
#3547=VERTEX_POINT('',#7922);
#3548=VERTEX_POINT('',#7924);
#3549=VERTEX_POINT('',#7930);
#3550=VERTEX_POINT('',#7933);
#3551=VERTEX_POINT('',#7934);
#3552=VERTEX_POINT('',#7947);
#3553=VERTEX_POINT('',#7949);
#3554=VERTEX_POINT('',#7951);
#3555=VERTEX_POINT('',#7953);
#3556=VERTEX_POINT('',#7955);
#3557=VERTEX_POINT('',#7957);
#3558=VERTEX_POINT('',#7959);
#3559=VERTEX_POINT('',#7961);
#3560=VERTEX_POINT('',#7963);
#3561=VERTEX_POINT('',#7965);
#3562=VERTEX_POINT('',#8052);
#3563=VERTEX_POINT('',#8054);
#3564=VERTEX_POINT('',#8056);
#3565=VERTEX_POINT('',#8143);
#3566=VERTEX_POINT('',#8150);
#3567=VERTEX_POINT('',#8153);
#3568=VERTEX_POINT('',#8175);
#3569=VERTEX_POINT('',#8176);
#3570=VERTEX_POINT('',#8178);
#3571=VERTEX_POINT('',#8180);
#3572=VERTEX_POINT('',#8182);
#3573=VERTEX_POINT('',#8184);
#3574=VERTEX_POINT('',#8186);
#3575=VERTEX_POINT('',#8188);
#3576=VERTEX_POINT('',#8190);
#3577=VERTEX_POINT('',#8192);
#3578=VERTEX_POINT('',#8195);
#3579=VERTEX_POINT('',#8196);
#3580=VERTEX_POINT('',#8198);
#3581=VERTEX_POINT('',#8200);
#3582=VERTEX_POINT('',#8202);
#3583=VERTEX_POINT('',#8204);
#3584=VERTEX_POINT('',#8206);
#3585=VERTEX_POINT('',#8208);
#3586=VERTEX_POINT('',#8210);
#3587=VERTEX_POINT('',#8212);
#3588=VERTEX_POINT('',#8214);
#3589=VERTEX_POINT('',#8216);
#3590=VERTEX_POINT('',#8219);
#3591=VERTEX_POINT('',#8220);
#3592=VERTEX_POINT('',#8222);
#3593=VERTEX_POINT('',#8224);
#3594=VERTEX_POINT('',#8226);
#3595=VERTEX_POINT('',#8228);
#3596=VERTEX_POINT('',#8230);
#3597=VERTEX_POINT('',#8243);
#3598=VERTEX_POINT('',#8245);
#3599=VERTEX_POINT('',#8247);
#3600=VERTEX_POINT('',#8249);
#3601=VERTEX_POINT('',#8251);
#3602=VERTEX_POINT('',#8253);
#3603=VERTEX_POINT('',#8255);
#3604=VERTEX_POINT('',#8258);
#3605=VERTEX_POINT('',#8260);
#3606=VERTEX_POINT('',#8262);
#3607=VERTEX_POINT('',#8263);
#3608=VERTEX_POINT('',#8265);
#3609=VERTEX_POINT('',#8267);
#3610=VERTEX_POINT('',#8269);
#3611=VERTEX_POINT('',#8271);
#3612=VERTEX_POINT('',#8273);
#3613=VERTEX_POINT('',#8286);
#3614=VERTEX_POINT('',#8289);
#3615=VERTEX_POINT('',#8290);
#3616=VERTEX_POINT('',#8292);
#3617=VERTEX_POINT('',#8300);
#3618=VERTEX_POINT('',#8302);
#3619=VERTEX_POINT('',#8304);
#3620=VERTEX_POINT('',#8306);
#3621=VERTEX_POINT('',#8308);
#3622=VERTEX_POINT('',#8310);
#3623=VERTEX_POINT('',#8312);
#3624=VERTEX_POINT('',#8314);
#3625=VERTEX_POINT('',#8316);
#3626=VERTEX_POINT('',#8330);
#3627=VERTEX_POINT('',#8331);
#3628=VERTEX_POINT('',#8333);
#3629=VERTEX_POINT('',#8339);
#3630=VERTEX_POINT('',#8341);
#3631=VERTEX_POINT('',#8343);
#3632=VERTEX_POINT('',#8345);
#3633=VERTEX_POINT('',#8347);
#3634=VERTEX_POINT('',#8349);
#3635=VERTEX_POINT('',#8351);
#3636=VERTEX_POINT('',#8372);
#3637=VERTEX_POINT('',#8442);
#3638=VERTEX_POINT('',#8443);
#3639=VERTEX_POINT('',#8449);
#3640=VERTEX_POINT('',#8454);
#3641=VERTEX_POINT('',#8457);
#3642=VERTEX_POINT('',#8460);
#3643=VERTEX_POINT('',#8496);
#3644=VERTEX_POINT('',#8579);
#3645=VERTEX_POINT('',#8580);
#3646=VERTEX_POINT('',#8585);
#3647=VERTEX_POINT('',#8600);
#3648=VERTEX_POINT('',#8670);
#3649=VERTEX_POINT('',#8671);
#3650=VERTEX_POINT('',#8673);
#3651=VERTEX_POINT('',#8687);
#3652=VERTEX_POINT('',#8852);
#3653=VERTEX_POINT('',#8910);
#3654=VERTEX_POINT('',#8911);
#3655=VERTEX_POINT('',#8917);
#3656=VERTEX_POINT('',#8922);
#3657=VERTEX_POINT('',#8925);
#3658=VERTEX_POINT('',#8928);
#3659=VERTEX_POINT('',#8963);
#3660=VERTEX_POINT('',#9044);
#3661=VERTEX_POINT('',#9045);
#3662=VERTEX_POINT('',#9050);
#3663=VERTEX_POINT('',#9064);
#3664=VERTEX_POINT('',#9135);
#3665=VERTEX_POINT('',#9136);
#3666=VERTEX_POINT('',#9138);
#3667=VERTEX_POINT('',#9152);
#3668=VERTEX_POINT('',#9266);
#3669=B_SPLINE_CURVE_WITH_KNOTS('',3,(#6454,#6455,#6456,#6457,#6458,#6459,
#6460,#6461,#6462,#6463,#6464,#6465,#6466,#6467,#6468,#6469,#6470,#6471,
#6472,#6473,#6474,#6475,#6476,#6477,#6478,#6479,#6480,#6481,#6482,#6483,
#6484,#6485,#6486,#6487,#6488,#6489,#6490,#6491,#6492,#6493,#6494,#6495,
#6496,#6497,#6498,#6499,#6500,#6501,#6502,#6503,#6504,#6505,#6506,#6507,
#6508,#6509,#6510,#6511,#6512,#6513,#6514,#6515,#6516,#6517,#6518,#6519,
#6520,#6521,#6522,#6523,#6524,#6525,#6526,#6527,#6528,#6529,#6530,#6531,
#6532,#6533,#6534,#6535,#6536,#6537,#6538,#6539),.UNSPECIFIED.,.F.,.F.,
(4,1,1,1,1,1,1,1,1,1,1,1,1,1,1,1,1,1,1,1,1,1,1,1,1,1,1,1,1,1,1,1,1,1,1,
1,1,1,1,1,1,1,1,1,1,1,1,1,1,1,1,1,1,1,1,1,1,1,1,1,1,1,1,1,1,1,1,1,1,1,1,
1,1,1,1,1,1,1,1,1,1,1,1,4),(0.0595792570903797,0.0625,0.078125,0.09375,
0.109375,0.125,0.1328125,0.140625,0.1484375,0.15625,0.1875,0.203125,0.21875,
0.25,0.265625,0.28125,0.296875,0.3046875,0.3125,0.328125,0.34375,0.359375,
0.375,0.3828125,0.390625,0.40625,0.421875,0.4375,0.453125,0.46875,0.484375,
0.5,0.5078125,0.515625,0.5234375,0.53125,0.546875,0.5625,0.5703125,0.578125,
0.58203125,0.5859375,0.59375,0.6015625,0.609375,0.625,0.640625,0.6484375,
0.65234375,0.65625,0.6640625,0.671875,0.6875,0.703125,0.71875,0.734375,
0.75,0.765625,0.78125,0.796875,0.8125,0.828125,0.84375,0.859375,0.8671875,
0.875,0.890625,0.8984375,0.90625,0.9140625,0.921875,0.9296875,0.9375,0.9453125,
0.94921875,0.953125,0.95703125,0.9609375,0.962890625,0.96484375,0.96875,
0.97265625,0.9765625,0.978225742968128),.UNSPECIFIED.);
#3670=B_SPLINE_CURVE_WITH_KNOTS('',3,(#6544,#6545,#6546,#6547,#6548,#6549,
#6550,#6551,#6552,#6553,#6554,#6555,#6556,#6557,#6558,#6559,#6560,#6561,
#6562,#6563,#6564,#6565,#6566,#6567,#6568,#6569,#6570,#6571,#6572,#6573,
#6574,#6575,#6576,#6577,#6578,#6579,#6580,#6581,#6582,#6583,#6584,#6585,
#6586,#6587,#6588,#6589,#6590,#6591,#6592,#6593,#6594,#6595,#6596,#6597,
#6598,#6599,#6600,#6601,#6602,#6603,#6604,#6605,#6606,#6607,#6608,#6609,
#6610,#6611,#6612,#6613,#6614,#6615,#6616,#6617,#6618,#6619,#6620,#6621,
#6622,#6623,#6624,#6625,#6626,#6627,#6628,#6629),.UNSPECIFIED.,.F.,.F.,
(4,1,1,1,1,1,1,1,1,1,1,1,1,1,1,1,1,1,1,1,1,1,1,1,1,1,1,1,1,1,1,1,1,1,1,
1,1,1,1,1,1,1,1,1,1,1,1,1,1,1,1,1,1,1,1,1,1,1,1,1,1,1,1,1,1,1,1,1,1,1,1,
1,1,1,1,1,1,1,1,1,1,1,1,4),(0.0595792570903797,0.0625,0.078125,0.09375,
0.109375,0.125,0.1328125,0.140625,0.1484375,0.15625,0.1875,0.203125,0.21875,
0.25,0.265625,0.28125,0.296875,0.3046875,0.3125,0.328125,0.34375,0.359375,
0.375,0.3828125,0.390625,0.40625,0.421875,0.4375,0.453125,0.46875,0.484375,
0.5,0.5078125,0.515625,0.5234375,0.53125,0.546875,0.5625,0.5703125,0.578125,
0.58203125,0.5859375,0.59375,0.6015625,0.609375,0.625,0.640625,0.6484375,
0.65234375,0.65625,0.6640625,0.671875,0.6875,0.703125,0.71875,0.734375,
0.75,0.765625,0.78125,0.796875,0.8125,0.828125,0.84375,0.859375,0.8671875,
0.875,0.890625,0.8984375,0.90625,0.9140625,0.921875,0.9296875,0.9375,0.9453125,
0.94921875,0.953125,0.95703125,0.9609375,0.962890625,0.96484375,0.96875,
0.97265625,0.9765625,0.978225742968128),.UNSPECIFIED.);
#3671=B_SPLINE_CURVE_WITH_KNOTS('',3,(#6644,#6645,#6646,#6647,#6648),
 .UNSPECIFIED.,.F.,.F.,(4,1,4),(0.939512483805319,0.961900183115482,1.),
 .UNSPECIFIED.);
#3672=B_SPLINE_CURVE_WITH_KNOTS('',3,(#6653,#6654,#6655,#6656,#6657),
 .UNSPECIFIED.,.F.,.F.,(4,1,4),(0.939512483805319,0.961900183115482,1.),
 .UNSPECIFIED.);
#3673=B_SPLINE_CURVE_WITH_KNOTS('',3,(#6659,#6660,#6661,#6662,#6663,#6664,
#6665,#6666,#6667,#6668),.UNSPECIFIED.,.F.,.F.,(4,1,1,1,1,1,1,4),(0.505187950548693,
0.516833743023796,0.579529060608653,0.648644692736113,0.72645094726652,
0.787834821517294,0.868186120670228,0.939512483805319),.UNSPECIFIED.);
#3674=B_SPLINE_CURVE_WITH_KNOTS('',3,(#6684,#6685,#6686,#6687,#6688,#6689,
#6690,#6691,#6692,#6693),.UNSPECIFIED.,.F.,.F.,(4,1,1,1,1,1,1,4),(0.505187950548693,
0.516833743023796,0.579529060608653,0.648644692736113,0.72645094726652,
0.787834821517294,0.868186120670228,0.939512483805319),.UNSPECIFIED.);
#3675=B_SPLINE_CURVE_WITH_KNOTS('',3,(#6747,#6748,#6749,#6750,#6751,#6752),
 .UNSPECIFIED.,.F.,.F.,(4,1,1,4),(0.,0.03125,0.046875,0.0595792570903797),
 .UNSPECIFIED.);
#3676=B_SPLINE_CURVE_WITH_KNOTS('',3,(#6759,#6760,#6761,#6762,#6763,#6764,
#6765,#6766,#6767,#6768,#6769,#6770),.UNSPECIFIED.,.F.,.F.,(4,1,1,1,1,1,
1,1,1,4),(0.0795671522336846,0.10331432567169,0.210316977396289,0.31739003566681,
0.42361917866966,0.517239207414976,0.596203041190715,0.691075444492692,
0.787194224756597,0.895316853428764),.UNSPECIFIED.);
#3677=B_SPLINE_CURVE_WITH_KNOTS('',3,(#6774,#6775,#6776,#6777,#6778,#6779,
#6780,#6781,#6782,#6783,#6784,#6785),.UNSPECIFIED.,.F.,.F.,(4,1,1,1,1,1,
1,1,1,4),(0.751492085851476,0.765625,0.78125,0.796875,0.8125,0.828125,0.84375,
0.875,0.890625,0.897149821533459),.UNSPECIFIED.);
#3678=B_SPLINE_CURVE_WITH_KNOTS('',3,(#6789,#6790,#6791,#6792,#6793),
 .UNSPECIFIED.,.F.,.F.,(4,1,4),(0.0574206956171498,0.0690970171497389,0.111533076038287),
 .UNSPECIFIED.);
#3679=B_SPLINE_CURVE_WITH_KNOTS('',3,(#6852,#6853,#6854,#6855,#6856,#6857,
#6858,#6859,#6860,#6861,#6862,#6863,#6864,#6865,#6866,#6867,#6868,#6869,
#6870,#6871,#6872,#6873,#6874,#6875,#6876,#6877,#6878,#6879,#6880,#6881,
#6882,#6883,#6884,#6885,#6886,#6887,#6888,#6889,#6890,#6891,#6892,#6893,
#6894,#6895,#6896,#6897,#6898,#6899,#6900,#6901,#6902,#6903,#6904,#6905,
#6906,#6907,#6908,#6909,#6910,#6911,#6912,#6913,#6914,#6915,#6916,#6917,
#6918,#6919,#6920,#6921,#6922,#6923,#6924,#6925,#6926,#6927,#6928,#6929,
#6930,#6931,#6932,#6933,#6934,#6935,#6936,#6937),.UNSPECIFIED.,.F.,.F.,
(4,1,1,1,1,1,1,1,1,1,1,1,1,1,1,1,1,1,1,1,1,1,1,1,1,1,1,1,1,1,1,1,1,1,1,
1,1,1,1,1,1,1,1,1,1,1,1,1,1,1,1,1,1,1,1,1,1,1,1,1,1,1,1,1,1,1,1,1,1,1,1,
1,1,1,1,1,1,1,1,1,1,1,1,4),(0.0595792570903797,0.0625,0.078125,0.09375,
0.109375,0.125,0.1328125,0.140625,0.1484375,0.15625,0.1875,0.203125,0.21875,
0.25,0.265625,0.28125,0.296875,0.3046875,0.3125,0.328125,0.34375,0.359375,
0.375,0.3828125,0.390625,0.40625,0.421875,0.4375,0.453125,0.46875,0.484375,
0.5,0.5078125,0.515625,0.5234375,0.53125,0.546875,0.5625,0.5703125,0.578125,
0.58203125,0.5859375,0.59375,0.6015625,0.609375,0.625,0.640625,0.6484375,
0.65234375,0.65625,0.6640625,0.671875,0.6875,0.703125,0.71875,0.734375,
0.75,0.765625,0.78125,0.796875,0.8125,0.828125,0.84375,0.859375,0.8671875,
0.875,0.890625,0.8984375,0.90625,0.9140625,0.921875,0.9296875,0.9375,0.9453125,
0.94921875,0.953125,0.95703125,0.9609375,0.962890625,0.96484375,0.96875,
0.97265625,0.9765625,0.978225742968128),.UNSPECIFIED.);
#3680=B_SPLINE_CURVE_WITH_KNOTS('',3,(#6947,#6948,#6949,#6950,#6951,#6952,
#6953),.UNSPECIFIED.,.F.,.F.,(4,1,1,1,4),(0.161683994500987,0.226828529110013,
0.299842477645599,0.379327579344677,0.443205034511102),.UNSPECIFIED.);
#3681=B_SPLINE_CURVE_WITH_KNOTS('',3,(#6973,#6974,#6975,#6976,#6977,#6978,
#6979,#6980,#6981,#6982,#6983,#6984),.UNSPECIFIED.,.F.,.F.,(4,1,1,1,1,1,
1,1,1,4),(0.0289430985075432,0.03125,0.0625,0.09375,0.109375,0.125,0.15625,
0.1875,0.21875,0.24095874035119),.UNSPECIFIED.);
#3682=B_SPLINE_CURVE_WITH_KNOTS('',3,(#7000,#7001,#7002,#7003,#7004,#7005,
#7006,#7007,#7008,#7009,#7010,#7011,#7012,#7013,#7014,#7015,#7016,#7017,
#7018,#7019,#7020),.UNSPECIFIED.,.F.,.F.,(4,3,1,1,1,1,1,1,1,1,1,1,1,1,1,
1,4),(0.285268551018601,0.287251198191718,0.296875,0.3125,0.328125,0.34375,
0.375,0.390625,0.40625,0.4140625,0.421875,0.4296875,0.4375,0.453125,0.46875,
0.484375,0.485515915503423),.UNSPECIFIED.);
#3683=B_SPLINE_CURVE_WITH_KNOTS('',3,(#7048,#7049,#7050,#7051,#7052,#7053,
#7054,#7055,#7056,#7057,#7058,#7059),.UNSPECIFIED.,.F.,.F.,(4,1,1,1,1,1,
1,1,1,4),(0.0795671522336846,0.10331432567169,0.210316977396289,0.31739003566681,
0.42361917866966,0.517239207414976,0.596203041190715,0.691075444492692,
0.787194224756597,0.895316853428764),.UNSPECIFIED.);
#3684=B_SPLINE_CURVE_WITH_KNOTS('',3,(#7076,#7077,#7078,#7079,#7080,#7081),
 .UNSPECIFIED.,.F.,.F.,(4,1,1,4),(0.,0.03125,0.046875,0.0595792570903797),
 .UNSPECIFIED.);
#3685=B_SPLINE_CURVE_WITH_KNOTS('',3,(#7084,#7085,#7086,#7087,#7088,#7089,
#7090,#7091,#7092,#7093,#7094,#7095,#7096,#7097,#7098,#7099,#7100,#7101,
#7102,#7103,#7104,#7105,#7106,#7107,#7108,#7109,#7110,#7111,#7112,#7113,
#7114,#7115,#7116,#7117,#7118,#7119,#7120,#7121,#7122,#7123,#7124,#7125,
#7126,#7127,#7128,#7129,#7130,#7131,#7132,#7133,#7134,#7135,#7136,#7137,
#7138,#7139,#7140,#7141,#7142,#7143,#7144,#7145,#7146,#7147,#7148,#7149,
#7150,#7151,#7152,#7153,#7154,#7155,#7156,#7157,#7158,#7159,#7160,#7161,
#7162,#7163,#7164,#7165,#7166,#7167,#7168,#7169),.UNSPECIFIED.,.F.,.F.,
(4,1,1,1,1,1,1,1,1,1,1,1,1,1,1,1,1,1,1,1,1,1,1,1,1,1,1,1,1,1,1,1,1,1,1,
1,1,1,1,1,1,1,1,1,1,1,1,1,1,1,1,1,1,1,1,1,1,1,1,1,1,1,1,1,1,1,1,1,1,1,1,
1,1,1,1,1,1,1,1,1,1,1,1,4),(0.0595792570903797,0.0625,0.078125,0.09375,
0.109375,0.125,0.1328125,0.140625,0.1484375,0.15625,0.1875,0.203125,0.21875,
0.25,0.265625,0.28125,0.296875,0.3046875,0.3125,0.328125,0.34375,0.359375,
0.375,0.3828125,0.390625,0.40625,0.421875,0.4375,0.453125,0.46875,0.484375,
0.5,0.5078125,0.515625,0.5234375,0.53125,0.546875,0.5625,0.5703125,0.578125,
0.58203125,0.5859375,0.59375,0.6015625,0.609375,0.625,0.640625,0.6484375,
0.65234375,0.65625,0.6640625,0.671875,0.6875,0.703125,0.71875,0.734375,
0.75,0.765625,0.78125,0.796875,0.8125,0.828125,0.84375,0.859375,0.8671875,
0.875,0.890625,0.8984375,0.90625,0.9140625,0.921875,0.9296875,0.9375,0.9453125,
0.94921875,0.953125,0.95703125,0.9609375,0.962890625,0.96484375,0.96875,
0.97265625,0.9765625,0.978225742968128),.UNSPECIFIED.);
#3686=B_SPLINE_CURVE_WITH_KNOTS('',3,(#7175,#7176,#7177,#7178,#7179,#7180,
#7181,#7182,#7183,#7184,#7185,#7186,#7187,#7188,#7189,#7190,#7191,#7192,
#7193,#7194,#7195,#7196,#7197,#7198,#7199,#7200,#7201,#7202,#7203,#7204,
#7205,#7206,#7207,#7208,#7209,#7210,#7211,#7212,#7213,#7214,#7215,#7216,
#7217,#7218,#7219,#7220,#7221,#7222,#7223,#7224,#7225,#7226,#7227,#7228,
#7229,#7230,#7231,#7232,#7233,#7234,#7235,#7236,#7237,#7238,#7239,#7240,
#7241,#7242,#7243,#7244,#7245,#7246,#7247,#7248,#7249,#7250,#7251,#7252,
#7253,#7254,#7255,#7256,#7257,#7258,#7259,#7260),.UNSPECIFIED.,.F.,.F.,
(4,1,1,1,1,1,1,1,1,1,1,1,1,1,1,1,1,1,1,1,1,1,1,1,1,1,1,1,1,1,1,1,1,1,1,
1,1,1,1,1,1,1,1,1,1,1,1,1,1,1,1,1,1,1,1,1,1,1,1,1,1,1,1,1,1,1,1,1,1,1,1,
1,1,1,1,1,1,1,1,1,1,1,1,4),(0.0595792570903797,0.0625,0.078125,0.09375,
0.109375,0.125,0.1328125,0.140625,0.1484375,0.15625,0.1875,0.203125,0.21875,
0.25,0.265625,0.28125,0.296875,0.3046875,0.3125,0.328125,0.34375,0.359375,
0.375,0.3828125,0.390625,0.40625,0.421875,0.4375,0.453125,0.46875,0.484375,
0.5,0.5078125,0.515625,0.5234375,0.53125,0.546875,0.5625,0.5703125,0.578125,
0.58203125,0.5859375,0.59375,0.6015625,0.609375,0.625,0.640625,0.6484375,
0.65234375,0.65625,0.6640625,0.671875,0.6875,0.703125,0.71875,0.734375,
0.75,0.765625,0.78125,0.796875,0.8125,0.828125,0.84375,0.859375,0.8671875,
0.875,0.890625,0.8984375,0.90625,0.9140625,0.921875,0.9296875,0.9375,0.9453125,
0.94921875,0.953125,0.95703125,0.9609375,0.962890625,0.96484375,0.96875,
0.97265625,0.9765625,0.978225742968128),.UNSPECIFIED.);
#3687=B_SPLINE_CURVE_WITH_KNOTS('',3,(#7316,#7317,#7318,#7319,#7320),
 .UNSPECIFIED.,.F.,.F.,(4,1,4),(0.0574206956171498,0.0690970171497389,0.111533076038287),
 .UNSPECIFIED.);
#3688=B_SPLINE_CURVE_WITH_KNOTS('',3,(#7324,#7325,#7326,#7327,#7328,#7329,
#7330,#7331,#7332,#7333,#7334,#7335),.UNSPECIFIED.,.F.,.F.,(4,1,1,1,1,1,
1,1,1,4),(0.751492085851476,0.765625,0.78125,0.796875,0.8125,0.828125,0.84375,
0.875,0.890625,0.897149821533459),.UNSPECIFIED.);
#3689=B_SPLINE_CURVE_WITH_KNOTS('',3,(#7339,#7340,#7341,#7342,#7343,#7344,
#7345,#7346,#7347,#7348,#7349,#7350),.UNSPECIFIED.,.F.,.F.,(4,1,1,1,1,1,
1,1,1,4),(0.0795671522336846,0.10331432567169,0.210316977396289,0.31739003566681,
0.42361917866966,0.517239207414976,0.596203041190715,0.691075444492692,
0.787194224756597,0.895316853428764),.UNSPECIFIED.);
#3690=B_SPLINE_CURVE_WITH_KNOTS('',3,(#7372,#7373,#7374,#7375,#7376,#7377,
#7378),.UNSPECIFIED.,.F.,.F.,(4,1,1,1,4),(0.161683994500987,0.226828529110013,
0.299842477645599,0.379327579344677,0.443205034511102),.UNSPECIFIED.);
#3691=B_SPLINE_CURVE_WITH_KNOTS('',3,(#7398,#7399,#7400,#7401,#7402,#7403,
#7404,#7405,#7406,#7407,#7408,#7409),.UNSPECIFIED.,.F.,.F.,(4,1,1,1,1,1,
1,1,1,4),(0.0289430985075432,0.03125,0.0625,0.09375,0.109375,0.125,0.15625,
0.1875,0.21875,0.24095874035119),.UNSPECIFIED.);
#3692=B_SPLINE_CURVE_WITH_KNOTS('',3,(#7429,#7430,#7431,#7432,#7433,#7434,
#7435,#7436,#7437,#7438,#7439,#7440,#7441,#7442,#7443,#7444,#7445,#7446,
#7447,#7448,#7449),.UNSPECIFIED.,.F.,.F.,(4,3,1,1,1,1,1,1,1,1,1,1,1,1,1,
1,4),(0.285268551018601,0.287251198191718,0.296875,0.3125,0.328125,0.34375,
0.375,0.390625,0.40625,0.4140625,0.421875,0.4296875,0.4375,0.453125,0.46875,
0.484375,0.485515915503423),.UNSPECIFIED.);
#3693=B_SPLINE_CURVE_WITH_KNOTS('',3,(#7469,#7470,#7471,#7472,#7473,#7474,
#7475,#7476,#7477,#7478,#7479,#7480),.UNSPECIFIED.,.F.,.F.,(4,1,1,1,1,1,
1,1,1,4),(0.0795671522336846,0.10331432567169,0.210316977396289,0.31739003566681,
0.42361917866966,0.517239207414976,0.596203041190715,0.691075444492692,
0.787194224756597,0.895316853428764),.UNSPECIFIED.);
#3694=B_SPLINE_CURVE_WITH_KNOTS('',3,(#7525,#7526,#7527,#7528,#7529),
 .UNSPECIFIED.,.F.,.F.,(4,1,4),(0.939512483805319,0.961900183115482,1.),
 .UNSPECIFIED.);
#3695=B_SPLINE_CURVE_WITH_KNOTS('',3,(#7534,#7535,#7536,#7537,#7538),
 .UNSPECIFIED.,.F.,.F.,(4,1,4),(0.939512483805319,0.961900183115482,1.),
 .UNSPECIFIED.);
#3696=B_SPLINE_CURVE_WITH_KNOTS('',3,(#7540,#7541,#7542,#7543,#7544,#7545,
#7546,#7547,#7548,#7549),.UNSPECIFIED.,.F.,.F.,(4,1,1,1,1,1,1,4),(0.505187950548693,
0.516833743023796,0.579529060608653,0.648644692736113,0.72645094726652,
0.787834821517294,0.868186120670228,0.939512483805319),.UNSPECIFIED.);
#3697=B_SPLINE_CURVE_WITH_KNOTS('',3,(#7565,#7566,#7567,#7568,#7569,#7570,
#7571,#7572,#7573,#7574),.UNSPECIFIED.,.F.,.F.,(4,1,1,1,1,1,1,4),(0.505187950548693,
0.516833743023796,0.579529060608653,0.648644692736113,0.72645094726652,
0.787834821517294,0.868186120670228,0.939512483805319),.UNSPECIFIED.);
#3698=B_SPLINE_CURVE_WITH_KNOTS('',3,(#7604,#7605,#7606,#7607,#7608,#7609),
 .UNSPECIFIED.,.F.,.F.,(4,1,1,4),(0.,0.03125,0.046875,0.0595792570903797),
 .UNSPECIFIED.);
#3699=B_SPLINE_CURVE_WITH_KNOTS('',3,(#7611,#7612,#7613,#7614,#7615,#7616,
#7617,#7618,#7619,#7620,#7621,#7622,#7623,#7624,#7625,#7626,#7627,#7628,
#7629,#7630,#7631,#7632,#7633,#7634,#7635,#7636,#7637,#7638,#7639,#7640,
#7641,#7642,#7643,#7644,#7645,#7646,#7647,#7648,#7649,#7650,#7651,#7652,
#7653,#7654,#7655,#7656,#7657,#7658,#7659,#7660,#7661,#7662,#7663,#7664,
#7665,#7666,#7667,#7668,#7669,#7670,#7671,#7672,#7673,#7674,#7675,#7676,
#7677,#7678,#7679,#7680,#7681,#7682,#7683,#7684,#7685,#7686,#7687,#7688,
#7689,#7690,#7691,#7692,#7693,#7694,#7695,#7696),.UNSPECIFIED.,.F.,.F.,
(4,1,1,1,1,1,1,1,1,1,1,1,1,1,1,1,1,1,1,1,1,1,1,1,1,1,1,1,1,1,1,1,1,1,1,
1,1,1,1,1,1,1,1,1,1,1,1,1,1,1,1,1,1,1,1,1,1,1,1,1,1,1,1,1,1,1,1,1,1,1,1,
1,1,1,1,1,1,1,1,1,1,1,1,4),(0.0595792570903797,0.0625,0.078125,0.09375,
0.109375,0.125,0.1328125,0.140625,0.1484375,0.15625,0.1875,0.203125,0.21875,
0.25,0.265625,0.28125,0.296875,0.3046875,0.3125,0.328125,0.34375,0.359375,
0.375,0.3828125,0.390625,0.40625,0.421875,0.4375,0.453125,0.46875,0.484375,
0.5,0.5078125,0.515625,0.5234375,0.53125,0.546875,0.5625,0.5703125,0.578125,
0.58203125,0.5859375,0.59375,0.6015625,0.609375,0.625,0.640625,0.6484375,
0.65234375,0.65625,0.6640625,0.671875,0.6875,0.703125,0.71875,0.734375,
0.75,0.765625,0.78125,0.796875,0.8125,0.828125,0.84375,0.859375,0.8671875,
0.875,0.890625,0.8984375,0.90625,0.9140625,0.921875,0.9296875,0.9375,0.9453125,
0.94921875,0.953125,0.95703125,0.9609375,0.962890625,0.96484375,0.96875,
0.97265625,0.9765625,0.978225742968128),.UNSPECIFIED.);
#3700=B_SPLINE_CURVE_WITH_KNOTS('',3,(#7719,#7720,#7721,#7722,#7723,#7724,
#7725,#7726,#7727,#7728,#7729,#7730),.UNSPECIFIED.,.F.,.F.,(4,1,1,1,1,1,
1,1,1,4),(0.0795671522336846,0.10331432567169,0.210316977396289,0.31739003566681,
0.42361917866966,0.517239207414976,0.596203041190715,0.691075444492692,
0.787194224756597,0.895316853428764),.UNSPECIFIED.);
#3701=B_SPLINE_CURVE_WITH_KNOTS('',3,(#7733,#7734,#7735,#7736,#7737,#7738,
#7739,#7740,#7741,#7742,#7743,#7744,#7745,#7746,#7747,#7748,#7749,#7750,
#7751,#7752,#7753),.UNSPECIFIED.,.F.,.F.,(4,3,1,1,1,1,1,1,1,1,1,1,1,1,1,
1,4),(0.285268551018601,0.287251198191718,0.296875,0.3125,0.328125,0.34375,
0.375,0.390625,0.40625,0.4140625,0.421875,0.4296875,0.4375,0.453125,0.46875,
0.484375,0.485515915503423),.UNSPECIFIED.);
#3702=B_SPLINE_CURVE_WITH_KNOTS('',3,(#7814,#7815,#7816,#7817,#7818,#7819,
#7820,#7821,#7822,#7823,#7824,#7825),.UNSPECIFIED.,.F.,.F.,(4,1,1,1,1,1,
1,1,1,4),(0.0795671522336846,0.10331432567169,0.210316977396289,0.31739003566681,
0.42361917866966,0.517239207414976,0.596203041190715,0.691075444492692,
0.787194224756597,0.895316853428764),.UNSPECIFIED.);
#3703=B_SPLINE_CURVE_WITH_KNOTS('',3,(#7845,#7846,#7847,#7848,#7849,#7850,
#7851,#7852,#7853,#7854,#7855,#7856),.UNSPECIFIED.,.F.,.F.,(4,1,1,1,1,1,
1,1,1,4),(0.0289430985075432,0.03125,0.0625,0.09375,0.109375,0.125,0.15625,
0.1875,0.21875,0.24095874035119),.UNSPECIFIED.);
#3704=B_SPLINE_CURVE_WITH_KNOTS('',3,(#7888,#7889,#7890,#7891,#7892,#7893,
#7894),.UNSPECIFIED.,.F.,.F.,(4,1,1,1,4),(0.161683994500987,0.226828529110013,
0.299842477645599,0.379327579344677,0.443205034511102),.UNSPECIFIED.);
#3705=B_SPLINE_CURVE_WITH_KNOTS('',3,(#7897,#7898,#7899,#7900,#7901,#7902,
#7903,#7904,#7905,#7906,#7907,#7908),.UNSPECIFIED.,.F.,.F.,(4,1,1,1,1,1,
1,1,1,4),(0.751492085851476,0.765625,0.78125,0.796875,0.8125,0.828125,0.84375,
0.875,0.890625,0.897149821533459),.UNSPECIFIED.);
#3706=B_SPLINE_CURVE_WITH_KNOTS('',3,(#7925,#7926,#7927,#7928,#7929),
 .UNSPECIFIED.,.F.,.F.,(4,1,4),(0.0574206956171498,0.0690970171497389,0.111533076038287),
 .UNSPECIFIED.);
#3707=B_SPLINE_CURVE_WITH_KNOTS('',3,(#7935,#7936,#7937,#7938,#7939,#7940,
#7941,#7942,#7943,#7944,#7945,#7946),.UNSPECIFIED.,.F.,.F.,(4,1,1,1,1,1,
1,1,1,4),(0.0795671522336846,0.10331432567169,0.210316977396289,0.31739003566681,
0.42361917866966,0.517239207414976,0.596203041190715,0.691075444492692,
0.787194224756597,0.895316853428764),.UNSPECIFIED.);
#3708=B_SPLINE_CURVE_WITH_KNOTS('',3,(#7966,#7967,#7968,#7969,#7970,#7971,
#7972,#7973,#7974,#7975,#7976,#7977,#7978,#7979,#7980,#7981,#7982,#7983,
#7984,#7985,#7986,#7987,#7988,#7989,#7990,#7991,#7992,#7993,#7994,#7995,
#7996,#7997,#7998,#7999,#8000,#8001,#8002,#8003,#8004,#8005,#8006,#8007,
#8008,#8009,#8010,#8011,#8012,#8013,#8014,#8015,#8016,#8017,#8018,#8019,
#8020,#8021,#8022,#8023,#8024,#8025,#8026,#8027,#8028,#8029,#8030,#8031,
#8032,#8033,#8034,#8035,#8036,#8037,#8038,#8039,#8040,#8041,#8042,#8043,
#8044,#8045,#8046,#8047,#8048,#8049,#8050,#8051),.UNSPECIFIED.,.F.,.F.,
(4,1,1,1,1,1,1,1,1,1,1,1,1,1,1,1,1,1,1,1,1,1,1,1,1,1,1,1,1,1,1,1,1,1,1,
1,1,1,1,1,1,1,1,1,1,1,1,1,1,1,1,1,1,1,1,1,1,1,1,1,1,1,1,1,1,1,1,1,1,1,1,
1,1,1,1,1,1,1,1,1,1,1,1,4),(0.0595792570903797,0.0625,0.078125,0.09375,
0.109375,0.125,0.1328125,0.140625,0.1484375,0.15625,0.1875,0.203125,0.21875,
0.25,0.265625,0.28125,0.296875,0.3046875,0.3125,0.328125,0.34375,0.359375,
0.375,0.3828125,0.390625,0.40625,0.421875,0.4375,0.453125,0.46875,0.484375,
0.5,0.5078125,0.515625,0.5234375,0.53125,0.546875,0.5625,0.5703125,0.578125,
0.58203125,0.5859375,0.59375,0.6015625,0.609375,0.625,0.640625,0.6484375,
0.65234375,0.65625,0.6640625,0.671875,0.6875,0.703125,0.71875,0.734375,
0.75,0.765625,0.78125,0.796875,0.8125,0.828125,0.84375,0.859375,0.8671875,
0.875,0.890625,0.8984375,0.90625,0.9140625,0.921875,0.9296875,0.9375,0.9453125,
0.94921875,0.953125,0.95703125,0.9609375,0.962890625,0.96484375,0.96875,
0.97265625,0.9765625,0.978225742968128),.UNSPECIFIED.);
#3709=B_SPLINE_CURVE_WITH_KNOTS('',3,(#8057,#8058,#8059,#8060,#8061,#8062,
#8063,#8064,#8065,#8066,#8067,#8068,#8069,#8070,#8071,#8072,#8073,#8074,
#8075,#8076,#8077,#8078,#8079,#8080,#8081,#8082,#8083,#8084,#8085,#8086,
#8087,#8088,#8089,#8090,#8091,#8092,#8093,#8094,#8095,#8096,#8097,#8098,
#8099,#8100,#8101,#8102,#8103,#8104,#8105,#8106,#8107,#8108,#8109,#8110,
#8111,#8112,#8113,#8114,#8115,#8116,#8117,#8118,#8119,#8120,#8121,#8122,
#8123,#8124,#8125,#8126,#8127,#8128,#8129,#8130,#8131,#8132,#8133,#8134,
#8135,#8136,#8137,#8138,#8139,#8140,#8141,#8142),.UNSPECIFIED.,.F.,.F.,
(4,1,1,1,1,1,1,1,1,1,1,1,1,1,1,1,1,1,1,1,1,1,1,1,1,1,1,1,1,1,1,1,1,1,1,
1,1,1,1,1,1,1,1,1,1,1,1,1,1,1,1,1,1,1,1,1,1,1,1,1,1,1,1,1,1,1,1,1,1,1,1,
1,1,1,1,1,1,1,1,1,1,1,1,4),(0.0595792570903797,0.0625,0.078125,0.09375,
0.109375,0.125,0.1328125,0.140625,0.1484375,0.15625,0.1875,0.203125,0.21875,
0.25,0.265625,0.28125,0.296875,0.3046875,0.3125,0.328125,0.34375,0.359375,
0.375,0.3828125,0.390625,0.40625,0.421875,0.4375,0.453125,0.46875,0.484375,
0.5,0.5078125,0.515625,0.5234375,0.53125,0.546875,0.5625,0.5703125,0.578125,
0.58203125,0.5859375,0.59375,0.6015625,0.609375,0.625,0.640625,0.6484375,
0.65234375,0.65625,0.6640625,0.671875,0.6875,0.703125,0.71875,0.734375,
0.75,0.765625,0.78125,0.796875,0.8125,0.828125,0.84375,0.859375,0.8671875,
0.875,0.890625,0.8984375,0.90625,0.9140625,0.921875,0.9296875,0.9375,0.9453125,
0.94921875,0.953125,0.95703125,0.9609375,0.962890625,0.96484375,0.96875,
0.97265625,0.9765625,0.978225742968128),.UNSPECIFIED.);
#3710=B_SPLINE_CURVE_WITH_KNOTS('',3,(#8144,#8145,#8146,#8147,#8148,#8149),
 .UNSPECIFIED.,.F.,.F.,(4,1,1,4),(0.,0.03125,0.046875,0.0595792570903797),
 .UNSPECIFIED.);
#3711=B_SPLINE_CURVE_WITH_KNOTS('',3,(#8154,#8155,#8156,#8157,#8158,#8159,
#8160,#8161,#8162,#8163,#8164,#8165,#8166,#8167,#8168,#8169,#8170,#8171,
#8172,#8173,#8174),.UNSPECIFIED.,.F.,.F.,(4,3,1,1,1,1,1,1,1,1,1,1,1,1,1,
1,4),(0.285268551018601,0.287251198191718,0.296875,0.3125,0.328125,0.34375,
0.375,0.390625,0.40625,0.4140625,0.421875,0.4296875,0.4375,0.453125,0.46875,
0.484375,0.485515915503423),.UNSPECIFIED.);
#3712=B_SPLINE_CURVE_WITH_KNOTS('',3,(#8231,#8232,#8233,#8234,#8235,#8236,
#8237,#8238,#8239,#8240,#8241,#8242),.UNSPECIFIED.,.F.,.F.,(4,1,1,1,1,1,
1,1,1,4),(0.0795671522336846,0.10331432567169,0.210316977396289,0.31739003566681,
0.42361917866966,0.517239207414976,0.596203041190715,0.691075444492692,
0.787194224756597,0.895316853428764),.UNSPECIFIED.);
#3713=B_SPLINE_CURVE_WITH_KNOTS('',3,(#8274,#8275,#8276,#8277,#8278,#8279,
#8280,#8281,#8282,#8283,#8284,#8285),.UNSPECIFIED.,.F.,.F.,(4,1,1,1,1,1,
1,1,1,4),(0.0289430985075432,0.03125,0.0625,0.09375,0.109375,0.125,0.15625,
0.1875,0.21875,0.24095874035119),.UNSPECIFIED.);
#3714=B_SPLINE_CURVE_WITH_KNOTS('',3,(#8293,#8294,#8295,#8296,#8297,#8298,
#8299),.UNSPECIFIED.,.F.,.F.,(4,1,1,1,4),(0.161683994500987,0.226828529110013,
0.299842477645599,0.379327579344677,0.443205034511102),.UNSPECIFIED.);
#3715=B_SPLINE_CURVE_WITH_KNOTS('',3,(#8318,#8319,#8320,#8321,#8322,#8323,
#8324,#8325,#8326,#8327,#8328,#8329),.UNSPECIFIED.,.F.,.F.,(4,1,1,1,1,1,
1,1,1,4),(0.751492085851476,0.765625,0.78125,0.796875,0.8125,0.828125,0.84375,
0.875,0.890625,0.897149821533459),.UNSPECIFIED.);
#3716=B_SPLINE_CURVE_WITH_KNOTS('',3,(#8334,#8335,#8336,#8337,#8338),
 .UNSPECIFIED.,.F.,.F.,(4,1,4),(0.0574206956171498,0.0690970171497389,0.111533076038287),
 .UNSPECIFIED.);
#3717=B_SPLINE_CURVE_WITH_KNOTS('',3,(#8373,#8374,#8375,#8376,#8377,#8378,
#8379,#8380,#8381,#8382,#8383,#8384),.UNSPECIFIED.,.F.,.F.,(4,1,1,1,1,1,
1,1,1,4),(0.0795671522336846,0.10331432567169,0.210316977396289,0.31739003566681,
0.42361917866966,0.517239207414976,0.596203041190715,0.691075444492692,
0.787194224756597,0.895316853428764),.UNSPECIFIED.);
#3718=B_SPLINE_CURVE_WITH_KNOTS('',3,(#8674,#8675,#8676,#8677,#8678,#8679,
#8680,#8681,#8682,#8683,#8684,#8685),.UNSPECIFIED.,.F.,.F.,(4,1,1,1,1,1,
1,1,1,4),(0.751492085851476,0.765625,0.78125,0.796875,0.8125,0.828125,0.84375,
0.875,0.890625,0.897149821533459),.UNSPECIFIED.);
#3719=B_SPLINE_CURVE_WITH_KNOTS('',3,(#8840,#8841,#8842,#8843,#8844,#8845,
#8846,#8847,#8848,#8849,#8850,#8851),.UNSPECIFIED.,.F.,.F.,(4,1,1,1,1,1,
1,1,1,4),(0.0795671522336846,0.10331432567169,0.210316977396289,0.31739003566681,
0.42361917866966,0.517239207414976,0.596203041190715,0.691075444492692,
0.787194224756597,0.895316853428764),.UNSPECIFIED.);
#3720=B_SPLINE_CURVE_WITH_KNOTS('',3,(#9140,#9141,#9142,#9143,#9144,#9145,
#9146,#9147,#9148,#9149,#9150,#9151),.UNSPECIFIED.,.F.,.F.,(4,1,1,1,1,1,
1,1,1,4),(0.751492085851476,0.765625,0.78125,0.796875,0.8125,0.828125,0.84375,
0.875,0.890625,0.897149821533459),.UNSPECIFIED.);
#3721=EDGE_LOOP('',(#1171,#1172,#1173,#1174));
#3722=EDGE_LOOP('',(#1175,#1176,#1177,#1178));
#3723=EDGE_LOOP('',(#1179));
#3724=EDGE_LOOP('',(#1180,#1181,#1182,#1183,#1184,#1185,#1186,#1187,#1188,
#1189,#1190,#1191));
#3725=EDGE_LOOP('',(#1192,#1193,#1194,#1195,#1196,#1197,#1198,#1199,#1200,
#1201,#1202,#1203,#1204,#1205,#1206,#1207));
#3726=EDGE_LOOP('',(#1208,#1209,#1210,#1211,#1212,#1213,#1214,#1215,#1216,
#1217,#1218,#1219));
#3727=EDGE_LOOP('',(#1220,#1221,#1222,#1223,#1224,#1225,#1226,#1227,#1228,
#1229,#1230,#1231,#1232,#1233,#1234,#1235,#1236,#1237,#1238,#1239,#1240,
#1241,#1242,#1243,#1244,#1245,#1246,#1247,#1248,#1249,#1250,#1251,#1252,
#1253,#1254,#1255,#1256,#1257,#1258));
#3728=EDGE_LOOP('',(#1259,#1260,#1261,#1262,#1263,#1264,#1265,#1266,#1267,
#1268,#1269,#1270));
#3729=EDGE_LOOP('',(#1271,#1272,#1273,#1274,#1275,#1276,#1277,#1278));
#3730=EDGE_LOOP('',(#1279,#1280,#1281,#1282,#1283,#1284,#1285,#1286,#1287,
#1288));
#3731=EDGE_LOOP('',(#1289,#1290,#1291,#1292,#1293,#1294,#1295,#1296,#1297,
#1298,#1299,#1300,#1301,#1302));
#3732=EDGE_LOOP('',(#1303));
#3733=EDGE_LOOP('',(#1304,#1305,#1306,#1307,#1308,#1309,#1310,#1311,#1312,
#1313,#1314,#1315,#1316,#1317,#1318,#1319,#1320,#1321,#1322,#1323,#1324,
#1325,#1326,#1327,#1328,#1329,#1330,#1331,#1332,#1333,#1334,#1335,#1336,
#1337,#1338,#1339,#1340,#1341,#1342));
#3734=EDGE_LOOP('',(#1343,#1344,#1345,#1346,#1347,#1348,#1349,#1350,#1351,
#1352,#1353,#1354));
#3735=EDGE_LOOP('',(#1355,#1356,#1357,#1358,#1359,#1360,#1361,#1362));
#3736=EDGE_LOOP('',(#1363,#1364,#1365,#1366,#1367,#1368,#1369,#1370,#1371,
#1372));
#3737=EDGE_LOOP('',(#1373,#1374,#1375,#1376,#1377,#1378,#1379,#1380,#1381,
#1382,#1383,#1384,#1385,#1386));
#3738=EDGE_LOOP('',(#1387));
#3739=EDGE_LOOP('',(#1388));
#3740=EDGE_LOOP('',(#1389,#1390,#1391,#1392,#1393,#1394,#1395,#1396,#1397,
#1398,#1399,#1400,#1401,#1402,#1403,#1404));
#3741=EDGE_LOOP('',(#1405,#1406,#1407,#1408,#1409,#1410,#1411,#1412,#1413,
#1414,#1415,#1416));
#3742=EDGE_LOOP('',(#1417,#1418,#1419,#1420,#1421,#1422,#1423,#1424,#1425,
#1426,#1427,#1428));
#3743=EDGE_LOOP('',(#1429,#1430,#1431,#1432,#1433,#1434,#1435,#1436,#1437,
#1438,#1439,#1440,#1441,#1442,#1443,#1444,#1445));
#3744=EDGE_LOOP('',(#1446));
#3745=EDGE_LOOP('',(#1447,#1448,#1449,#1450,#1451,#1452,#1453,#1454,#1455,
#1456));
#3746=EDGE_LOOP('',(#1457,#1458,#1459,#1460,#1461,#1462,#1463,#1464,#1465,
#1466,#1467,#1468));
#3747=EDGE_LOOP('',(#1469,#1470,#1471,#1472,#1473,#1474,#1475,#1476,#1477,
#1478,#1479,#1480,#1481,#1482));
#3748=EDGE_LOOP('',(#1483));
#3749=EDGE_LOOP('',(#1484));
#3750=EDGE_LOOP('',(#1485,#1486,#1487,#1488,#1489,#1490,#1491,#1492));
#3751=EDGE_LOOP('',(#1493,#1494,#1495,#1496,#1497,#1498,#1499,#1500,#1501,
#1502,#1503,#1504));
#3752=EDGE_LOOP('',(#1505,#1506,#1507,#1508,#1509,#1510,#1511,#1512,#1513,
#1514));
#3753=EDGE_LOOP('',(#1515,#1516,#1517,#1518,#1519,#1520,#1521,#1522,#1523,
#1524,#1525,#1526,#1527,#1528,#1529,#1530,#1531));
#3754=EDGE_LOOP('',(#1532));
#3755=EDGE_LOOP('',(#1533,#1534,#1535,#1536,#1537,#1538,#1539,#1540,#1541,
#1542));
#3756=EDGE_LOOP('',(#1543,#1544,#1545,#1546,#1547,#1548,#1549,#1550,#1551,
#1552,#1553,#1554));
#3757=EDGE_LOOP('',(#1555,#1556,#1557,#1558,#1559,#1560,#1561,#1562,#1563,
#1564,#1565,#1566,#1567,#1568));
#3758=EDGE_LOOP('',(#1569));
#3759=EDGE_LOOP('',(#1570));
#3760=EDGE_LOOP('',(#1571,#1572,#1573,#1574,#1575,#1576,#1577,#1578));
#3761=EDGE_LOOP('',(#1579,#1580,#1581,#1582,#1583,#1584,#1585,#1586,#1587,
#1588,#1589,#1590));
#3762=EDGE_LOOP('',(#1591,#1592,#1593,#1594,#1595,#1596,#1597,#1598,#1599,
#1600));
#3763=EDGE_LOOP('',(#1601,#1602,#1603,#1604));
#3764=EDGE_LOOP('',(#1605,#1606,#1607,#1608));
#3765=EDGE_LOOP('',(#1609,#1610,#1611,#1612,#1613));
#3766=EDGE_LOOP('',(#1614,#1615,#1616,#1617));
#3767=EDGE_LOOP('',(#1618,#1619,#1620,#1621));
#3768=EDGE_LOOP('',(#1622,#1623,#1624,#1625));
#3769=EDGE_LOOP('',(#1626,#1627,#1628,#1629,#1630,#1631,#1632,#1633));
#3770=EDGE_LOOP('',(#1634));
#3771=EDGE_LOOP('',(#1635));
#3772=EDGE_LOOP('',(#1636,#1637,#1638,#1639));
#3773=EDGE_LOOP('',(#1640));
#3774=EDGE_LOOP('',(#1641));
#3775=EDGE_LOOP('',(#1642,#1643,#1644,#1645,#1646,#1647));
#3776=EDGE_LOOP('',(#1648,#1649,#1650,#1651));
#3777=EDGE_LOOP('',(#1652));
#3778=EDGE_LOOP('',(#1653));
#3779=EDGE_LOOP('',(#1654,#1655,#1656,#1657));
#3780=EDGE_LOOP('',(#1658,#1659,#1660,#1661));
#3781=EDGE_LOOP('',(#1662,#1663,#1664,#1665));
#3782=EDGE_LOOP('',(#1666,#1667,#1668,#1669));
#3783=EDGE_LOOP('',(#1670,#1671,#1672,#1673));
#3784=EDGE_LOOP('',(#1674,#1675,#1676,#1677));
#3785=EDGE_LOOP('',(#1678,#1679,#1680,#1681));
#3786=EDGE_LOOP('',(#1682,#1683,#1684,#1685));
#3787=EDGE_LOOP('',(#1686,#1687,#1688,#1689,#1690));
#3788=EDGE_LOOP('',(#1691,#1692,#1693,#1694));
#3789=EDGE_LOOP('',(#1695,#1696,#1697,#1698));
#3790=EDGE_LOOP('',(#1699,#1700,#1701,#1702));
#3791=EDGE_LOOP('',(#1703,#1704,#1705,#1706));
#3792=EDGE_LOOP('',(#1707,#1708,#1709,#1710));
#3793=EDGE_LOOP('',(#1711,#1712,#1713,#1714));
#3794=EDGE_LOOP('',(#1715,#1716,#1717,#1718));
#3795=EDGE_LOOP('',(#1719,#1720,#1721,#1722));
#3796=EDGE_LOOP('',(#1723,#1724,#1725,#1726));
#3797=EDGE_LOOP('',(#1727,#1728,#1729,#1730));
#3798=EDGE_LOOP('',(#1731,#1732,#1733,#1734));
#3799=EDGE_LOOP('',(#1735,#1736,#1737,#1738,#1739));
#3800=EDGE_LOOP('',(#1740,#1741,#1742,#1743));
#3801=EDGE_LOOP('',(#1744,#1745,#1746,#1747));
#3802=EDGE_LOOP('',(#1748,#1749,#1750,#1751));
#3803=EDGE_LOOP('',(#1752,#1753,#1754,#1755,#1756));
#3804=EDGE_LOOP('',(#1757,#1758,#1759,#1760,#1761,#1762));
#3805=EDGE_LOOP('',(#1763,#1764,#1765,#1766));
#3806=EDGE_LOOP('',(#1767,#1768,#1769,#1770));
#3807=EDGE_LOOP('',(#1771,#1772,#1773,#1774));
#3808=EDGE_LOOP('',(#1775,#1776,#1777,#1778));
#3809=EDGE_LOOP('',(#1779,#1780,#1781,#1782));
#3810=EDGE_LOOP('',(#1783,#1784,#1785,#1786));
#3811=EDGE_LOOP('',(#1787,#1788,#1789,#1790));
#3812=EDGE_LOOP('',(#1791,#1792,#1793,#1794));
#3813=EDGE_LOOP('',(#1795,#1796,#1797,#1798));
#3814=EDGE_LOOP('',(#1799,#1800,#1801,#1802));
#3815=EDGE_LOOP('',(#1803,#1804,#1805,#1806));
#3816=EDGE_LOOP('',(#1807,#1808,#1809,#1810,#1811,#1812));
#3817=EDGE_LOOP('',(#1813,#1814,#1815,#1816,#1817));
#3818=EDGE_LOOP('',(#1818,#1819,#1820,#1821));
#3819=EDGE_LOOP('',(#1822,#1823,#1824,#1825));
#3820=EDGE_LOOP('',(#1826,#1827,#1828,#1829,#1830));
#3821=EDGE_LOOP('',(#1831,#1832,#1833,#1834));
#3822=EDGE_LOOP('',(#1835,#1836,#1837,#1838));
#3823=EDGE_LOOP('',(#1839,#1840,#1841,#1842));
#3824=EDGE_LOOP('',(#1843,#1844,#1845,#1846));
#3825=EDGE_LOOP('',(#1847));
#3826=EDGE_LOOP('',(#1848));
#3827=EDGE_LOOP('',(#1849,#1850,#1851,#1852));
#3828=EDGE_LOOP('',(#1853,#1854,#1855,#1856));
#3829=EDGE_LOOP('',(#1857,#1858,#1859,#1860));
#3830=EDGE_LOOP('',(#1861,#1862,#1863,#1864));
#3831=EDGE_LOOP('',(#1865,#1866,#1867,#1868));
#3832=EDGE_LOOP('',(#1869,#1870,#1871,#1872));
#3833=EDGE_LOOP('',(#1873,#1874,#1875,#1876));
#3834=EDGE_LOOP('',(#1877,#1878,#1879,#1880));
#3835=EDGE_LOOP('',(#1881,#1882,#1883,#1884));
#3836=EDGE_LOOP('',(#1885,#1886,#1887,#1888));
#3837=EDGE_LOOP('',(#1889,#1890,#1891,#1892));
#3838=EDGE_LOOP('',(#1893,#1894,#1895,#1896));
#3839=EDGE_LOOP('',(#1897,#1898,#1899,#1900));
#3840=EDGE_LOOP('',(#1901,#1902,#1903,#1904));
#3841=EDGE_LOOP('',(#1905,#1906,#1907,#1908));
#3842=EDGE_LOOP('',(#1909,#1910,#1911,#1912));
#3843=EDGE_LOOP('',(#1913,#1914,#1915,#1916));
#3844=EDGE_LOOP('',(#1917,#1918,#1919,#1920));
#3845=EDGE_LOOP('',(#1921,#1922,#1923,#1924));
#3846=EDGE_LOOP('',(#1925,#1926,#1927,#1928));
#3847=EDGE_LOOP('',(#1929,#1930,#1931,#1932));
#3848=EDGE_LOOP('',(#1933,#1934,#1935,#1936));
#3849=EDGE_LOOP('',(#1937,#1938,#1939,#1940));
#3850=EDGE_LOOP('',(#1941,#1942,#1943,#1944));
#3851=EDGE_LOOP('',(#1945,#1946,#1947,#1948));
#3852=EDGE_LOOP('',(#1949,#1950,#1951,#1952));
#3853=EDGE_LOOP('',(#1953,#1954,#1955,#1956));
#3854=EDGE_LOOP('',(#1957,#1958,#1959,#1960));
#3855=EDGE_LOOP('',(#1961,#1962,#1963,#1964));
#3856=EDGE_LOOP('',(#1965,#1966,#1967,#1968));
#3857=EDGE_LOOP('',(#1969,#1970,#1971,#1972));
#3858=EDGE_LOOP('',(#1973,#1974,#1975,#1976));
#3859=EDGE_LOOP('',(#1977,#1978,#1979,#1980));
#3860=EDGE_LOOP('',(#1981,#1982,#1983,#1984));
#3861=EDGE_LOOP('',(#1985,#1986,#1987,#1988));
#3862=EDGE_LOOP('',(#1989,#1990,#1991,#1992));
#3863=EDGE_LOOP('',(#1993,#1994,#1995,#1996));
#3864=EDGE_LOOP('',(#1997,#1998,#1999,#2000));
#3865=EDGE_LOOP('',(#2001,#2002,#2003,#2004));
#3866=EDGE_LOOP('',(#2005,#2006,#2007,#2008));
#3867=EDGE_LOOP('',(#2009,#2010,#2011,#2012));
#3868=EDGE_LOOP('',(#2013,#2014,#2015,#2016));
#3869=EDGE_LOOP('',(#2017,#2018,#2019,#2020));
#3870=EDGE_LOOP('',(#2021,#2022,#2023,#2024));
#3871=EDGE_LOOP('',(#2025,#2026,#2027,#2028));
#3872=EDGE_LOOP('',(#2029,#2030,#2031,#2032));
#3873=EDGE_LOOP('',(#2033,#2034,#2035,#2036));
#3874=EDGE_LOOP('',(#2037,#2038,#2039,#2040));
#3875=EDGE_LOOP('',(#2041,#2042,#2043,#2044));
#3876=EDGE_LOOP('',(#2045,#2046,#2047,#2048));
#3877=EDGE_LOOP('',(#2049,#2050,#2051,#2052));
#3878=EDGE_LOOP('',(#2053,#2054,#2055,#2056,#2057));
#3879=EDGE_LOOP('',(#2058,#2059,#2060,#2061));
#3880=EDGE_LOOP('',(#2062,#2063,#2064,#2065));
#3881=EDGE_LOOP('',(#2066,#2067,#2068,#2069));
#3882=EDGE_LOOP('',(#2070,#2071,#2072,#2073,#2074,#2075,#2076,#2077));
#3883=EDGE_LOOP('',(#2078));
#3884=EDGE_LOOP('',(#2079));
#3885=EDGE_LOOP('',(#2080,#2081,#2082,#2083));
#3886=EDGE_LOOP('',(#2084));
#3887=EDGE_LOOP('',(#2085));
#3888=EDGE_LOOP('',(#2086,#2087,#2088,#2089,#2090,#2091));
#3889=EDGE_LOOP('',(#2092,#2093,#2094,#2095));
#3890=EDGE_LOOP('',(#2096));
#3891=EDGE_LOOP('',(#2097));
#3892=EDGE_LOOP('',(#2098,#2099,#2100,#2101));
#3893=EDGE_LOOP('',(#2102,#2103,#2104,#2105));
#3894=EDGE_LOOP('',(#2106,#2107,#2108,#2109));
#3895=EDGE_LOOP('',(#2110,#2111,#2112,#2113));
#3896=EDGE_LOOP('',(#2114,#2115,#2116,#2117));
#3897=EDGE_LOOP('',(#2118,#2119,#2120,#2121));
#3898=EDGE_LOOP('',(#2122,#2123,#2124,#2125));
#3899=EDGE_LOOP('',(#2126,#2127,#2128,#2129));
#3900=EDGE_LOOP('',(#2130,#2131,#2132,#2133,#2134));
#3901=EDGE_LOOP('',(#2135,#2136,#2137,#2138));
#3902=EDGE_LOOP('',(#2139,#2140,#2141,#2142));
#3903=EDGE_LOOP('',(#2143,#2144,#2145,#2146));
#3904=EDGE_LOOP('',(#2147,#2148,#2149,#2150));
#3905=EDGE_LOOP('',(#2151,#2152,#2153,#2154));
#3906=EDGE_LOOP('',(#2155,#2156,#2157,#2158));
#3907=EDGE_LOOP('',(#2159,#2160,#2161,#2162));
#3908=EDGE_LOOP('',(#2163,#2164,#2165,#2166));
#3909=EDGE_LOOP('',(#2167,#2168,#2169,#2170));
#3910=EDGE_LOOP('',(#2171,#2172,#2173,#2174));
#3911=EDGE_LOOP('',(#2175,#2176,#2177,#2178,#2179));
#3912=EDGE_LOOP('',(#2180,#2181,#2182,#2183));
#3913=EDGE_LOOP('',(#2184,#2185,#2186,#2187));
#3914=EDGE_LOOP('',(#2188,#2189,#2190,#2191));
#3915=EDGE_LOOP('',(#2192,#2193,#2194,#2195,#2196));
#3916=EDGE_LOOP('',(#2197,#2198,#2199,#2200,#2201,#2202));
#3917=EDGE_LOOP('',(#2203,#2204,#2205,#2206));
#3918=EDGE_LOOP('',(#2207,#2208,#2209,#2210));
#3919=EDGE_LOOP('',(#2211,#2212,#2213,#2214));
#3920=EDGE_LOOP('',(#2215,#2216,#2217,#2218));
#3921=EDGE_LOOP('',(#2219,#2220,#2221,#2222));
#3922=EDGE_LOOP('',(#2223,#2224,#2225,#2226));
#3923=EDGE_LOOP('',(#2227,#2228,#2229,#2230));
#3924=EDGE_LOOP('',(#2231,#2232,#2233,#2234));
#3925=EDGE_LOOP('',(#2235,#2236,#2237,#2238));
#3926=EDGE_LOOP('',(#2239,#2240,#2241,#2242));
#3927=EDGE_LOOP('',(#2243,#2244,#2245,#2246));
#3928=EDGE_LOOP('',(#2247,#2248,#2249,#2250,#2251,#2252));
#3929=EDGE_LOOP('',(#2253,#2254,#2255,#2256,#2257));
#3930=EDGE_LOOP('',(#2258,#2259,#2260,#2261));
#3931=EDGE_LOOP('',(#2262,#2263,#2264,#2265));
#3932=EDGE_LOOP('',(#2266,#2267,#2268,#2269,#2270));
#3933=EDGE_LOOP('',(#2271,#2272,#2273,#2274));
#3934=EDGE_LOOP('',(#2275,#2276,#2277,#2278));
#3935=EDGE_LOOP('',(#2279,#2280,#2281,#2282));
#3936=EDGE_LOOP('',(#2283,#2284,#2285,#2286));
#3937=EDGE_LOOP('',(#2287));
#3938=EDGE_LOOP('',(#2288));
#3939=EDGE_LOOP('',(#2289,#2290,#2291,#2292));
#3940=EDGE_LOOP('',(#2293,#2294,#2295,#2296));
#3941=EDGE_LOOP('',(#2297,#2298,#2299,#2300));
#3942=EDGE_LOOP('',(#2301,#2302,#2303,#2304));
#3943=EDGE_LOOP('',(#2305,#2306,#2307,#2308));
#3944=EDGE_LOOP('',(#2309,#2310,#2311,#2312));
#3945=EDGE_LOOP('',(#2313,#2314,#2315,#2316));
#3946=EDGE_LOOP('',(#2317,#2318,#2319,#2320));
#3947=EDGE_LOOP('',(#2321,#2322,#2323,#2324));
#3948=EDGE_LOOP('',(#2325,#2326,#2327,#2328));
#3949=EDGE_LOOP('',(#2329,#2330,#2331,#2332));
#3950=EDGE_LOOP('',(#2333,#2334,#2335,#2336));
#3951=EDGE_LOOP('',(#2337,#2338,#2339,#2340));
#3952=EDGE_LOOP('',(#2341,#2342,#2343,#2344));
#3953=EDGE_LOOP('',(#2345,#2346,#2347,#2348));
#3954=EDGE_LOOP('',(#2349,#2350,#2351,#2352));
#3955=EDGE_LOOP('',(#2353,#2354,#2355,#2356));
#3956=EDGE_LOOP('',(#2357,#2358,#2359,#2360));
#3957=EDGE_LOOP('',(#2361,#2362,#2363,#2364));
#3958=EDGE_LOOP('',(#2365,#2366,#2367,#2368));
#3959=EDGE_LOOP('',(#2369,#2370,#2371,#2372));
#3960=EDGE_LOOP('',(#2373,#2374,#2375,#2376));
#3961=EDGE_LOOP('',(#2377,#2378,#2379,#2380));
#3962=EDGE_LOOP('',(#2381,#2382,#2383,#2384));
#3963=EDGE_LOOP('',(#2385,#2386,#2387,#2388));
#3964=EDGE_LOOP('',(#2389,#2390,#2391,#2392));
#3965=EDGE_LOOP('',(#2393,#2394,#2395,#2396));
#3966=EDGE_LOOP('',(#2397,#2398,#2399,#2400));
#3967=EDGE_LOOP('',(#2401,#2402,#2403,#2404));
#3968=EDGE_LOOP('',(#2405,#2406,#2407,#2408));
#3969=EDGE_LOOP('',(#2409,#2410,#2411,#2412));
#3970=EDGE_LOOP('',(#2413,#2414,#2415,#2416));
#3971=EDGE_LOOP('',(#2417,#2418,#2419,#2420));
#3972=EDGE_LOOP('',(#2421,#2422,#2423,#2424));
#3973=EDGE_LOOP('',(#2425,#2426,#2427,#2428));
#3974=EDGE_LOOP('',(#2429,#2430,#2431,#2432));
#3975=EDGE_LOOP('',(#2433,#2434,#2435,#2436));
#3976=EDGE_LOOP('',(#2437,#2438,#2439,#2440));
#3977=EDGE_LOOP('',(#2441,#2442,#2443,#2444));
#3978=EDGE_LOOP('',(#2445,#2446,#2447,#2448));
#3979=EDGE_LOOP('',(#2449,#2450,#2451,#2452));
#3980=EDGE_LOOP('',(#2453,#2454,#2455,#2456));
#3981=EDGE_LOOP('',(#2457,#2458,#2459,#2460));
#3982=EDGE_LOOP('',(#2461,#2462,#2463,#2464));
#3983=EDGE_LOOP('',(#2465,#2466,#2467,#2468));
#3984=EDGE_LOOP('',(#2469,#2470,#2471,#2472));
#3985=EDGE_LOOP('',(#2473,#2474,#2475,#2476));
#3986=EDGE_LOOP('',(#2477,#2478,#2479,#2480));
#3987=EDGE_LOOP('',(#2481,#2482,#2483,#2484));
#3988=EDGE_LOOP('',(#2485,#2486,#2487,#2488));
#3989=EDGE_LOOP('',(#2489,#2490,#2491,#2492));
#3990=EDGE_LOOP('',(#2493,#2494,#2495,#2496));
#3991=EDGE_LOOP('',(#2497,#2498,#2499,#2500));
#3992=EDGE_LOOP('',(#2501,#2502,#2503,#2504));
#3993=EDGE_LOOP('',(#2505,#2506,#2507,#2508));
#3994=EDGE_LOOP('',(#2509,#2510,#2511,#2512));
#3995=EDGE_LOOP('',(#2513,#2514,#2515,#2516));
#3996=EDGE_LOOP('',(#2517,#2518,#2519,#2520));
#3997=EDGE_LOOP('',(#2521,#2522,#2523,#2524));
#3998=EDGE_LOOP('',(#2525,#2526,#2527,#2528));
#3999=EDGE_LOOP('',(#2529));
#4000=EDGE_LOOP('',(#2530));
#4001=EDGE_LOOP('',(#2531));
#4002=EDGE_LOOP('',(#2532));
#4003=FACE_BOUND('',#3721,.T.);
#4004=FACE_BOUND('',#3722,.T.);
#4005=FACE_BOUND('',#3723,.T.);
#4006=FACE_BOUND('',#3724,.T.);
#4007=FACE_BOUND('',#3725,.T.);
#4008=FACE_BOUND('',#3726,.T.);
#4009=FACE_BOUND('',#3727,.T.);
#4010=FACE_BOUND('',#3728,.T.);
#4011=FACE_BOUND('',#3729,.T.);
#4012=FACE_BOUND('',#3730,.T.);
#4013=FACE_BOUND('',#3731,.T.);
#4014=FACE_BOUND('',#3732,.T.);
#4015=FACE_BOUND('',#3733,.T.);
#4016=FACE_BOUND('',#3734,.T.);
#4017=FACE_BOUND('',#3735,.T.);
#4018=FACE_BOUND('',#3736,.T.);
#4019=FACE_BOUND('',#3737,.T.);
#4020=FACE_BOUND('',#3738,.T.);
#4021=FACE_BOUND('',#3739,.T.);
#4022=FACE_BOUND('',#3740,.T.);
#4023=FACE_BOUND('',#3741,.T.);
#4024=FACE_BOUND('',#3742,.T.);
#4025=FACE_BOUND('',#3743,.T.);
#4026=FACE_BOUND('',#3744,.T.);
#4027=FACE_BOUND('',#3745,.T.);
#4028=FACE_BOUND('',#3746,.T.);
#4029=FACE_BOUND('',#3747,.T.);
#4030=FACE_BOUND('',#3748,.T.);
#4031=FACE_BOUND('',#3749,.T.);
#4032=FACE_BOUND('',#3750,.T.);
#4033=FACE_BOUND('',#3751,.T.);
#4034=FACE_BOUND('',#3752,.T.);
#4035=FACE_BOUND('',#3753,.T.);
#4036=FACE_BOUND('',#3754,.T.);
#4037=FACE_BOUND('',#3755,.T.);
#4038=FACE_BOUND('',#3756,.T.);
#4039=FACE_BOUND('',#3757,.T.);
#4040=FACE_BOUND('',#3758,.T.);
#4041=FACE_BOUND('',#3759,.T.);
#4042=FACE_BOUND('',#3760,.T.);
#4043=FACE_BOUND('',#3761,.T.);
#4044=FACE_BOUND('',#3762,.T.);
#4045=FACE_BOUND('',#3763,.T.);
#4046=FACE_BOUND('',#3764,.T.);
#4047=FACE_BOUND('',#3765,.T.);
#4048=FACE_BOUND('',#3766,.T.);
#4049=FACE_BOUND('',#3767,.T.);
#4050=FACE_BOUND('',#3768,.T.);
#4051=FACE_BOUND('',#3769,.T.);
#4052=FACE_BOUND('',#3770,.T.);
#4053=FACE_BOUND('',#3771,.T.);
#4054=FACE_BOUND('',#3772,.T.);
#4055=FACE_BOUND('',#3773,.T.);
#4056=FACE_BOUND('',#3774,.T.);
#4057=FACE_BOUND('',#3775,.T.);
#4058=FACE_BOUND('',#3776,.T.);
#4059=FACE_BOUND('',#3777,.T.);
#4060=FACE_BOUND('',#3778,.T.);
#4061=FACE_BOUND('',#3779,.T.);
#4062=FACE_BOUND('',#3780,.T.);
#4063=FACE_BOUND('',#3781,.T.);
#4064=FACE_BOUND('',#3782,.T.);
#4065=FACE_BOUND('',#3783,.T.);
#4066=FACE_BOUND('',#3784,.T.);
#4067=FACE_BOUND('',#3785,.T.);
#4068=FACE_BOUND('',#3786,.T.);
#4069=FACE_BOUND('',#3787,.T.);
#4070=FACE_BOUND('',#3788,.T.);
#4071=FACE_BOUND('',#3789,.T.);
#4072=FACE_BOUND('',#3790,.T.);
#4073=FACE_BOUND('',#3791,.T.);
#4074=FACE_BOUND('',#3792,.T.);
#4075=FACE_BOUND('',#3793,.T.);
#4076=FACE_BOUND('',#3794,.T.);
#4077=FACE_BOUND('',#3795,.T.);
#4078=FACE_BOUND('',#3796,.T.);
#4079=FACE_BOUND('',#3797,.T.);
#4080=FACE_BOUND('',#3798,.T.);
#4081=FACE_BOUND('',#3799,.T.);
#4082=FACE_BOUND('',#3800,.T.);
#4083=FACE_BOUND('',#3801,.T.);
#4084=FACE_BOUND('',#3802,.T.);
#4085=FACE_BOUND('',#3803,.T.);
#4086=FACE_BOUND('',#3804,.T.);
#4087=FACE_BOUND('',#3805,.T.);
#4088=FACE_BOUND('',#3806,.T.);
#4089=FACE_BOUND('',#3807,.T.);
#4090=FACE_BOUND('',#3808,.T.);
#4091=FACE_BOUND('',#3809,.T.);
#4092=FACE_BOUND('',#3810,.T.);
#4093=FACE_BOUND('',#3811,.T.);
#4094=FACE_BOUND('',#3812,.T.);
#4095=FACE_BOUND('',#3813,.T.);
#4096=FACE_BOUND('',#3814,.T.);
#4097=FACE_BOUND('',#3815,.T.);
#4098=FACE_BOUND('',#3816,.T.);
#4099=FACE_BOUND('',#3817,.T.);
#4100=FACE_BOUND('',#3818,.T.);
#4101=FACE_BOUND('',#3819,.T.);
#4102=FACE_BOUND('',#3820,.T.);
#4103=FACE_BOUND('',#3821,.T.);
#4104=FACE_BOUND('',#3822,.T.);
#4105=FACE_BOUND('',#3823,.T.);
#4106=FACE_BOUND('',#3824,.T.);
#4107=FACE_BOUND('',#3825,.T.);
#4108=FACE_BOUND('',#3826,.T.);
#4109=FACE_BOUND('',#3827,.T.);
#4110=FACE_BOUND('',#3828,.T.);
#4111=FACE_BOUND('',#3829,.T.);
#4112=FACE_BOUND('',#3830,.T.);
#4113=FACE_BOUND('',#3831,.T.);
#4114=FACE_BOUND('',#3832,.T.);
#4115=FACE_BOUND('',#3833,.T.);
#4116=FACE_BOUND('',#3834,.T.);
#4117=FACE_BOUND('',#3835,.T.);
#4118=FACE_BOUND('',#3836,.T.);
#4119=FACE_BOUND('',#3837,.T.);
#4120=FACE_BOUND('',#3838,.T.);
#4121=FACE_BOUND('',#3839,.T.);
#4122=FACE_BOUND('',#3840,.T.);
#4123=FACE_BOUND('',#3841,.T.);
#4124=FACE_BOUND('',#3842,.T.);
#4125=FACE_BOUND('',#3843,.T.);
#4126=FACE_BOUND('',#3844,.T.);
#4127=FACE_BOUND('',#3845,.T.);
#4128=FACE_BOUND('',#3846,.T.);
#4129=FACE_BOUND('',#3847,.T.);
#4130=FACE_BOUND('',#3848,.T.);
#4131=FACE_BOUND('',#3849,.T.);
#4132=FACE_BOUND('',#3850,.T.);
#4133=FACE_BOUND('',#3851,.T.);
#4134=FACE_BOUND('',#3852,.T.);
#4135=FACE_BOUND('',#3853,.T.);
#4136=FACE_BOUND('',#3854,.T.);
#4137=FACE_BOUND('',#3855,.T.);
#4138=FACE_BOUND('',#3856,.T.);
#4139=FACE_BOUND('',#3857,.T.);
#4140=FACE_BOUND('',#3858,.T.);
#4141=FACE_BOUND('',#3859,.T.);
#4142=FACE_BOUND('',#3860,.T.);
#4143=FACE_BOUND('',#3861,.T.);
#4144=FACE_BOUND('',#3862,.T.);
#4145=FACE_BOUND('',#3863,.T.);
#4146=FACE_BOUND('',#3864,.T.);
#4147=FACE_BOUND('',#3865,.T.);
#4148=FACE_BOUND('',#3866,.T.);
#4149=FACE_BOUND('',#3867,.T.);
#4150=FACE_BOUND('',#3868,.T.);
#4151=FACE_BOUND('',#3869,.T.);
#4152=FACE_BOUND('',#3870,.T.);
#4153=FACE_BOUND('',#3871,.T.);
#4154=FACE_BOUND('',#3872,.T.);
#4155=FACE_BOUND('',#3873,.T.);
#4156=FACE_BOUND('',#3874,.T.);
#4157=FACE_BOUND('',#3875,.T.);
#4158=FACE_BOUND('',#3876,.T.);
#4159=FACE_BOUND('',#3877,.T.);
#4160=FACE_BOUND('',#3878,.T.);
#4161=FACE_BOUND('',#3879,.T.);
#4162=FACE_BOUND('',#3880,.T.);
#4163=FACE_BOUND('',#3881,.T.);
#4164=FACE_BOUND('',#3882,.T.);
#4165=FACE_BOUND('',#3883,.T.);
#4166=FACE_BOUND('',#3884,.T.);
#4167=FACE_BOUND('',#3885,.T.);
#4168=FACE_BOUND('',#3886,.T.);
#4169=FACE_BOUND('',#3887,.T.);
#4170=FACE_BOUND('',#3888,.T.);
#4171=FACE_BOUND('',#3889,.T.);
#4172=FACE_BOUND('',#3890,.T.);
#4173=FACE_BOUND('',#3891,.T.);
#4174=FACE_BOUND('',#3892,.T.);
#4175=FACE_BOUND('',#3893,.T.);
#4176=FACE_BOUND('',#3894,.T.);
#4177=FACE_BOUND('',#3895,.T.);
#4178=FACE_BOUND('',#3896,.T.);
#4179=FACE_BOUND('',#3897,.T.);
#4180=FACE_BOUND('',#3898,.T.);
#4181=FACE_BOUND('',#3899,.T.);
#4182=FACE_BOUND('',#3900,.T.);
#4183=FACE_BOUND('',#3901,.T.);
#4184=FACE_BOUND('',#3902,.T.);
#4185=FACE_BOUND('',#3903,.T.);
#4186=FACE_BOUND('',#3904,.T.);
#4187=FACE_BOUND('',#3905,.T.);
#4188=FACE_BOUND('',#3906,.T.);
#4189=FACE_BOUND('',#3907,.T.);
#4190=FACE_BOUND('',#3908,.T.);
#4191=FACE_BOUND('',#3909,.T.);
#4192=FACE_BOUND('',#3910,.T.);
#4193=FACE_BOUND('',#3911,.T.);
#4194=FACE_BOUND('',#3912,.T.);
#4195=FACE_BOUND('',#3913,.T.);
#4196=FACE_BOUND('',#3914,.T.);
#4197=FACE_BOUND('',#3915,.T.);
#4198=FACE_BOUND('',#3916,.T.);
#4199=FACE_BOUND('',#3917,.T.);
#4200=FACE_BOUND('',#3918,.T.);
#4201=FACE_BOUND('',#3919,.T.);
#4202=FACE_BOUND('',#3920,.T.);
#4203=FACE_BOUND('',#3921,.T.);
#4204=FACE_BOUND('',#3922,.T.);
#4205=FACE_BOUND('',#3923,.T.);
#4206=FACE_BOUND('',#3924,.T.);
#4207=FACE_BOUND('',#3925,.T.);
#4208=FACE_BOUND('',#3926,.T.);
#4209=FACE_BOUND('',#3927,.T.);
#4210=FACE_BOUND('',#3928,.T.);
#4211=FACE_BOUND('',#3929,.T.);
#4212=FACE_BOUND('',#3930,.T.);
#4213=FACE_BOUND('',#3931,.T.);
#4214=FACE_BOUND('',#3932,.T.);
#4215=FACE_BOUND('',#3933,.T.);
#4216=FACE_BOUND('',#3934,.T.);
#4217=FACE_BOUND('',#3935,.T.);
#4218=FACE_BOUND('',#3936,.T.);
#4219=FACE_BOUND('',#3937,.T.);
#4220=FACE_BOUND('',#3938,.T.);
#4221=FACE_BOUND('',#3939,.T.);
#4222=FACE_BOUND('',#3940,.T.);
#4223=FACE_BOUND('',#3941,.T.);
#4224=FACE_BOUND('',#3942,.T.);
#4225=FACE_BOUND('',#3943,.T.);
#4226=FACE_BOUND('',#3944,.T.);
#4227=FACE_BOUND('',#3945,.T.);
#4228=FACE_BOUND('',#3946,.T.);
#4229=FACE_BOUND('',#3947,.T.);
#4230=FACE_BOUND('',#3948,.T.);
#4231=FACE_BOUND('',#3949,.T.);
#4232=FACE_BOUND('',#3950,.T.);
#4233=FACE_BOUND('',#3951,.T.);
#4234=FACE_BOUND('',#3952,.T.);
#4235=FACE_BOUND('',#3953,.T.);
#4236=FACE_BOUND('',#3954,.T.);
#4237=FACE_BOUND('',#3955,.T.);
#4238=FACE_BOUND('',#3956,.T.);
#4239=FACE_BOUND('',#3957,.T.);
#4240=FACE_BOUND('',#3958,.T.);
#4241=FACE_BOUND('',#3959,.T.);
#4242=FACE_BOUND('',#3960,.T.);
#4243=FACE_BOUND('',#3961,.T.);
#4244=FACE_BOUND('',#3962,.T.);
#4245=FACE_BOUND('',#3963,.T.);
#4246=FACE_BOUND('',#3964,.T.);
#4247=FACE_BOUND('',#3965,.T.);
#4248=FACE_BOUND('',#3966,.T.);
#4249=FACE_BOUND('',#3967,.T.);
#4250=FACE_BOUND('',#3968,.T.);
#4251=FACE_BOUND('',#3969,.T.);
#4252=FACE_BOUND('',#3970,.T.);
#4253=FACE_BOUND('',#3971,.T.);
#4254=FACE_BOUND('',#3972,.T.);
#4255=FACE_BOUND('',#3973,.T.);
#4256=FACE_BOUND('',#3974,.T.);
#4257=FACE_BOUND('',#3975,.T.);
#4258=FACE_BOUND('',#3976,.T.);
#4259=FACE_BOUND('',#3977,.T.);
#4260=FACE_BOUND('',#3978,.T.);
#4261=FACE_BOUND('',#3979,.T.);
#4262=FACE_BOUND('',#3980,.T.);
#4263=FACE_BOUND('',#3981,.T.);
#4264=FACE_BOUND('',#3982,.T.);
#4265=FACE_BOUND('',#3983,.T.);
#4266=FACE_BOUND('',#3984,.T.);
#4267=FACE_BOUND('',#3985,.T.);
#4268=FACE_BOUND('',#3986,.T.);
#4269=FACE_BOUND('',#3987,.T.);
#4270=FACE_BOUND('',#3988,.T.);
#4271=FACE_BOUND('',#3989,.T.);
#4272=FACE_BOUND('',#3990,.T.);
#4273=FACE_BOUND('',#3991,.T.);
#4274=FACE_BOUND('',#3992,.T.);
#4275=FACE_BOUND('',#3993,.T.);
#4276=FACE_BOUND('',#3994,.T.);
#4277=FACE_BOUND('',#3995,.T.);
#4278=FACE_BOUND('',#3996,.T.);
#4279=FACE_BOUND('',#3997,.T.);
#4280=FACE_BOUND('',#3998,.T.);
#4281=FACE_BOUND('',#3999,.T.);
#4282=FACE_BOUND('',#4000,.T.);
#4283=FACE_BOUND('',#4001,.T.);
#4284=FACE_BOUND('',#4002,.T.);
#4285=B_SPLINE_SURFACE_WITH_KNOTS('',3,1,((#6424,#6425),(#6426,#6427),(#6428,
#6429),(#6430,#6431),(#6432,#6433),(#6434,#6435),(#6436,#6437),(#6438,#6439),
(#6440,#6441),(#6442,#6443),(#6444,#6445),(#6446,#6447),(#6448,#6449),(#6450,
#6451),(#6452,#6453)),.SURF_OF_LINEAR_EXTRUSION.,.F.,.F.,.F.,(4,1,1,1,1,
1,1,1,1,1,1,1,4),(2,2),(0.777518675935153,0.800759598655668,0.824000521376183,
0.847241444096697,0.870482366817212,0.893723289537727,0.916964212258242,
0.9285846736185,0.940205134978757,0.946015365658886,0.951825596339014,0.957635827019143,
0.963446057699272),(0.,1.),.UNSPECIFIED.);
#4286=B_SPLINE_SURFACE_WITH_KNOTS('',3,1,((#8359,#8360),(#8361,#8362),(#8363,
#8364),(#8365,#8366),(#8367,#8368),(#8369,#8370)),
 .SURF_OF_LINEAR_EXTRUSION.,.F.,.F.,.F.,(4,1,1,4),(2,2),(0.74040187037864,
0.779130616141171,0.817859361903702,0.895316853428764),(0.,1.),
 .UNSPECIFIED.);
#4287=B_SPLINE_SURFACE_WITH_KNOTS('',3,1,((#8386,#8387),(#8388,#8389),(#8390,
#8391),(#8392,#8393),(#8394,#8395),(#8396,#8397),(#8398,#8399),(#8400,#8401),
(#8402,#8403),(#8404,#8405),(#8406,#8407),(#8408,#8409),(#8410,#8411),(#8412,
#8413),(#8414,#8415),(#8416,#8417),(#8418,#8419)),
 .SURF_OF_LINEAR_EXTRUSION.,.F.,.F.,.F.,(4,1,1,1,1,1,1,1,1,1,1,1,1,1,4),
(2,2),(0.0595792570903797,0.0881342192208012,0.116689181351223,0.173799105612066,
0.202354067742487,0.230909029872909,0.25946399200333,0.288018954133752,
0.316573916264174,0.345128878394595,0.373683840525017,0.402238802655438,
0.43079376478586,0.459348726916281,0.516458651177124),(0.,1.),
 .UNSPECIFIED.);
#4288=B_SPLINE_SURFACE_WITH_KNOTS('',3,1,((#8422,#8423),(#8424,#8425),(#8426,
#8427),(#8428,#8429),(#8430,#8431),(#8432,#8433),(#8434,#8435),(#8436,#8437)),
 .SURF_OF_LINEAR_EXTRUSION.,.F.,.F.,.F.,(4,1,1,1,1,4),(2,2),(0.155640036306535,
0.232415694264018,0.309191352221501,0.385967010178984,0.424354839157725,
0.462742668136466),(0.,1.),.UNSPECIFIED.);
#4289=B_SPLINE_SURFACE_WITH_KNOTS('',3,1,((#8474,#8475),(#8476,#8477),(#8478,
#8479),(#8480,#8481)),.SURF_OF_LINEAR_EXTRUSION.,.F.,.F.,.F.,(4,4),(2,2),
(0.0279677996494125,0.0595792570903797),(0.,1.),
 .PIECEWISE_BEZIER_KNOTS.);
#4290=B_SPLINE_SURFACE_WITH_KNOTS('',3,1,((#8510,#8511),(#8512,#8513),(#8514,
#8515),(#8516,#8517),(#8518,#8519),(#8520,#8521)),
 .SURF_OF_LINEAR_EXTRUSION.,.F.,.F.,.F.,(4,1,1,4),(2,2),(0.0540372653794296,
0.0957828154976571,0.137528365615885,0.22101946585234),(0.,1.),
 .UNSPECIFIED.);
#4291=B_SPLINE_SURFACE_WITH_KNOTS('',3,1,((#8527,#8528),(#8529,#8530),(#8531,
#8532),(#8533,#8534),(#8535,#8536),(#8537,#8538),(#8539,#8540),(#8541,#8542),
(#8543,#8544),(#8545,#8546),(#8547,#8548),(#8549,#8550),(#8551,#8552),(#8553,
#8554),(#8555,#8556),(#8557,#8558),(#8559,#8560)),
 .SURF_OF_LINEAR_EXTRUSION.,.F.,.F.,.F.,(4,1,1,1,1,1,1,1,1,1,1,1,1,1,4),
(2,2),(0.523589374760582,0.575579763391174,0.60157495770647,0.627570152021766,
0.653565346337063,0.679560540652359,0.705555734967655,0.731550929282951,
0.783541317913543,0.809536512228839,0.835531706544135,0.861526900859431,
0.887522095174727,0.913517289490023,0.939512483805319),(0.,1.),
 .UNSPECIFIED.);
#4292=B_SPLINE_SURFACE_WITH_KNOTS('',3,1,((#8563,#8564),(#8565,#8566),(#8567,
#8568),(#8569,#8570),(#8571,#8572)),.SURF_OF_LINEAR_EXTRUSION.,.F.,.F.,
 .F.,(4,1,4),(2,2),(0.939512483805319,0.958013406880889,0.976514329956459),
(0.,1.),.UNSPECIFIED.);
#4293=B_SPLINE_SURFACE_WITH_KNOTS('',3,1,((#8608,#8609),(#8610,#8611),(#8612,
#8613),(#8614,#8615),(#8616,#8617),(#8618,#8619),(#8620,#8621),(#8622,#8623)),
 .SURF_OF_LINEAR_EXTRUSION.,.F.,.F.,.F.,(4,1,1,1,1,4),(2,2),(0.30835524657792,
0.348152302282961,0.387949357988003,0.407847885840524,0.427746413693044,
0.467543469398086),(0.,1.),.UNSPECIFIED.);
#4294=B_SPLINE_SURFACE_WITH_KNOTS('',3,1,((#8638,#8639),(#8640,#8641),(#8642,
#8643),(#8644,#8645),(#8646,#8647),(#8648,#8649),(#8650,#8651),(#8652,#8653)),
 .SURF_OF_LINEAR_EXTRUSION.,.F.,.F.,.F.,(4,1,1,1,1,4),(2,2),(0.178155897853368,
0.209443020181011,0.240730142508654,0.30330438716394,0.365878631819226,
0.428452876474511),(0.,1.),.UNSPECIFIED.);
#4295=B_SPLINE_SURFACE_WITH_KNOTS('',3,1,((#8689,#8690),(#8691,#8692),(#8693,
#8694),(#8695,#8696)),.SURF_OF_LINEAR_EXTRUSION.,.F.,.F.,.F.,(4,4),(2,2),
(0.794399602761753,0.886601212618646),(0.,1.),.PIECEWISE_BEZIER_KNOTS.);
#4296=B_SPLINE_SURFACE_WITH_KNOTS('',3,1,((#8699,#8700),(#8701,#8702),(#8703,
#8704),(#8705,#8706)),.SURF_OF_LINEAR_EXTRUSION.,.F.,.F.,.F.,(4,4),(2,2),
(0.0718081756765721,0.0957082854622869),(0.,1.),
 .PIECEWISE_BEZIER_KNOTS.);
#4297=B_SPLINE_SURFACE_WITH_KNOTS('',3,1,((#8786,#8787),(#8788,#8789),(#8790,
#8791),(#8792,#8793),(#8794,#8795),(#8796,#8797),(#8798,#8799),(#8800,#8801),
(#8802,#8803),(#8804,#8805),(#8806,#8807),(#8808,#8809),(#8810,#8811),(#8812,
#8813),(#8814,#8815)),.SURF_OF_LINEAR_EXTRUSION.,.F.,.F.,.F.,(4,1,1,1,1,
1,1,1,1,1,1,1,4),(2,2),(0.777518675935153,0.800759598655668,0.824000521376183,
0.847241444096697,0.870482366817212,0.893723289537727,0.916964212258242,
0.9285846736185,0.940205134978757,0.946015365658886,0.951825596339014,0.957635827019143,
0.963446057699272),(0.,1.),.UNSPECIFIED.);
#4298=B_SPLINE_SURFACE_WITH_KNOTS('',3,1,((#8827,#8828),(#8829,#8830),(#8831,
#8832),(#8833,#8834),(#8835,#8836),(#8837,#8838)),
 .SURF_OF_LINEAR_EXTRUSION.,.F.,.F.,.F.,(4,1,1,4),(2,2),(0.74040187037864,
0.779130616141171,0.817859361903702,0.895316853428764),(0.,1.),
 .UNSPECIFIED.);
#4299=B_SPLINE_SURFACE_WITH_KNOTS('',3,1,((#8854,#8855),(#8856,#8857),(#8858,
#8859),(#8860,#8861),(#8862,#8863),(#8864,#8865),(#8866,#8867),(#8868,#8869),
(#8870,#8871),(#8872,#8873),(#8874,#8875),(#8876,#8877),(#8878,#8879),(#8880,
#8881),(#8882,#8883),(#8884,#8885),(#8886,#8887)),
 .SURF_OF_LINEAR_EXTRUSION.,.F.,.F.,.F.,(4,1,1,1,1,1,1,1,1,1,1,1,1,1,4),
(2,2),(0.0595792570903797,0.088134219220801,0.116689181351222,0.173799105612065,
0.202354067742486,0.230909029872908,0.259463992003329,0.288018954133751,
0.316573916264172,0.345128878394593,0.373683840525015,0.402238802655436,
0.430793764785857,0.459348726916279,0.516458651177121),(0.,1.),
 .UNSPECIFIED.);
#4300=B_SPLINE_SURFACE_WITH_KNOTS('',3,1,((#8890,#8891),(#8892,#8893),(#8894,
#8895),(#8896,#8897),(#8898,#8899),(#8900,#8901),(#8902,#8903),(#8904,#8905)),
 .SURF_OF_LINEAR_EXTRUSION.,.F.,.F.,.F.,(4,1,1,1,1,4),(2,2),(0.155640036306535,
0.232415694264018,0.309191352221501,0.385967010178984,0.424354839157725,
0.462742668136466),(0.,1.),.UNSPECIFIED.);
#4301=B_SPLINE_SURFACE_WITH_KNOTS('',3,1,((#8942,#8943),(#8944,#8945),(#8946,
#8947),(#8948,#8949)),.SURF_OF_LINEAR_EXTRUSION.,.F.,.F.,.F.,(4,4),(2,2),
(0.0279677996494125,0.0595792570903797),(0.,1.),
 .PIECEWISE_BEZIER_KNOTS.);
#4302=B_SPLINE_SURFACE_WITH_KNOTS('',3,1,((#8978,#8979),(#8980,#8981),(#8982,
#8983),(#8984,#8985),(#8986,#8987),(#8988,#8989)),
 .SURF_OF_LINEAR_EXTRUSION.,.F.,.F.,.F.,(4,1,1,4),(2,2),(0.0540372653794295,
0.0957828154976571,0.137528365615885,0.22101946585234),(0.,1.),
 .UNSPECIFIED.);
#4303=B_SPLINE_SURFACE_WITH_KNOTS('',3,1,((#8995,#8996),(#8997,#8998),(#8999,
#9000),(#9001,#9002),(#9003,#9004),(#9005,#9006),(#9007,#9008),(#9009,#9010),
(#9011,#9012),(#9013,#9014),(#9015,#9016),(#9017,#9018),(#9019,#9020),(#9021,
#9022),(#9023,#9024),(#9025,#9026),(#9027,#9028)),
 .SURF_OF_LINEAR_EXTRUSION.,.F.,.F.,.F.,(4,1,1,1,1,1,1,1,1,1,1,1,1,1,4),
(2,2),(0.523589374760583,0.575579763391175,0.601574957706471,0.627570152021767,
0.653565346337063,0.679560540652359,0.705555734967655,0.731550929282951,
0.783541317913543,0.809536512228839,0.835531706544135,0.861526900859431,
0.887522095174727,0.913517289490023,0.939512483805319),(0.,1.),
 .UNSPECIFIED.);
#4304=B_SPLINE_SURFACE_WITH_KNOTS('',3,1,((#9031,#9032),(#9033,#9034),(#9035,
#9036),(#9037,#9038),(#9039,#9040)),.SURF_OF_LINEAR_EXTRUSION.,.F.,.F.,
 .F.,(4,1,4),(2,2),(0.939512483805319,0.958013406880886,0.976514329956453),
(0.,1.),.UNSPECIFIED.);
#4305=B_SPLINE_SURFACE_WITH_KNOTS('',3,1,((#9073,#9074),(#9075,#9076),(#9077,
#9078),(#9079,#9080),(#9081,#9082),(#9083,#9084),(#9085,#9086),(#9087,#9088)),
 .SURF_OF_LINEAR_EXTRUSION.,.F.,.F.,.F.,(4,1,1,1,1,4),(2,2),(0.30835524657792,
0.348152302282961,0.387949357988003,0.407847885840524,0.427746413693044,
0.467543469398086),(0.,1.),.UNSPECIFIED.);
#4306=B_SPLINE_SURFACE_WITH_KNOTS('',3,1,((#9103,#9104),(#9105,#9106),(#9107,
#9108),(#9109,#9110),(#9111,#9112),(#9113,#9114),(#9115,#9116),(#9117,#9118)),
 .SURF_OF_LINEAR_EXTRUSION.,.F.,.F.,.F.,(4,1,1,1,1,4),(2,2),(0.178155897853368,
0.209443020181011,0.240730142508654,0.30330438716394,0.365878631819226,
0.428452876474512),(0.,1.),.UNSPECIFIED.);
#4307=B_SPLINE_SURFACE_WITH_KNOTS('',3,1,((#9154,#9155),(#9156,#9157),(#9158,
#9159),(#9160,#9161)),.SURF_OF_LINEAR_EXTRUSION.,.F.,.F.,.F.,(4,4),(2,2),
(0.794399602761753,0.886601212618645),(0.,1.),.PIECEWISE_BEZIER_KNOTS.);
#4308=B_SPLINE_SURFACE_WITH_KNOTS('',3,1,((#9164,#9165),(#9166,#9167),(#9168,
#9169),(#9170,#9171)),.SURF_OF_LINEAR_EXTRUSION.,.F.,.F.,.F.,(4,4),(2,2),
(0.0718081756765721,0.0957082854622869),(0.,1.),
 .PIECEWISE_BEZIER_KNOTS.);
#4309=ADVANCED_FACE('',(#4003),#4285,.T.);
#4310=ADVANCED_FACE('',(#4004),#379,.T.);
#4311=ADVANCED_FACE('',(#4005,#4006,#4007,#4008,#4009,#4010,#4011,#4012,
#4013,#4014,#4015,#4016,#4017,#4018,#4019,#4020),#14,.F.);
#4312=ADVANCED_FACE('',(#4021,#4022,#4023,#4024,#4025,#4026,#4027,#4028,
#4029,#4030,#4031,#4032,#4033,#4034,#4035,#4036,#4037,#4038,#4039,#4040,
#4041,#4042,#4043,#4044),#15,.T.);
#4313=ADVANCED_FACE('',(#4045),#380,.T.);
#4314=ADVANCED_FACE('',(#4046),#381,.T.);
#4315=ADVANCED_FACE('',(#4047),#4286,.T.);
#4316=ADVANCED_FACE('',(#4048),#4287,.T.);
#4317=ADVANCED_FACE('',(#4049),#4288,.T.);
#4318=ADVANCED_FACE('',(#4050),#382,.T.);
#4319=ADVANCED_FACE('',(#4051),#16,.T.);
#4320=ADVANCED_FACE('',(#4052,#4053),#383,.F.);
#4321=ADVANCED_FACE('',(#4054,#4055,#4056),#17,.F.);
#4322=ADVANCED_FACE('',(#4057),#18,.F.);
#4323=ADVANCED_FACE('',(#4058),#384,.T.);
#4324=ADVANCED_FACE('',(#4059,#4060),#385,.F.);
#4325=ADVANCED_FACE('',(#4061),#386,.T.);
#4326=ADVANCED_FACE('',(#4062),#387,.T.);
#4327=ADVANCED_FACE('',(#4063),#388,.F.);
#4328=ADVANCED_FACE('',(#4064),#4289,.T.);
#4329=ADVANCED_FACE('',(#4065),#19,.T.);
#4330=ADVANCED_FACE('',(#4066),#389,.F.);
#4331=ADVANCED_FACE('',(#4067),#390,.F.);
#4332=ADVANCED_FACE('',(#4068),#20,.T.);
#4333=ADVANCED_FACE('',(#4069),#391,.T.);
#4334=ADVANCED_FACE('',(#4070),#21,.T.);
#4335=ADVANCED_FACE('',(#4071),#392,.F.);
#4336=ADVANCED_FACE('',(#4072),#22,.F.);
#4337=ADVANCED_FACE('',(#4073),#393,.F.);
#4338=ADVANCED_FACE('',(#4074),#23,.T.);
#4339=ADVANCED_FACE('',(#4075),#4290,.F.);
#4340=ADVANCED_FACE('',(#4076),#24,.T.);
#4341=ADVANCED_FACE('',(#4077),#4291,.F.);
#4342=ADVANCED_FACE('',(#4078),#4292,.F.);
#4343=ADVANCED_FACE('',(#4079),#394,.F.);
#4344=ADVANCED_FACE('',(#4080),#25,.T.);
#4345=ADVANCED_FACE('',(#4081),#395,.T.);
#4346=ADVANCED_FACE('',(#4082),#26,.F.);
#4347=ADVANCED_FACE('',(#4083),#396,.F.);
#4348=ADVANCED_FACE('',(#4084),#27,.T.);
#4349=ADVANCED_FACE('',(#4085),#397,.T.);
#4350=ADVANCED_FACE('',(#4086),#28,.T.);
#4351=ADVANCED_FACE('',(#4087),#29,.T.);
#4352=ADVANCED_FACE('',(#4088),#4293,.F.);
#4353=ADVANCED_FACE('',(#4089),#398,.T.);
#4354=ADVANCED_FACE('',(#4090),#30,.F.);
#4355=ADVANCED_FACE('',(#4091),#399,.F.);
#4356=ADVANCED_FACE('',(#4092),#31,.F.);
#4357=ADVANCED_FACE('',(#4093),#4294,.F.);
#4358=ADVANCED_FACE('',(#4094),#32,.F.);
#4359=ADVANCED_FACE('',(#4095),#400,.F.);
#4360=ADVANCED_FACE('',(#4096),#33,.T.);
#4361=ADVANCED_FACE('',(#4097),#401,.T.);
#4362=ADVANCED_FACE('',(#4098),#34,.T.);
#4363=ADVANCED_FACE('',(#4099),#4295,.F.);
#4364=ADVANCED_FACE('',(#4100),#4296,.F.);
#4365=ADVANCED_FACE('',(#4101),#35,.T.);
#4366=ADVANCED_FACE('',(#4102),#402,.T.);
#4367=ADVANCED_FACE('',(#4103),#36,.F.);
#4368=ADVANCED_FACE('',(#4104),#37,.F.);
#4369=ADVANCED_FACE('',(#4105),#403,.T.);
#4370=ADVANCED_FACE('',(#4106),#404,.T.);
#4371=ADVANCED_FACE('',(#4107,#4108),#405,.F.);
#4372=ADVANCED_FACE('',(#4109),#38,.T.);
#4373=ADVANCED_FACE('',(#4110),#39,.F.);
#4374=ADVANCED_FACE('',(#4111),#40,.F.);
#4375=ADVANCED_FACE('',(#4112),#41,.T.);
#4376=ADVANCED_FACE('',(#4113),#42,.F.);
#4377=ADVANCED_FACE('',(#4114),#43,.T.);
#4378=ADVANCED_FACE('',(#4115),#406,.F.);
#4379=ADVANCED_FACE('',(#4116),#407,.F.);
#4380=ADVANCED_FACE('',(#4117),#408,.F.);
#4381=ADVANCED_FACE('',(#4118),#409,.F.);
#4382=ADVANCED_FACE('',(#4119),#410,.F.);
#4383=ADVANCED_FACE('',(#4120),#411,.F.);
#4384=ADVANCED_FACE('',(#4121),#412,.F.);
#4385=ADVANCED_FACE('',(#4122),#413,.F.);
#4386=ADVANCED_FACE('',(#4123),#414,.F.);
#4387=ADVANCED_FACE('',(#4124),#415,.F.);
#4388=ADVANCED_FACE('',(#4125),#416,.F.);
#4389=ADVANCED_FACE('',(#4126),#417,.F.);
#4390=ADVANCED_FACE('',(#4127),#418,.F.);
#4391=ADVANCED_FACE('',(#4128),#419,.F.);
#4392=ADVANCED_FACE('',(#4129),#420,.F.);
#4393=ADVANCED_FACE('',(#4130),#421,.F.);
#4394=ADVANCED_FACE('',(#4131),#422,.F.);
#4395=ADVANCED_FACE('',(#4132),#423,.F.);
#4396=ADVANCED_FACE('',(#4133),#424,.F.);
#4397=ADVANCED_FACE('',(#4134),#425,.T.);
#4398=ADVANCED_FACE('',(#4135),#426,.F.);
#4399=ADVANCED_FACE('',(#4136),#427,.F.);
#4400=ADVANCED_FACE('',(#4137),#428,.F.);
#4401=ADVANCED_FACE('',(#4138),#429,.F.);
#4402=ADVANCED_FACE('',(#4139),#430,.F.);
#4403=ADVANCED_FACE('',(#4140),#431,.F.);
#4404=ADVANCED_FACE('',(#4141),#432,.F.);
#4405=ADVANCED_FACE('',(#4142),#433,.F.);
#4406=ADVANCED_FACE('',(#4143),#434,.F.);
#4407=ADVANCED_FACE('',(#4144),#435,.F.);
#4408=ADVANCED_FACE('',(#4145),#436,.F.);
#4409=ADVANCED_FACE('',(#4146),#437,.F.);
#4410=ADVANCED_FACE('',(#4147),#438,.F.);
#4411=ADVANCED_FACE('',(#4148),#439,.F.);
#4412=ADVANCED_FACE('',(#4149),#440,.F.);
#4413=ADVANCED_FACE('',(#4150),#441,.F.);
#4414=ADVANCED_FACE('',(#4151),#442,.F.);
#4415=ADVANCED_FACE('',(#4152),#443,.F.);
#4416=ADVANCED_FACE('',(#4153),#444,.F.);
#4417=ADVANCED_FACE('',(#4154),#445,.F.);
#4418=ADVANCED_FACE('',(#4155),#446,.F.);
#4419=ADVANCED_FACE('',(#4156),#4297,.F.);
#4420=ADVANCED_FACE('',(#4157),#447,.T.);
#4421=ADVANCED_FACE('',(#4158),#448,.T.);
#4422=ADVANCED_FACE('',(#4159),#449,.T.);
#4423=ADVANCED_FACE('',(#4160),#4298,.F.);
#4424=ADVANCED_FACE('',(#4161),#4299,.F.);
#4425=ADVANCED_FACE('',(#4162),#4300,.F.);
#4426=ADVANCED_FACE('',(#4163),#450,.T.);
#4427=ADVANCED_FACE('',(#4164),#44,.T.);
#4428=ADVANCED_FACE('',(#4165,#4166),#451,.F.);
#4429=ADVANCED_FACE('',(#4167,#4168,#4169),#45,.F.);
#4430=ADVANCED_FACE('',(#4170),#46,.F.);
#4431=ADVANCED_FACE('',(#4171),#452,.T.);
#4432=ADVANCED_FACE('',(#4172,#4173),#453,.F.);
#4433=ADVANCED_FACE('',(#4174),#454,.T.);
#4434=ADVANCED_FACE('',(#4175),#455,.T.);
#4435=ADVANCED_FACE('',(#4176),#456,.F.);
#4436=ADVANCED_FACE('',(#4177),#4301,.F.);
#4437=ADVANCED_FACE('',(#4178),#47,.T.);
#4438=ADVANCED_FACE('',(#4179),#457,.F.);
#4439=ADVANCED_FACE('',(#4180),#458,.F.);
#4440=ADVANCED_FACE('',(#4181),#48,.T.);
#4441=ADVANCED_FACE('',(#4182),#459,.T.);
#4442=ADVANCED_FACE('',(#4183),#49,.T.);
#4443=ADVANCED_FACE('',(#4184),#460,.F.);
#4444=ADVANCED_FACE('',(#4185),#50,.F.);
#4445=ADVANCED_FACE('',(#4186),#461,.F.);
#4446=ADVANCED_FACE('',(#4187),#51,.T.);
#4447=ADVANCED_FACE('',(#4188),#4302,.T.);
#4448=ADVANCED_FACE('',(#4189),#52,.T.);
#4449=ADVANCED_FACE('',(#4190),#4303,.T.);
#4450=ADVANCED_FACE('',(#4191),#4304,.T.);
#4451=ADVANCED_FACE('',(#4192),#53,.T.);
#4452=ADVANCED_FACE('',(#4193),#462,.T.);
#4453=ADVANCED_FACE('',(#4194),#54,.F.);
#4454=ADVANCED_FACE('',(#4195),#463,.F.);
#4455=ADVANCED_FACE('',(#4196),#55,.T.);
#4456=ADVANCED_FACE('',(#4197),#464,.T.);
#4457=ADVANCED_FACE('',(#4198),#56,.T.);
#4458=ADVANCED_FACE('',(#4199),#57,.T.);
#4459=ADVANCED_FACE('',(#4200),#4305,.T.);
#4460=ADVANCED_FACE('',(#4201),#465,.T.);
#4461=ADVANCED_FACE('',(#4202),#58,.F.);
#4462=ADVANCED_FACE('',(#4203),#466,.F.);
#4463=ADVANCED_FACE('',(#4204),#59,.F.);
#4464=ADVANCED_FACE('',(#4205),#4306,.T.);
#4465=ADVANCED_FACE('',(#4206),#60,.F.);
#4466=ADVANCED_FACE('',(#4207),#467,.F.);
#4467=ADVANCED_FACE('',(#4208),#61,.T.);
#4468=ADVANCED_FACE('',(#4209),#468,.T.);
#4469=ADVANCED_FACE('',(#4210),#62,.T.);
#4470=ADVANCED_FACE('',(#4211),#4307,.T.);
#4471=ADVANCED_FACE('',(#4212),#4308,.T.);
#4472=ADVANCED_FACE('',(#4213),#63,.T.);
#4473=ADVANCED_FACE('',(#4214),#469,.T.);
#4474=ADVANCED_FACE('',(#4215),#64,.F.);
#4475=ADVANCED_FACE('',(#4216),#65,.F.);
#4476=ADVANCED_FACE('',(#4217),#470,.T.);
#4477=ADVANCED_FACE('',(#4218),#471,.T.);
#4478=ADVANCED_FACE('',(#4219,#4220),#472,.F.);
#4479=ADVANCED_FACE('',(#4221),#66,.T.);
#4480=ADVANCED_FACE('',(#4222),#67,.F.);
#4481=ADVANCED_FACE('',(#4223),#68,.F.);
#4482=ADVANCED_FACE('',(#4224),#69,.T.);
#4483=ADVANCED_FACE('',(#4225),#70,.F.);
#4484=ADVANCED_FACE('',(#4226),#71,.T.);
#4485=ADVANCED_FACE('',(#4227),#473,.F.);
#4486=ADVANCED_FACE('',(#4228),#474,.F.);
#4487=ADVANCED_FACE('',(#4229),#475,.F.);
#4488=ADVANCED_FACE('',(#4230),#476,.F.);
#4489=ADVANCED_FACE('',(#4231),#477,.F.);
#4490=ADVANCED_FACE('',(#4232),#478,.F.);
#4491=ADVANCED_FACE('',(#4233),#479,.F.);
#4492=ADVANCED_FACE('',(#4234),#480,.F.);
#4493=ADVANCED_FACE('',(#4235),#481,.F.);
#4494=ADVANCED_FACE('',(#4236),#482,.F.);
#4495=ADVANCED_FACE('',(#4237),#483,.F.);
#4496=ADVANCED_FACE('',(#4238),#484,.F.);
#4497=ADVANCED_FACE('',(#4239),#485,.F.);
#4498=ADVANCED_FACE('',(#4240),#486,.F.);
#4499=ADVANCED_FACE('',(#4241),#487,.F.);
#4500=ADVANCED_FACE('',(#4242),#488,.F.);
#4501=ADVANCED_FACE('',(#4243),#489,.F.);
#4502=ADVANCED_FACE('',(#4244),#490,.F.);
#4503=ADVANCED_FACE('',(#4245),#491,.F.);
#4504=ADVANCED_FACE('',(#4246),#492,.T.);
#4505=ADVANCED_FACE('',(#4247),#493,.F.);
#4506=ADVANCED_FACE('',(#4248),#494,.F.);
#4507=ADVANCED_FACE('',(#4249),#495,.F.);
#4508=ADVANCED_FACE('',(#4250),#496,.F.);
#4509=ADVANCED_FACE('',(#4251),#497,.F.);
#4510=ADVANCED_FACE('',(#4252),#498,.F.);
#4511=ADVANCED_FACE('',(#4253),#499,.F.);
#4512=ADVANCED_FACE('',(#4254),#500,.F.);
#4513=ADVANCED_FACE('',(#4255),#501,.F.);
#4514=ADVANCED_FACE('',(#4256),#502,.F.);
#4515=ADVANCED_FACE('',(#4257),#503,.F.);
#4516=ADVANCED_FACE('',(#4258),#504,.F.);
#4517=ADVANCED_FACE('',(#4259),#505,.F.);
#4518=ADVANCED_FACE('',(#4260),#506,.F.);
#4519=ADVANCED_FACE('',(#4261),#507,.F.);
#4520=ADVANCED_FACE('',(#4262),#508,.F.);
#4521=ADVANCED_FACE('',(#4263),#509,.F.);
#4522=ADVANCED_FACE('',(#4264),#510,.F.);
#4523=ADVANCED_FACE('',(#4265),#511,.F.);
#4524=ADVANCED_FACE('',(#4266),#512,.F.);
#4525=ADVANCED_FACE('',(#4267),#513,.F.);
#4526=ADVANCED_FACE('',(#4268),#514,.T.);
#4527=ADVANCED_FACE('',(#4269),#515,.F.);
#4528=ADVANCED_FACE('',(#4270),#516,.F.);
#4529=ADVANCED_FACE('',(#4271),#517,.F.);
#4530=ADVANCED_FACE('',(#4272),#518,.F.);
#4531=ADVANCED_FACE('',(#4273),#519,.F.);
#4532=ADVANCED_FACE('',(#4274),#520,.F.);
#4533=ADVANCED_FACE('',(#4275),#521,.F.);
#4534=ADVANCED_FACE('',(#4276),#522,.F.);
#4535=ADVANCED_FACE('',(#4277),#523,.T.);
#4536=ADVANCED_FACE('',(#4278),#524,.T.);
#4537=ADVANCED_FACE('',(#4279),#525,.T.);
#4538=ADVANCED_FACE('',(#4280),#526,.T.);
#4539=ADVANCED_FACE('',(#4281,#4282),#12,.T.);
#4540=ADVANCED_FACE('',(#4283,#4284),#13,.T.);
#4541=CLOSED_SHELL('',(#4309,#4310,#4311,#4312,#4313,#4314,#4315,#4316,
#4317,#4318,#4319,#4320,#4321,#4322,#4323,#4324,#4325,#4326,#4327,#4328,
#4329,#4330,#4331,#4332,#4333,#4334,#4335,#4336,#4337,#4338,#4339,#4340,
#4341,#4342,#4343,#4344,#4345,#4346,#4347,#4348,#4349,#4350,#4351,#4352,
#4353,#4354,#4355,#4356,#4357,#4358,#4359,#4360,#4361,#4362,#4363,#4364,
#4365,#4366,#4367,#4368,#4369,#4370,#4371,#4372,#4373,#4374,#4375,#4376,
#4377,#4378,#4379,#4380,#4381,#4382,#4383,#4384,#4385,#4386,#4387,#4388,
#4389,#4390,#4391,#4392,#4393,#4394,#4395,#4396,#4397,#4398,#4399,#4400,
#4401,#4402,#4403,#4404,#4405,#4406,#4407,#4408,#4409,#4410,#4411,#4412,
#4413,#4414,#4415,#4416,#4417,#4418,#4419,#4420,#4421,#4422,#4423,#4424,
#4425,#4426,#4427,#4428,#4429,#4430,#4431,#4432,#4433,#4434,#4435,#4436,
#4437,#4438,#4439,#4440,#4441,#4442,#4443,#4444,#4445,#4446,#4447,#4448,
#4449,#4450,#4451,#4452,#4453,#4454,#4455,#4456,#4457,#4458,#4459,#4460,
#4461,#4462,#4463,#4464,#4465,#4466,#4467,#4468,#4469,#4470,#4471,#4472,
#4473,#4474,#4475,#4476,#4477,#4478,#4479,#4480,#4481,#4482,#4483,#4484,
#4485,#4486,#4487,#4488,#4489,#4490,#4491,#4492,#4493,#4494,#4495,#4496,
#4497,#4498,#4499,#4500,#4501,#4502,#4503,#4504,#4505,#4506,#4507,#4508,
#4509,#4510,#4511,#4512,#4513,#4514,#4515,#4516,#4517,#4518,#4519,#4520,
#4521,#4522,#4523,#4524,#4525,#4526,#4527,#4528,#4529,#4530,#4531,#4532,
#4533,#4534,#4535,#4536,#4537,#4538,#4539,#4540));
#4542=STYLED_ITEM('',(#4543),#4550);
#4543=PRESENTATION_STYLE_ASSIGNMENT((#4544));
#4544=SURFACE_STYLE_USAGE(.BOTH.,#4545);
#4545=SURFACE_SIDE_STYLE('',(#4546));
#4546=SURFACE_STYLE_FILL_AREA(#4547);
#4547=FILL_AREA_STYLE('',(#4548));
#4548=FILL_AREA_STYLE_COLOUR('',#4549);
#4549=COLOUR_RGB('',0.917647058823529,0.917647058823529,0.917647058823529);
#4550=MANIFOLD_SOLID_BREP('Wheel hub Ring',#4541);
#4551=SHAPE_DEFINITION_REPRESENTATION(#9274,#4552);
#4552=SHAPE_REPRESENTATION('Wheel hub Ring',(#4553),#9269);
#4553=AXIS2_PLACEMENT_3D('',#6423,#5069,#5070);
#4554=AXIS2_PLACEMENT_3D('',#6632,#5073,#5074);
#4555=AXIS2_PLACEMENT_3D('',#6633,#5075,#5076);
#4556=AXIS2_PLACEMENT_3D('',#6638,#5078,#5079);
#4557=AXIS2_PLACEMENT_3D('',#6641,#5081,#5082);
#4558=AXIS2_PLACEMENT_3D('',#6642,#5083,#5084);
#4559=AXIS2_PLACEMENT_3D('',#6651,#5085,#5086);
#4560=AXIS2_PLACEMENT_3D('',#6670,#5087,#5088);
#4561=AXIS2_PLACEMENT_3D('',#6674,#5090,#5091);
#4562=AXIS2_PLACEMENT_3D('',#6676,#5092,#5093);
#4563=AXIS2_PLACEMENT_3D('',#6678,#5094,#5095);
#4564=AXIS2_PLACEMENT_3D('',#6682,#5097,#5098);
#4565=AXIS2_PLACEMENT_3D('',#6697,#5100,#5101);
#4566=AXIS2_PLACEMENT_3D('',#6699,#5102,#5103);
#4567=AXIS2_PLACEMENT_3D('',#6701,#5104,#5105);
#4568=AXIS2_PLACEMENT_3D('',#6703,#5106,#5107);
#4569=AXIS2_PLACEMENT_3D('',#6705,#5108,#5109);
#4570=AXIS2_PLACEMENT_3D('',#6709,#5111,#5112);
#4571=AXIS2_PLACEMENT_3D('',#6711,#5113,#5114);
#4572=AXIS2_PLACEMENT_3D('',#6713,#5115,#5116);
#4573=AXIS2_PLACEMENT_3D('',#6717,#5118,#5119);
#4574=AXIS2_PLACEMENT_3D('',#6721,#5121,#5122);
#4575=AXIS2_PLACEMENT_3D('',#6722,#5123,#5124);
#4576=AXIS2_PLACEMENT_3D('',#6726,#5126,#5127);
#4577=AXIS2_PLACEMENT_3D('',#6730,#5129,#5130);
#4578=AXIS2_PLACEMENT_3D('',#6732,#5131,#5132);
#4579=AXIS2_PLACEMENT_3D('',#6734,#5133,#5134);
#4580=AXIS2_PLACEMENT_3D('',#6738,#5136,#5137);
#4581=AXIS2_PLACEMENT_3D('',#6742,#5139,#5140);
#4582=AXIS2_PLACEMENT_3D('',#6744,#5141,#5142);
#4583=AXIS2_PLACEMENT_3D('',#6746,#5143,#5144);
#4584=AXIS2_PLACEMENT_3D('',#6755,#5145,#5146);
#4585=AXIS2_PLACEMENT_3D('',#6757,#5147,#5148);
#4586=AXIS2_PLACEMENT_3D('',#6787,#5150,#5151);
#4587=AXIS2_PLACEMENT_3D('',#6795,#5152,#5153);
#4588=AXIS2_PLACEMENT_3D('',#6799,#5155,#5156);
#4589=AXIS2_PLACEMENT_3D('',#6801,#5157,#5158);
#4590=AXIS2_PLACEMENT_3D('',#6805,#5160,#5161);
#4591=AXIS2_PLACEMENT_3D('',#6809,#5163,#5164);
#4592=AXIS2_PLACEMENT_3D('',#6811,#5165,#5166);
#4593=AXIS2_PLACEMENT_3D('',#6815,#5168,#5169);
#4594=AXIS2_PLACEMENT_3D('',#6817,#5170,#5171);
#4595=AXIS2_PLACEMENT_3D('',#6819,#5172,#5173);
#4596=AXIS2_PLACEMENT_3D('',#6823,#5175,#5176);
#4597=AXIS2_PLACEMENT_3D('',#6825,#5177,#5178);
#4598=AXIS2_PLACEMENT_3D('',#6829,#5180,#5181);
#4599=AXIS2_PLACEMENT_3D('',#6833,#5183,#5184);
#4600=AXIS2_PLACEMENT_3D('',#6835,#5185,#5186);
#4601=AXIS2_PLACEMENT_3D('',#6839,#5188,#5189);
#4602=AXIS2_PLACEMENT_3D('',#6841,#5190,#5191);
#4603=AXIS2_PLACEMENT_3D('',#6843,#5192,#5193);
#4604=AXIS2_PLACEMENT_3D('',#6847,#5195,#5196);
#4605=AXIS2_PLACEMENT_3D('',#6850,#5198,#5199);
#4606=AXIS2_PLACEMENT_3D('',#6938,#5200,#5201);
#4607=AXIS2_PLACEMENT_3D('',#6941,#5202,#5203);
#4608=AXIS2_PLACEMENT_3D('',#6945,#5205,#5206);
#4609=AXIS2_PLACEMENT_3D('',#6955,#5207,#5208);
#4610=AXIS2_PLACEMENT_3D('',#6959,#5210,#5211);
#4611=AXIS2_PLACEMENT_3D('',#6961,#5212,#5213);
#4612=AXIS2_PLACEMENT_3D('',#6963,#5214,#5215);
#4613=AXIS2_PLACEMENT_3D('',#6967,#5217,#5218);
#4614=AXIS2_PLACEMENT_3D('',#6971,#5220,#5221);
#4615=AXIS2_PLACEMENT_3D('',#6986,#5222,#5223);
#4616=AXIS2_PLACEMENT_3D('',#6990,#5225,#5226);
#4617=AXIS2_PLACEMENT_3D('',#6992,#5227,#5228);
#4618=AXIS2_PLACEMENT_3D('',#6994,#5229,#5230);
#4619=AXIS2_PLACEMENT_3D('',#6998,#5232,#5233);
#4620=AXIS2_PLACEMENT_3D('',#7022,#5234,#5235);
#4621=AXIS2_PLACEMENT_3D('',#7024,#5236,#5237);
#4622=AXIS2_PLACEMENT_3D('',#7026,#5238,#5239);
#4623=AXIS2_PLACEMENT_3D('',#7030,#5241,#5242);
#4624=AXIS2_PLACEMENT_3D('',#7032,#5243,#5244);
#4625=AXIS2_PLACEMENT_3D('',#7034,#5245,#5246);
#4626=AXIS2_PLACEMENT_3D('',#7035,#5247,#5248);
#4627=AXIS2_PLACEMENT_3D('',#7038,#5249,#5250);
#4628=AXIS2_PLACEMENT_3D('',#7042,#5252,#5253);
#4629=AXIS2_PLACEMENT_3D('',#7044,#5254,#5255);
#4630=AXIS2_PLACEMENT_3D('',#7046,#5256,#5257);
#4631=AXIS2_PLACEMENT_3D('',#7061,#5258,#5259);
#4632=AXIS2_PLACEMENT_3D('',#7063,#5260,#5261);
#4633=AXIS2_PLACEMENT_3D('',#7065,#5262,#5263);
#4634=AXIS2_PLACEMENT_3D('',#7067,#5264,#5265);
#4635=AXIS2_PLACEMENT_3D('',#7069,#5266,#5267);
#4636=AXIS2_PLACEMENT_3D('',#7073,#5269,#5270);
#4637=AXIS2_PLACEMENT_3D('',#7074,#5271,#5272);
#4638=AXIS2_PLACEMENT_3D('',#7171,#5273,#5274);
#4639=AXIS2_PLACEMENT_3D('',#7262,#5276,#5277);
#4640=AXIS2_PLACEMENT_3D('',#7266,#5279,#5280);
#4641=AXIS2_PLACEMENT_3D('',#7268,#5281,#5282);
#4642=AXIS2_PLACEMENT_3D('',#7270,#5283,#5284);
#4643=AXIS2_PLACEMENT_3D('',#7274,#5286,#5287);
#4644=AXIS2_PLACEMENT_3D('',#7276,#5288,#5289);
#4645=AXIS2_PLACEMENT_3D('',#7280,#5291,#5292);
#4646=AXIS2_PLACEMENT_3D('',#7284,#5294,#5295);
#4647=AXIS2_PLACEMENT_3D('',#7286,#5296,#5297);
#4648=AXIS2_PLACEMENT_3D('',#7290,#5299,#5300);
#4649=AXIS2_PLACEMENT_3D('',#7292,#5301,#5302);
#4650=AXIS2_PLACEMENT_3D('',#7294,#5303,#5304);
#4651=AXIS2_PLACEMENT_3D('',#7298,#5306,#5307);
#4652=AXIS2_PLACEMENT_3D('',#7300,#5308,#5309);
#4653=AXIS2_PLACEMENT_3D('',#7304,#5311,#5312);
#4654=AXIS2_PLACEMENT_3D('',#7308,#5314,#5315);
#4655=AXIS2_PLACEMENT_3D('',#7310,#5316,#5317);
#4656=AXIS2_PLACEMENT_3D('',#7314,#5319,#5320);
#4657=AXIS2_PLACEMENT_3D('',#7322,#5321,#5322);
#4658=AXIS2_PLACEMENT_3D('',#7352,#5324,#5325);
#4659=AXIS2_PLACEMENT_3D('',#7354,#5326,#5327);
#4660=AXIS2_PLACEMENT_3D('',#7355,#5328,#5329);
#4661=AXIS2_PLACEMENT_3D('',#7358,#5330,#5331);
#4662=AXIS2_PLACEMENT_3D('',#7362,#5333,#5334);
#4663=AXIS2_PLACEMENT_3D('',#7364,#5335,#5336);
#4664=AXIS2_PLACEMENT_3D('',#7366,#5337,#5338);
#4665=AXIS2_PLACEMENT_3D('',#7370,#5340,#5341);
#4666=AXIS2_PLACEMENT_3D('',#7380,#5342,#5343);
#4667=AXIS2_PLACEMENT_3D('',#7384,#5345,#5346);
#4668=AXIS2_PLACEMENT_3D('',#7388,#5348,#5349);
#4669=AXIS2_PLACEMENT_3D('',#7390,#5350,#5351);
#4670=AXIS2_PLACEMENT_3D('',#7392,#5352,#5353);
#4671=AXIS2_PLACEMENT_3D('',#7396,#5355,#5356);
#4672=AXIS2_PLACEMENT_3D('',#7411,#5357,#5358);
#4673=AXIS2_PLACEMENT_3D('',#7415,#5360,#5361);
#4674=AXIS2_PLACEMENT_3D('',#7417,#5362,#5363);
#4675=AXIS2_PLACEMENT_3D('',#7419,#5364,#5365);
#4676=AXIS2_PLACEMENT_3D('',#7423,#5367,#5368);
#4677=AXIS2_PLACEMENT_3D('',#7425,#5369,#5370);
#4678=AXIS2_PLACEMENT_3D('',#7427,#5371,#5372);
#4679=AXIS2_PLACEMENT_3D('',#7451,#5373,#5374);
#4680=AXIS2_PLACEMENT_3D('',#7452,#5375,#5376);
#4681=AXIS2_PLACEMENT_3D('',#7455,#5377,#5378);
#4682=AXIS2_PLACEMENT_3D('',#7459,#5380,#5381);
#4683=AXIS2_PLACEMENT_3D('',#7461,#5382,#5383);
#4684=AXIS2_PLACEMENT_3D('',#7463,#5384,#5385);
#4685=AXIS2_PLACEMENT_3D('',#7465,#5386,#5387);
#4686=AXIS2_PLACEMENT_3D('',#7467,#5388,#5389);
#4687=AXIS2_PLACEMENT_3D('',#7482,#5390,#5391);
#4688=AXIS2_PLACEMENT_3D('',#7484,#5392,#5393);
#4689=AXIS2_PLACEMENT_3D('',#7486,#5394,#5395);
#4690=AXIS2_PLACEMENT_3D('',#7490,#5397,#5398);
#4691=AXIS2_PLACEMENT_3D('',#7491,#5399,#5400);
#4692=AXIS2_PLACEMENT_3D('',#7493,#5401,#5402);
#4693=AXIS2_PLACEMENT_3D('',#7494,#5403,#5404);
#4694=AXIS2_PLACEMENT_3D('',#7499,#5406,#5407);
#4695=AXIS2_PLACEMENT_3D('',#7501,#5408,#5409);
#4696=AXIS2_PLACEMENT_3D('',#7503,#5410,#5411);
#4697=AXIS2_PLACEMENT_3D('',#7505,#5412,#5413);
#4698=AXIS2_PLACEMENT_3D('',#7507,#5414,#5415);
#4699=AXIS2_PLACEMENT_3D('',#7511,#5417,#5418);
#4700=AXIS2_PLACEMENT_3D('',#7512,#5419,#5420);
#4701=AXIS2_PLACEMENT_3D('',#7516,#5422,#5423);
#4702=AXIS2_PLACEMENT_3D('',#7520,#5425,#5426);
#4703=AXIS2_PLACEMENT_3D('',#7522,#5427,#5428);
#4704=AXIS2_PLACEMENT_3D('',#7524,#5429,#5430);
#4705=AXIS2_PLACEMENT_3D('',#7532,#5431,#5432);
#4706=AXIS2_PLACEMENT_3D('',#7551,#5433,#5434);
#4707=AXIS2_PLACEMENT_3D('',#7555,#5436,#5437);
#4708=AXIS2_PLACEMENT_3D('',#7557,#5438,#5439);
#4709=AXIS2_PLACEMENT_3D('',#7559,#5440,#5441);
#4710=AXIS2_PLACEMENT_3D('',#7563,#5443,#5444);
#4711=AXIS2_PLACEMENT_3D('',#7578,#5446,#5447);
#4712=AXIS2_PLACEMENT_3D('',#7582,#5449,#5450);
#4713=AXIS2_PLACEMENT_3D('',#7584,#5451,#5452);
#4714=AXIS2_PLACEMENT_3D('',#7586,#5453,#5454);
#4715=AXIS2_PLACEMENT_3D('',#7590,#5456,#5457);
#4716=AXIS2_PLACEMENT_3D('',#7594,#5459,#5460);
#4717=AXIS2_PLACEMENT_3D('',#7596,#5461,#5462);
#4718=AXIS2_PLACEMENT_3D('',#7598,#5463,#5464);
#4719=AXIS2_PLACEMENT_3D('',#7599,#5465,#5466);
#4720=AXIS2_PLACEMENT_3D('',#7602,#5467,#5468);
#4721=AXIS2_PLACEMENT_3D('',#7698,#5469,#5470);
#4722=AXIS2_PLACEMENT_3D('',#7701,#5472,#5473);
#4723=AXIS2_PLACEMENT_3D('',#7705,#5475,#5476);
#4724=AXIS2_PLACEMENT_3D('',#7707,#5477,#5478);
#4725=AXIS2_PLACEMENT_3D('',#7709,#5479,#5480);
#4726=AXIS2_PLACEMENT_3D('',#7713,#5482,#5483);
#4727=AXIS2_PLACEMENT_3D('',#7715,#5484,#5485);
#4728=AXIS2_PLACEMENT_3D('',#7717,#5486,#5487);
#4729=AXIS2_PLACEMENT_3D('',#7731,#5488,#5489);
#4730=AXIS2_PLACEMENT_3D('',#7756,#5490,#5491);
#4731=AXIS2_PLACEMENT_3D('',#7760,#5493,#5494);
#4732=AXIS2_PLACEMENT_3D('',#7762,#5495,#5496);
#4733=AXIS2_PLACEMENT_3D('',#7764,#5497,#5498);
#4734=AXIS2_PLACEMENT_3D('',#7768,#5500,#5501);
#4735=AXIS2_PLACEMENT_3D('',#7770,#5502,#5503);
#4736=AXIS2_PLACEMENT_3D('',#7772,#5504,#5505);
#4737=AXIS2_PLACEMENT_3D('',#7776,#5507,#5508);
#4738=AXIS2_PLACEMENT_3D('',#7778,#5509,#5510);
#4739=AXIS2_PLACEMENT_3D('',#7780,#5511,#5512);
#4740=AXIS2_PLACEMENT_3D('',#7784,#5514,#5515);
#4741=AXIS2_PLACEMENT_3D('',#7786,#5516,#5517);
#4742=AXIS2_PLACEMENT_3D('',#7788,#5518,#5519);
#4743=AXIS2_PLACEMENT_3D('',#7792,#5521,#5522);
#4744=AXIS2_PLACEMENT_3D('',#7794,#5523,#5524);
#4745=AXIS2_PLACEMENT_3D('',#7796,#5525,#5526);
#4746=AXIS2_PLACEMENT_3D('',#7797,#5527,#5528);
#4747=AXIS2_PLACEMENT_3D('',#7800,#5529,#5530);
#4748=AXIS2_PLACEMENT_3D('',#7804,#5532,#5533);
#4749=AXIS2_PLACEMENT_3D('',#7806,#5534,#5535);
#4750=AXIS2_PLACEMENT_3D('',#7808,#5536,#5537);
#4751=AXIS2_PLACEMENT_3D('',#7810,#5538,#5539);
#4752=AXIS2_PLACEMENT_3D('',#7812,#5540,#5541);
#4753=AXIS2_PLACEMENT_3D('',#7827,#5542,#5543);
#4754=AXIS2_PLACEMENT_3D('',#7829,#5544,#5545);
#4755=AXIS2_PLACEMENT_3D('',#7831,#5546,#5547);
#4756=AXIS2_PLACEMENT_3D('',#7835,#5549,#5550);
#4757=AXIS2_PLACEMENT_3D('',#7836,#5551,#5552);
#4758=AXIS2_PLACEMENT_3D('',#7838,#5553,#5554);
#4759=AXIS2_PLACEMENT_3D('',#7843,#5556,#5557);
#4760=AXIS2_PLACEMENT_3D('',#7858,#5558,#5559);
#4761=AXIS2_PLACEMENT_3D('',#7862,#5561,#5562);
#4762=AXIS2_PLACEMENT_3D('',#7864,#5563,#5564);
#4763=AXIS2_PLACEMENT_3D('',#7866,#5565,#5566);
#4764=AXIS2_PLACEMENT_3D('',#7870,#5568,#5569);
#4765=AXIS2_PLACEMENT_3D('',#7872,#5570,#5571);
#4766=AXIS2_PLACEMENT_3D('',#7874,#5572,#5573);
#4767=AXIS2_PLACEMENT_3D('',#7878,#5575,#5576);
#4768=AXIS2_PLACEMENT_3D('',#7880,#5577,#5578);
#4769=AXIS2_PLACEMENT_3D('',#7882,#5579,#5580);
#4770=AXIS2_PLACEMENT_3D('',#7886,#5582,#5583);
#4771=AXIS2_PLACEMENT_3D('',#7896,#5584,#5585);
#4772=AXIS2_PLACEMENT_3D('',#7911,#5586,#5587);
#4773=AXIS2_PLACEMENT_3D('',#7915,#5589,#5590);
#4774=AXIS2_PLACEMENT_3D('',#7917,#5591,#5592);
#4775=AXIS2_PLACEMENT_3D('',#7919,#5593,#5594);
#4776=AXIS2_PLACEMENT_3D('',#7923,#5596,#5597);
#4777=AXIS2_PLACEMENT_3D('',#7931,#5598,#5599);
#4778=AXIS2_PLACEMENT_3D('',#7932,#5600,#5601);
#4779=AXIS2_PLACEMENT_3D('',#7948,#5602,#5603);
#4780=AXIS2_PLACEMENT_3D('',#7950,#5604,#5605);
#4781=AXIS2_PLACEMENT_3D('',#7952,#5606,#5607);
#4782=AXIS2_PLACEMENT_3D('',#7956,#5609,#5610);
#4783=AXIS2_PLACEMENT_3D('',#7958,#5611,#5612);
#4784=AXIS2_PLACEMENT_3D('',#7960,#5613,#5614);
#4785=AXIS2_PLACEMENT_3D('',#7964,#5616,#5617);
#4786=AXIS2_PLACEMENT_3D('',#8055,#5619,#5620);
#4787=AXIS2_PLACEMENT_3D('',#8151,#5621,#5622);
#4788=AXIS2_PLACEMENT_3D('',#8152,#5623,#5624);
#4789=AXIS2_PLACEMENT_3D('',#8177,#5625,#5626);
#4790=AXIS2_PLACEMENT_3D('',#8179,#5627,#5628);
#4791=AXIS2_PLACEMENT_3D('',#8181,#5629,#5630);
#4792=AXIS2_PLACEMENT_3D('',#8185,#5632,#5633);
#4793=AXIS2_PLACEMENT_3D('',#8187,#5634,#5635);
#4794=AXIS2_PLACEMENT_3D('',#8189,#5636,#5637);
#4795=AXIS2_PLACEMENT_3D('',#8193,#5639,#5640);
#4796=AXIS2_PLACEMENT_3D('',#8197,#5642,#5643);
#4797=AXIS2_PLACEMENT_3D('',#8199,#5644,#5645);
#4798=AXIS2_PLACEMENT_3D('',#8201,#5646,#5647);
#4799=AXIS2_PLACEMENT_3D('',#8205,#5649,#5650);
#4800=AXIS2_PLACEMENT_3D('',#8207,#5651,#5652);
#4801=AXIS2_PLACEMENT_3D('',#8209,#5653,#5654);
#4802=AXIS2_PLACEMENT_3D('',#8213,#5656,#5657);
#4803=AXIS2_PLACEMENT_3D('',#8215,#5658,#5659);
#4804=AXIS2_PLACEMENT_3D('',#8217,#5660,#5661);
#4805=AXIS2_PLACEMENT_3D('',#8218,#5662,#5663);
#4806=AXIS2_PLACEMENT_3D('',#8221,#5664,#5665);
#4807=AXIS2_PLACEMENT_3D('',#8225,#5667,#5668);
#4808=AXIS2_PLACEMENT_3D('',#8227,#5669,#5670);
#4809=AXIS2_PLACEMENT_3D('',#8229,#5671,#5672);
#4810=AXIS2_PLACEMENT_3D('',#8244,#5673,#5674);
#4811=AXIS2_PLACEMENT_3D('',#8246,#5675,#5676);
#4812=AXIS2_PLACEMENT_3D('',#8248,#5677,#5678);
#4813=AXIS2_PLACEMENT_3D('',#8250,#5679,#5680);
#4814=AXIS2_PLACEMENT_3D('',#8252,#5681,#5682);
#4815=AXIS2_PLACEMENT_3D('',#8256,#5684,#5685);
#4816=AXIS2_PLACEMENT_3D('',#8257,#5686,#5687);
#4817=AXIS2_PLACEMENT_3D('',#8259,#5688,#5689);
#4818=AXIS2_PLACEMENT_3D('',#8264,#5691,#5692);
#4819=AXIS2_PLACEMENT_3D('',#8266,#5693,#5694);
#4820=AXIS2_PLACEMENT_3D('',#8268,#5695,#5696);
#4821=AXIS2_PLACEMENT_3D('',#8272,#5698,#5699);
#4822=AXIS2_PLACEMENT_3D('',#8287,#5700,#5701);
#4823=AXIS2_PLACEMENT_3D('',#8291,#5703,#5704);
#4824=AXIS2_PLACEMENT_3D('',#8301,#5705,#5706);
#4825=AXIS2_PLACEMENT_3D('',#8305,#5708,#5709);
#4826=AXIS2_PLACEMENT_3D('',#8307,#5710,#5711);
#4827=AXIS2_PLACEMENT_3D('',#8309,#5712,#5713);
#4828=AXIS2_PLACEMENT_3D('',#8313,#5715,#5716);
#4829=AXIS2_PLACEMENT_3D('',#8315,#5717,#5718);
#4830=AXIS2_PLACEMENT_3D('',#8317,#5719,#5720);
#4831=AXIS2_PLACEMENT_3D('',#8332,#5721,#5722);
#4832=AXIS2_PLACEMENT_3D('',#8340,#5723,#5724);
#4833=AXIS2_PLACEMENT_3D('',#8344,#5726,#5727);
#4834=AXIS2_PLACEMENT_3D('',#8346,#5728,#5729);
#4835=AXIS2_PLACEMENT_3D('',#8348,#5730,#5731);
#4836=AXIS2_PLACEMENT_3D('',#8352,#5733,#5734);
#4837=AXIS2_PLACEMENT_3D('',#8353,#5735,#5736);
#4838=AXIS2_PLACEMENT_3D('',#8356,#5739,#5740);
#4839=AXIS2_PLACEMENT_3D('',#8440,#5749,#5750);
#4840=AXIS2_PLACEMENT_3D('',#8441,#5751,#5752);
#4841=AXIS2_PLACEMENT_3D('',#8446,#5755,#5756);
#4842=AXIS2_PLACEMENT_3D('',#8452,#5761,#5762);
#4843=AXIS2_PLACEMENT_3D('',#8453,#5763,#5764);
#4844=AXIS2_PLACEMENT_3D('',#8455,#5765,#5766);
#4845=AXIS2_PLACEMENT_3D('',#8458,#5768,#5769);
#4846=AXIS2_PLACEMENT_3D('',#8459,#5770,#5771);
#4847=AXIS2_PLACEMENT_3D('',#8461,#5772,#5773);
#4848=AXIS2_PLACEMENT_3D('',#8464,#5776,#5777);
#4849=AXIS2_PLACEMENT_3D('',#8465,#5778,#5779);
#4850=AXIS2_PLACEMENT_3D('',#8466,#5780,#5781);
#4851=AXIS2_PLACEMENT_3D('',#8469,#5784,#5785);
#4852=AXIS2_PLACEMENT_3D('',#8472,#5788,#5789);
#4853=AXIS2_PLACEMENT_3D('',#8483,#5792,#5793);
#4854=AXIS2_PLACEMENT_3D('',#8486,#5796,#5797);
#4855=AXIS2_PLACEMENT_3D('',#8488,#5799,#5800);
#4856=AXIS2_PLACEMENT_3D('',#8491,#5803,#5804);
#4857=AXIS2_PLACEMENT_3D('',#8493,#5806,#5807);
#4858=AXIS2_PLACEMENT_3D('',#8495,#5809,#5810);
#4859=AXIS2_PLACEMENT_3D('',#8498,#5812,#5813);
#4860=AXIS2_PLACEMENT_3D('',#8500,#5815,#5816);
#4861=AXIS2_PLACEMENT_3D('',#8501,#5817,#5818);
#4862=AXIS2_PLACEMENT_3D('',#8504,#5821,#5822);
#4863=AXIS2_PLACEMENT_3D('',#8507,#5825,#5826);
#4864=AXIS2_PLACEMENT_3D('',#8524,#5831,#5832);
#4865=AXIS2_PLACEMENT_3D('',#8574,#5838,#5839);
#4866=AXIS2_PLACEMENT_3D('',#8577,#5842,#5843);
#4867=AXIS2_PLACEMENT_3D('',#8583,#5847,#5848);
#4868=AXIS2_PLACEMENT_3D('',#8584,#5849,#5850);
#4869=AXIS2_PLACEMENT_3D('',#8588,#5853,#5854);
#4870=AXIS2_PLACEMENT_3D('',#8591,#5857,#5858);
#4871=AXIS2_PLACEMENT_3D('',#8594,#5861,#5862);
#4872=AXIS2_PLACEMENT_3D('',#8597,#5865,#5866);
#4873=AXIS2_PLACEMENT_3D('',#8601,#5869,#5870);
#4874=AXIS2_PLACEMENT_3D('',#8602,#5871,#5872);
#4875=AXIS2_PLACEMENT_3D('',#8603,#5873,#5874);
#4876=AXIS2_PLACEMENT_3D('',#8604,#5875,#5876);
#4877=AXIS2_PLACEMENT_3D('',#8605,#5877,#5878);
#4878=AXIS2_PLACEMENT_3D('',#8626,#5883,#5884);
#4879=AXIS2_PLACEMENT_3D('',#8629,#5887,#5888);
#4880=AXIS2_PLACEMENT_3D('',#8632,#5891,#5892);
#4881=AXIS2_PLACEMENT_3D('',#8635,#5895,#5896);
#4882=AXIS2_PLACEMENT_3D('',#8656,#5901,#5902);
#4883=AXIS2_PLACEMENT_3D('',#8659,#5905,#5906);
#4884=AXIS2_PLACEMENT_3D('',#8662,#5909,#5910);
#4885=AXIS2_PLACEMENT_3D('',#8665,#5913,#5914);
#4886=AXIS2_PLACEMENT_3D('',#8668,#5917,#5918);
#4887=AXIS2_PLACEMENT_3D('',#8672,#5920,#5921);
#4888=AXIS2_PLACEMENT_3D('',#8686,#5922,#5923);
#4889=AXIS2_PLACEMENT_3D('',#8688,#5924,#5925);
#4890=AXIS2_PLACEMENT_3D('',#8709,#5930,#5931);
#4891=AXIS2_PLACEMENT_3D('',#8712,#5934,#5935);
#4892=AXIS2_PLACEMENT_3D('',#8715,#5938,#5939);
#4893=AXIS2_PLACEMENT_3D('',#8718,#5942,#5943);
#4894=AXIS2_PLACEMENT_3D('',#8719,#5944,#5945);
#4895=AXIS2_PLACEMENT_3D('',#8720,#5946,#5947);
#4896=AXIS2_PLACEMENT_3D('',#8723,#5950,#5951);
#4897=AXIS2_PLACEMENT_3D('',#8726,#5954,#5955);
#4898=AXIS2_PLACEMENT_3D('',#8727,#5956,#5957);
#4899=AXIS2_PLACEMENT_3D('',#8730,#5960,#5961);
#4900=AXIS2_PLACEMENT_3D('',#8733,#5964,#5965);
#4901=AXIS2_PLACEMENT_3D('',#8736,#5968,#5969);
#4902=AXIS2_PLACEMENT_3D('',#8739,#5972,#5973);
#4903=AXIS2_PLACEMENT_3D('',#8742,#5976,#5977);
#4904=AXIS2_PLACEMENT_3D('',#8745,#5980,#5981);
#4905=AXIS2_PLACEMENT_3D('',#8746,#5982,#5983);
#4906=AXIS2_PLACEMENT_3D('',#8747,#5984,#5985);
#4907=AXIS2_PLACEMENT_3D('',#8748,#5986,#5987);
#4908=AXIS2_PLACEMENT_3D('',#8749,#5988,#5989);
#4909=AXIS2_PLACEMENT_3D('',#8750,#5990,#5991);
#4910=AXIS2_PLACEMENT_3D('',#8751,#5992,#5993);
#4911=AXIS2_PLACEMENT_3D('',#8752,#5994,#5995);
#4912=AXIS2_PLACEMENT_3D('',#8753,#5996,#5997);
#4913=AXIS2_PLACEMENT_3D('',#8754,#5998,#5999);
#4914=AXIS2_PLACEMENT_3D('',#8755,#6000,#6001);
#4915=AXIS2_PLACEMENT_3D('',#8756,#6002,#6003);
#4916=AXIS2_PLACEMENT_3D('',#8757,#6004,#6005);
#4917=AXIS2_PLACEMENT_3D('',#8758,#6006,#6007);
#4918=AXIS2_PLACEMENT_3D('',#8759,#6008,#6009);
#4919=AXIS2_PLACEMENT_3D('',#8760,#6010,#6011);
#4920=AXIS2_PLACEMENT_3D('',#8761,#6012,#6013);
#4921=AXIS2_PLACEMENT_3D('',#8762,#6014,#6015);
#4922=AXIS2_PLACEMENT_3D('',#8763,#6016,#6017);
#4923=AXIS2_PLACEMENT_3D('',#8764,#6018,#6019);
#4924=AXIS2_PLACEMENT_3D('',#8765,#6020,#6021);
#4925=AXIS2_PLACEMENT_3D('',#8766,#6022,#6023);
#4926=AXIS2_PLACEMENT_3D('',#8767,#6024,#6025);
#4927=AXIS2_PLACEMENT_3D('',#8768,#6026,#6027);
#4928=AXIS2_PLACEMENT_3D('',#8769,#6028,#6029);
#4929=AXIS2_PLACEMENT_3D('',#8770,#6030,#6031);
#4930=AXIS2_PLACEMENT_3D('',#8771,#6032,#6033);
#4931=AXIS2_PLACEMENT_3D('',#8772,#6034,#6035);
#4932=AXIS2_PLACEMENT_3D('',#8773,#6036,#6037);
#4933=AXIS2_PLACEMENT_3D('',#8774,#6038,#6039);
#4934=AXIS2_PLACEMENT_3D('',#8775,#6040,#6041);
#4935=AXIS2_PLACEMENT_3D('',#8776,#6042,#6043);
#4936=AXIS2_PLACEMENT_3D('',#8777,#6044,#6045);
#4937=AXIS2_PLACEMENT_3D('',#8778,#6046,#6047);
#4938=AXIS2_PLACEMENT_3D('',#8779,#6048,#6049);
#4939=AXIS2_PLACEMENT_3D('',#8780,#6050,#6051);
#4940=AXIS2_PLACEMENT_3D('',#8781,#6052,#6053);
#4941=AXIS2_PLACEMENT_3D('',#8782,#6054,#6055);
#4942=AXIS2_PLACEMENT_3D('',#8783,#6056,#6057);
#4943=AXIS2_PLACEMENT_3D('',#8784,#6058,#6059);
#4944=AXIS2_PLACEMENT_3D('',#8785,#6060,#6061);
#4945=AXIS2_PLACEMENT_3D('',#8818,#6064,#6065);
#4946=AXIS2_PLACEMENT_3D('',#8821,#6068,#6069);
#4947=AXIS2_PLACEMENT_3D('',#8824,#6072,#6073);
#4948=AXIS2_PLACEMENT_3D('',#8908,#6082,#6083);
#4949=AXIS2_PLACEMENT_3D('',#8909,#6084,#6085);
#4950=AXIS2_PLACEMENT_3D('',#8914,#6088,#6089);
#4951=AXIS2_PLACEMENT_3D('',#8920,#6094,#6095);
#4952=AXIS2_PLACEMENT_3D('',#8921,#6096,#6097);
#4953=AXIS2_PLACEMENT_3D('',#8923,#6098,#6099);
#4954=AXIS2_PLACEMENT_3D('',#8924,#6100,#6101);
#4955=AXIS2_PLACEMENT_3D('',#8927,#6103,#6104);
#4956=AXIS2_PLACEMENT_3D('',#8929,#6105,#6106);
#4957=AXIS2_PLACEMENT_3D('',#8932,#6109,#6110);
#4958=AXIS2_PLACEMENT_3D('',#8933,#6111,#6112);
#4959=AXIS2_PLACEMENT_3D('',#8934,#6113,#6114);
#4960=AXIS2_PLACEMENT_3D('',#8937,#6117,#6118);
#4961=AXIS2_PLACEMENT_3D('',#8940,#6121,#6122);
#4962=AXIS2_PLACEMENT_3D('',#8951,#6125,#6126);
#4963=AXIS2_PLACEMENT_3D('',#8954,#6129,#6130);
#4964=AXIS2_PLACEMENT_3D('',#8956,#6132,#6133);
#4965=AXIS2_PLACEMENT_3D('',#8959,#6136,#6137);
#4966=AXIS2_PLACEMENT_3D('',#8961,#6139,#6140);
#4967=AXIS2_PLACEMENT_3D('',#8964,#6142,#6143);
#4968=AXIS2_PLACEMENT_3D('',#8966,#6145,#6146);
#4969=AXIS2_PLACEMENT_3D('',#8968,#6148,#6149);
#4970=AXIS2_PLACEMENT_3D('',#8969,#6150,#6151);
#4971=AXIS2_PLACEMENT_3D('',#8972,#6154,#6155);
#4972=AXIS2_PLACEMENT_3D('',#8975,#6158,#6159);
#4973=AXIS2_PLACEMENT_3D('',#8992,#6164,#6165);
#4974=AXIS2_PLACEMENT_3D('',#9042,#6171,#6172);
#4975=AXIS2_PLACEMENT_3D('',#9048,#6176,#6177);
#4976=AXIS2_PLACEMENT_3D('',#9049,#6178,#6179);
#4977=AXIS2_PLACEMENT_3D('',#9053,#6182,#6183);
#4978=AXIS2_PLACEMENT_3D('',#9056,#6186,#6187);
#4979=AXIS2_PLACEMENT_3D('',#9059,#6190,#6191);
#4980=AXIS2_PLACEMENT_3D('',#9062,#6194,#6195);
#4981=AXIS2_PLACEMENT_3D('',#9063,#6196,#6197);
#4982=AXIS2_PLACEMENT_3D('',#9067,#6200,#6201);
#4983=AXIS2_PLACEMENT_3D('',#9068,#6202,#6203);
#4984=AXIS2_PLACEMENT_3D('',#9069,#6204,#6205);
#4985=AXIS2_PLACEMENT_3D('',#9070,#6206,#6207);
#4986=AXIS2_PLACEMENT_3D('',#9091,#6212,#6213);
#4987=AXIS2_PLACEMENT_3D('',#9094,#6216,#6217);
#4988=AXIS2_PLACEMENT_3D('',#9097,#6220,#6221);
#4989=AXIS2_PLACEMENT_3D('',#9100,#6224,#6225);
#4990=AXIS2_PLACEMENT_3D('',#9121,#6230,#6231);
#4991=AXIS2_PLACEMENT_3D('',#9124,#6234,#6235);
#4992=AXIS2_PLACEMENT_3D('',#9127,#6238,#6239);
#4993=AXIS2_PLACEMENT_3D('',#9130,#6242,#6243);
#4994=AXIS2_PLACEMENT_3D('',#9133,#6246,#6247);
#4995=AXIS2_PLACEMENT_3D('',#9137,#6249,#6250);
#4996=AXIS2_PLACEMENT_3D('',#9139,#6251,#6252);
#4997=AXIS2_PLACEMENT_3D('',#9153,#6253,#6254);
#4998=AXIS2_PLACEMENT_3D('',#9174,#6259,#6260);
#4999=AXIS2_PLACEMENT_3D('',#9177,#6263,#6264);
#5000=AXIS2_PLACEMENT_3D('',#9180,#6267,#6268);
#5001=AXIS2_PLACEMENT_3D('',#9183,#6271,#6272);
#5002=AXIS2_PLACEMENT_3D('',#9184,#6273,#6274);
#5003=AXIS2_PLACEMENT_3D('',#9185,#6275,#6276);
#5004=AXIS2_PLACEMENT_3D('',#9188,#6279,#6280);
#5005=AXIS2_PLACEMENT_3D('',#9191,#6283,#6284);
#5006=AXIS2_PLACEMENT_3D('',#9192,#6285,#6286);
#5007=AXIS2_PLACEMENT_3D('',#9195,#6289,#6290);
#5008=AXIS2_PLACEMENT_3D('',#9198,#6293,#6294);
#5009=AXIS2_PLACEMENT_3D('',#9201,#6297,#6298);
#5010=AXIS2_PLACEMENT_3D('',#9204,#6301,#6302);
#5011=AXIS2_PLACEMENT_3D('',#9207,#6305,#6306);
#5012=AXIS2_PLACEMENT_3D('',#9210,#6309,#6310);
#5013=AXIS2_PLACEMENT_3D('',#9211,#6311,#6312);
#5014=AXIS2_PLACEMENT_3D('',#9212,#6313,#6314);
#5015=AXIS2_PLACEMENT_3D('',#9213,#6315,#6316);
#5016=AXIS2_PLACEMENT_3D('',#9214,#6317,#6318);
#5017=AXIS2_PLACEMENT_3D('',#9215,#6319,#6320);
#5018=AXIS2_PLACEMENT_3D('',#9216,#6321,#6322);
#5019=AXIS2_PLACEMENT_3D('',#9217,#6323,#6324);
#5020=AXIS2_PLACEMENT_3D('',#9218,#6325,#6326);
#5021=AXIS2_PLACEMENT_3D('',#9219,#6327,#6328);
#5022=AXIS2_PLACEMENT_3D('',#9220,#6329,#6330);
#5023=AXIS2_PLACEMENT_3D('',#9221,#6331,#6332);
#5024=AXIS2_PLACEMENT_3D('',#9222,#6333,#6334);
#5025=AXIS2_PLACEMENT_3D('',#9223,#6335,#6336);
#5026=AXIS2_PLACEMENT_3D('',#9224,#6337,#6338);
#5027=AXIS2_PLACEMENT_3D('',#9225,#6339,#6340);
#5028=AXIS2_PLACEMENT_3D('',#9226,#6341,#6342);
#5029=AXIS2_PLACEMENT_3D('',#9227,#6343,#6344);
#5030=AXIS2_PLACEMENT_3D('',#9228,#6345,#6346);
#5031=AXIS2_PLACEMENT_3D('',#9229,#6347,#6348);
#5032=AXIS2_PLACEMENT_3D('',#9230,#6349,#6350);
#5033=AXIS2_PLACEMENT_3D('',#9231,#6351,#6352);
#5034=AXIS2_PLACEMENT_3D('',#9232,#6353,#6354);
#5035=AXIS2_PLACEMENT_3D('',#9233,#6355,#6356);
#5036=AXIS2_PLACEMENT_3D('',#9234,#6357,#6358);
#5037=AXIS2_PLACEMENT_3D('',#9235,#6359,#6360);
#5038=AXIS2_PLACEMENT_3D('',#9236,#6361,#6362);
#5039=AXIS2_PLACEMENT_3D('',#9237,#6363,#6364);
#5040=AXIS2_PLACEMENT_3D('',#9238,#6365,#6366);
#5041=AXIS2_PLACEMENT_3D('',#9239,#6367,#6368);
#5042=AXIS2_PLACEMENT_3D('',#9240,#6369,#6370);
#5043=AXIS2_PLACEMENT_3D('',#9241,#6371,#6372);
#5044=AXIS2_PLACEMENT_3D('',#9242,#6373,#6374);
#5045=AXIS2_PLACEMENT_3D('',#9243,#6375,#6376);
#5046=AXIS2_PLACEMENT_3D('',#9244,#6377,#6378);
#5047=AXIS2_PLACEMENT_3D('',#9245,#6379,#6380);
#5048=AXIS2_PLACEMENT_3D('',#9246,#6381,#6382);
#5049=AXIS2_PLACEMENT_3D('',#9247,#6383,#6384);
#5050=AXIS2_PLACEMENT_3D('',#9248,#6385,#6386);
#5051=AXIS2_PLACEMENT_3D('',#9249,#6387,#6388);
#5052=AXIS2_PLACEMENT_3D('',#9250,#6389,#6390);
#5053=AXIS2_PLACEMENT_3D('',#9251,#6391,#6392);
#5054=AXIS2_PLACEMENT_3D('',#9252,#6393,#6394);
#5055=AXIS2_PLACEMENT_3D('',#9253,#6395,#6396);
#5056=AXIS2_PLACEMENT_3D('',#9254,#6397,#6398);
#5057=AXIS2_PLACEMENT_3D('',#9255,#6399,#6400);
#5058=AXIS2_PLACEMENT_3D('',#9256,#6401,#6402);
#5059=AXIS2_PLACEMENT_3D('',#9257,#6403,#6404);
#5060=AXIS2_PLACEMENT_3D('',#9258,#6405,#6406);
#5061=AXIS2_PLACEMENT_3D('',#9259,#6407,#6408);
#5062=AXIS2_PLACEMENT_3D('',#9260,#6409,#6410);
#5063=AXIS2_PLACEMENT_3D('',#9261,#6411,#6412);
#5064=AXIS2_PLACEMENT_3D('',#9262,#6413,#6414);
#5065=AXIS2_PLACEMENT_3D('',#9263,#6415,#6416);
#5066=AXIS2_PLACEMENT_3D('',#9264,#6417,#6418);
#5067=AXIS2_PLACEMENT_3D('',#9265,#6419,#6420);
#5068=AXIS2_PLACEMENT_3D('',#9267,#6421,#6422);
#5069=DIRECTION('',(0.,0.,1.));
#5070=DIRECTION('',(1.,0.,0.));
#5071=DIRECTION('',(0.,0.,1.));
#5072=DIRECTION('',(0.,0.,1.));
#5073=DIRECTION('',(0.,0.,1.));
#5074=DIRECTION('',(1.,0.,0.));
#5075=DIRECTION('',(0.,0.,1.));
#5076=DIRECTION('',(1.,0.,0.));
#5077=DIRECTION('',(0.,0.,1.));
#5078=DIRECTION('',(0.,0.,1.));
#5079=DIRECTION('',(1.,0.,0.));
#5080=DIRECTION('',(0.,0.,1.));
#5081=DIRECTION('',(0.,0.,1.));
#5082=DIRECTION('',(1.,0.,0.));
#5083=DIRECTION('',(0.,0.,1.));
#5084=DIRECTION('',(1.,0.,0.));
#5085=DIRECTION('',(0.,0.,1.));
#5086=DIRECTION('',(1.,0.,0.));
#5087=DIRECTION('',(0.,0.,-1.));
#5088=DIRECTION('',(1.,0.,0.));
#5089=DIRECTION('',(-0.954551203818408,0.298046974970103,0.));
#5090=DIRECTION('',(0.,0.,-1.));
#5091=DIRECTION('',(1.,0.,0.));
#5092=DIRECTION('',(0.,0.,1.));
#5093=DIRECTION('',(1.,0.,0.));
#5094=DIRECTION('',(0.,0.,1.));
#5095=DIRECTION('',(1.,0.,0.));
#5096=DIRECTION('',(-0.954551203818408,-0.298046974970103,0.));
#5097=DIRECTION('',(0.,0.,1.));
#5098=DIRECTION('',(1.,0.,0.));
#5099=DIRECTION('',(0.597586806708805,0.801804220771862,0.));
#5100=DIRECTION('',(0.,0.,1.));
#5101=DIRECTION('',(1.,0.,0.));
#5102=DIRECTION('',(0.,0.,1.));
#5103=DIRECTION('',(1.,0.,0.));
#5104=DIRECTION('',(0.,0.,1.));
#5105=DIRECTION('',(1.,0.,0.));
#5106=DIRECTION('',(0.,0.,-1.));
#5107=DIRECTION('',(1.,0.,0.));
#5108=DIRECTION('',(0.,0.,1.));
#5109=DIRECTION('',(1.,0.,0.));
#5110=DIRECTION('',(0.597586806708805,-0.801804220771862,0.));
#5111=DIRECTION('',(0.,0.,1.));
#5112=DIRECTION('',(1.,0.,0.));
#5113=DIRECTION('',(0.,0.,-1.));
#5114=DIRECTION('',(1.,0.,0.));
#5115=DIRECTION('',(0.,0.,1.));
#5116=DIRECTION('',(1.,0.,0.));
#5117=DIRECTION('',(-0.85947032456367,-0.511185642594176,0.));
#5118=DIRECTION('',(0.,0.,1.));
#5119=DIRECTION('',(1.,0.,0.));
#5120=DIRECTION('',(-0.85947032456367,0.511185642594176,0.));
#5121=DIRECTION('',(0.,0.,1.));
#5122=DIRECTION('',(1.,0.,0.));
#5123=DIRECTION('',(0.,0.,1.));
#5124=DIRECTION('',(1.,0.,0.));
#5125=DIRECTION('',(0.442150209426078,-0.896941019412356,0.));
#5126=DIRECTION('',(0.,0.,1.));
#5127=DIRECTION('',(1.,0.,0.));
#5128=DIRECTION('',(0.442150209426078,0.896941019412356,0.));
#5129=DIRECTION('',(0.,0.,-1.));
#5130=DIRECTION('',(1.,0.,0.));
#5131=DIRECTION('',(0.,0.,1.));
#5132=DIRECTION('',(1.,0.,0.));
#5133=DIRECTION('',(0.,0.,-1.));
#5134=DIRECTION('',(1.,0.,0.));
#5135=DIRECTION('',(0.620766266914308,-0.7839956899507,0.));
#5136=DIRECTION('',(0.,0.,1.));
#5137=DIRECTION('',(1.,0.,0.));
#5138=DIRECTION('',(0.620766266914308,0.7839956899507,0.));
#5139=DIRECTION('',(0.,0.,1.));
#5140=DIRECTION('',(1.,0.,0.));
#5141=DIRECTION('',(0.,0.,1.));
#5142=DIRECTION('',(1.,0.,0.));
#5143=DIRECTION('',(0.,0.,1.));
#5144=DIRECTION('',(1.,0.,0.));
#5145=DIRECTION('',(0.,0.,1.));
#5146=DIRECTION('',(1.,0.,0.));
#5147=DIRECTION('',(0.,0.,-1.));
#5148=DIRECTION('',(-1.,0.,0.));
#5149=DIRECTION('',(-1.,0.,0.));
#5150=DIRECTION('',(0.,0.,1.));
#5151=DIRECTION('',(1.,0.,0.));
#5152=DIRECTION('',(0.,0.,1.));
#5153=DIRECTION('',(1.,0.,0.));
#5154=DIRECTION('',(-0.115512259243209,0.993306054529282,0.));
#5155=DIRECTION('',(0.,0.,1.));
#5156=DIRECTION('',(1.,0.,0.));
#5157=DIRECTION('',(0.,0.,1.));
#5158=DIRECTION('',(1.,0.,0.));
#5159=DIRECTION('',(-1.,0.,0.));
#5160=DIRECTION('',(0.,0.,-1.));
#5161=DIRECTION('',(1.,0.,0.));
#5162=DIRECTION('',(-1.,0.,0.));
#5163=DIRECTION('',(0.,0.,1.));
#5164=DIRECTION('',(1.,0.,0.));
#5165=DIRECTION('',(0.,0.,1.));
#5166=DIRECTION('',(1.,0.,0.));
#5167=DIRECTION('',(-0.343445813507181,-0.939172493839333,0.));
#5168=DIRECTION('',(0.,0.,1.));
#5169=DIRECTION('',(1.,0.,0.));
#5170=DIRECTION('',(0.,0.,1.));
#5171=DIRECTION('',(1.,0.,0.));
#5172=DIRECTION('',(0.,0.,1.));
#5173=DIRECTION('',(1.,0.,0.));
#5174=DIRECTION('',(0.615519415501335,-0.78812172228717,0.));
#5175=DIRECTION('',(0.,0.,1.));
#5176=DIRECTION('',(1.,0.,0.));
#5177=DIRECTION('',(0.,0.,1.));
#5178=DIRECTION('',(1.,0.,0.));
#5179=DIRECTION('',(-1.,0.,0.));
#5180=DIRECTION('',(0.,0.,-1.));
#5181=DIRECTION('',(1.,0.,0.));
#5182=DIRECTION('',(1.,0.,0.));
#5183=DIRECTION('',(0.,0.,1.));
#5184=DIRECTION('',(1.,0.,0.));
#5185=DIRECTION('',(0.,0.,1.));
#5186=DIRECTION('',(1.,0.,0.));
#5187=DIRECTION('',(-0.44071402302034,-0.897647564422267,0.));
#5188=DIRECTION('',(0.,0.,1.));
#5189=DIRECTION('',(1.,0.,0.));
#5190=DIRECTION('',(0.,0.,1.));
#5191=DIRECTION('',(1.,0.,0.));
#5192=DIRECTION('',(0.,0.,1.));
#5193=DIRECTION('',(1.,0.,0.));
#5194=DIRECTION('',(-0.85947032456367,0.511185642594176,0.));
#5195=DIRECTION('',(0.,0.,1.));
#5196=DIRECTION('',(1.,0.,0.));
#5197=DIRECTION('',(0.977610960342808,0.210420555596672,0.));
#5198=DIRECTION('',(0.,0.,1.));
#5199=DIRECTION('',(1.,0.,0.));
#5200=DIRECTION('',(0.,0.,1.));
#5201=DIRECTION('',(1.,0.,0.));
#5202=DIRECTION('',(0.,0.,1.));
#5203=DIRECTION('',(1.,0.,0.));
#5204=DIRECTION('',(-0.11551225924321,0.993306054529282,0.));
#5205=DIRECTION('',(0.,0.,1.));
#5206=DIRECTION('',(1.,0.,0.));
#5207=DIRECTION('',(0.,0.,1.));
#5208=DIRECTION('',(1.,0.,0.));
#5209=DIRECTION('',(-0.954551203818408,-0.298046974970103,0.));
#5210=DIRECTION('',(0.,0.,1.));
#5211=DIRECTION('',(1.,0.,0.));
#5212=DIRECTION('',(0.,0.,1.));
#5213=DIRECTION('',(1.,0.,0.));
#5214=DIRECTION('',(0.,0.,1.));
#5215=DIRECTION('',(1.,0.,0.));
#5216=DIRECTION('',(-0.343445813507181,-0.939172493839333,0.));
#5217=DIRECTION('',(0.,0.,1.));
#5218=DIRECTION('',(1.,0.,0.));
#5219=DIRECTION('',(1.,0.,0.));
#5220=DIRECTION('',(0.,0.,1.));
#5221=DIRECTION('',(1.,0.,0.));
#5222=DIRECTION('',(0.,0.,1.));
#5223=DIRECTION('',(1.,0.,0.));
#5224=DIRECTION('',(0.799284066508989,-0.600953393388252,0.));
#5225=DIRECTION('',(0.,0.,1.));
#5226=DIRECTION('',(1.,0.,0.));
#5227=DIRECTION('',(0.,0.,1.));
#5228=DIRECTION('',(1.,0.,0.));
#5229=DIRECTION('',(0.,0.,1.));
#5230=DIRECTION('',(1.,0.,0.));
#5231=DIRECTION('',(0.799284066508989,-0.600953393388252,0.));
#5232=DIRECTION('',(0.,0.,1.));
#5233=DIRECTION('',(1.,0.,0.));
#5234=DIRECTION('',(0.,0.,1.));
#5235=DIRECTION('',(1.,0.,0.));
#5236=DIRECTION('',(0.,0.,1.));
#5237=DIRECTION('',(1.,0.,0.));
#5238=DIRECTION('',(0.,0.,1.));
#5239=DIRECTION('',(1.,0.,0.));
#5240=DIRECTION('',(0.615519415501334,-0.78812172228717,0.));
#5241=DIRECTION('',(0.,0.,1.));
#5242=DIRECTION('',(1.,0.,0.));
#5243=DIRECTION('',(0.,0.,1.));
#5244=DIRECTION('',(1.,0.,0.));
#5245=DIRECTION('',(0.,0.,1.));
#5246=DIRECTION('',(1.,0.,0.));
#5247=DIRECTION('',(0.,0.,1.));
#5248=DIRECTION('',(1.,0.,0.));
#5249=DIRECTION('',(0.,0.,1.));
#5250=DIRECTION('',(1.,0.,0.));
#5251=DIRECTION('',(-0.44071402302034,-0.897647564422267,0.));
#5252=DIRECTION('',(0.,0.,1.));
#5253=DIRECTION('',(1.,0.,0.));
#5254=DIRECTION('',(0.,0.,1.));
#5255=DIRECTION('',(1.,0.,0.));
#5256=DIRECTION('',(0.,0.,1.));
#5257=DIRECTION('',(1.,0.,0.));
#5258=DIRECTION('',(0.,0.,1.));
#5259=DIRECTION('',(1.,0.,0.));
#5260=DIRECTION('',(0.,0.,1.));
#5261=DIRECTION('',(1.,0.,0.));
#5262=DIRECTION('',(0.,0.,1.));
#5263=DIRECTION('',(1.,0.,0.));
#5264=DIRECTION('',(0.,0.,1.));
#5265=DIRECTION('',(1.,0.,0.));
#5266=DIRECTION('',(0.,0.,1.));
#5267=DIRECTION('',(1.,0.,0.));
#5268=DIRECTION('',(0.597586806708805,0.801804220771863,0.));
#5269=DIRECTION('',(0.,0.,1.));
#5270=DIRECTION('',(1.,0.,0.));
#5271=DIRECTION('',(0.,0.,1.));
#5272=DIRECTION('',(1.,0.,0.));
#5273=DIRECTION('',(0.,0.,-1.));
#5274=DIRECTION('',(1.,0.,0.));
#5275=DIRECTION('',(0.977610960342808,-0.210420555596672,0.));
#5276=DIRECTION('',(0.,0.,-1.));
#5277=DIRECTION('',(1.,0.,0.));
#5278=DIRECTION('',(-0.85947032456367,-0.511185642594176,0.));
#5279=DIRECTION('',(0.,0.,-1.));
#5280=DIRECTION('',(1.,0.,0.));
#5281=DIRECTION('',(0.,0.,-1.));
#5282=DIRECTION('',(1.,0.,0.));
#5283=DIRECTION('',(0.,0.,-1.));
#5284=DIRECTION('',(1.,0.,0.));
#5285=DIRECTION('',(-0.44071402302034,0.897647564422267,0.));
#5286=DIRECTION('',(0.,0.,-1.));
#5287=DIRECTION('',(1.,0.,0.));
#5288=DIRECTION('',(0.,0.,-1.));
#5289=DIRECTION('',(1.,0.,0.));
#5290=DIRECTION('',(1.,0.,0.));
#5291=DIRECTION('',(0.,0.,1.));
#5292=DIRECTION('',(1.,0.,0.));
#5293=DIRECTION('',(-1.,0.,0.));
#5294=DIRECTION('',(0.,0.,-1.));
#5295=DIRECTION('',(1.,0.,0.));
#5296=DIRECTION('',(0.,0.,-1.));
#5297=DIRECTION('',(1.,0.,0.));
#5298=DIRECTION('',(0.615519415501335,0.78812172228717,0.));
#5299=DIRECTION('',(0.,0.,-1.));
#5300=DIRECTION('',(1.,0.,0.));
#5301=DIRECTION('',(0.,0.,-1.));
#5302=DIRECTION('',(1.,0.,0.));
#5303=DIRECTION('',(0.,0.,-1.));
#5304=DIRECTION('',(1.,0.,0.));
#5305=DIRECTION('',(-0.343445813507181,0.939172493839333,0.));
#5306=DIRECTION('',(0.,0.,-1.));
#5307=DIRECTION('',(1.,0.,0.));
#5308=DIRECTION('',(0.,0.,-1.));
#5309=DIRECTION('',(1.,0.,0.));
#5310=DIRECTION('',(-1.,0.,0.));
#5311=DIRECTION('',(0.,0.,1.));
#5312=DIRECTION('',(1.,0.,0.));
#5313=DIRECTION('',(-1.,0.,0.));
#5314=DIRECTION('',(0.,0.,-1.));
#5315=DIRECTION('',(1.,0.,0.));
#5316=DIRECTION('',(0.,0.,-1.));
#5317=DIRECTION('',(1.,0.,0.));
#5318=DIRECTION('',(-0.115512259243209,-0.993306054529282,0.));
#5319=DIRECTION('',(0.,0.,-1.));
#5320=DIRECTION('',(1.,0.,0.));
#5321=DIRECTION('',(0.,0.,-1.));
#5322=DIRECTION('',(1.,0.,0.));
#5323=DIRECTION('',(-1.,0.,0.));
#5324=DIRECTION('',(0.,0.,1.));
#5325=DIRECTION('',(1.,0.,0.));
#5326=DIRECTION('',(0.,0.,-1.));
#5327=DIRECTION('',(1.,0.,0.));
#5328=DIRECTION('',(0.,0.,-1.));
#5329=DIRECTION('',(1.,0.,0.));
#5330=DIRECTION('',(0.,0.,-1.));
#5331=DIRECTION('',(1.,0.,0.));
#5332=DIRECTION('',(-0.343445813507181,0.939172493839333,0.));
#5333=DIRECTION('',(0.,0.,-1.));
#5334=DIRECTION('',(1.,0.,0.));
#5335=DIRECTION('',(0.,0.,-1.));
#5336=DIRECTION('',(1.,0.,0.));
#5337=DIRECTION('',(0.,0.,-1.));
#5338=DIRECTION('',(1.,0.,0.));
#5339=DIRECTION('',(-0.954551203818408,0.298046974970103,0.));
#5340=DIRECTION('',(0.,0.,-1.));
#5341=DIRECTION('',(1.,0.,0.));
#5342=DIRECTION('',(0.,0.,-1.));
#5343=DIRECTION('',(1.,0.,0.));
#5344=DIRECTION('',(-0.11551225924321,-0.993306054529282,0.));
#5345=DIRECTION('',(0.,0.,-1.));
#5346=DIRECTION('',(1.,0.,0.));
#5347=DIRECTION('',(1.,0.,0.));
#5348=DIRECTION('',(0.,0.,-1.));
#5349=DIRECTION('',(1.,0.,0.));
#5350=DIRECTION('',(0.,0.,-1.));
#5351=DIRECTION('',(1.,0.,0.));
#5352=DIRECTION('',(0.,0.,-1.));
#5353=DIRECTION('',(1.,0.,0.));
#5354=DIRECTION('',(0.799284066508989,0.600953393388252,0.));
#5355=DIRECTION('',(0.,0.,-1.));
#5356=DIRECTION('',(1.,0.,0.));
#5357=DIRECTION('',(0.,0.,-1.));
#5358=DIRECTION('',(1.,0.,0.));
#5359=DIRECTION('',(0.799284066508989,0.600953393388252,0.));
#5360=DIRECTION('',(0.,0.,-1.));
#5361=DIRECTION('',(1.,0.,0.));
#5362=DIRECTION('',(0.,0.,-1.));
#5363=DIRECTION('',(1.,0.,0.));
#5364=DIRECTION('',(0.,0.,-1.));
#5365=DIRECTION('',(1.,0.,0.));
#5366=DIRECTION('',(0.615519415501334,0.78812172228717,0.));
#5367=DIRECTION('',(0.,0.,-1.));
#5368=DIRECTION('',(1.,0.,0.));
#5369=DIRECTION('',(0.,0.,-1.));
#5370=DIRECTION('',(1.,0.,0.));
#5371=DIRECTION('',(0.,0.,-1.));
#5372=DIRECTION('',(1.,0.,0.));
#5373=DIRECTION('',(0.,0.,-1.));
#5374=DIRECTION('',(1.,0.,0.));
#5375=DIRECTION('',(0.,0.,-1.));
#5376=DIRECTION('',(1.,0.,0.));
#5377=DIRECTION('',(0.,0.,-1.));
#5378=DIRECTION('',(1.,0.,0.));
#5379=DIRECTION('',(0.597586806708805,-0.801804220771863,0.));
#5380=DIRECTION('',(0.,0.,-1.));
#5381=DIRECTION('',(1.,0.,0.));
#5382=DIRECTION('',(0.,0.,-1.));
#5383=DIRECTION('',(1.,0.,0.));
#5384=DIRECTION('',(0.,0.,-1.));
#5385=DIRECTION('',(1.,0.,0.));
#5386=DIRECTION('',(0.,0.,-1.));
#5387=DIRECTION('',(1.,0.,0.));
#5388=DIRECTION('',(0.,0.,-1.));
#5389=DIRECTION('',(1.,0.,0.));
#5390=DIRECTION('',(0.,0.,-1.));
#5391=DIRECTION('',(1.,0.,0.));
#5392=DIRECTION('',(0.,0.,-1.));
#5393=DIRECTION('',(1.,0.,0.));
#5394=DIRECTION('',(0.,0.,-1.));
#5395=DIRECTION('',(1.,0.,0.));
#5396=DIRECTION('',(-0.44071402302034,0.897647564422267,0.));
#5397=DIRECTION('',(0.,0.,-1.));
#5398=DIRECTION('',(1.,0.,0.));
#5399=DIRECTION('',(0.,0.,-1.));
#5400=DIRECTION('',(1.,0.,0.));
#5401=DIRECTION('',(0.,0.,1.));
#5402=DIRECTION('',(1.,0.,0.));
#5403=DIRECTION('',(0.,0.,1.));
#5404=DIRECTION('',(1.,0.,0.));
#5405=DIRECTION('',(0.597586806708805,-0.801804220771862,0.));
#5406=DIRECTION('',(0.,0.,1.));
#5407=DIRECTION('',(1.,0.,0.));
#5408=DIRECTION('',(0.,0.,1.));
#5409=DIRECTION('',(1.,0.,0.));
#5410=DIRECTION('',(0.,0.,1.));
#5411=DIRECTION('',(1.,0.,0.));
#5412=DIRECTION('',(0.,0.,-1.));
#5413=DIRECTION('',(1.,0.,0.));
#5414=DIRECTION('',(0.,0.,1.));
#5415=DIRECTION('',(1.,0.,0.));
#5416=DIRECTION('',(0.597586806708805,0.801804220771862,0.));
#5417=DIRECTION('',(0.,0.,1.));
#5418=DIRECTION('',(1.,0.,0.));
#5419=DIRECTION('',(0.,0.,1.));
#5420=DIRECTION('',(1.,0.,0.));
#5421=DIRECTION('',(-0.85947032456367,0.511185642594176,0.));
#5422=DIRECTION('',(0.,0.,1.));
#5423=DIRECTION('',(1.,0.,0.));
#5424=DIRECTION('',(-0.85947032456367,-0.511185642594176,0.));
#5425=DIRECTION('',(0.,0.,1.));
#5426=DIRECTION('',(1.,0.,0.));
#5427=DIRECTION('',(0.,0.,-1.));
#5428=DIRECTION('',(1.,0.,0.));
#5429=DIRECTION('',(0.,0.,1.));
#5430=DIRECTION('',(1.,0.,0.));
#5431=DIRECTION('',(0.,0.,1.));
#5432=DIRECTION('',(1.,0.,0.));
#5433=DIRECTION('',(0.,0.,1.));
#5434=DIRECTION('',(1.,0.,0.));
#5435=DIRECTION('',(-0.954551203818408,-0.298046974970103,0.));
#5436=DIRECTION('',(0.,0.,1.));
#5437=DIRECTION('',(1.,0.,0.));
#5438=DIRECTION('',(0.,0.,1.));
#5439=DIRECTION('',(1.,0.,0.));
#5440=DIRECTION('',(0.,0.,-1.));
#5441=DIRECTION('',(1.,0.,0.));
#5442=DIRECTION('',(-0.954551203818408,0.298046974970103,0.));
#5443=DIRECTION('',(0.,0.,-1.));
#5444=DIRECTION('',(1.,0.,0.));
#5445=DIRECTION('',(0.442150209426078,0.896941019412356,0.));
#5446=DIRECTION('',(0.,0.,1.));
#5447=DIRECTION('',(1.,0.,0.));
#5448=DIRECTION('',(0.442150209426078,-0.896941019412356,0.));
#5449=DIRECTION('',(0.,0.,-1.));
#5450=DIRECTION('',(1.,0.,0.));
#5451=DIRECTION('',(0.,0.,1.));
#5452=DIRECTION('',(1.,0.,0.));
#5453=DIRECTION('',(0.,0.,-1.));
#5454=DIRECTION('',(1.,0.,0.));
#5455=DIRECTION('',(0.620766266914308,0.7839956899507,0.));
#5456=DIRECTION('',(0.,0.,1.));
#5457=DIRECTION('',(1.,0.,0.));
#5458=DIRECTION('',(0.620766266914308,-0.7839956899507,0.));
#5459=DIRECTION('',(0.,0.,1.));
#5460=DIRECTION('',(1.,0.,0.));
#5461=DIRECTION('',(0.,0.,1.));
#5462=DIRECTION('',(1.,0.,0.));
#5463=DIRECTION('',(0.,0.,1.));
#5464=DIRECTION('',(1.,0.,0.));
#5465=DIRECTION('',(0.,0.,-1.));
#5466=DIRECTION('',(-1.,0.,0.));
#5467=DIRECTION('',(0.,0.,1.));
#5468=DIRECTION('',(1.,0.,0.));
#5469=DIRECTION('',(0.,0.,1.));
#5470=DIRECTION('',(1.,0.,0.));
#5471=DIRECTION('',(0.977610960342808,0.210420555596672,0.));
#5472=DIRECTION('',(0.,0.,1.));
#5473=DIRECTION('',(1.,0.,0.));
#5474=DIRECTION('',(-0.85947032456367,0.511185642594176,0.));
#5475=DIRECTION('',(0.,0.,1.));
#5476=DIRECTION('',(1.,0.,0.));
#5477=DIRECTION('',(0.,0.,1.));
#5478=DIRECTION('',(1.,0.,0.));
#5479=DIRECTION('',(0.,0.,1.));
#5480=DIRECTION('',(1.,0.,0.));
#5481=DIRECTION('',(-0.44071402302034,-0.897647564422267,0.));
#5482=DIRECTION('',(0.,0.,1.));
#5483=DIRECTION('',(1.,0.,0.));
#5484=DIRECTION('',(0.,0.,1.));
#5485=DIRECTION('',(1.,0.,0.));
#5486=DIRECTION('',(0.,0.,1.));
#5487=DIRECTION('',(1.,0.,0.));
#5488=DIRECTION('',(0.,0.,1.));
#5489=DIRECTION('',(1.,0.,0.));
#5490=DIRECTION('',(0.,0.,1.));
#5491=DIRECTION('',(1.,0.,0.));
#5492=DIRECTION('',(0.799284066508989,-0.600953393388252,0.));
#5493=DIRECTION('',(0.,0.,1.));
#5494=DIRECTION('',(1.,0.,0.));
#5495=DIRECTION('',(0.,0.,1.));
#5496=DIRECTION('',(1.,0.,0.));
#5497=DIRECTION('',(0.,0.,1.));
#5498=DIRECTION('',(1.,0.,0.));
#5499=DIRECTION('',(0.615519415501334,-0.78812172228717,0.));
#5500=DIRECTION('',(0.,0.,1.));
#5501=DIRECTION('',(1.,0.,0.));
#5502=DIRECTION('',(0.,0.,1.));
#5503=DIRECTION('',(1.,0.,0.));
#5504=DIRECTION('',(0.,0.,1.));
#5505=DIRECTION('',(1.,0.,0.));
#5506=DIRECTION('',(-0.343445813507181,-0.939172493839333,0.));
#5507=DIRECTION('',(0.,0.,1.));
#5508=DIRECTION('',(1.,0.,0.));
#5509=DIRECTION('',(0.,0.,1.));
#5510=DIRECTION('',(1.,0.,0.));
#5511=DIRECTION('',(0.,0.,1.));
#5512=DIRECTION('',(1.,0.,0.));
#5513=DIRECTION('',(1.,0.,0.));
#5514=DIRECTION('',(0.,0.,1.));
#5515=DIRECTION('',(1.,0.,0.));
#5516=DIRECTION('',(0.,0.,1.));
#5517=DIRECTION('',(1.,0.,0.));
#5518=DIRECTION('',(0.,0.,1.));
#5519=DIRECTION('',(1.,0.,0.));
#5520=DIRECTION('',(0.615519415501335,-0.78812172228717,0.));
#5521=DIRECTION('',(0.,0.,1.));
#5522=DIRECTION('',(1.,0.,0.));
#5523=DIRECTION('',(0.,0.,1.));
#5524=DIRECTION('',(1.,0.,0.));
#5525=DIRECTION('',(0.,0.,1.));
#5526=DIRECTION('',(1.,0.,0.));
#5527=DIRECTION('',(0.,0.,1.));
#5528=DIRECTION('',(1.,0.,0.));
#5529=DIRECTION('',(0.,0.,1.));
#5530=DIRECTION('',(1.,0.,0.));
#5531=DIRECTION('',(0.597586806708805,0.801804220771863,0.));
#5532=DIRECTION('',(0.,0.,1.));
#5533=DIRECTION('',(1.,0.,0.));
#5534=DIRECTION('',(0.,0.,-1.));
#5535=DIRECTION('',(1.,0.,0.));
#5536=DIRECTION('',(0.,0.,1.));
#5537=DIRECTION('',(1.,0.,0.));
#5538=DIRECTION('',(0.,0.,-1.));
#5539=DIRECTION('',(1.,0.,0.));
#5540=DIRECTION('',(0.,0.,1.));
#5541=DIRECTION('',(1.,0.,0.));
#5542=DIRECTION('',(0.,0.,1.));
#5543=DIRECTION('',(1.,0.,0.));
#5544=DIRECTION('',(0.,0.,1.));
#5545=DIRECTION('',(1.,0.,0.));
#5546=DIRECTION('',(0.,0.,1.));
#5547=DIRECTION('',(1.,0.,0.));
#5548=DIRECTION('',(-0.44071402302034,-0.897647564422267,0.));
#5549=DIRECTION('',(0.,0.,1.));
#5550=DIRECTION('',(1.,0.,0.));
#5551=DIRECTION('',(0.,0.,-1.));
#5552=DIRECTION('',(1.,0.,0.));
#5553=DIRECTION('',(0.,0.,-1.));
#5554=DIRECTION('',(1.,0.,0.));
#5555=DIRECTION('',(0.799284066508989,-0.600953393388252,0.));
#5556=DIRECTION('',(0.,0.,1.));
#5557=DIRECTION('',(1.,0.,0.));
#5558=DIRECTION('',(0.,0.,1.));
#5559=DIRECTION('',(1.,0.,0.));
#5560=DIRECTION('',(1.,0.,0.));
#5561=DIRECTION('',(0.,0.,1.));
#5562=DIRECTION('',(1.,0.,0.));
#5563=DIRECTION('',(0.,0.,1.));
#5564=DIRECTION('',(1.,0.,0.));
#5565=DIRECTION('',(0.,0.,1.));
#5566=DIRECTION('',(1.,0.,0.));
#5567=DIRECTION('',(-0.11551225924321,0.993306054529282,0.));
#5568=DIRECTION('',(0.,0.,1.));
#5569=DIRECTION('',(1.,0.,0.));
#5570=DIRECTION('',(0.,0.,1.));
#5571=DIRECTION('',(1.,0.,0.));
#5572=DIRECTION('',(0.,0.,1.));
#5573=DIRECTION('',(1.,0.,0.));
#5574=DIRECTION('',(-0.343445813507181,-0.939172493839333,0.));
#5575=DIRECTION('',(0.,0.,1.));
#5576=DIRECTION('',(1.,0.,0.));
#5577=DIRECTION('',(0.,0.,1.));
#5578=DIRECTION('',(1.,0.,0.));
#5579=DIRECTION('',(0.,0.,1.));
#5580=DIRECTION('',(1.,0.,0.));
#5581=DIRECTION('',(-0.954551203818408,-0.298046974970103,0.));
#5582=DIRECTION('',(0.,0.,1.));
#5583=DIRECTION('',(1.,0.,0.));
#5584=DIRECTION('',(0.,0.,1.));
#5585=DIRECTION('',(1.,0.,0.));
#5586=DIRECTION('',(0.,0.,1.));
#5587=DIRECTION('',(1.,0.,0.));
#5588=DIRECTION('',(1.,0.,0.));
#5589=DIRECTION('',(0.,0.,1.));
#5590=DIRECTION('',(1.,0.,0.));
#5591=DIRECTION('',(0.,0.,1.));
#5592=DIRECTION('',(1.,0.,0.));
#5593=DIRECTION('',(0.,0.,1.));
#5594=DIRECTION('',(1.,0.,0.));
#5595=DIRECTION('',(-0.115512259243209,0.993306054529282,0.));
#5596=DIRECTION('',(0.,0.,1.));
#5597=DIRECTION('',(1.,0.,0.));
#5598=DIRECTION('',(0.,0.,1.));
#5599=DIRECTION('',(1.,0.,0.));
#5600=DIRECTION('',(0.,0.,1.));
#5601=DIRECTION('',(1.,0.,0.));
#5602=DIRECTION('',(0.,0.,-1.));
#5603=DIRECTION('',(1.,0.,0.));
#5604=DIRECTION('',(0.,0.,-1.));
#5605=DIRECTION('',(1.,0.,0.));
#5606=DIRECTION('',(0.,0.,-1.));
#5607=DIRECTION('',(1.,0.,0.));
#5608=DIRECTION('',(-0.44071402302034,0.897647564422267,0.));
#5609=DIRECTION('',(0.,0.,-1.));
#5610=DIRECTION('',(1.,0.,0.));
#5611=DIRECTION('',(0.,0.,-1.));
#5612=DIRECTION('',(1.,0.,0.));
#5613=DIRECTION('',(0.,0.,-1.));
#5614=DIRECTION('',(1.,0.,0.));
#5615=DIRECTION('',(-0.85947032456367,-0.511185642594176,0.));
#5616=DIRECTION('',(0.,0.,-1.));
#5617=DIRECTION('',(1.,0.,0.));
#5618=DIRECTION('',(0.977610960342808,-0.210420555596672,0.));
#5619=DIRECTION('',(0.,0.,-1.));
#5620=DIRECTION('',(1.,0.,0.));
#5621=DIRECTION('',(0.,0.,-1.));
#5622=DIRECTION('',(1.,0.,0.));
#5623=DIRECTION('',(0.,0.,-1.));
#5624=DIRECTION('',(1.,0.,0.));
#5625=DIRECTION('',(0.,0.,-1.));
#5626=DIRECTION('',(1.,0.,0.));
#5627=DIRECTION('',(0.,0.,-1.));
#5628=DIRECTION('',(1.,0.,0.));
#5629=DIRECTION('',(0.,0.,-1.));
#5630=DIRECTION('',(1.,0.,0.));
#5631=DIRECTION('',(0.615519415501334,0.78812172228717,0.));
#5632=DIRECTION('',(0.,0.,-1.));
#5633=DIRECTION('',(1.,0.,0.));
#5634=DIRECTION('',(0.,0.,-1.));
#5635=DIRECTION('',(1.,0.,0.));
#5636=DIRECTION('',(0.,0.,-1.));
#5637=DIRECTION('',(1.,0.,0.));
#5638=DIRECTION('',(0.799284066508989,0.600953393388252,0.));
#5639=DIRECTION('',(0.,0.,-1.));
#5640=DIRECTION('',(1.,0.,0.));
#5641=DIRECTION('',(-0.343445813507181,0.939172493839333,0.));
#5642=DIRECTION('',(0.,0.,-1.));
#5643=DIRECTION('',(1.,0.,0.));
#5644=DIRECTION('',(0.,0.,-1.));
#5645=DIRECTION('',(1.,0.,0.));
#5646=DIRECTION('',(0.,0.,-1.));
#5647=DIRECTION('',(1.,0.,0.));
#5648=DIRECTION('',(0.615519415501335,0.78812172228717,0.));
#5649=DIRECTION('',(0.,0.,-1.));
#5650=DIRECTION('',(1.,0.,0.));
#5651=DIRECTION('',(0.,0.,-1.));
#5652=DIRECTION('',(1.,0.,0.));
#5653=DIRECTION('',(0.,0.,-1.));
#5654=DIRECTION('',(1.,0.,0.));
#5655=DIRECTION('',(1.,0.,0.));
#5656=DIRECTION('',(0.,0.,-1.));
#5657=DIRECTION('',(1.,0.,0.));
#5658=DIRECTION('',(0.,0.,-1.));
#5659=DIRECTION('',(1.,0.,0.));
#5660=DIRECTION('',(0.,0.,-1.));
#5661=DIRECTION('',(1.,0.,0.));
#5662=DIRECTION('',(0.,0.,-1.));
#5663=DIRECTION('',(1.,0.,0.));
#5664=DIRECTION('',(0.,0.,-1.));
#5665=DIRECTION('',(1.,0.,0.));
#5666=DIRECTION('',(-0.44071402302034,0.897647564422267,0.));
#5667=DIRECTION('',(0.,0.,-1.));
#5668=DIRECTION('',(1.,0.,0.));
#5669=DIRECTION('',(0.,0.,-1.));
#5670=DIRECTION('',(1.,0.,0.));
#5671=DIRECTION('',(0.,0.,-1.));
#5672=DIRECTION('',(1.,0.,0.));
#5673=DIRECTION('',(0.,0.,-1.));
#5674=DIRECTION('',(1.,0.,0.));
#5675=DIRECTION('',(0.,0.,1.));
#5676=DIRECTION('',(1.,0.,0.));
#5677=DIRECTION('',(0.,0.,-1.));
#5678=DIRECTION('',(1.,0.,0.));
#5679=DIRECTION('',(0.,0.,1.));
#5680=DIRECTION('',(1.,0.,0.));
#5681=DIRECTION('',(0.,0.,-1.));
#5682=DIRECTION('',(1.,0.,0.));
#5683=DIRECTION('',(0.597586806708805,-0.801804220771863,0.));
#5684=DIRECTION('',(0.,0.,-1.));
#5685=DIRECTION('',(1.,0.,0.));
#5686=DIRECTION('',(0.,0.,1.));
#5687=DIRECTION('',(1.,0.,0.));
#5688=DIRECTION('',(0.,0.,1.));
#5689=DIRECTION('',(1.,0.,0.));
#5690=DIRECTION('',(0.799284066508989,0.600953393388252,0.));
#5691=DIRECTION('',(0.,0.,-1.));
#5692=DIRECTION('',(1.,0.,0.));
#5693=DIRECTION('',(0.,0.,-1.));
#5694=DIRECTION('',(1.,0.,0.));
#5695=DIRECTION('',(0.,0.,-1.));
#5696=DIRECTION('',(1.,0.,0.));
#5697=DIRECTION('',(1.,0.,0.));
#5698=DIRECTION('',(0.,0.,-1.));
#5699=DIRECTION('',(1.,0.,0.));
#5700=DIRECTION('',(0.,0.,-1.));
#5701=DIRECTION('',(1.,0.,0.));
#5702=DIRECTION('',(-0.11551225924321,-0.993306054529282,0.));
#5703=DIRECTION('',(0.,0.,-1.));
#5704=DIRECTION('',(1.,0.,0.));
#5705=DIRECTION('',(0.,0.,-1.));
#5706=DIRECTION('',(1.,0.,0.));
#5707=DIRECTION('',(-0.954551203818408,0.298046974970103,0.));
#5708=DIRECTION('',(0.,0.,-1.));
#5709=DIRECTION('',(1.,0.,0.));
#5710=DIRECTION('',(0.,0.,-1.));
#5711=DIRECTION('',(1.,0.,0.));
#5712=DIRECTION('',(0.,0.,-1.));
#5713=DIRECTION('',(1.,0.,0.));
#5714=DIRECTION('',(-0.343445813507181,0.939172493839333,0.));
#5715=DIRECTION('',(0.,0.,-1.));
#5716=DIRECTION('',(1.,0.,0.));
#5717=DIRECTION('',(0.,0.,-1.));
#5718=DIRECTION('',(1.,0.,0.));
#5719=DIRECTION('',(0.,0.,-1.));
#5720=DIRECTION('',(1.,0.,0.));
#5721=DIRECTION('',(0.,0.,-1.));
#5722=DIRECTION('',(1.,0.,0.));
#5723=DIRECTION('',(0.,0.,-1.));
#5724=DIRECTION('',(1.,0.,0.));
#5725=DIRECTION('',(-0.115512259243209,-0.993306054529282,0.));
#5726=DIRECTION('',(0.,0.,-1.));
#5727=DIRECTION('',(1.,0.,0.));
#5728=DIRECTION('',(0.,0.,-1.));
#5729=DIRECTION('',(1.,0.,0.));
#5730=DIRECTION('',(0.,0.,-1.));
#5731=DIRECTION('',(1.,0.,0.));
#5732=DIRECTION('',(1.,0.,0.));
#5733=DIRECTION('',(0.,0.,-1.));
#5734=DIRECTION('',(1.,0.,0.));
#5735=DIRECTION('',(0.,0.,1.));
#5736=DIRECTION('',(1.,0.,0.));
#5737=DIRECTION('',(0.,0.,1.));
#5738=DIRECTION('',(0.,0.,1.));
#5739=DIRECTION('',(0.,0.,1.));
#5740=DIRECTION('',(1.,0.,0.));
#5741=DIRECTION('',(0.,0.,1.));
#5742=DIRECTION('',(0.,0.,1.));
#5743=DIRECTION('',(0.,0.,1.));
#5744=DIRECTION('',(0.,0.,1.));
#5745=DIRECTION('',(0.,0.,1.));
#5746=DIRECTION('',(0.,0.,1.));
#5747=DIRECTION('',(0.,0.,1.));
#5748=DIRECTION('',(0.,0.,1.));
#5749=DIRECTION('',(0.,0.,-1.));
#5750=DIRECTION('',(-1.,0.,0.));
#5751=DIRECTION('',(0.,0.,-1.));
#5752=DIRECTION('',(1.,0.,0.));
#5753=DIRECTION('',(0.,0.,-1.));
#5754=DIRECTION('',(0.,0.,-1.));
#5755=DIRECTION('',(0.,1.,0.));
#5756=DIRECTION('',(0.,0.,-1.));
#5757=DIRECTION('',(1.,0.,0.));
#5758=DIRECTION('',(-1.,0.,0.));
#5759=DIRECTION('',(0.,0.,-1.));
#5760=DIRECTION('',(-1.,0.,0.));
#5761=DIRECTION('',(0.,0.,-1.));
#5762=DIRECTION('',(-1.,0.,0.));
#5763=DIRECTION('',(0.,0.,-1.));
#5764=DIRECTION('',(1.,0.,0.));
#5765=DIRECTION('',(0.,0.,1.));
#5766=DIRECTION('',(1.,0.,0.));
#5767=DIRECTION('',(-1.,0.,0.));
#5768=DIRECTION('',(0.,0.,-1.));
#5769=DIRECTION('',(1.,0.,0.));
#5770=DIRECTION('',(0.,0.,-1.));
#5771=DIRECTION('',(1.,0.,0.));
#5772=DIRECTION('',(0.,1.,0.));
#5773=DIRECTION('',(0.,0.,-1.));
#5774=DIRECTION('',(-1.,0.,0.));
#5775=DIRECTION('',(0.,0.,-1.));
#5776=DIRECTION('',(0.,0.,-1.));
#5777=DIRECTION('',(-1.,0.,0.));
#5778=DIRECTION('',(0.,0.,-1.));
#5779=DIRECTION('',(-1.,0.,0.));
#5780=DIRECTION('',(0.,0.,1.));
#5781=DIRECTION('',(1.,0.,0.));
#5782=DIRECTION('',(0.,0.,1.));
#5783=DIRECTION('',(0.,0.,1.));
#5784=DIRECTION('',(0.,0.,1.));
#5785=DIRECTION('',(1.,0.,0.));
#5786=DIRECTION('',(0.,0.,1.));
#5787=DIRECTION('',(0.,0.,1.));
#5788=DIRECTION('',(0.,0.,-1.));
#5789=DIRECTION('',(-1.,0.,0.));
#5790=DIRECTION('',(0.,0.,1.));
#5791=DIRECTION('',(0.,0.,1.));
#5792=DIRECTION('',(0.7839956899507,-0.620766266914308,0.));
#5793=DIRECTION('',(0.620766266914308,0.7839956899507,0.));
#5794=DIRECTION('',(0.,0.,1.));
#5795=DIRECTION('',(0.,0.,1.));
#5796=DIRECTION('',(0.,0.,1.));
#5797=DIRECTION('',(1.,0.,0.));
#5798=DIRECTION('',(0.,0.,1.));
#5799=DIRECTION('',(0.,0.,1.));
#5800=DIRECTION('',(1.,0.,0.));
#5801=DIRECTION('',(0.,0.,1.));
#5802=DIRECTION('',(0.,0.,1.));
#5803=DIRECTION('',(-0.896941019412356,-0.442150209426078,0.));
#5804=DIRECTION('',(0.442150209426078,-0.896941019412356,0.));
#5805=DIRECTION('',(0.,0.,1.));
#5806=DIRECTION('',(0.,0.,1.));
#5807=DIRECTION('',(1.,0.,0.));
#5808=DIRECTION('',(0.,0.,1.));
#5809=DIRECTION('',(0.,0.,1.));
#5810=DIRECTION('',(1.,0.,0.));
#5811=DIRECTION('',(0.,0.,1.));
#5812=DIRECTION('',(0.210420555596672,-0.977610960342808,0.));
#5813=DIRECTION('',(0.977610960342808,0.210420555596672,0.));
#5814=DIRECTION('',(0.,0.,1.));
#5815=DIRECTION('',(0.,0.,1.));
#5816=DIRECTION('',(1.,0.,0.));
#5817=DIRECTION('',(-0.600953393388252,-0.799284066508989,0.));
#5818=DIRECTION('',(0.799284066508989,-0.600953393388252,0.));
#5819=DIRECTION('',(0.,0.,-1.));
#5820=DIRECTION('',(0.,0.,-1.));
#5821=DIRECTION('',(0.,0.,1.));
#5822=DIRECTION('',(1.,0.,0.));
#5823=DIRECTION('',(0.,0.,1.));
#5824=DIRECTION('',(0.,0.,1.));
#5825=DIRECTION('',(0.,-1.,0.));
#5826=DIRECTION('',(0.,0.,-1.));
#5827=DIRECTION('',(0.,0.,1.));
#5828=DIRECTION('',(0.,0.,1.));
#5829=DIRECTION('',(0.,0.,1.));
#5830=DIRECTION('',(0.,0.,1.));
#5831=DIRECTION('',(-0.298046974970103,0.954551203818408,0.));
#5832=DIRECTION('',(-0.954551203818408,-0.298046974970103,0.));
#5833=DIRECTION('',(0.,0.,1.));
#5834=DIRECTION('',(0.,0.,1.));
#5835=DIRECTION('',(0.,0.,1.));
#5836=DIRECTION('',(0.,0.,1.));
#5837=DIRECTION('',(0.,0.,1.));
#5838=DIRECTION('',(0.,0.,1.));
#5839=DIRECTION('',(1.,0.,0.));
#5840=DIRECTION('',(0.,0.,1.));
#5841=DIRECTION('',(0.,0.,1.));
#5842=DIRECTION('',(0.,-1.,0.));
#5843=DIRECTION('',(0.,0.,-1.));
#5844=DIRECTION('',(1.,0.,0.));
#5845=DIRECTION('',(0.,0.,-1.));
#5846=DIRECTION('',(0.,0.,-1.));
#5847=DIRECTION('',(0.,0.,1.));
#5848=DIRECTION('',(1.,0.,0.));
#5849=DIRECTION('',(0.,0.,1.));
#5850=DIRECTION('',(1.,0.,0.));
#5851=DIRECTION('',(0.,0.,1.));
#5852=DIRECTION('',(0.,0.,1.));
#5853=DIRECTION('',(-0.939172493839332,0.343445813507181,0.));
#5854=DIRECTION('',(-0.343445813507181,-0.939172493839333,0.));
#5855=DIRECTION('',(0.,0.,-1.));
#5856=DIRECTION('',(0.,0.,1.));
#5857=DIRECTION('',(0.,0.,1.));
#5858=DIRECTION('',(1.,0.,0.));
#5859=DIRECTION('',(0.,0.,1.));
#5860=DIRECTION('',(0.,0.,1.));
#5861=DIRECTION('',(-0.78812172228717,-0.615519415501335,0.));
#5862=DIRECTION('',(0.615519415501335,-0.78812172228717,0.));
#5863=DIRECTION('',(0.,0.,1.));
#5864=DIRECTION('',(0.,0.,-1.));
#5865=DIRECTION('',(0.,0.,1.));
#5866=DIRECTION('',(1.,0.,0.));
#5867=DIRECTION('',(0.,0.,1.));
#5868=DIRECTION('',(0.,0.,1.));
#5869=DIRECTION('',(0.,0.,1.));
#5870=DIRECTION('',(1.,0.,0.));
#5871=DIRECTION('',(0.,0.,1.));
#5872=DIRECTION('',(1.,0.,0.));
#5873=DIRECTION('',(0.,0.,1.));
#5874=DIRECTION('',(1.,0.,0.));
#5875=DIRECTION('',(0.,0.,1.));
#5876=DIRECTION('',(1.,0.,0.));
#5877=DIRECTION('',(-0.600953393388252,-0.799284066508988,0.));
#5878=DIRECTION('',(0.799284066508989,-0.600953393388252,0.));
#5879=DIRECTION('',(0.,0.,1.));
#5880=DIRECTION('',(0.,0.,1.));
#5881=DIRECTION('',(0.,0.,1.));
#5882=DIRECTION('',(0.,0.,1.));
#5883=DIRECTION('',(0.,0.,1.));
#5884=DIRECTION('',(1.,0.,0.));
#5885=DIRECTION('',(0.,0.,1.));
#5886=DIRECTION('',(0.,0.,1.));
#5887=DIRECTION('',(-0.78812172228717,-0.615519415501334,0.));
#5888=DIRECTION('',(0.615519415501334,-0.78812172228717,0.));
#5889=DIRECTION('',(0.,0.,-1.));
#5890=DIRECTION('',(0.,0.,1.));
#5891=DIRECTION('',(0.,0.,1.));
#5892=DIRECTION('',(1.,0.,0.));
#5893=DIRECTION('',(0.,0.,1.));
#5894=DIRECTION('',(0.,0.,1.));
#5895=DIRECTION('',(0.993306054529282,0.11551225924321,0.));
#5896=DIRECTION('',(-0.11551225924321,0.993306054529282,0.));
#5897=DIRECTION('',(0.,0.,1.));
#5898=DIRECTION('',(0.,0.,-1.));
#5899=DIRECTION('',(0.,0.,1.));
#5900=DIRECTION('',(0.,0.,1.));
#5901=DIRECTION('',(-0.298046974970103,0.954551203818408,0.));
#5902=DIRECTION('',(-0.954551203818408,-0.298046974970103,0.));
#5903=DIRECTION('',(0.,0.,-1.));
#5904=DIRECTION('',(0.,0.,-1.));
#5905=DIRECTION('',(0.,0.,1.));
#5906=DIRECTION('',(1.,0.,0.));
#5907=DIRECTION('',(0.,0.,1.));
#5908=DIRECTION('',(0.,0.,1.));
#5909=DIRECTION('',(-0.939172493839332,0.343445813507181,0.));
#5910=DIRECTION('',(-0.343445813507181,-0.939172493839333,0.));
#5911=DIRECTION('',(0.,0.,-1.));
#5912=DIRECTION('',(0.,0.,1.));
#5913=DIRECTION('',(0.,0.,1.));
#5914=DIRECTION('',(1.,0.,0.));
#5915=DIRECTION('',(0.,0.,1.));
#5916=DIRECTION('',(0.,0.,1.));
#5917=DIRECTION('',(0.,0.,1.));
#5918=DIRECTION('',(1.,0.,0.));
#5919=DIRECTION('',(1.,0.,0.));
#5920=DIRECTION('',(0.,0.,1.));
#5921=DIRECTION('',(1.,0.,0.));
#5922=DIRECTION('',(0.,0.,1.));
#5923=DIRECTION('',(1.,0.,0.));
#5924=DIRECTION('',(0.,0.,1.));
#5925=DIRECTION('',(1.,0.,0.));
#5926=DIRECTION('',(0.,0.,1.));
#5927=DIRECTION('',(0.,0.,1.));
#5928=DIRECTION('',(0.,0.,1.));
#5929=DIRECTION('',(0.,0.,1.));
#5930=DIRECTION('',(0.993306054529282,0.115512259243209,0.));
#5931=DIRECTION('',(-0.115512259243209,0.993306054529282,0.));
#5932=DIRECTION('',(0.,0.,-1.));
#5933=DIRECTION('',(0.,0.,1.));
#5934=DIRECTION('',(0.,0.,1.));
#5935=DIRECTION('',(1.,0.,0.));
#5936=DIRECTION('',(0.,0.,1.));
#5937=DIRECTION('',(0.,0.,1.));
#5938=DIRECTION('',(0.,-1.,0.));
#5939=DIRECTION('',(0.,0.,-1.));
#5940=DIRECTION('',(0.,0.,-1.));
#5941=DIRECTION('',(0.,0.,1.));
#5942=DIRECTION('',(0.,0.,-1.));
#5943=DIRECTION('',(1.,0.,0.));
#5944=DIRECTION('',(0.,0.,-1.));
#5945=DIRECTION('',(-1.,0.,0.));
#5946=DIRECTION('',(0.,0.,1.));
#5947=DIRECTION('',(1.,0.,0.));
#5948=DIRECTION('',(0.,0.,1.));
#5949=DIRECTION('',(0.,0.,1.));
#5950=DIRECTION('',(0.,0.,1.));
#5951=DIRECTION('',(1.,0.,0.));
#5952=DIRECTION('',(0.,0.,1.));
#5953=DIRECTION('',(0.,0.,1.));
#5954=DIRECTION('',(0.,0.,1.));
#5955=DIRECTION('',(1.,0.,0.));
#5956=DIRECTION('',(0.801804220771862,-0.597586806708805,0.));
#5957=DIRECTION('',(0.597586806708805,0.801804220771863,0.));
#5958=DIRECTION('',(0.,0.,-1.));
#5959=DIRECTION('',(0.,0.,1.));
#5960=DIRECTION('',(0.801804220771862,-0.597586806708805,0.));
#5961=DIRECTION('',(0.597586806708805,0.801804220771862,0.));
#5962=DIRECTION('',(0.,0.,-1.));
#5963=DIRECTION('',(0.,0.,1.));
#5964=DIRECTION('',(-0.897647564422267,0.44071402302034,0.));
#5965=DIRECTION('',(-0.44071402302034,-0.897647564422267,0.));
#5966=DIRECTION('',(0.,0.,1.));
#5967=DIRECTION('',(0.,0.,1.));
#5968=DIRECTION('',(-0.897647564422267,0.44071402302034,0.));
#5969=DIRECTION('',(-0.44071402302034,-0.897647564422267,0.));
#5970=DIRECTION('',(0.,0.,-1.));
#5971=DIRECTION('',(0.,0.,-1.));
#5972=DIRECTION('',(0.511185642594176,0.859470324563669,0.));
#5973=DIRECTION('',(-0.85947032456367,0.511185642594176,0.));
#5974=DIRECTION('',(0.,0.,1.));
#5975=DIRECTION('',(0.,0.,1.));
#5976=DIRECTION('',(0.511185642594176,0.859470324563669,0.));
#5977=DIRECTION('',(-0.85947032456367,0.511185642594176,0.));
#5978=DIRECTION('',(0.,0.,-1.));
#5979=DIRECTION('',(0.,0.,-1.));
#5980=DIRECTION('',(0.,0.,1.));
#5981=DIRECTION('',(1.,0.,0.));
#5982=DIRECTION('',(0.,0.,1.));
#5983=DIRECTION('',(1.,0.,0.));
#5984=DIRECTION('',(0.,0.,1.));
#5985=DIRECTION('',(1.,0.,0.));
#5986=DIRECTION('',(0.,0.,1.));
#5987=DIRECTION('',(1.,0.,0.));
#5988=DIRECTION('',(0.,0.,1.));
#5989=DIRECTION('',(1.,0.,0.));
#5990=DIRECTION('',(0.,0.,1.));
#5991=DIRECTION('',(1.,0.,0.));
#5992=DIRECTION('',(0.,0.,1.));
#5993=DIRECTION('',(1.,0.,0.));
#5994=DIRECTION('',(0.,0.,1.));
#5995=DIRECTION('',(1.,0.,0.));
#5996=DIRECTION('',(0.,0.,1.));
#5997=DIRECTION('',(1.,0.,0.));
#5998=DIRECTION('',(0.,0.,1.));
#5999=DIRECTION('',(1.,0.,0.));
#6000=DIRECTION('',(0.,0.,-1.));
#6001=DIRECTION('',(-1.,0.,0.));
#6002=DIRECTION('',(0.,0.,1.));
#6003=DIRECTION('',(1.,0.,0.));
#6004=DIRECTION('',(0.,0.,1.));
#6005=DIRECTION('',(1.,0.,0.));
#6006=DIRECTION('',(0.,0.,1.));
#6007=DIRECTION('',(1.,0.,0.));
#6008=DIRECTION('',(0.,0.,1.));
#6009=DIRECTION('',(1.,0.,0.));
#6010=DIRECTION('',(0.,0.,1.));
#6011=DIRECTION('',(1.,0.,0.));
#6012=DIRECTION('',(0.,0.,1.));
#6013=DIRECTION('',(1.,0.,0.));
#6014=DIRECTION('',(0.,0.,1.));
#6015=DIRECTION('',(1.,0.,0.));
#6016=DIRECTION('',(0.,0.,1.));
#6017=DIRECTION('',(1.,0.,0.));
#6018=DIRECTION('',(0.,0.,1.));
#6019=DIRECTION('',(1.,0.,0.));
#6020=DIRECTION('',(0.,0.,1.));
#6021=DIRECTION('',(1.,0.,0.));
#6022=DIRECTION('',(0.,0.,1.));
#6023=DIRECTION('',(1.,0.,0.));
#6024=DIRECTION('',(0.,0.,1.));
#6025=DIRECTION('',(1.,0.,0.));
#6026=DIRECTION('',(0.,0.,1.));
#6027=DIRECTION('',(1.,0.,0.));
#6028=DIRECTION('',(0.,0.,1.));
#6029=DIRECTION('',(1.,0.,0.));
#6030=DIRECTION('',(0.,0.,1.));
#6031=DIRECTION('',(1.,0.,0.));
#6032=DIRECTION('',(0.,0.,1.));
#6033=DIRECTION('',(1.,0.,0.));
#6034=DIRECTION('',(0.,0.,1.));
#6035=DIRECTION('',(1.,0.,0.));
#6036=DIRECTION('',(0.,0.,1.));
#6037=DIRECTION('',(1.,0.,0.));
#6038=DIRECTION('',(0.,0.,1.));
#6039=DIRECTION('',(1.,0.,0.));
#6040=DIRECTION('',(0.,0.,1.));
#6041=DIRECTION('',(1.,0.,0.));
#6042=DIRECTION('',(0.,0.,1.));
#6043=DIRECTION('',(1.,0.,0.));
#6044=DIRECTION('',(0.,0.,1.));
#6045=DIRECTION('',(1.,0.,0.));
#6046=DIRECTION('',(0.,0.,1.));
#6047=DIRECTION('',(1.,0.,0.));
#6048=DIRECTION('',(0.,0.,1.));
#6049=DIRECTION('',(1.,0.,0.));
#6050=DIRECTION('',(0.,0.,1.));
#6051=DIRECTION('',(1.,0.,0.));
#6052=DIRECTION('',(0.,0.,1.));
#6053=DIRECTION('',(1.,0.,0.));
#6054=DIRECTION('',(0.,0.,1.));
#6055=DIRECTION('',(1.,0.,0.));
#6056=DIRECTION('',(0.,0.,1.));
#6057=DIRECTION('',(1.,0.,0.));
#6058=DIRECTION('',(0.,0.,1.));
#6059=DIRECTION('',(1.,0.,0.));
#6060=DIRECTION('',(0.,0.,1.));
#6061=DIRECTION('',(1.,0.,0.));
#6062=DIRECTION('',(0.,0.,1.));
#6063=DIRECTION('',(0.,0.,1.));
#6064=DIRECTION('',(0.,0.,1.));
#6065=DIRECTION('',(1.,0.,0.));
#6066=DIRECTION('',(0.,0.,1.));
#6067=DIRECTION('',(0.,0.,1.));
#6068=DIRECTION('',(0.,0.,1.));
#6069=DIRECTION('',(1.,0.,0.));
#6070=DIRECTION('',(0.,0.,1.));
#6071=DIRECTION('',(0.,0.,1.));
#6072=DIRECTION('',(0.,0.,1.));
#6073=DIRECTION('',(1.,0.,0.));
#6074=DIRECTION('',(0.,0.,1.));
#6075=DIRECTION('',(0.,0.,1.));
#6076=DIRECTION('',(0.,0.,1.));
#6077=DIRECTION('',(0.,0.,1.));
#6078=DIRECTION('',(0.,0.,1.));
#6079=DIRECTION('',(0.,0.,1.));
#6080=DIRECTION('',(0.,0.,1.));
#6081=DIRECTION('',(0.,0.,1.));
#6082=DIRECTION('',(0.,0.,-1.));
#6083=DIRECTION('',(-1.,0.,0.));
#6084=DIRECTION('',(0.,0.,1.));
#6085=DIRECTION('',(1.,0.,0.));
#6086=DIRECTION('',(0.,0.,-1.));
#6087=DIRECTION('',(0.,0.,-1.));
#6088=DIRECTION('',(0.,-1.,0.));
#6089=DIRECTION('',(0.,0.,-1.));
#6090=DIRECTION('',(-1.,0.,0.));
#6091=DIRECTION('',(0.,0.,-1.));
#6092=DIRECTION('',(-1.,0.,0.));
#6093=DIRECTION('',(1.,0.,0.));
#6094=DIRECTION('',(0.,0.,-1.));
#6095=DIRECTION('',(-1.,0.,0.));
#6096=DIRECTION('',(0.,0.,1.));
#6097=DIRECTION('',(1.,0.,0.));
#6098=DIRECTION('',(0.,0.,1.));
#6099=DIRECTION('',(1.,0.,0.));
#6100=DIRECTION('',(0.,0.,1.));
#6101=DIRECTION('',(1.,0.,0.));
#6102=DIRECTION('',(-1.,0.,0.));
#6103=DIRECTION('',(0.,0.,1.));
#6104=DIRECTION('',(1.,0.,0.));
#6105=DIRECTION('',(0.,-1.,0.));
#6106=DIRECTION('',(0.,0.,-1.));
#6107=DIRECTION('',(0.,0.,-1.));
#6108=DIRECTION('',(-1.,0.,0.));
#6109=DIRECTION('',(0.,0.,-1.));
#6110=DIRECTION('',(-1.,0.,0.));
#6111=DIRECTION('',(0.,0.,-1.));
#6112=DIRECTION('',(-1.,0.,0.));
#6113=DIRECTION('',(0.,0.,1.));
#6114=DIRECTION('',(1.,0.,0.));
#6115=DIRECTION('',(0.,0.,1.));
#6116=DIRECTION('',(0.,0.,1.));
#6117=DIRECTION('',(0.,0.,1.));
#6118=DIRECTION('',(1.,0.,0.));
#6119=DIRECTION('',(0.,0.,1.));
#6120=DIRECTION('',(0.,0.,1.));
#6121=DIRECTION('',(0.,0.,1.));
#6122=DIRECTION('',(1.,0.,0.));
#6123=DIRECTION('',(0.,0.,1.));
#6124=DIRECTION('',(0.,0.,1.));
#6125=DIRECTION('',(0.7839956899507,0.620766266914308,0.));
#6126=DIRECTION('',(0.620766266914308,-0.7839956899507,0.));
#6127=DIRECTION('',(0.,0.,1.));
#6128=DIRECTION('',(0.,0.,1.));
#6129=DIRECTION('',(0.,0.,1.));
#6130=DIRECTION('',(1.,0.,0.));
#6131=DIRECTION('',(0.,0.,1.));
#6132=DIRECTION('',(0.,0.,1.));
#6133=DIRECTION('',(1.,0.,0.));
#6134=DIRECTION('',(0.,0.,1.));
#6135=DIRECTION('',(0.,0.,1.));
#6136=DIRECTION('',(-0.896941019412356,0.442150209426078,0.));
#6137=DIRECTION('',(0.442150209426078,0.896941019412356,0.));
#6138=DIRECTION('',(0.,0.,1.));
#6139=DIRECTION('',(0.,0.,1.));
#6140=DIRECTION('',(1.,0.,0.));
#6141=DIRECTION('',(0.,0.,1.));
#6142=DIRECTION('',(0.,0.,-1.));
#6143=DIRECTION('',(1.,0.,0.));
#6144=DIRECTION('',(0.,0.,1.));
#6145=DIRECTION('',(0.210420555596672,0.977610960342808,0.));
#6146=DIRECTION('',(0.977610960342808,-0.210420555596672,0.));
#6147=DIRECTION('',(0.,0.,1.));
#6148=DIRECTION('',(0.,0.,1.));
#6149=DIRECTION('',(1.,0.,0.));
#6150=DIRECTION('',(-0.600953393388252,0.799284066508989,0.));
#6151=DIRECTION('',(0.799284066508989,0.600953393388252,0.));
#6152=DIRECTION('',(0.,0.,-1.));
#6153=DIRECTION('',(0.,0.,-1.));
#6154=DIRECTION('',(0.,0.,1.));
#6155=DIRECTION('',(1.,0.,0.));
#6156=DIRECTION('',(0.,0.,1.));
#6157=DIRECTION('',(0.,0.,1.));
#6158=DIRECTION('',(0.,1.,0.));
#6159=DIRECTION('',(0.,0.,-1.));
#6160=DIRECTION('',(0.,0.,1.));
#6161=DIRECTION('',(0.,0.,1.));
#6162=DIRECTION('',(0.,0.,1.));
#6163=DIRECTION('',(0.,0.,1.));
#6164=DIRECTION('',(-0.298046974970103,-0.954551203818408,0.));
#6165=DIRECTION('',(-0.954551203818408,0.298046974970103,0.));
#6166=DIRECTION('',(0.,0.,1.));
#6167=DIRECTION('',(0.,0.,1.));
#6168=DIRECTION('',(0.,0.,1.));
#6169=DIRECTION('',(0.,0.,1.));
#6170=DIRECTION('',(0.,0.,1.));
#6171=DIRECTION('',(0.,1.,0.));
#6172=DIRECTION('',(0.,0.,-1.));
#6173=DIRECTION('',(1.,0.,0.));
#6174=DIRECTION('',(0.,0.,-1.));
#6175=DIRECTION('',(0.,0.,-1.));
#6176=DIRECTION('',(0.,0.,1.));
#6177=DIRECTION('',(1.,0.,0.));
#6178=DIRECTION('',(0.,0.,-1.));
#6179=DIRECTION('',(1.,0.,0.));
#6180=DIRECTION('',(0.,0.,1.));
#6181=DIRECTION('',(0.,0.,1.));
#6182=DIRECTION('',(-0.939172493839332,-0.343445813507181,0.));
#6183=DIRECTION('',(-0.343445813507181,0.939172493839333,0.));
#6184=DIRECTION('',(0.,0.,1.));
#6185=DIRECTION('',(0.,0.,-1.));
#6186=DIRECTION('',(0.,0.,1.));
#6187=DIRECTION('',(1.,0.,0.));
#6188=DIRECTION('',(0.,0.,1.));
#6189=DIRECTION('',(0.,0.,1.));
#6190=DIRECTION('',(-0.78812172228717,0.615519415501335,0.));
#6191=DIRECTION('',(0.615519415501335,0.78812172228717,0.));
#6192=DIRECTION('',(0.,0.,-1.));
#6193=DIRECTION('',(0.,0.,1.));
#6194=DIRECTION('',(0.,0.,1.));
#6195=DIRECTION('',(1.,0.,0.));
#6196=DIRECTION('',(0.,0.,-1.));
#6197=DIRECTION('',(1.,0.,0.));
#6198=DIRECTION('',(0.,0.,1.));
#6199=DIRECTION('',(0.,0.,1.));
#6200=DIRECTION('',(0.,0.,1.));
#6201=DIRECTION('',(1.,0.,0.));
#6202=DIRECTION('',(0.,0.,-1.));
#6203=DIRECTION('',(1.,0.,0.));
#6204=DIRECTION('',(0.,0.,-1.));
#6205=DIRECTION('',(1.,0.,0.));
#6206=DIRECTION('',(-0.600953393388252,0.799284066508988,0.));
#6207=DIRECTION('',(0.799284066508989,0.600953393388252,0.));
#6208=DIRECTION('',(0.,0.,1.));
#6209=DIRECTION('',(0.,0.,1.));
#6210=DIRECTION('',(0.,0.,1.));
#6211=DIRECTION('',(0.,0.,1.));
#6212=DIRECTION('',(0.,0.,1.));
#6213=DIRECTION('',(1.,0.,0.));
#6214=DIRECTION('',(0.,0.,1.));
#6215=DIRECTION('',(0.,0.,1.));
#6216=DIRECTION('',(-0.78812172228717,0.615519415501334,0.));
#6217=DIRECTION('',(0.615519415501334,0.78812172228717,0.));
#6218=DIRECTION('',(0.,0.,1.));
#6219=DIRECTION('',(0.,0.,-1.));
#6220=DIRECTION('',(0.,0.,1.));
#6221=DIRECTION('',(1.,0.,0.));
#6222=DIRECTION('',(0.,0.,1.));
#6223=DIRECTION('',(0.,0.,1.));
#6224=DIRECTION('',(0.993306054529282,-0.11551225924321,0.));
#6225=DIRECTION('',(-0.11551225924321,-0.993306054529282,0.));
#6226=DIRECTION('',(0.,0.,-1.));
#6227=DIRECTION('',(0.,0.,1.));
#6228=DIRECTION('',(0.,0.,1.));
#6229=DIRECTION('',(0.,0.,1.));
#6230=DIRECTION('',(-0.298046974970103,-0.954551203818408,0.));
#6231=DIRECTION('',(-0.954551203818408,0.298046974970103,0.));
#6232=DIRECTION('',(0.,0.,-1.));
#6233=DIRECTION('',(0.,0.,-1.));
#6234=DIRECTION('',(0.,0.,1.));
#6235=DIRECTION('',(1.,0.,0.));
#6236=DIRECTION('',(0.,0.,1.));
#6237=DIRECTION('',(0.,0.,1.));
#6238=DIRECTION('',(-0.939172493839332,-0.343445813507181,0.));
#6239=DIRECTION('',(-0.343445813507181,0.939172493839333,0.));
#6240=DIRECTION('',(0.,0.,1.));
#6241=DIRECTION('',(0.,0.,-1.));
#6242=DIRECTION('',(0.,0.,1.));
#6243=DIRECTION('',(1.,0.,0.));
#6244=DIRECTION('',(0.,0.,1.));
#6245=DIRECTION('',(0.,0.,1.));
#6246=DIRECTION('',(0.,0.,1.));
#6247=DIRECTION('',(1.,0.,0.));
#6248=DIRECTION('',(1.,0.,0.));
#6249=DIRECTION('',(0.,0.,-1.));
#6250=DIRECTION('',(1.,0.,0.));
#6251=DIRECTION('',(0.,0.,-1.));
#6252=DIRECTION('',(1.,0.,0.));
#6253=DIRECTION('',(0.,0.,-1.));
#6254=DIRECTION('',(1.,0.,0.));
#6255=DIRECTION('',(0.,0.,1.));
#6256=DIRECTION('',(0.,0.,1.));
#6257=DIRECTION('',(0.,0.,1.));
#6258=DIRECTION('',(0.,0.,1.));
#6259=DIRECTION('',(0.993306054529282,-0.115512259243209,0.));
#6260=DIRECTION('',(-0.115512259243209,-0.993306054529282,0.));
#6261=DIRECTION('',(0.,0.,1.));
#6262=DIRECTION('',(0.,0.,-1.));
#6263=DIRECTION('',(0.,0.,1.));
#6264=DIRECTION('',(1.,0.,0.));
#6265=DIRECTION('',(0.,0.,1.));
#6266=DIRECTION('',(0.,0.,1.));
#6267=DIRECTION('',(0.,1.,0.));
#6268=DIRECTION('',(0.,0.,-1.));
#6269=DIRECTION('',(0.,0.,1.));
#6270=DIRECTION('',(0.,0.,-1.));
#6271=DIRECTION('',(0.,0.,-1.));
#6272=DIRECTION('',(1.,0.,0.));
#6273=DIRECTION('',(0.,0.,1.));
#6274=DIRECTION('',(-1.,0.,0.));
#6275=DIRECTION('',(0.,0.,1.));
#6276=DIRECTION('',(1.,0.,0.));
#6277=DIRECTION('',(0.,0.,1.));
#6278=DIRECTION('',(0.,0.,1.));
#6279=DIRECTION('',(0.,0.,1.));
#6280=DIRECTION('',(1.,0.,0.));
#6281=DIRECTION('',(0.,0.,1.));
#6282=DIRECTION('',(0.,0.,1.));
#6283=DIRECTION('',(0.,0.,1.));
#6284=DIRECTION('',(1.,0.,0.));
#6285=DIRECTION('',(0.801804220771862,0.597586806708805,0.));
#6286=DIRECTION('',(0.597586806708805,-0.801804220771863,0.));
#6287=DIRECTION('',(0.,0.,1.));
#6288=DIRECTION('',(0.,0.,-1.));
#6289=DIRECTION('',(0.801804220771862,0.597586806708805,0.));
#6290=DIRECTION('',(0.597586806708805,-0.801804220771862,0.));
#6291=DIRECTION('',(0.,0.,1.));
#6292=DIRECTION('',(0.,0.,-1.));
#6293=DIRECTION('',(-0.897647564422267,-0.44071402302034,0.));
#6294=DIRECTION('',(-0.44071402302034,0.897647564422267,0.));
#6295=DIRECTION('',(0.,0.,1.));
#6296=DIRECTION('',(0.,0.,1.));
#6297=DIRECTION('',(-0.897647564422267,-0.44071402302034,0.));
#6298=DIRECTION('',(-0.44071402302034,0.897647564422267,0.));
#6299=DIRECTION('',(0.,0.,-1.));
#6300=DIRECTION('',(0.,0.,-1.));
#6301=DIRECTION('',(0.511185642594176,-0.859470324563669,0.));
#6302=DIRECTION('',(-0.85947032456367,-0.511185642594176,0.));
#6303=DIRECTION('',(0.,0.,1.));
#6304=DIRECTION('',(0.,0.,1.));
#6305=DIRECTION('',(0.511185642594176,-0.859470324563669,0.));
#6306=DIRECTION('',(-0.85947032456367,-0.511185642594176,0.));
#6307=DIRECTION('',(0.,0.,-1.));
#6308=DIRECTION('',(0.,0.,-1.));
#6309=DIRECTION('',(0.,0.,1.));
#6310=DIRECTION('',(1.,0.,0.));
#6311=DIRECTION('',(0.,0.,1.));
#6312=DIRECTION('',(1.,0.,0.));
#6313=DIRECTION('',(0.,0.,1.));
#6314=DIRECTION('',(1.,0.,0.));
#6315=DIRECTION('',(0.,0.,1.));
#6316=DIRECTION('',(1.,0.,0.));
#6317=DIRECTION('',(0.,0.,1.));
#6318=DIRECTION('',(1.,0.,0.));
#6319=DIRECTION('',(0.,0.,1.));
#6320=DIRECTION('',(1.,0.,0.));
#6321=DIRECTION('',(0.,0.,1.));
#6322=DIRECTION('',(1.,0.,0.));
#6323=DIRECTION('',(0.,0.,1.));
#6324=DIRECTION('',(1.,0.,0.));
#6325=DIRECTION('',(0.,0.,1.));
#6326=DIRECTION('',(1.,0.,0.));
#6327=DIRECTION('',(0.,0.,1.));
#6328=DIRECTION('',(1.,0.,0.));
#6329=DIRECTION('',(0.,0.,-1.));
#6330=DIRECTION('',(-1.,0.,0.));
#6331=DIRECTION('',(0.,0.,1.));
#6332=DIRECTION('',(1.,0.,0.));
#6333=DIRECTION('',(0.,0.,1.));
#6334=DIRECTION('',(1.,0.,0.));
#6335=DIRECTION('',(0.,0.,1.));
#6336=DIRECTION('',(1.,0.,0.));
#6337=DIRECTION('',(0.,0.,1.));
#6338=DIRECTION('',(1.,0.,0.));
#6339=DIRECTION('',(0.,0.,1.));
#6340=DIRECTION('',(1.,0.,0.));
#6341=DIRECTION('',(0.,0.,1.));
#6342=DIRECTION('',(1.,0.,0.));
#6343=DIRECTION('',(0.,0.,1.));
#6344=DIRECTION('',(1.,0.,0.));
#6345=DIRECTION('',(0.,0.,1.));
#6346=DIRECTION('',(1.,0.,0.));
#6347=DIRECTION('',(0.,0.,1.));
#6348=DIRECTION('',(1.,0.,0.));
#6349=DIRECTION('',(0.,0.,1.));
#6350=DIRECTION('',(1.,0.,0.));
#6351=DIRECTION('',(0.,0.,1.));
#6352=DIRECTION('',(1.,0.,0.));
#6353=DIRECTION('',(0.,0.,1.));
#6354=DIRECTION('',(1.,0.,0.));
#6355=DIRECTION('',(0.,0.,1.));
#6356=DIRECTION('',(1.,0.,0.));
#6357=DIRECTION('',(0.,0.,1.));
#6358=DIRECTION('',(1.,0.,0.));
#6359=DIRECTION('',(0.,0.,1.));
#6360=DIRECTION('',(1.,0.,0.));
#6361=DIRECTION('',(0.,0.,1.));
#6362=DIRECTION('',(1.,0.,0.));
#6363=DIRECTION('',(0.,0.,1.));
#6364=DIRECTION('',(1.,0.,0.));
#6365=DIRECTION('',(0.,0.,1.));
#6366=DIRECTION('',(1.,0.,0.));
#6367=DIRECTION('',(0.,0.,1.));
#6368=DIRECTION('',(1.,0.,0.));
#6369=DIRECTION('',(0.,0.,1.));
#6370=DIRECTION('',(1.,0.,0.));
#6371=DIRECTION('',(0.,0.,1.));
#6372=DIRECTION('',(1.,0.,0.));
#6373=DIRECTION('',(0.,0.,1.));
#6374=DIRECTION('',(1.,0.,0.));
#6375=DIRECTION('',(0.,0.,1.));
#6376=DIRECTION('',(1.,0.,0.));
#6377=DIRECTION('',(0.,0.,1.));
#6378=DIRECTION('',(1.,0.,0.));
#6379=DIRECTION('',(0.,0.,1.));
#6380=DIRECTION('',(1.,0.,0.));
#6381=DIRECTION('',(0.,0.,1.));
#6382=DIRECTION('',(1.,0.,0.));
#6383=DIRECTION('',(0.,0.,1.));
#6384=DIRECTION('',(1.,0.,0.));
#6385=DIRECTION('',(0.,0.,1.));
#6386=DIRECTION('',(1.,0.,0.));
#6387=DIRECTION('',(0.,0.,1.));
#6388=DIRECTION('',(1.,0.,0.));
#6389=DIRECTION('',(0.,0.,1.));
#6390=DIRECTION('',(1.,0.,0.));
#6391=DIRECTION('',(0.,0.,1.));
#6392=DIRECTION('',(1.,0.,0.));
#6393=DIRECTION('',(0.,0.,1.));
#6394=DIRECTION('',(1.,0.,0.));
#6395=DIRECTION('',(0.,0.,1.));
#6396=DIRECTION('',(1.,0.,0.));
#6397=DIRECTION('',(0.,0.,1.));
#6398=DIRECTION('',(1.,0.,0.));
#6399=DIRECTION('',(0.,0.,-1.));
#6400=DIRECTION('',(-1.,0.,0.));
#6401=DIRECTION('',(0.,0.,1.));
#6402=DIRECTION('',(1.,0.,0.));
#6403=DIRECTION('',(0.,0.,1.));
#6404=DIRECTION('',(1.,0.,0.));
#6405=DIRECTION('',(0.,0.,1.));
#6406=DIRECTION('',(1.,0.,0.));
#6407=DIRECTION('',(0.,0.,1.));
#6408=DIRECTION('',(1.,0.,0.));
#6409=DIRECTION('',(0.,0.,1.));
#6410=DIRECTION('',(1.,0.,0.));
#6411=DIRECTION('',(0.,0.,1.));
#6412=DIRECTION('',(1.,0.,0.));
#6413=DIRECTION('',(0.,0.,1.));
#6414=DIRECTION('',(1.,0.,0.));
#6415=DIRECTION('',(0.,0.,1.));
#6416=DIRECTION('',(1.,0.,0.));
#6417=DIRECTION('',(0.,0.,-1.));
#6418=DIRECTION('',(-1.,0.,0.));
#6419=DIRECTION('',(0.,0.,1.));
#6420=DIRECTION('',(1.,0.,0.));
#6421=DIRECTION('',(0.,0.,1.));
#6422=DIRECTION('',(1.,0.,0.));
#6423=CARTESIAN_POINT('',(0.,0.,0.));
#6424=CARTESIAN_POINT('',(-0.0118265460440095,-0.0031996630349073,0.0275));
#6425=CARTESIAN_POINT('',(-0.0118265460440095,-0.0031996630349073,0.0305));
#6426=CARTESIAN_POINT('',(-0.011643076000692,-0.003148282676872,0.0275));
#6427=CARTESIAN_POINT('',(-0.011643076000692,-0.003148282676872,0.0305));
#6428=CARTESIAN_POINT('',(-0.0112813439721007,-0.00305876648992756,0.0275));
#6429=CARTESIAN_POINT('',(-0.0112813439721007,-0.00305876648992756,0.0305));
#6430=CARTESIAN_POINT('',(-0.0106363594438758,-0.00295180316965019,0.0275));
#6431=CARTESIAN_POINT('',(-0.0106363594438758,-0.00295180316965019,0.0305));
#6432=CARTESIAN_POINT('',(-0.00982330241853903,-0.00288305484808815,0.0275));
#6433=CARTESIAN_POINT('',(-0.00982330241853903,-0.00288305484808815,0.0305));
#6434=CARTESIAN_POINT('',(-0.0088034818777991,-0.00286926242961231,0.0275));
#6435=CARTESIAN_POINT('',(-0.0088034818777991,-0.00286926242961231,0.0305));
#6436=CARTESIAN_POINT('',(-0.00745977321515121,-0.00292540217769244,0.0275));
#6437=CARTESIAN_POINT('',(-0.00745977321515121,-0.00292540217769244,0.0305));
#6438=CARTESIAN_POINT('',(-0.00627970801777922,-0.00296986103285326,0.0275));
#6439=CARTESIAN_POINT('',(-0.00627970801777922,-0.00296986103285326,0.0305));
#6440=CARTESIAN_POINT('',(-0.00538113093755536,-0.0029590989957842,0.0275));
#6441=CARTESIAN_POINT('',(-0.00538113093755536,-0.0029590989957842,0.0305));
#6442=CARTESIAN_POINT('',(-0.00483210258065727,-0.00291943920963554,0.0275));
#6443=CARTESIAN_POINT('',(-0.00483210258065727,-0.00291943920963554,0.0305));
#6444=CARTESIAN_POINT('',(-0.00435970183657266,-0.00283973548695379,0.0275));
#6445=CARTESIAN_POINT('',(-0.00435970183657266,-0.00283973548695379,0.0305));
#6446=CARTESIAN_POINT('',(-0.00395812353035927,-0.00272994405241719,0.0275));
#6447=CARTESIAN_POINT('',(-0.00395812353035927,-0.00272994405241719,0.0305));
#6448=CARTESIAN_POINT('',(-0.00346564250102042,-0.00252311056596286,0.0275));
#6449=CARTESIAN_POINT('',(-0.00346564250102042,-0.00252311056596286,0.0305));
#6450=CARTESIAN_POINT('',(-0.00302196394821391,-0.00217069224064039,0.0275));
#6451=CARTESIAN_POINT('',(-0.00302196394821391,-0.00217069224064039,0.0305));
#6452=CARTESIAN_POINT('',(-0.00283011398555052,-0.00192206596770371,0.0275));
#6453=CARTESIAN_POINT('',(-0.00283011398555052,-0.00192206596770371,0.0305));
#6454=CARTESIAN_POINT('',(-0.00455107493397129,-0.00731023913463926,0.0275));
#6455=CARTESIAN_POINT('',(-0.00457472420419952,-0.00731853872743364,0.0275));
#6456=CARTESIAN_POINT('',(-0.00472351401112884,-0.00736972978247595,0.0275));
#6457=CARTESIAN_POINT('',(-0.00498090252098135,-0.00744595229738374,0.0275));
#6458=CARTESIAN_POINT('',(-0.00538673892315739,-0.00753712657542748,0.0275));
#6459=CARTESIAN_POINT('',(-0.00585352535088775,-0.00761915468247349,0.0275));
#6460=CARTESIAN_POINT('',(-0.00630336129512929,-0.00768684465042471,0.0275));
#6461=CARTESIAN_POINT('',(-0.00670053649451654,-0.00774536237601512,0.0275));
#6462=CARTESIAN_POINT('',(-0.00701931010342129,-0.00779321788501541,0.0275));
#6463=CARTESIAN_POINT('',(-0.00735089838545595,-0.00784526143537295,0.0275));
#6464=CARTESIAN_POINT('',(-0.00802160758059088,-0.0079534702435044,0.0275));
#6465=CARTESIAN_POINT('',(-0.00882749181386406,-0.00808781431332543,0.0275));
#6466=CARTESIAN_POINT('',(-0.00970848226152157,-0.00822083926962513,0.0275));
#6467=CARTESIAN_POINT('',(-0.0105374475221631,-0.00833063316460368,0.0275));
#6468=CARTESIAN_POINT('',(-0.0112222423636415,-0.00838622989576743,0.0275));
#6469=CARTESIAN_POINT('',(-0.0118844827815842,-0.00840655015662958,0.0275));
#6470=CARTESIAN_POINT('',(-0.0123934075975329,-0.00840892633438411,0.0275));
#6471=CARTESIAN_POINT('',(-0.012846097910221,-0.00840332812930804,0.0275));
#6472=CARTESIAN_POINT('',(-0.0132343989111565,-0.00839697196981061,0.0275));
#6473=CARTESIAN_POINT('',(-0.0136146537764688,-0.00838881231778411,0.0275));
#6474=CARTESIAN_POINT('',(-0.0140790436504894,-0.00837085396100911,0.0275));
#6475=CARTESIAN_POINT('',(-0.0146040377017803,-0.00832720342556043,0.0275));
#6476=CARTESIAN_POINT('',(-0.0150807687775914,-0.00825522575370622,0.0275));
#6477=CARTESIAN_POINT('',(-0.0154252008278294,-0.00816976800661058,0.0275));
#6478=CARTESIAN_POINT('',(-0.015659449274778,-0.00808959175174708,0.0275));
#6479=CARTESIAN_POINT('',(-0.0158909242757377,-0.00799375501764228,0.0275));
#6480=CARTESIAN_POINT('',(-0.0161673964200531,-0.00784762572808755,0.0275));
#6481=CARTESIAN_POINT('',(-0.0164628802671673,-0.00764142464317548,0.0275));
#6482=CARTESIAN_POINT('',(-0.0167070608630927,-0.00741988507021895,0.0275));
#6483=CARTESIAN_POINT('',(-0.0168860516769523,-0.00720583030004471,0.0275));
#6484=CARTESIAN_POINT('',(-0.016999409277142,-0.00701774423445486,0.0275));
#6485=CARTESIAN_POINT('',(-0.017061745135599,-0.0068596080404478,0.0275));
#6486=CARTESIAN_POINT('',(-0.0170790491072586,-0.00676759986636051,0.0275));
#6487=CARTESIAN_POINT('',(-0.0170815422343924,-0.0067185236403266,0.0275));
#6488=CARTESIAN_POINT('',(-0.0170802985329685,-0.00669524173338024,0.0275));
#6489=CARTESIAN_POINT('',(-0.0170773114382303,-0.00667349999276031,0.0275));
#6490=CARTESIAN_POINT('',(-0.0170602665065022,-0.00660171637079864,0.0275));
#6491=CARTESIAN_POINT('',(-0.0170007990900995,-0.0064411004079122,0.0275));
#6492=CARTESIAN_POINT('',(-0.0168720584458408,-0.00619346925455889,0.0275));
#6493=CARTESIAN_POINT('',(-0.0167310588476354,-0.00595394048633777,0.0275));
#6494=CARTESIAN_POINT('',(-0.0166288863097566,-0.0057878406682574,0.0275));
#6495=CARTESIAN_POINT('',(-0.0165402657616462,-0.00564579884946779,0.0275));
#6496=CARTESIAN_POINT('',(-0.0164553264164104,-0.00551104325572494,0.0275));
#6497=CARTESIAN_POINT('',(-0.0163528801852799,-0.00535259127124972,0.0275));
#6498=CARTESIAN_POINT('',(-0.016235514026511,-0.00518063316582216,0.0275));
#6499=CARTESIAN_POINT('',(-0.0160850196462538,-0.00497578058497442,0.0275));
#6500=CARTESIAN_POINT('',(-0.015907457341336,-0.00476657393887225,0.0275));
#6501=CARTESIAN_POINT('',(-0.0157376194830125,-0.00461110547948856,0.0275));
#6502=CARTESIAN_POINT('',(-0.0156179826132024,-0.00452342143708861,0.0275));
#6503=CARTESIAN_POINT('',(-0.0155416849584796,-0.00447433756697804,0.0275));
#6504=CARTESIAN_POINT('',(-0.0154503949572661,-0.00442024127611032,0.0275));
#6505=CARTESIAN_POINT('',(-0.0153141623575175,-0.00434828935590093,0.0275));
#6506=CARTESIAN_POINT('',(-0.0150537690125618,-0.00422861870361984,0.0275));
#6507=CARTESIAN_POINT('',(-0.0146636173215825,-0.00407888227149076,0.0275));
#6508=CARTESIAN_POINT('',(-0.0141320779561154,-0.00390752460097213,0.0275));
#6509=CARTESIAN_POINT('',(-0.0135732396025518,-0.00374355711387779,0.0275));
#6510=CARTESIAN_POINT('',(-0.0129982227968825,-0.0035690083968413,0.0275));
#6511=CARTESIAN_POINT('',(-0.0125194429869152,-0.00341270650486843,0.0275));
#6512=CARTESIAN_POINT('',(-0.0121070736835766,-0.00328049496444102,0.0275));
#6513=CARTESIAN_POINT('',(-0.0117384722306165,-0.00317256885995733,0.0275));
#6514=CARTESIAN_POINT('',(-0.0113692000682422,-0.00308186239005294,0.0275));
#6515=CARTESIAN_POINT('',(-0.0109593363711342,-0.00300358496018659,0.0275));
#6516=CARTESIAN_POINT('',(-0.0104898938824284,-0.00294016298555508,0.0275));
#6517=CARTESIAN_POINT('',(-0.00994098600811676,-0.00289513674357825,0.0275));
#6518=CARTESIAN_POINT('',(-0.00940260130971183,-0.00287719857854609,0.0275));
#6519=CARTESIAN_POINT('',(-0.00891875263066637,-0.00287717637495068,0.0275));
#6520=CARTESIAN_POINT('',(-0.00838858292801623,-0.00288793093476082,0.0275));
#6521=CARTESIAN_POINT('',(-0.00778866076627262,-0.00291135490743168,0.0275));
#6522=CARTESIAN_POINT('',(-0.00716666331607009,-0.00293616394025327,0.0275));
#6523=CARTESIAN_POINT('',(-0.00669619319961719,-0.00295243357341853,0.0275));
#6524=CARTESIAN_POINT('',(-0.00622900964555203,-0.002963186591268,0.0275));
#6525=CARTESIAN_POINT('',(-0.00576978591303214,-0.00296484170842886,0.0275));
#6526=CARTESIAN_POINT('',(-0.00531977847798119,-0.00295303308379217,0.0275));
#6527=CARTESIAN_POINT('',(-0.00487299847660896,-0.00292056335764293,0.0275));
#6528=CARTESIAN_POINT('',(-0.00448679496739644,-0.0028653732881486,0.0275));
#6529=CARTESIAN_POINT('',(-0.00414068801943631,-0.00278190065725306,0.0275));
#6530=CARTESIAN_POINT('',(-0.00384843211853565,-0.00268480604518311,0.0275));
#6531=CARTESIAN_POINT('',(-0.00350617693689102,-0.00252467879053322,0.0275));
#6532=CARTESIAN_POINT('',(-0.00316750651153472,-0.00229243288727817,0.0275));
#6533=CARTESIAN_POINT('',(-0.00288201501156998,-0.00199839172923733,0.0275));
#6534=CARTESIAN_POINT('',(-0.00263063164201659,-0.00165222641222014,0.0275));
#6535=CARTESIAN_POINT('',(-0.00241625155029102,-0.00115057142583003,0.0275));
#6536=CARTESIAN_POINT('',(-0.00234780158216438,-0.000588694472216783,0.0275));
#6537=CARTESIAN_POINT('',(-0.0023819441353646,-0.000231414630509507,0.0275));
#6538=CARTESIAN_POINT('',(-0.00241633756137019,-5.89003145261418E-5,0.0275));
#6539=CARTESIAN_POINT('',(-0.00242746217648959,-1.03482275855839E-5,0.0275));
#6540=CARTESIAN_POINT('',(-0.0118265460442361,-0.00319966303497075,0.0275));
#6541=CARTESIAN_POINT('',(-0.00283011406965847,-0.00192206607670266,0.0275));
#6542=CARTESIAN_POINT('',(-0.00283011406965847,-0.00192206607670266,0.0275));
#6543=CARTESIAN_POINT('',(-0.00283011406965847,-0.00192206607670266,0.0305));
#6544=CARTESIAN_POINT('',(-0.00455107493397129,-0.00731023913463926,0.0305));
#6545=CARTESIAN_POINT('',(-0.00457472420419952,-0.00731853872743364,0.0305));
#6546=CARTESIAN_POINT('',(-0.00472351401112884,-0.00736972978247595,0.0305));
#6547=CARTESIAN_POINT('',(-0.00498090252098135,-0.00744595229738374,0.0305));
#6548=CARTESIAN_POINT('',(-0.00538673892315739,-0.00753712657542748,0.0305));
#6549=CARTESIAN_POINT('',(-0.00585352535088775,-0.00761915468247349,0.0305));
#6550=CARTESIAN_POINT('',(-0.00630336129512929,-0.00768684465042471,0.0305));
#6551=CARTESIAN_POINT('',(-0.00670053649451654,-0.00774536237601512,0.0305));
#6552=CARTESIAN_POINT('',(-0.00701931010342129,-0.00779321788501541,0.0305));
#6553=CARTESIAN_POINT('',(-0.00735089838545595,-0.00784526143537295,0.0305));
#6554=CARTESIAN_POINT('',(-0.00802160758059088,-0.0079534702435044,0.0305));
#6555=CARTESIAN_POINT('',(-0.00882749181386406,-0.00808781431332543,0.0305));
#6556=CARTESIAN_POINT('',(-0.00970848226152157,-0.00822083926962513,0.0305));
#6557=CARTESIAN_POINT('',(-0.0105374475221631,-0.00833063316460368,0.0305));
#6558=CARTESIAN_POINT('',(-0.0112222423636415,-0.00838622989576743,0.0305));
#6559=CARTESIAN_POINT('',(-0.0118844827815842,-0.00840655015662958,0.0305));
#6560=CARTESIAN_POINT('',(-0.0123934075975329,-0.00840892633438411,0.0305));
#6561=CARTESIAN_POINT('',(-0.012846097910221,-0.00840332812930804,0.0305));
#6562=CARTESIAN_POINT('',(-0.0132343989111565,-0.00839697196981061,0.0305));
#6563=CARTESIAN_POINT('',(-0.0136146537764688,-0.00838881231778411,0.0305));
#6564=CARTESIAN_POINT('',(-0.0140790436504894,-0.00837085396100911,0.0305));
#6565=CARTESIAN_POINT('',(-0.0146040377017803,-0.00832720342556043,0.0305));
#6566=CARTESIAN_POINT('',(-0.0150807687775914,-0.00825522575370622,0.0305));
#6567=CARTESIAN_POINT('',(-0.0154252008278294,-0.00816976800661058,0.0305));
#6568=CARTESIAN_POINT('',(-0.015659449274778,-0.00808959175174708,0.0305));
#6569=CARTESIAN_POINT('',(-0.0158909242757377,-0.00799375501764228,0.0305));
#6570=CARTESIAN_POINT('',(-0.0161673964200531,-0.00784762572808755,0.0305));
#6571=CARTESIAN_POINT('',(-0.0164628802671673,-0.00764142464317548,0.0305));
#6572=CARTESIAN_POINT('',(-0.0167070608630927,-0.00741988507021895,0.0305));
#6573=CARTESIAN_POINT('',(-0.0168860516769523,-0.00720583030004471,0.0305));
#6574=CARTESIAN_POINT('',(-0.016999409277142,-0.00701774423445486,0.0305));
#6575=CARTESIAN_POINT('',(-0.017061745135599,-0.0068596080404478,0.0305));
#6576=CARTESIAN_POINT('',(-0.0170790491072586,-0.00676759986636051,0.0305));
#6577=CARTESIAN_POINT('',(-0.0170815422343924,-0.0067185236403266,0.0305));
#6578=CARTESIAN_POINT('',(-0.0170802985329685,-0.00669524173338024,0.0305));
#6579=CARTESIAN_POINT('',(-0.0170773114382303,-0.00667349999276031,0.0305));
#6580=CARTESIAN_POINT('',(-0.0170602665065022,-0.00660171637079864,0.0305));
#6581=CARTESIAN_POINT('',(-0.0170007990900995,-0.0064411004079122,0.0305));
#6582=CARTESIAN_POINT('',(-0.0168720584458408,-0.00619346925455889,0.0305));
#6583=CARTESIAN_POINT('',(-0.0167310588476354,-0.00595394048633777,0.0305));
#6584=CARTESIAN_POINT('',(-0.0166288863097566,-0.0057878406682574,0.0305));
#6585=CARTESIAN_POINT('',(-0.0165402657616462,-0.00564579884946779,0.0305));
#6586=CARTESIAN_POINT('',(-0.0164553264164104,-0.00551104325572494,0.0305));
#6587=CARTESIAN_POINT('',(-0.0163528801852799,-0.00535259127124972,0.0305));
#6588=CARTESIAN_POINT('',(-0.016235514026511,-0.00518063316582216,0.0305));
#6589=CARTESIAN_POINT('',(-0.0160850196462538,-0.00497578058497442,0.0305));
#6590=CARTESIAN_POINT('',(-0.015907457341336,-0.00476657393887225,0.0305));
#6591=CARTESIAN_POINT('',(-0.0157376194830125,-0.00461110547948856,0.0305));
#6592=CARTESIAN_POINT('',(-0.0156179826132024,-0.00452342143708861,0.0305));
#6593=CARTESIAN_POINT('',(-0.0155416849584796,-0.00447433756697804,0.0305));
#6594=CARTESIAN_POINT('',(-0.0154503949572661,-0.00442024127611032,0.0305));
#6595=CARTESIAN_POINT('',(-0.0153141623575175,-0.00434828935590093,0.0305));
#6596=CARTESIAN_POINT('',(-0.0150537690125618,-0.00422861870361984,0.0305));
#6597=CARTESIAN_POINT('',(-0.0146636173215825,-0.00407888227149076,0.0305));
#6598=CARTESIAN_POINT('',(-0.0141320779561154,-0.00390752460097213,0.0305));
#6599=CARTESIAN_POINT('',(-0.0135732396025518,-0.00374355711387779,0.0305));
#6600=CARTESIAN_POINT('',(-0.0129982227968825,-0.0035690083968413,0.0305));
#6601=CARTESIAN_POINT('',(-0.0125194429869152,-0.00341270650486843,0.0305));
#6602=CARTESIAN_POINT('',(-0.0121070736835766,-0.00328049496444102,0.0305));
#6603=CARTESIAN_POINT('',(-0.0117384722306165,-0.00317256885995733,0.0305));
#6604=CARTESIAN_POINT('',(-0.0113692000682422,-0.00308186239005294,0.0305));
#6605=CARTESIAN_POINT('',(-0.0109593363711342,-0.00300358496018659,0.0305));
#6606=CARTESIAN_POINT('',(-0.0104898938824284,-0.00294016298555508,0.0305));
#6607=CARTESIAN_POINT('',(-0.00994098600811676,-0.00289513674357825,0.0305));
#6608=CARTESIAN_POINT('',(-0.00940260130971183,-0.00287719857854609,0.0305));
#6609=CARTESIAN_POINT('',(-0.00891875263066637,-0.00287717637495068,0.0305));
#6610=CARTESIAN_POINT('',(-0.00838858292801623,-0.00288793093476082,0.0305));
#6611=CARTESIAN_POINT('',(-0.00778866076627262,-0.00291135490743168,0.0305));
#6612=CARTESIAN_POINT('',(-0.00716666331607009,-0.00293616394025327,0.0305));
#6613=CARTESIAN_POINT('',(-0.00669619319961719,-0.00295243357341853,0.0305));
#6614=CARTESIAN_POINT('',(-0.00622900964555203,-0.002963186591268,0.0305));
#6615=CARTESIAN_POINT('',(-0.00576978591303214,-0.00296484170842886,0.0305));
#6616=CARTESIAN_POINT('',(-0.00531977847798119,-0.00295303308379217,0.0305));
#6617=CARTESIAN_POINT('',(-0.00487299847660896,-0.00292056335764293,0.0305));
#6618=CARTESIAN_POINT('',(-0.00448679496739644,-0.0028653732881486,0.0305));
#6619=CARTESIAN_POINT('',(-0.00414068801943631,-0.00278190065725306,0.0305));
#6620=CARTESIAN_POINT('',(-0.00384843211853565,-0.00268480604518311,0.0305));
#6621=CARTESIAN_POINT('',(-0.00350617693689102,-0.00252467879053322,0.0305));
#6622=CARTESIAN_POINT('',(-0.00316750651153472,-0.00229243288727817,0.0305));
#6623=CARTESIAN_POINT('',(-0.00288201501156998,-0.00199839172923733,0.0305));
#6624=CARTESIAN_POINT('',(-0.00263063164201659,-0.00165222641222014,0.0305));
#6625=CARTESIAN_POINT('',(-0.00241625155029102,-0.00115057142583003,0.0305));
#6626=CARTESIAN_POINT('',(-0.00234780158216438,-0.000588694472216783,0.0305));
#6627=CARTESIAN_POINT('',(-0.0023819441353646,-0.000231414630509507,0.0305));
#6628=CARTESIAN_POINT('',(-0.00241633756137019,-5.89003145261418E-5,0.0305));
#6629=CARTESIAN_POINT('',(-0.00242746217648959,-1.03482275855839E-5,0.0305));
#6630=CARTESIAN_POINT('',(-0.0118265460442361,-0.00319966303497075,0.0305));
#6631=CARTESIAN_POINT('',(-0.0118265460442361,-0.00319966303497075,0.0055));
#6632=CARTESIAN_POINT('',(0.00980890821665525,-0.00725237000733614,0.0055));
#6633=CARTESIAN_POINT('',(0.00980890821665525,-0.00725237000733614,0.0305));
#6634=CARTESIAN_POINT('',(0.0104352845420481,-0.00380887575019161,0.0305));
#6635=CARTESIAN_POINT('',(0.00790936927260604,-0.00431268434386115,0.0305));
#6636=CARTESIAN_POINT('',(0.0104352845420481,-0.00380887575019161,0.0055));
#6637=CARTESIAN_POINT('',(0.0104352845420481,-0.00380887575019161,0.0275));
#6638=CARTESIAN_POINT('',(0.00980890821665525,-0.00725237000733614,0.0275));
#6639=CARTESIAN_POINT('',(0.00790936927260604,-0.00431268434386115,0.0275));
#6640=CARTESIAN_POINT('',(0.00790936927260604,-0.00431268434386115,0.0055));
#6641=CARTESIAN_POINT('',(0.,-1.03649999999983E-5,0.0275));
#6642=CARTESIAN_POINT('',(1.74424604273971E-9,-1.03661110246161E-5,0.0275));
#6643=CARTESIAN_POINT('',(0.0292080607102284,-1.03661110246161E-5,0.0275));
#6644=CARTESIAN_POINT('',(-0.00501030979558758,-0.000917557046842136,0.0275));
#6645=CARTESIAN_POINT('',(-0.00473078202268295,-0.000881168408077797,0.0275));
#6646=CARTESIAN_POINT('',(-0.00417862438477285,-0.000715385427282768,0.0275));
#6647=CARTESIAN_POINT('',(-0.0044307711087883,-0.000282825450448944,0.0275));
#6648=CARTESIAN_POINT('',(-0.00458959303796291,-1.03649999999973E-5,0.0275));
#6649=CARTESIAN_POINT('',(-0.00501030979558761,-0.000917557046842208,0.0275));
#6650=CARTESIAN_POINT('',(-0.00437063148821092,-0.000489427585234128,0.0275));
#6651=CARTESIAN_POINT('',(-0.00140912865359651,-1.03649999995972E-5,0.0275));
#6652=CARTESIAN_POINT('',(-0.0043706314882109,0.000468697585234235,0.0275));
#6653=CARTESIAN_POINT('',(-0.00501030979558758,0.000896827046842139,0.0275));
#6654=CARTESIAN_POINT('',(-0.00473078202268295,0.000860438408077801,0.0275));
#6655=CARTESIAN_POINT('',(-0.00417862438477285,0.000694655427282771,0.0275));
#6656=CARTESIAN_POINT('',(-0.0044307711087883,0.000262095450448947,0.0275));
#6657=CARTESIAN_POINT('',(-0.00458959303796291,-1.03649999999991E-5,0.0275));
#6658=CARTESIAN_POINT('',(-0.00501030979558761,0.000896827046842212,0.0275));
#6659=CARTESIAN_POINT('',(-0.0190788546882027,0.00679767001826561,0.0275));
#6660=CARTESIAN_POINT('',(-0.0190839965069326,0.00667912348244839,0.0275));
#6661=CARTESIAN_POINT('',(-0.0190589363521449,0.00592681900354482,0.0275));
#6662=CARTESIAN_POINT('',(-0.0182737924902532,0.00458643608440271,0.0275));
#6663=CARTESIAN_POINT('',(-0.0169229865457335,0.00254891160776467,0.0275));
#6664=CARTESIAN_POINT('',(-0.0138339951826411,0.00175522193689259,0.0275));
#6665=CARTESIAN_POINT('',(-0.0120089529005188,0.00107706094071859,0.0275));
#6666=CARTESIAN_POINT('',(-0.00941707617508282,0.00072029195881356,0.0275));
#6667=CARTESIAN_POINT('',(-0.00590087470626999,0.00101275987345996,0.0275));
#6668=CARTESIAN_POINT('',(-0.00501030979558758,0.000896827046842139,0.0275));
#6669=CARTESIAN_POINT('',(-0.0190344818659927,0.00624357212030951,0.0275));
#6670=CARTESIAN_POINT('',(-0.0200139623843535,0.00604203325519536,0.0275));
#6671=CARTESIAN_POINT('',(-0.0197159154093834,0.00699658445901375,0.0275));
#6672=CARTESIAN_POINT('',(-0.0220640964484582,0.00772977535812816,0.0275));
#6673=CARTESIAN_POINT('',(-0.0241060080026411,0.00836733734479397,0.0275));
#6674=CARTESIAN_POINT('',(-0.0244040549776111,0.00741278614097556,0.0275));
#6675=CARTESIAN_POINT('',(-0.0253607743818651,0.00770379813647374,0.0275));
#6676=CARTESIAN_POINT('',(2.23779328401008E-16,-1.0364999999962E-5,0.0275));
#6677=CARTESIAN_POINT('',(-0.0253607743818651,-0.00772452813647373,0.0275));
#6678=CARTESIAN_POINT('',(-0.0244040549776111,-0.00743351614097556,0.0275));
#6679=CARTESIAN_POINT('',(-0.0241060080026411,-0.00838806734479397,0.0275));
#6680=CARTESIAN_POINT('',(-0.0220640964484582,-0.00775050535812815,0.0275));
#6681=CARTESIAN_POINT('',(-0.0197159154093834,-0.00701731445901374,0.0275));
#6682=CARTESIAN_POINT('',(-0.0200139623843535,-0.00606276325519535,0.0275));
#6683=CARTESIAN_POINT('',(-0.0190344818659927,-0.00626430212030951,0.0275));
#6684=CARTESIAN_POINT('',(-0.0190788546882027,-0.00681840001826561,0.0275));
#6685=CARTESIAN_POINT('',(-0.0190839965069326,-0.00669985348244838,0.0275));
#6686=CARTESIAN_POINT('',(-0.0190589363521449,-0.00594754900354482,0.0275));
#6687=CARTESIAN_POINT('',(-0.0182737924902532,-0.00460716608440271,0.0275));
#6688=CARTESIAN_POINT('',(-0.0169229865457335,-0.00256964160776467,0.0275));
#6689=CARTESIAN_POINT('',(-0.0138339951826411,-0.00177595193689259,0.0275));
#6690=CARTESIAN_POINT('',(-0.0120089529005188,-0.00109779094071859,0.0275));
#6691=CARTESIAN_POINT('',(-0.00941707617508282,-0.000741021958813556,0.0275));
#6692=CARTESIAN_POINT('',(-0.00590087470626999,-0.00103348987345995,0.0275));
#6693=CARTESIAN_POINT('',(-0.00501030979558758,-0.000917557046842136,0.0275));
#6694=CARTESIAN_POINT('',(0.0127080302819946,-0.00168911414024016,0.0275));
#6695=CARTESIAN_POINT('',(0.0114160534272179,-0.00342260705485912,0.0275));
#6696=CARTESIAN_POINT('',(0.0115545216676209,-0.00323681911852655,0.0275));
#6697=CARTESIAN_POINT('',(0.0107527174468491,-0.00263923231181774,0.0275));
#6698=CARTESIAN_POINT('',(0.0116772999365369,-0.00225825039654801,0.0275));
#6699=CARTESIAN_POINT('',(0.0144510474056005,-0.00111530465073883,0.0275));
#6700=CARTESIAN_POINT('',(0.0115677769609272,-0.000286599912684707,0.0275));
#6701=CARTESIAN_POINT('',(0.0106066868127028,-1.03649999999983E-5,0.0275));
#6702=CARTESIAN_POINT('',(0.0115677769609272,0.00026586991268471,0.0275));
#6703=CARTESIAN_POINT('',(0.0144510474056005,0.00109457465073884,0.0275));
#6704=CARTESIAN_POINT('',(0.0116772999365369,0.00223752039654802,0.0275));
#6705=CARTESIAN_POINT('',(0.0107527174468491,0.00261850231181774,0.0275));
#6706=CARTESIAN_POINT('',(0.0115545216676209,0.00321608911852655,0.0275));
#6707=CARTESIAN_POINT('',(0.0127080302819946,0.00166838414024017,0.0275));
#6708=CARTESIAN_POINT('',(0.0114160534272179,0.00340187705485912,0.0275));
#6709=CARTESIAN_POINT('',(0.010614249206446,0.00280429024815032,0.0275));
#6710=CARTESIAN_POINT('',(0.0104352845420481,0.00378814575019162,0.0275));
#6711=CARTESIAN_POINT('',(0.00980890821665525,0.00723164000733614,0.0275));
#6712=CARTESIAN_POINT('',(0.00790936927260604,0.00429195434386116,0.0275));
#6713=CARTESIAN_POINT('',(0.00736664386002055,0.00345204415429687,0.0275));
#6714=CARTESIAN_POINT('',(0.00685545821742638,0.00431151447886054,0.0275));
#6715=CARTESIAN_POINT('',(0.00423200386266839,0.00275116717910441,0.0275));
#6716=CARTESIAN_POINT('',(0.00103401553270248,0.000849105324563671,0.0275));
#6717=CARTESIAN_POINT('',(0.00154520117529666,-1.03649999999979E-5,0.0275));
#6718=CARTESIAN_POINT('',(0.00103401553270248,-0.000869835324563667,0.0275));
#6719=CARTESIAN_POINT('',(0.00423200386266839,-0.0027718971791044,0.0275));
#6720=CARTESIAN_POINT('',(0.00685545821742638,-0.00433224447886053,0.0275));
#6721=CARTESIAN_POINT('',(0.00736664386002055,-0.00347277415429687,0.0275));
#6722=CARTESIAN_POINT('',(0.010614249206446,-0.00282502024815032,0.0275));
#6723=CARTESIAN_POINT('',(0.013226705841233,0.00650978585846987,0.0275));
#6724=CARTESIAN_POINT('',(0.0165498167335888,-0.000231440104713039,0.0275));
#6725=CARTESIAN_POINT('',(0.0170002757443155,-0.00114523626644989,0.0275));
#6726=CARTESIAN_POINT('',(0.016998287243295,-1.03649999999982E-5,0.0275));
#6727=CARTESIAN_POINT('',(0.0165498167335888,0.000210710104713042,0.0275));
#6728=CARTESIAN_POINT('',(0.013226705841233,-0.00653051585846987,0.0275));
#6729=CARTESIAN_POINT('',(0.0170002757443155,0.0011245062664499,0.0275));
#6730=CARTESIAN_POINT('',(0.0161033347249031,0.00156665647587598,0.0275));
#6731=CARTESIAN_POINT('',(0.0153273851221251,0.00219745138228267,0.0275));
#6732=CARTESIAN_POINT('',(0.0149394103207361,0.00251284883548602,0.0275));
#6733=CARTESIAN_POINT('',(0.0147766226823576,0.00204009077390362,0.0275));
#6734=CARTESIAN_POINT('',(0.0144510474056005,0.00109457465073883,0.0275));
#6735=CARTESIAN_POINT('',(0.0136670517156498,0.000473808383824531,0.0275));
#6736=CARTESIAN_POINT('',(0.0086360795472296,0.00682766603770359,0.0275));
#6737=CARTESIAN_POINT('',(0.0138046584988624,0.000300018133457155,0.0275));
#6738=CARTESIAN_POINT('',(0.0134126606538871,-1.03649999999982E-5,0.0275));
#6739=CARTESIAN_POINT('',(0.0138046584988624,-0.000320748133457152,0.0275));
#6740=CARTESIAN_POINT('',(0.0086360795472296,-0.00684839603770358,0.0275));
#6741=CARTESIAN_POINT('',(0.0136670517156498,-0.000494538383824527,0.0275));
#6742=CARTESIAN_POINT('',(0.0144510474056005,-0.00111530465073882,0.0275));
#6743=CARTESIAN_POINT('',(0.0147766226823576,-0.00206082077390362,0.0275));
#6744=CARTESIAN_POINT('',(0.0149394103207361,-0.00253357883548602,0.0275));
#6745=CARTESIAN_POINT('',(0.0153273851221251,-0.00221818138228267,0.0275));
#6746=CARTESIAN_POINT('',(0.0161033347249031,-0.00158738647587598,0.0275));
#6747=CARTESIAN_POINT('',(-0.00287736468190955,-0.00655997372624606,0.0275));
#6748=CARTESIAN_POINT('',(-0.00320681108232942,-0.00672235750719402,0.0275));
#6749=CARTESIAN_POINT('',(-0.00367297026142928,-0.00695141763387254,0.0275));
#6750=CARTESIAN_POINT('',(-0.00420968938129062,-0.00718361469419996,0.0275));
#6751=CARTESIAN_POINT('',(-0.00444820849954813,-0.00727413867531501,0.0275));
#6752=CARTESIAN_POINT('',(-0.00455107493397129,-0.00731023913463926,0.0275));
#6753=CARTESIAN_POINT('',(-0.00371643119718283,-0.00696486824421347,0.0275));
#6754=CARTESIAN_POINT('',(-0.00455107493397129,-0.00731023913463926,0.0275));
#6755=CARTESIAN_POINT('',(-0.00329740728732698,-0.00787284344374764,0.0275));
#6756=CARTESIAN_POINT('',(-0.00236478150618833,-0.00751105672034554,0.0275));
#6757=CARTESIAN_POINT('',(0.00648872445109074,-0.00411505272961627,0.0275));
#6758=CARTESIAN_POINT('',(-0.00199314299970866,-0.00835389457643032,0.0275));
#6759=CARTESIAN_POINT('',(0.0187926672197654,-0.00291685657034125,0.0275));
#6760=CARTESIAN_POINT('',(0.0187723852923457,-0.00320737633250893,0.0275));
#6761=CARTESIAN_POINT('',(0.0186072394705227,-0.0048103241552054,0.0275));
#6762=CARTESIAN_POINT('',(0.0176114735765631,-0.00776979743904478,0.0275));
#6763=CARTESIAN_POINT('',(0.0152470551475495,-0.0110181600702679,0.0275));
#6764=CARTESIAN_POINT('',(0.0120658518145614,-0.0136946910403074,0.0275));
#6765=CARTESIAN_POINT('',(0.00877819358765621,-0.0136873848887253,0.0275));
#6766=CARTESIAN_POINT('',(0.0065760411473397,-0.0141850969313551,0.0275));
#6767=CARTESIAN_POINT('',(0.00341996640792859,-0.0130671207957718,0.0275));
#6768=CARTESIAN_POINT('',(0.000430396228976889,-0.0118438313798968,0.0275));
#6769=CARTESIAN_POINT('',(-0.00137193172446713,-0.00959469314748077,0.0275));
#6770=CARTESIAN_POINT('',(-0.00199314299970865,-0.00835389457643033,0.0275));
#6771=CARTESIAN_POINT('',(0.00123759476943419,-0.01202073,0.0275));
#6772=CARTESIAN_POINT('',(-0.005,-0.01202073,0.0275));
#6773=CARTESIAN_POINT('',(-0.00185701687760549,-0.0120207300031912,0.0275));
#6774=CARTESIAN_POINT('',(0.000682826579259183,-0.0140103650008923,0.0275));
#6775=CARTESIAN_POINT('',(0.000510761848182453,-0.0139167910512702,0.0275));
#6776=CARTESIAN_POINT('',(0.000146568720661405,-0.0137058044479529,0.0275));
#6777=CARTESIAN_POINT('',(-0.000409585712571358,-0.0133322556815536,0.0275));
#6778=CARTESIAN_POINT('',(-0.000976089198142177,-0.0128828844288678,0.0275));
#6779=CARTESIAN_POINT('',(-0.00150783975534705,-0.0123923215949969,0.0275));
#6780=CARTESIAN_POINT('',(-0.00201061903943912,-0.011863148405606,0.0275));
#6781=CARTESIAN_POINT('',(-0.00263937651040279,-0.0111128558489257,0.0275));
#6782=CARTESIAN_POINT('',(-0.00320247454724069,-0.0103038104384897,0.0275));
#6783=CARTESIAN_POINT('',(-0.00361756578963829,-0.00957330341631807,0.0275));
#6784=CARTESIAN_POINT('',(-0.00377452492524776,-0.00926401873626287,0.0275));
#6785=CARTESIAN_POINT('',(-0.00381935251032474,-0.00917270174103933,0.0275));
#6786=CARTESIAN_POINT('',(-0.00359126056999514,-0.00961260523657828,0.0275));
#6787=CARTESIAN_POINT('',(-0.00411766983260165,-0.00990051718187071,0.0275));
#6788=CARTESIAN_POINT('',(-0.00428411367059777,-0.00932406558043906,0.0275));
#6789=CARTESIAN_POINT('',(-0.00381935251327395,-0.00917270173516639,0.0275));
#6790=CARTESIAN_POINT('',(-0.00394451637671204,-0.00921785675280285,0.0275));
#6791=CARTESIAN_POINT('',(-0.00452652144667655,-0.00941249742877901,0.0275));
#6792=CARTESIAN_POINT('',(-0.00511939875488191,-0.00952558182359374,0.0275));
#6793=CARTESIAN_POINT('',(-0.00562179925078825,-0.00960547628880444,0.0275));
#6794=CARTESIAN_POINT('',(-0.00507377974306,-0.00951028442880537,0.0275));
#6795=CARTESIAN_POINT('',(-0.00496031041412101,-0.0100994573332996,0.0275));
#6796=CARTESIAN_POINT('',(-0.00555629404683857,-0.0101687646888455,0.0275));
#6797=CARTESIAN_POINT('',(-0.00553793512629924,-0.0103266356113416,0.0275));
#6798=CARTESIAN_POINT('',(-0.00550487195166904,-0.0106109504689793,0.0275));
#6799=CARTESIAN_POINT('',(-0.00490888831895147,-0.0105416431134334,0.0275));
#6800=CARTESIAN_POINT('',(-0.00505120723387084,-0.0111245198812464,0.0275));
#6801=CARTESIAN_POINT('',(-0.006,-0.015010365,0.0275));
#6802=CARTESIAN_POINT('',(-0.00334254208560604,-0.01202073,0.0275));
#6803=CARTESIAN_POINT('',(-0.005,-0.01202073,0.0275));
#6804=CARTESIAN_POINT('',(-0.006,-0.01202073,0.0275));
#6805=CARTESIAN_POINT('',(-0.006,-0.015010365,0.0275));
#6806=CARTESIAN_POINT('',(-0.006,-0.018,0.0275));
#6807=CARTESIAN_POINT('',(-0.003863339375,-0.018,0.0275));
#6808=CARTESIAN_POINT('',(-0.00334254208560604,-0.018,0.0275));
#6809=CARTESIAN_POINT('',(-0.006,-0.015010365,0.0275));
#6810=CARTESIAN_POINT('',(-0.00575641715986692,-0.0190029415365229,0.0275));
#6811=CARTESIAN_POINT('',(-0.00569552144983366,-0.0200010856706536,0.0275));
#6812=CARTESIAN_POINT('',(-0.00663469394367299,-0.0196576398571463,0.0275));
#6813=CARTESIAN_POINT('',(-0.00750405717746218,-0.0220349640352818,0.0275));
#6814=CARTESIAN_POINT('',(-0.00825991136521379,-0.024101891144512,0.0275));
#6815=CARTESIAN_POINT('',(-0.00732073887137446,-0.0244453369580191,0.0275));
#6816=CARTESIAN_POINT('',(-0.00760773596829733,-0.0254032684098245,0.0275));
#6817=CARTESIAN_POINT('',(3.46944695195361E-18,-1.0365000000026E-5,0.0275));
#6818=CARTESIAN_POINT('',(0.0104499636468932,-0.0243717165619025,0.0275));
#6819=CARTESIAN_POINT('',(0.0100557452825723,-0.0234526997605152,0.0275));
#6820=CARTESIAN_POINT('',(0.0108438670048594,-0.0228371803450138,0.0275));
#6821=CARTESIAN_POINT('',(0.0096092660737088,-0.0212563759257036,0.0275));
#6822=CARTESIAN_POINT('',(0.00803254259096268,-0.0192375118647213,0.0275));
#6823=CARTESIAN_POINT('',(0.00724442086867551,-0.0198530312802226,0.0275));
#6824=CARTESIAN_POINT('',(0.00699553669494041,-0.0188844980241781,0.0275));
#6825=CARTESIAN_POINT('',(0.006,-0.015010365,0.0275));
#6826=CARTESIAN_POINT('',(0.00334254208560607,-0.018,0.0275));
#6827=CARTESIAN_POINT('',(-0.003863339375,-0.018,0.0275));
#6828=CARTESIAN_POINT('',(0.006,-0.018,0.0275));
#6829=CARTESIAN_POINT('',(0.006,-0.015010365,0.0275));
#6830=CARTESIAN_POINT('',(0.006,-0.01202073,0.0275));
#6831=CARTESIAN_POINT('',(0.00180939869266613,-0.01202073,0.0275));
#6832=CARTESIAN_POINT('',(0.00334254208560607,-0.01202073,0.0275));
#6833=CARTESIAN_POINT('',(0.006,-0.015010365,0.0275));
#6834=CARTESIAN_POINT('',(0.00617944819317976,-0.0110143922340812,0.0275));
#6835=CARTESIAN_POINT('',(0.0062243102414747,-0.0100153990426015,0.0275));
#6836=CARTESIAN_POINT('',(0.00712195780589696,-0.0104561130656219,0.0275));
#6837=CARTESIAN_POINT('',(0.0062677066583222,-0.0121960542110617,0.0275));
#6838=CARTESIAN_POINT('',(0.00713468562879321,-0.0104301890000682,0.0275));
#6839=CARTESIAN_POINT('',(0.00623703806437094,-0.00998947497704783,0.0275));
#6840=CARTESIAN_POINT('',(0.00703078698710079,-0.00938122942822301,0.0275));
#6841=CARTESIAN_POINT('',(0.00980890821665525,-0.00725237000733614,0.0275));
#6842=CARTESIAN_POINT('',(0.00631901394009083,-0.00698659202028145,0.0275));
#6843=CARTESIAN_POINT('',(0.00532190128964385,-0.00691065545255154,0.0275));
#6844=CARTESIAN_POINT('',(0.00583308693223802,-0.00605118512798788,0.0275));
#6845=CARTESIAN_POINT('',(0.00320963257748003,-0.00449083782823174,0.0275));
#6846=CARTESIAN_POINT('',(-0.00152722714691186,-0.00167350416017166,0.0275));
#6847=CARTESIAN_POINT('',(-0.00203841278950603,-0.00253297448473532,0.0275));
#6848=CARTESIAN_POINT('',(0.000132426982886057,-0.000625618911612552,0.0275));
#6849=CARTESIAN_POINT('',(-0.0147495301529518,-0.0038288048576772,0.0275));
#6850=CARTESIAN_POINT('',(-0.0141285081891199,-0.00671406422187791,0.0275));
#6851=CARTESIAN_POINT('',(-0.0170797706824399,-0.00669309820670461,0.0275));
#6852=CARTESIAN_POINT('',(-0.00455107493397129,-0.00731023913463926,0.0275));
#6853=CARTESIAN_POINT('',(-0.00457472420419952,-0.00731853872743364,0.0275));
#6854=CARTESIAN_POINT('',(-0.00472351401112884,-0.00736972978247595,0.0275));
#6855=CARTESIAN_POINT('',(-0.00498090252098135,-0.00744595229738374,0.0275));
#6856=CARTESIAN_POINT('',(-0.00538673892315739,-0.00753712657542748,0.0275));
#6857=CARTESIAN_POINT('',(-0.00585352535088775,-0.00761915468247349,0.0275));
#6858=CARTESIAN_POINT('',(-0.00630336129512929,-0.00768684465042471,0.0275));
#6859=CARTESIAN_POINT('',(-0.00670053649451654,-0.00774536237601512,0.0275));
#6860=CARTESIAN_POINT('',(-0.00701931010342129,-0.00779321788501541,0.0275));
#6861=CARTESIAN_POINT('',(-0.00735089838545595,-0.00784526143537295,0.0275));
#6862=CARTESIAN_POINT('',(-0.00802160758059088,-0.0079534702435044,0.0275));
#6863=CARTESIAN_POINT('',(-0.00882749181386406,-0.00808781431332543,0.0275));
#6864=CARTESIAN_POINT('',(-0.00970848226152157,-0.00822083926962513,0.0275));
#6865=CARTESIAN_POINT('',(-0.0105374475221631,-0.00833063316460368,0.0275));
#6866=CARTESIAN_POINT('',(-0.0112222423636415,-0.00838622989576743,0.0275));
#6867=CARTESIAN_POINT('',(-0.0118844827815842,-0.00840655015662958,0.0275));
#6868=CARTESIAN_POINT('',(-0.0123934075975329,-0.00840892633438411,0.0275));
#6869=CARTESIAN_POINT('',(-0.012846097910221,-0.00840332812930804,0.0275));
#6870=CARTESIAN_POINT('',(-0.0132343989111565,-0.00839697196981061,0.0275));
#6871=CARTESIAN_POINT('',(-0.0136146537764688,-0.00838881231778411,0.0275));
#6872=CARTESIAN_POINT('',(-0.0140790436504894,-0.00837085396100911,0.0275));
#6873=CARTESIAN_POINT('',(-0.0146040377017803,-0.00832720342556043,0.0275));
#6874=CARTESIAN_POINT('',(-0.0150807687775914,-0.00825522575370622,0.0275));
#6875=CARTESIAN_POINT('',(-0.0154252008278294,-0.00816976800661058,0.0275));
#6876=CARTESIAN_POINT('',(-0.015659449274778,-0.00808959175174708,0.0275));
#6877=CARTESIAN_POINT('',(-0.0158909242757377,-0.00799375501764228,0.0275));
#6878=CARTESIAN_POINT('',(-0.0161673964200531,-0.00784762572808755,0.0275));
#6879=CARTESIAN_POINT('',(-0.0164628802671673,-0.00764142464317548,0.0275));
#6880=CARTESIAN_POINT('',(-0.0167070608630927,-0.00741988507021895,0.0275));
#6881=CARTESIAN_POINT('',(-0.0168860516769523,-0.00720583030004471,0.0275));
#6882=CARTESIAN_POINT('',(-0.016999409277142,-0.00701774423445486,0.0275));
#6883=CARTESIAN_POINT('',(-0.017061745135599,-0.0068596080404478,0.0275));
#6884=CARTESIAN_POINT('',(-0.0170790491072586,-0.00676759986636051,0.0275));
#6885=CARTESIAN_POINT('',(-0.0170815422343924,-0.0067185236403266,0.0275));
#6886=CARTESIAN_POINT('',(-0.0170802985329685,-0.00669524173338024,0.0275));
#6887=CARTESIAN_POINT('',(-0.0170773114382303,-0.00667349999276031,0.0275));
#6888=CARTESIAN_POINT('',(-0.0170602665065022,-0.00660171637079864,0.0275));
#6889=CARTESIAN_POINT('',(-0.0170007990900995,-0.0064411004079122,0.0275));
#6890=CARTESIAN_POINT('',(-0.0168720584458408,-0.00619346925455889,0.0275));
#6891=CARTESIAN_POINT('',(-0.0167310588476354,-0.00595394048633777,0.0275));
#6892=CARTESIAN_POINT('',(-0.0166288863097566,-0.0057878406682574,0.0275));
#6893=CARTESIAN_POINT('',(-0.0165402657616462,-0.00564579884946779,0.0275));
#6894=CARTESIAN_POINT('',(-0.0164553264164104,-0.00551104325572494,0.0275));
#6895=CARTESIAN_POINT('',(-0.0163528801852799,-0.00535259127124972,0.0275));
#6896=CARTESIAN_POINT('',(-0.016235514026511,-0.00518063316582216,0.0275));
#6897=CARTESIAN_POINT('',(-0.0160850196462538,-0.00497578058497442,0.0275));
#6898=CARTESIAN_POINT('',(-0.015907457341336,-0.00476657393887225,0.0275));
#6899=CARTESIAN_POINT('',(-0.0157376194830125,-0.00461110547948856,0.0275));
#6900=CARTESIAN_POINT('',(-0.0156179826132024,-0.00452342143708861,0.0275));
#6901=CARTESIAN_POINT('',(-0.0155416849584796,-0.00447433756697804,0.0275));
#6902=CARTESIAN_POINT('',(-0.0154503949572661,-0.00442024127611032,0.0275));
#6903=CARTESIAN_POINT('',(-0.0153141623575175,-0.00434828935590093,0.0275));
#6904=CARTESIAN_POINT('',(-0.0150537690125618,-0.00422861870361984,0.0275));
#6905=CARTESIAN_POINT('',(-0.0146636173215825,-0.00407888227149076,0.0275));
#6906=CARTESIAN_POINT('',(-0.0141320779561154,-0.00390752460097213,0.0275));
#6907=CARTESIAN_POINT('',(-0.0135732396025518,-0.00374355711387779,0.0275));
#6908=CARTESIAN_POINT('',(-0.0129982227968825,-0.0035690083968413,0.0275));
#6909=CARTESIAN_POINT('',(-0.0125194429869152,-0.00341270650486843,0.0275));
#6910=CARTESIAN_POINT('',(-0.0121070736835766,-0.00328049496444102,0.0275));
#6911=CARTESIAN_POINT('',(-0.0117384722306165,-0.00317256885995733,0.0275));
#6912=CARTESIAN_POINT('',(-0.0113692000682422,-0.00308186239005294,0.0275));
#6913=CARTESIAN_POINT('',(-0.0109593363711342,-0.00300358496018659,0.0275));
#6914=CARTESIAN_POINT('',(-0.0104898938824284,-0.00294016298555508,0.0275));
#6915=CARTESIAN_POINT('',(-0.00994098600811676,-0.00289513674357825,0.0275));
#6916=CARTESIAN_POINT('',(-0.00940260130971183,-0.00287719857854609,0.0275));
#6917=CARTESIAN_POINT('',(-0.00891875263066637,-0.00287717637495068,0.0275));
#6918=CARTESIAN_POINT('',(-0.00838858292801623,-0.00288793093476082,0.0275));
#6919=CARTESIAN_POINT('',(-0.00778866076627262,-0.00291135490743168,0.0275));
#6920=CARTESIAN_POINT('',(-0.00716666331607009,-0.00293616394025327,0.0275));
#6921=CARTESIAN_POINT('',(-0.00669619319961719,-0.00295243357341853,0.0275));
#6922=CARTESIAN_POINT('',(-0.00622900964555203,-0.002963186591268,0.0275));
#6923=CARTESIAN_POINT('',(-0.00576978591303214,-0.00296484170842886,0.0275));
#6924=CARTESIAN_POINT('',(-0.00531977847798119,-0.00295303308379217,0.0275));
#6925=CARTESIAN_POINT('',(-0.00487299847660896,-0.00292056335764293,0.0275));
#6926=CARTESIAN_POINT('',(-0.00448679496739644,-0.0028653732881486,0.0275));
#6927=CARTESIAN_POINT('',(-0.00414068801943631,-0.00278190065725306,0.0275));
#6928=CARTESIAN_POINT('',(-0.00384843211853565,-0.00268480604518311,0.0275));
#6929=CARTESIAN_POINT('',(-0.00350617693689102,-0.00252467879053322,0.0275));
#6930=CARTESIAN_POINT('',(-0.00316750651153472,-0.00229243288727817,0.0275));
#6931=CARTESIAN_POINT('',(-0.00288201501156998,-0.00199839172923733,0.0275));
#6932=CARTESIAN_POINT('',(-0.00263063164201659,-0.00165222641222014,0.0275));
#6933=CARTESIAN_POINT('',(-0.00241625155029102,-0.00115057142583003,0.0275));
#6934=CARTESIAN_POINT('',(-0.00234780158216438,-0.000588694472216783,0.0275));
#6935=CARTESIAN_POINT('',(-0.0023819441353646,-0.000231414630509507,0.0275));
#6936=CARTESIAN_POINT('',(-0.00241633756137019,-5.89003145261418E-5,0.0275));
#6937=CARTESIAN_POINT('',(-0.00242746217648959,-1.03482275855839E-5,0.0275));
#6938=CARTESIAN_POINT('',(-0.006,-0.015010365,0.0275));
#6939=CARTESIAN_POINT('',(-0.00786788906650799,-0.0114732771533075,0.0275));
#6940=CARTESIAN_POINT('',(-0.00876176914015279,-0.0179039149332999,0.0275));
#6941=CARTESIAN_POINT('',(-0.00819476965314689,-0.0108542867801363,0.0275));
#6942=CARTESIAN_POINT('',(-0.00749945541497639,-0.010773428198666,0.0275));
#6943=CARTESIAN_POINT('',(-0.00752016987024577,-0.0105953017039532,0.0275));
#6944=CARTESIAN_POINT('',(-0.00751499941222833,-0.0106397631947686,0.0275));
#6945=CARTESIAN_POINT('',(-0.00821031365039883,-0.0107206217762389,0.0275));
#6946=CARTESIAN_POINT('',(-0.0083217770970299,-0.0100295531110072,0.0275));
#6947=CARTESIAN_POINT('',(-0.00759965662962244,-0.00991178395554119,0.0275));
#6948=CARTESIAN_POINT('',(-0.00853869020916846,-0.0100653474153263,0.0275));
#6949=CARTESIAN_POINT('',(-0.0106765536211352,-0.0104223477074273,0.0275));
#6950=CARTESIAN_POINT('',(-0.0130322503266825,-0.0104100330194178,0.0275));
#6951=CARTESIAN_POINT('',(-0.0161470817798503,-0.0103308463021936,0.0275));
#6952=CARTESIAN_POINT('',(-0.0177636200295023,-0.00924079269346916,0.0275));
#6953=CARTESIAN_POINT('',(-0.0182721111670768,-0.00866172967000611,0.0275));
#6954=CARTESIAN_POINT('',(-0.0178874395828899,-0.00904659687386188,0.0275));
#6955=CARTESIAN_POINT('',(-0.0185495783286235,-0.00979597813957268,0.0275));
#6956=CARTESIAN_POINT('',(-0.0188476253035936,-0.00884142693575429,0.0275));
#6957=CARTESIAN_POINT('',(-0.0212972197632627,-0.00960628293896013,0.0275));
#6958=CARTESIAN_POINT('',(-0.0232371136325478,-0.0102119911473733,0.0275));
#6959=CARTESIAN_POINT('',(-0.0229390666575776,-0.0111665423511917,0.0275));
#6960=CARTESIAN_POINT('',(-0.0238383536902825,-0.0116039012802294,0.0275));
#6961=CARTESIAN_POINT('',(-2.60208521396521E-17,-1.03650000000156E-5,0.0275));
#6962=CARTESIAN_POINT('',(-0.0114845600003162,-0.0239014108486676,0.0275));
#6963=CARTESIAN_POINT('',(-0.011051312133505,-0.0230001360371347,0.0275));
#6964=CARTESIAN_POINT('',(-0.0101121396396657,-0.0233435818506419,0.0275));
#6965=CARTESIAN_POINT('',(-0.00937613427071336,-0.0213309324874733,0.0275));
#6966=CARTESIAN_POINT('',(-0.00851303893135166,-0.018970748230132,0.0275));
#6967=CARTESIAN_POINT('',(-0.00945221142519099,-0.0186273024166249,0.0275));
#6968=CARTESIAN_POINT('',(0.0236532411557385,-0.001010365,0.0275));
#6969=CARTESIAN_POINT('',(0.0218278509927228,-0.001010365,0.0275));
#6970=CARTESIAN_POINT('',(0.0254295314980837,-0.001010365,0.0275));
#6971=CARTESIAN_POINT('',(0.0218278509927228,-0.002010365,0.0275));
#6972=CARTESIAN_POINT('',(0.0208278961689929,-0.00200085971204032,0.0275));
#6973=CARTESIAN_POINT('',(0.0208172922494159,-0.00101036499999166,0.0275));
#6974=CARTESIAN_POINT('',(0.0208181068302809,-0.00104000309618222,0.0275));
#6975=CARTESIAN_POINT('',(0.0208294710309025,-0.00147208507990661,0.0275));
#6976=CARTESIAN_POINT('',(0.0208366003753136,-0.00233352530874591,0.0275));
#6977=CARTESIAN_POINT('',(0.0207706692132799,-0.00343085512873311,0.0275));
#6978=CARTESIAN_POINT('',(0.0206434852300139,-0.00434568805819598,0.0275));
#6979=CARTESIAN_POINT('',(0.020466026941396,-0.00525254549628335,0.0275));
#6980=CARTESIAN_POINT('',(0.0201584167902256,-0.00636692126945517,0.0275));
#6981=CARTESIAN_POINT('',(0.0196669124690216,-0.00766030786247253,0.0275));
#6982=CARTESIAN_POINT('',(0.0191234857613291,-0.00877664074113883,0.0275));
#6983=CARTESIAN_POINT('',(0.0187323247638491,-0.00944535258795141,0.0275));
#6984=CARTESIAN_POINT('',(0.018561881886053,-0.00971717761712532,0.0275));
#6985=CARTESIAN_POINT('',(0.0190014828296154,-0.00897042597026608,0.0275));
#6986=CARTESIAN_POINT('',(0.0198772010023407,-0.00945324858982584,0.0275));
#6987=CARTESIAN_POINT('',(0.0192762476089525,-0.0102525326563349,0.0275));
#6988=CARTESIAN_POINT('',(0.0208297866215797,-0.0114205836416085,0.0275));
#6989=CARTESIAN_POINT('',(0.0221247687068711,-0.0123942348266395,0.0275));
#6990=CARTESIAN_POINT('',(0.0227257221002594,-0.0115949507601305,0.0275));
#6991=CARTESIAN_POINT('',(0.0236166453230168,-0.0120491047110673,0.0275));
#6992=CARTESIAN_POINT('',(7.63278329429795E-17,-1.03650000000228E-5,0.0275));
#6993=CARTESIAN_POINT('',(0.0264264529624726,-0.00208877159309543,0.0275));
#6994=CARTESIAN_POINT('',(0.0254295314980837,-0.002010365,0.0275));
#6995=CARTESIAN_POINT('',(0.0197005273754295,-0.0130737728885583,0.0275));
#6996=CARTESIAN_POINT('',(0.0181452334629394,-0.0119044024562046,0.0275));
#6997=CARTESIAN_POINT('',(0.0212256741968783,-0.014220476790424,0.0275));
#6998=CARTESIAN_POINT('',(0.0175442800695511,-0.0127036865227136,0.0275));
#6999=CARTESIAN_POINT('',(0.0168020776890648,-0.0120335107051847,0.0275));
#7000=CARTESIAN_POINT('',(0.0174502033756785,-0.0112747440942672,0.0275));
#7001=CARTESIAN_POINT('',(0.0174321884508652,-0.0112968801327512,0.0275));
#7002=CARTESIAN_POINT('',(0.0174141735260521,-0.0113190161712353,0.0275));
#7003=CARTESIAN_POINT('',(0.0173961586012389,-0.0113411522097194,0.0275));
#7004=CARTESIAN_POINT('',(0.0173087138615274,-0.0114486009025982,0.0275));
#7005=CARTESIAN_POINT('',(0.0170758113540509,-0.0117278069042312,0.0275));
#7006=CARTESIAN_POINT('',(0.016684423959328,-0.0121684972957002,0.0275));
#7007=CARTESIAN_POINT('',(0.0162151921872564,-0.0126606724430167,0.0275));
#7008=CARTESIAN_POINT('',(0.0155446464173367,-0.0133103427274934,0.0275));
#7009=CARTESIAN_POINT('',(0.0148084911298128,-0.0139289714742264,0.0275));
#7010=CARTESIAN_POINT('',(0.0139933752918706,-0.0144830983553844,0.0275));
#7011=CARTESIAN_POINT('',(0.0134468977678504,-0.0147933210627455,0.0275));
#7012=CARTESIAN_POINT('',(0.0129853997731037,-0.0150129032995555,0.0275));
#7013=CARTESIAN_POINT('',(0.0126256881374659,-0.0151616754602165,0.0275));
#7014=CARTESIAN_POINT('',(0.0122557714159801,-0.0152902732130208,0.0275));
#7015=CARTESIAN_POINT('',(0.0117764984581379,-0.0154284037542996,0.0275));
#7016=CARTESIAN_POINT('',(0.0111992150385133,-0.0155507614985542,0.0275));
#7017=CARTESIAN_POINT('',(0.0105559227273775,-0.0156404473945208,0.0275));
#7018=CARTESIAN_POINT('',(0.0101509405697058,-0.0156781952137943,0.0275));
#7019=CARTESIAN_POINT('',(0.00995420177704306,-0.0156944795901376,0.0275));
#7020=CARTESIAN_POINT('',(0.00994087416417566,-0.0156955735924398,0.0275));
#7021=CARTESIAN_POINT('',(0.0106130934189051,-0.0156289262976604,0.0275));
#7022=CARTESIAN_POINT('',(0.0107332504824541,-0.0166216811919214,0.0275));
#7023=CARTESIAN_POINT('',(0.00978660038596328,-0.0162994179535371,0.0275));
#7024=CARTESIAN_POINT('',(0.006,-0.015010365,0.0275));
#7025=CARTESIAN_POINT('',(0.00951752620625936,-0.0169148358945738,0.0275));
#7026=CARTESIAN_POINT('',(0.0103969077578242,-0.0173909536182172,0.0275));
#7027=CARTESIAN_POINT('',(0.00960878603553702,-0.0180064730337186,0.0275));
#7028=CARTESIAN_POINT('',(0.0112917175650197,-0.0201613277175906,0.0275));
#7029=CARTESIAN_POINT('',(0.0128632432420224,-0.0221735364180573,0.0275));
#7030=CARTESIAN_POINT('',(0.0136513649643096,-0.0215580170025559,0.0275));
#7031=CARTESIAN_POINT('',(0.0141865434732865,-0.0224027559939191,0.0275));
#7032=CARTESIAN_POINT('',(1.47451495458029E-17,-1.03650000000174E-5,0.0275));
#7033=CARTESIAN_POINT('',(0.0214332778493631,-0.0156081786537144,0.0275));
#7034=CARTESIAN_POINT('',(0.02062472080349,-0.015019760856933,0.0275));
#7035=CARTESIAN_POINT('',(0.00980890821665525,-0.00725237000733614,0.0275));
#7036=CARTESIAN_POINT('',(0.00982346829863673,-0.0107523397220641,0.0275));
#7037=CARTESIAN_POINT('',(0.0129297865622272,-0.00566803470439678,0.0275));
#7038=CARTESIAN_POINT('',(0.00982762832206001,-0.0117523310691292,0.0275));
#7039=CARTESIAN_POINT('',(0.00892998075763774,-0.0113116170461088,0.0275));
#7040=CARTESIAN_POINT('',(0.00806300178716674,-0.0130774822571024,0.0275));
#7041=CARTESIAN_POINT('',(0.00891725293474149,-0.0113375411116625,0.0275));
#7042=CARTESIAN_POINT('',(0.00981490049916376,-0.0117782551346829,0.0275));
#7043=CARTESIAN_POINT('',(0.00905192039933101,-0.0124246771077463,0.0275));
#7044=CARTESIAN_POINT('',(0.006,-0.015010365,0.0275));
#7045=CARTESIAN_POINT('',(0.00951844685009197,-0.0131075955018532,0.0275));
#7046=CARTESIAN_POINT('',(0.010398058562615,-0.0126319031273165,0.0275));
#7047=CARTESIAN_POINT('',(0.0105340261248493,-0.0136226164168307,0.0275));
#7048=CARTESIAN_POINT('',(0.0187926672197654,-0.00291685657034125,0.0275));
#7049=CARTESIAN_POINT('',(0.0187723852923457,-0.00320737633250893,0.0275));
#7050=CARTESIAN_POINT('',(0.0186072394705227,-0.0048103241552054,0.0275));
#7051=CARTESIAN_POINT('',(0.0176114735765631,-0.00776979743904478,0.0275));
#7052=CARTESIAN_POINT('',(0.0152470551475495,-0.0110181600702679,0.0275));
#7053=CARTESIAN_POINT('',(0.0120658518145614,-0.0136946910403074,0.0275));
#7054=CARTESIAN_POINT('',(0.00877819358765621,-0.0136873848887253,0.0275));
#7055=CARTESIAN_POINT('',(0.0065760411473397,-0.0141850969313551,0.0275));
#7056=CARTESIAN_POINT('',(0.00341996640792859,-0.0130671207957718,0.0275));
#7057=CARTESIAN_POINT('',(0.000430396228976889,-0.0118438313798968,0.0275));
#7058=CARTESIAN_POINT('',(-0.00137193172446713,-0.00959469314748077,0.0275));
#7059=CARTESIAN_POINT('',(-0.00199314299970865,-0.00835389457643033,0.0275));
#7060=CARTESIAN_POINT('',(0.018244423028351,-0.00571547113216764,0.0275));
#7061=CARTESIAN_POINT('',(0.0172934353374825,-0.00540624239511907,0.0275));
#7062=CARTESIAN_POINT('',(0.0169959101843377,-0.00445152841530829,0.0275));
#7063=CARTESIAN_POINT('',(0.0161033347249031,-0.00158738647587598,0.0275));
#7064=CARTESIAN_POINT('',(0.0146788016967633,-0.00422759587131013,0.0275));
#7065=CARTESIAN_POINT('',(0.01420395735405,-0.00510766566978818,0.0275));
#7066=CARTESIAN_POINT('',(0.0142657298669376,-0.00410957541502585,0.0275));
#7067=CARTESIAN_POINT('',(0.0144510474056005,-0.00111530465073883,0.0275));
#7068=CARTESIAN_POINT('',(0.0140544212573092,-0.00408897035126598,0.0275));
#7069=CARTESIAN_POINT('',(0.0139222125412121,-0.00508019225144169,0.0275));
#7070=CARTESIAN_POINT('',(0.0131204083204403,-0.00448260544473289,0.0275));
#7071=CARTESIAN_POINT('',(0.0143116387235383,-0.00288428775365777,0.0275));
#7072=CARTESIAN_POINT('',(0.0130196618687616,-0.00461778066827673,0.0275));
#7073=CARTESIAN_POINT('',(0.0138214660895335,-0.00521536747498554,0.0275));
#7074=CARTESIAN_POINT('',(0.00980890821665525,-0.00725237000733614,0.0275));
#7075=CARTESIAN_POINT('',(0.0113089082166552,-0.00725237000733614,0.0275));
#7076=CARTESIAN_POINT('',(-0.00287736468190955,0.00653924372624607,0.0275));
#7077=CARTESIAN_POINT('',(-0.00320681108232942,0.00670162750719402,0.0275));
#7078=CARTESIAN_POINT('',(-0.00367297026142928,0.00693068763387254,0.0275));
#7079=CARTESIAN_POINT('',(-0.00420968938129062,0.00716288469419996,0.0275));
#7080=CARTESIAN_POINT('',(-0.00444820849954813,0.00725340867531502,0.0275));
#7081=CARTESIAN_POINT('',(-0.00455107493397129,0.00728950913463926,0.0275));
#7082=CARTESIAN_POINT('',(-0.00371643119718283,0.00694413824421347,0.0275));
#7083=CARTESIAN_POINT('',(-0.00455107493397129,0.00728950913463926,0.0275));
#7084=CARTESIAN_POINT('',(-0.00455107493397129,0.00728950913463926,0.0275));
#7085=CARTESIAN_POINT('',(-0.00457472420419952,0.00729780872743365,0.0275));
#7086=CARTESIAN_POINT('',(-0.00472351401112884,0.00734899978247595,0.0275));
#7087=CARTESIAN_POINT('',(-0.00498090252098135,0.00742522229738375,0.0275));
#7088=CARTESIAN_POINT('',(-0.00538673892315739,0.00751639657542749,0.0275));
#7089=CARTESIAN_POINT('',(-0.00585352535088775,0.00759842468247349,0.0275));
#7090=CARTESIAN_POINT('',(-0.00630336129512929,0.00766611465042471,0.0275));
#7091=CARTESIAN_POINT('',(-0.00670053649451654,0.00772463237601512,0.0275));
#7092=CARTESIAN_POINT('',(-0.00701931010342129,0.00777248788501542,0.0275));
#7093=CARTESIAN_POINT('',(-0.00735089838545595,0.00782453143537295,0.0275));
#7094=CARTESIAN_POINT('',(-0.00802160758059088,0.00793274024350441,0.0275));
#7095=CARTESIAN_POINT('',(-0.00882749181386406,0.00806708431332543,0.0275));
#7096=CARTESIAN_POINT('',(-0.00970848226152157,0.00820010926962514,0.0275));
#7097=CARTESIAN_POINT('',(-0.0105374475221631,0.00830990316460368,0.0275));
#7098=CARTESIAN_POINT('',(-0.0112222423636415,0.00836549989576744,0.0275));
#7099=CARTESIAN_POINT('',(-0.0118844827815842,0.00838582015662958,0.0275));
#7100=CARTESIAN_POINT('',(-0.0123934075975329,0.00838819633438412,0.0275));
#7101=CARTESIAN_POINT('',(-0.012846097910221,0.00838259812930804,0.0275));
#7102=CARTESIAN_POINT('',(-0.0132343989111565,0.00837624196981061,0.0275));
#7103=CARTESIAN_POINT('',(-0.0136146537764688,0.00836808231778411,0.0275));
#7104=CARTESIAN_POINT('',(-0.0140790436504894,0.00835012396100912,0.0275));
#7105=CARTESIAN_POINT('',(-0.0146040377017803,0.00830647342556044,0.0275));
#7106=CARTESIAN_POINT('',(-0.0150807687775914,0.00823449575370622,0.0275));
#7107=CARTESIAN_POINT('',(-0.0154252008278294,0.00814903800661058,0.0275));
#7108=CARTESIAN_POINT('',(-0.015659449274778,0.00806886175174708,0.0275));
#7109=CARTESIAN_POINT('',(-0.0158909242757377,0.00797302501764228,0.0275));
#7110=CARTESIAN_POINT('',(-0.0161673964200531,0.00782689572808755,0.0275));
#7111=CARTESIAN_POINT('',(-0.0164628802671673,0.00762069464317549,0.0275));
#7112=CARTESIAN_POINT('',(-0.0167070608630927,0.00739915507021896,0.0275));
#7113=CARTESIAN_POINT('',(-0.0168860516769523,0.00718510030004471,0.0275));
#7114=CARTESIAN_POINT('',(-0.016999409277142,0.00699701423445487,0.0275));
#7115=CARTESIAN_POINT('',(-0.017061745135599,0.0068388780404478,0.0275));
#7116=CARTESIAN_POINT('',(-0.0170790491072586,0.00674686986636051,0.0275));
#7117=CARTESIAN_POINT('',(-0.0170815422343924,0.00669779364032661,0.0275));
#7118=CARTESIAN_POINT('',(-0.0170802985329685,0.00667451173338024,0.0275));
#7119=CARTESIAN_POINT('',(-0.0170773114382303,0.00665276999276031,0.0275));
#7120=CARTESIAN_POINT('',(-0.0170602665065022,0.00658098637079864,0.0275));
#7121=CARTESIAN_POINT('',(-0.0170007990900995,0.0064203704079122,0.0275));
#7122=CARTESIAN_POINT('',(-0.0168720584458408,0.00617273925455889,0.0275));
#7123=CARTESIAN_POINT('',(-0.0167310588476354,0.00593321048633778,0.0275));
#7124=CARTESIAN_POINT('',(-0.0166288863097566,0.00576711066825741,0.0275));
#7125=CARTESIAN_POINT('',(-0.0165402657616462,0.0056250688494678,0.0275));
#7126=CARTESIAN_POINT('',(-0.0164553264164104,0.00549031325572494,0.0275));
#7127=CARTESIAN_POINT('',(-0.0163528801852799,0.00533186127124973,0.0275));
#7128=CARTESIAN_POINT('',(-0.016235514026511,0.00515990316582216,0.0275));
#7129=CARTESIAN_POINT('',(-0.0160850196462538,0.00495505058497442,0.0275));
#7130=CARTESIAN_POINT('',(-0.015907457341336,0.00474584393887226,0.0275));
#7131=CARTESIAN_POINT('',(-0.0157376194830125,0.00459037547948857,0.0275));
#7132=CARTESIAN_POINT('',(-0.0156179826132024,0.00450269143708862,0.0275));
#7133=CARTESIAN_POINT('',(-0.0155416849584796,0.00445360756697805,0.0275));
#7134=CARTESIAN_POINT('',(-0.0154503949572661,0.00439951127611032,0.0275));
#7135=CARTESIAN_POINT('',(-0.0153141623575175,0.00432755935590093,0.0275));
#7136=CARTESIAN_POINT('',(-0.0150537690125618,0.00420788870361984,0.0275));
#7137=CARTESIAN_POINT('',(-0.0146636173215825,0.00405815227149077,0.0275));
#7138=CARTESIAN_POINT('',(-0.0141320779561154,0.00388679460097213,0.0275));
#7139=CARTESIAN_POINT('',(-0.0135732396025518,0.00372282711387779,0.0275));
#7140=CARTESIAN_POINT('',(-0.0129982227968825,0.0035482783968413,0.0275));
#7141=CARTESIAN_POINT('',(-0.0125194429869152,0.00339197650486843,0.0275));
#7142=CARTESIAN_POINT('',(-0.0121070736835766,0.00325976496444102,0.0275));
#7143=CARTESIAN_POINT('',(-0.0117384722306165,0.00315183885995734,0.0275));
#7144=CARTESIAN_POINT('',(-0.0113692000682422,0.00306113239005295,0.0275));
#7145=CARTESIAN_POINT('',(-0.0109593363711342,0.0029828549601866,0.0275));
#7146=CARTESIAN_POINT('',(-0.0104898938824284,0.00291943298555508,0.0275));
#7147=CARTESIAN_POINT('',(-0.00994098600811676,0.00287440674357826,0.0275));
#7148=CARTESIAN_POINT('',(-0.00940260130971183,0.0028564685785461,0.0275));
#7149=CARTESIAN_POINT('',(-0.00891875263066637,0.00285644637495068,0.0275));
#7150=CARTESIAN_POINT('',(-0.00838858292801623,0.00286720093476083,0.0275));
#7151=CARTESIAN_POINT('',(-0.00778866076627262,0.00289062490743167,0.0275));
#7152=CARTESIAN_POINT('',(-0.00716666331607009,0.00291543394025328,0.0275));
#7153=CARTESIAN_POINT('',(-0.00669619319961719,0.00293170357341853,0.0275));
#7154=CARTESIAN_POINT('',(-0.00622900964555203,0.00294245659126801,0.0275));
#7155=CARTESIAN_POINT('',(-0.00576978591303214,0.00294411170842886,0.0275));
#7156=CARTESIAN_POINT('',(-0.00531977847798119,0.00293230308379217,0.0275));
#7157=CARTESIAN_POINT('',(-0.00487299847660896,0.00289983335764293,0.0275));
#7158=CARTESIAN_POINT('',(-0.00448679496739644,0.00284464328814861,0.0275));
#7159=CARTESIAN_POINT('',(-0.00414068801943631,0.00276117065725306,0.0275));
#7160=CARTESIAN_POINT('',(-0.00384843211853565,0.00266407604518311,0.0275));
#7161=CARTESIAN_POINT('',(-0.00350617693689102,0.00250394879053322,0.0275));
#7162=CARTESIAN_POINT('',(-0.00316750651153472,0.00227170288727817,0.0275));
#7163=CARTESIAN_POINT('',(-0.00288201501156998,0.00197766172923733,0.0275));
#7164=CARTESIAN_POINT('',(-0.00263063164201659,0.00163149641222014,0.0275));
#7165=CARTESIAN_POINT('',(-0.00241625155029102,0.00112984142583004,0.0275));
#7166=CARTESIAN_POINT('',(-0.00234780158216438,0.000567964472216786,0.0275));
#7167=CARTESIAN_POINT('',(-0.0023819441353646,0.000210684630509511,0.0275));
#7168=CARTESIAN_POINT('',(-0.00241633756137019,3.81703145261454E-5,0.0275));
#7169=CARTESIAN_POINT('',(-0.00242746217648959,-1.03817724144125E-5,0.0275));
#7170=CARTESIAN_POINT('',(-0.0170797706824399,0.00667236820670462,0.0275));
#7171=CARTESIAN_POINT('',(-0.0141285081891199,0.00669333422187791,0.0275));
#7172=CARTESIAN_POINT('',(-0.0147495301529518,0.00380807485767721,0.0275));
#7173=CARTESIAN_POINT('',(0.000132426982886057,0.000604888911612555,0.0275));
#7174=CARTESIAN_POINT('',(-0.0118265460442361,0.00317893303497075,0.0275));
#7175=CARTESIAN_POINT('',(-0.00455107493397129,0.00728950913463926,0.0275));
#7176=CARTESIAN_POINT('',(-0.00457472420419952,0.00729780872743365,0.0275));
#7177=CARTESIAN_POINT('',(-0.00472351401112884,0.00734899978247595,0.0275));
#7178=CARTESIAN_POINT('',(-0.00498090252098135,0.00742522229738375,0.0275));
#7179=CARTESIAN_POINT('',(-0.00538673892315739,0.00751639657542749,0.0275));
#7180=CARTESIAN_POINT('',(-0.00585352535088775,0.00759842468247349,0.0275));
#7181=CARTESIAN_POINT('',(-0.00630336129512929,0.00766611465042471,0.0275));
#7182=CARTESIAN_POINT('',(-0.00670053649451654,0.00772463237601512,0.0275));
#7183=CARTESIAN_POINT('',(-0.00701931010342129,0.00777248788501542,0.0275));
#7184=CARTESIAN_POINT('',(-0.00735089838545595,0.00782453143537295,0.0275));
#7185=CARTESIAN_POINT('',(-0.00802160758059088,0.00793274024350441,0.0275));
#7186=CARTESIAN_POINT('',(-0.00882749181386406,0.00806708431332543,0.0275));
#7187=CARTESIAN_POINT('',(-0.00970848226152157,0.00820010926962514,0.0275));
#7188=CARTESIAN_POINT('',(-0.0105374475221631,0.00830990316460368,0.0275));
#7189=CARTESIAN_POINT('',(-0.0112222423636415,0.00836549989576744,0.0275));
#7190=CARTESIAN_POINT('',(-0.0118844827815842,0.00838582015662958,0.0275));
#7191=CARTESIAN_POINT('',(-0.0123934075975329,0.00838819633438412,0.0275));
#7192=CARTESIAN_POINT('',(-0.012846097910221,0.00838259812930804,0.0275));
#7193=CARTESIAN_POINT('',(-0.0132343989111565,0.00837624196981061,0.0275));
#7194=CARTESIAN_POINT('',(-0.0136146537764688,0.00836808231778411,0.0275));
#7195=CARTESIAN_POINT('',(-0.0140790436504894,0.00835012396100912,0.0275));
#7196=CARTESIAN_POINT('',(-0.0146040377017803,0.00830647342556044,0.0275));
#7197=CARTESIAN_POINT('',(-0.0150807687775914,0.00823449575370622,0.0275));
#7198=CARTESIAN_POINT('',(-0.0154252008278294,0.00814903800661058,0.0275));
#7199=CARTESIAN_POINT('',(-0.015659449274778,0.00806886175174708,0.0275));
#7200=CARTESIAN_POINT('',(-0.0158909242757377,0.00797302501764228,0.0275));
#7201=CARTESIAN_POINT('',(-0.0161673964200531,0.00782689572808755,0.0275));
#7202=CARTESIAN_POINT('',(-0.0164628802671673,0.00762069464317549,0.0275));
#7203=CARTESIAN_POINT('',(-0.0167070608630927,0.00739915507021896,0.0275));
#7204=CARTESIAN_POINT('',(-0.0168860516769523,0.00718510030004471,0.0275));
#7205=CARTESIAN_POINT('',(-0.016999409277142,0.00699701423445487,0.0275));
#7206=CARTESIAN_POINT('',(-0.017061745135599,0.0068388780404478,0.0275));
#7207=CARTESIAN_POINT('',(-0.0170790491072586,0.00674686986636051,0.0275));
#7208=CARTESIAN_POINT('',(-0.0170815422343924,0.00669779364032661,0.0275));
#7209=CARTESIAN_POINT('',(-0.0170802985329685,0.00667451173338024,0.0275));
#7210=CARTESIAN_POINT('',(-0.0170773114382303,0.00665276999276031,0.0275));
#7211=CARTESIAN_POINT('',(-0.0170602665065022,0.00658098637079864,0.0275));
#7212=CARTESIAN_POINT('',(-0.0170007990900995,0.0064203704079122,0.0275));
#7213=CARTESIAN_POINT('',(-0.0168720584458408,0.00617273925455889,0.0275));
#7214=CARTESIAN_POINT('',(-0.0167310588476354,0.00593321048633778,0.0275));
#7215=CARTESIAN_POINT('',(-0.0166288863097566,0.00576711066825741,0.0275));
#7216=CARTESIAN_POINT('',(-0.0165402657616462,0.0056250688494678,0.0275));
#7217=CARTESIAN_POINT('',(-0.0164553264164104,0.00549031325572494,0.0275));
#7218=CARTESIAN_POINT('',(-0.0163528801852799,0.00533186127124973,0.0275));
#7219=CARTESIAN_POINT('',(-0.016235514026511,0.00515990316582216,0.0275));
#7220=CARTESIAN_POINT('',(-0.0160850196462538,0.00495505058497442,0.0275));
#7221=CARTESIAN_POINT('',(-0.015907457341336,0.00474584393887226,0.0275));
#7222=CARTESIAN_POINT('',(-0.0157376194830125,0.00459037547948857,0.0275));
#7223=CARTESIAN_POINT('',(-0.0156179826132024,0.00450269143708862,0.0275));
#7224=CARTESIAN_POINT('',(-0.0155416849584796,0.00445360756697805,0.0275));
#7225=CARTESIAN_POINT('',(-0.0154503949572661,0.00439951127611032,0.0275));
#7226=CARTESIAN_POINT('',(-0.0153141623575175,0.00432755935590093,0.0275));
#7227=CARTESIAN_POINT('',(-0.0150537690125618,0.00420788870361984,0.0275));
#7228=CARTESIAN_POINT('',(-0.0146636173215825,0.00405815227149077,0.0275));
#7229=CARTESIAN_POINT('',(-0.0141320779561154,0.00388679460097213,0.0275));
#7230=CARTESIAN_POINT('',(-0.0135732396025518,0.00372282711387779,0.0275));
#7231=CARTESIAN_POINT('',(-0.0129982227968825,0.0035482783968413,0.0275));
#7232=CARTESIAN_POINT('',(-0.0125194429869152,0.00339197650486843,0.0275));
#7233=CARTESIAN_POINT('',(-0.0121070736835766,0.00325976496444102,0.0275));
#7234=CARTESIAN_POINT('',(-0.0117384722306165,0.00315183885995734,0.0275));
#7235=CARTESIAN_POINT('',(-0.0113692000682422,0.00306113239005295,0.0275));
#7236=CARTESIAN_POINT('',(-0.0109593363711342,0.0029828549601866,0.0275));
#7237=CARTESIAN_POINT('',(-0.0104898938824284,0.00291943298555508,0.0275));
#7238=CARTESIAN_POINT('',(-0.00994098600811676,0.00287440674357826,0.0275));
#7239=CARTESIAN_POINT('',(-0.00940260130971183,0.0028564685785461,0.0275));
#7240=CARTESIAN_POINT('',(-0.00891875263066637,0.00285644637495068,0.0275));
#7241=CARTESIAN_POINT('',(-0.00838858292801623,0.00286720093476083,0.0275));
#7242=CARTESIAN_POINT('',(-0.00778866076627262,0.00289062490743167,0.0275));
#7243=CARTESIAN_POINT('',(-0.00716666331607009,0.00291543394025328,0.0275));
#7244=CARTESIAN_POINT('',(-0.00669619319961719,0.00293170357341853,0.0275));
#7245=CARTESIAN_POINT('',(-0.00622900964555203,0.00294245659126801,0.0275));
#7246=CARTESIAN_POINT('',(-0.00576978591303214,0.00294411170842886,0.0275));
#7247=CARTESIAN_POINT('',(-0.00531977847798119,0.00293230308379217,0.0275));
#7248=CARTESIAN_POINT('',(-0.00487299847660896,0.00289983335764293,0.0275));
#7249=CARTESIAN_POINT('',(-0.00448679496739644,0.00284464328814861,0.0275));
#7250=CARTESIAN_POINT('',(-0.00414068801943631,0.00276117065725306,0.0275));
#7251=CARTESIAN_POINT('',(-0.00384843211853565,0.00266407604518311,0.0275));
#7252=CARTESIAN_POINT('',(-0.00350617693689102,0.00250394879053322,0.0275));
#7253=CARTESIAN_POINT('',(-0.00316750651153472,0.00227170288727817,0.0275));
#7254=CARTESIAN_POINT('',(-0.00288201501156998,0.00197766172923733,0.0275));
#7255=CARTESIAN_POINT('',(-0.00263063164201659,0.00163149641222014,0.0275));
#7256=CARTESIAN_POINT('',(-0.00241625155029102,0.00112984142583004,0.0275));
#7257=CARTESIAN_POINT('',(-0.00234780158216438,0.000567964472216786,0.0275));
#7258=CARTESIAN_POINT('',(-0.0023819441353646,0.000210684630509511,0.0275));
#7259=CARTESIAN_POINT('',(-0.00241633756137019,3.81703145261454E-5,0.0275));
#7260=CARTESIAN_POINT('',(-0.00242746217648959,-1.03817724144125E-5,0.0275));
#7261=CARTESIAN_POINT('',(-0.00283011406965847,0.00190133607670266,0.0275));
#7262=CARTESIAN_POINT('',(-0.00203841278950603,0.00251224448473533,0.0275));
#7263=CARTESIAN_POINT('',(-0.00152722714691186,0.00165277416017167,0.0275));
#7264=CARTESIAN_POINT('',(0.00320963257748003,0.00447010782823174,0.0275));
#7265=CARTESIAN_POINT('',(0.00583308693223802,0.00603045512798788,0.0275));
#7266=CARTESIAN_POINT('',(0.00532190128964385,0.00688992545255155,0.0275));
#7267=CARTESIAN_POINT('',(0.00631901394009083,0.00696586202028146,0.0275));
#7268=CARTESIAN_POINT('',(0.00980890821665525,0.00723164000733614,0.0275));
#7269=CARTESIAN_POINT('',(0.00703078698710079,0.00936049942822301,0.0275));
#7270=CARTESIAN_POINT('',(0.00623703806437094,0.00996874497704783,0.0275));
#7271=CARTESIAN_POINT('',(0.00713468562879321,0.0104094590000682,0.0275));
#7272=CARTESIAN_POINT('',(0.0062677066583222,0.0121753242110617,0.0275));
#7273=CARTESIAN_POINT('',(0.00712195780589696,0.0104353830656219,0.0275));
#7274=CARTESIAN_POINT('',(0.0062243102414747,0.00999466904260153,0.0275));
#7275=CARTESIAN_POINT('',(0.00617944819317976,0.0109936622340812,0.0275));
#7276=CARTESIAN_POINT('',(0.006,0.014989635,0.0275));
#7277=CARTESIAN_POINT('',(0.00334254208560607,0.012,0.0275));
#7278=CARTESIAN_POINT('',(0.00180939869266613,0.012,0.0275));
#7279=CARTESIAN_POINT('',(0.006,0.012,0.0275));
#7280=CARTESIAN_POINT('',(0.006,0.014989635,0.0275));
#7281=CARTESIAN_POINT('',(0.006,0.01797927,0.0275));
#7282=CARTESIAN_POINT('',(-0.003863339375,0.01797927,0.0275));
#7283=CARTESIAN_POINT('',(0.00334254208560607,0.01797927,0.0275));
#7284=CARTESIAN_POINT('',(0.006,0.014989635,0.0275));
#7285=CARTESIAN_POINT('',(0.00699553669494041,0.0188637680241781,0.0275));
#7286=CARTESIAN_POINT('',(0.00724442086867551,0.0198323012802226,0.0275));
#7287=CARTESIAN_POINT('',(0.00803254259096268,0.0192167818647213,0.0275));
#7288=CARTESIAN_POINT('',(0.0096092660737088,0.0212356459257036,0.0275));
#7289=CARTESIAN_POINT('',(0.0108438670048594,0.0228164503450138,0.0275));
#7290=CARTESIAN_POINT('',(0.0100557452825723,0.0234319697605152,0.0275));
#7291=CARTESIAN_POINT('',(0.0104499636468932,0.0243509865619025,0.0275));
#7292=CARTESIAN_POINT('',(3.46944695195361E-18,-1.03649999999703E-5,0.0275));
#7293=CARTESIAN_POINT('',(-0.00760773596829733,0.0253825384098245,0.0275));
#7294=CARTESIAN_POINT('',(-0.00732073887137446,0.0244246069580191,0.0275));
#7295=CARTESIAN_POINT('',(-0.00825991136521379,0.024081161144512,0.0275));
#7296=CARTESIAN_POINT('',(-0.00750405717746218,0.0220142340352818,0.0275));
#7297=CARTESIAN_POINT('',(-0.00663469394367299,0.0196369098571463,0.0275));
#7298=CARTESIAN_POINT('',(-0.00569552144983366,0.0199803556706536,0.0275));
#7299=CARTESIAN_POINT('',(-0.00575641715986692,0.0189822115365229,0.0275));
#7300=CARTESIAN_POINT('',(-0.006,0.014989635,0.0275));
#7301=CARTESIAN_POINT('',(-0.00334254208560604,0.01797927,0.0275));
#7302=CARTESIAN_POINT('',(-0.003863339375,0.01797927,0.0275));
#7303=CARTESIAN_POINT('',(-0.006,0.01797927,0.0275));
#7304=CARTESIAN_POINT('',(-0.006,0.014989635,0.0275));
#7305=CARTESIAN_POINT('',(-0.006,0.012,0.0275));
#7306=CARTESIAN_POINT('',(-0.005,0.012,0.0275));
#7307=CARTESIAN_POINT('',(-0.00334254208560604,0.012,0.0275));
#7308=CARTESIAN_POINT('',(-0.006,0.014989635,0.0275));
#7309=CARTESIAN_POINT('',(-0.00505120723387084,0.0111037898812464,0.0275));
#7310=CARTESIAN_POINT('',(-0.00490888831895147,0.0105209131134334,0.0275));
#7311=CARTESIAN_POINT('',(-0.00550487195166904,0.0105902204689793,0.0275));
#7312=CARTESIAN_POINT('',(-0.00553793512629924,0.0103059056113416,0.0275));
#7313=CARTESIAN_POINT('',(-0.00555629404683857,0.0101480346888455,0.0275));
#7314=CARTESIAN_POINT('',(-0.00496031041412101,0.0100787273332996,0.0275));
#7315=CARTESIAN_POINT('',(-0.00507377974306,0.00948955442880537,0.0275));
#7316=CARTESIAN_POINT('',(-0.00381935251327395,0.0091519717351664,0.0275));
#7317=CARTESIAN_POINT('',(-0.00394451637671204,0.00919712675280286,0.0275));
#7318=CARTESIAN_POINT('',(-0.00452652144667655,0.00939176742877902,0.0275));
#7319=CARTESIAN_POINT('',(-0.00511939875488191,0.00950485182359374,0.0275));
#7320=CARTESIAN_POINT('',(-0.00562179925078825,0.00958474628880444,0.0275));
#7321=CARTESIAN_POINT('',(-0.00428411367059777,0.00930333558043906,0.0275));
#7322=CARTESIAN_POINT('',(-0.00411766983260165,0.00987978718187072,0.0275));
#7323=CARTESIAN_POINT('',(-0.00359126056999514,0.00959187523657828,0.0275));
#7324=CARTESIAN_POINT('',(0.000682826579259183,0.0139896350008923,0.0275));
#7325=CARTESIAN_POINT('',(0.000510761848182453,0.0138960610512702,0.0275));
#7326=CARTESIAN_POINT('',(0.000146568720661405,0.0136850744479529,0.0275));
#7327=CARTESIAN_POINT('',(-0.000409585712571358,0.0133115256815536,0.0275));
#7328=CARTESIAN_POINT('',(-0.000976089198142177,0.0128621544288679,0.0275));
#7329=CARTESIAN_POINT('',(-0.00150783975534705,0.0123715915949969,0.0275));
#7330=CARTESIAN_POINT('',(-0.00201061903943912,0.0118424184056061,0.0275));
#7331=CARTESIAN_POINT('',(-0.00263937651040279,0.0110921258489257,0.0275));
#7332=CARTESIAN_POINT('',(-0.00320247454724069,0.0102830804384897,0.0275));
#7333=CARTESIAN_POINT('',(-0.00361756578963829,0.00955257341631808,0.0275));
#7334=CARTESIAN_POINT('',(-0.00377452492524776,0.00924328873626288,0.0275));
#7335=CARTESIAN_POINT('',(-0.00381935251032474,0.00915197174103934,0.0275));
#7336=CARTESIAN_POINT('',(-0.00185701687760549,0.0120000000031912,0.0275));
#7337=CARTESIAN_POINT('',(-0.005,0.012,0.0275));
#7338=CARTESIAN_POINT('',(0.00123759476943419,0.012,0.0275));
#7339=CARTESIAN_POINT('',(0.0187926672197654,0.00289612657034126,0.0275));
#7340=CARTESIAN_POINT('',(0.0187723852923457,0.00318664633250893,0.0275));
#7341=CARTESIAN_POINT('',(0.0186072394705227,0.00478959415520541,0.0275));
#7342=CARTESIAN_POINT('',(0.0176114735765631,0.00774906743904478,0.0275));
#7343=CARTESIAN_POINT('',(0.0152470551475495,0.0109974300702679,0.0275));
#7344=CARTESIAN_POINT('',(0.0120658518145614,0.0136739610403074,0.0275));
#7345=CARTESIAN_POINT('',(0.00877819358765621,0.0136666548887253,0.0275));
#7346=CARTESIAN_POINT('',(0.0065760411473397,0.0141643669313551,0.0275));
#7347=CARTESIAN_POINT('',(0.00341996640792859,0.0130463907957718,0.0275));
#7348=CARTESIAN_POINT('',(0.000430396228976889,0.0118231013798968,0.0275));
#7349=CARTESIAN_POINT('',(-0.00137193172446713,0.00957396314748077,0.0275));
#7350=CARTESIAN_POINT('',(-0.00199314299970865,0.00833316457643033,0.0275));
#7351=CARTESIAN_POINT('',(-0.00199314299970866,0.00833316457643032,0.0275));
#7352=CARTESIAN_POINT('',(0.00648872445109063,0.00409432272961633,0.0275));
#7353=CARTESIAN_POINT('',(-0.00236478150618833,0.00749032672034554,0.0275));
#7354=CARTESIAN_POINT('',(-0.00329740728732698,0.00785211344374765,0.0275));
#7355=CARTESIAN_POINT('',(-0.006,0.014989635,0.0275));
#7356=CARTESIAN_POINT('',(-0.00786788906650799,0.0114525471533075,0.0275));
#7357=CARTESIAN_POINT('',(-0.00876176914015279,0.0178831849332999,0.0275));
#7358=CARTESIAN_POINT('',(-0.00945221142519099,0.0186065724166249,0.0275));
#7359=CARTESIAN_POINT('',(-0.00851303893135166,0.018950018230132,0.0275));
#7360=CARTESIAN_POINT('',(-0.00937613427071336,0.0213102024874733,0.0275));
#7361=CARTESIAN_POINT('',(-0.0101121396396657,0.0233228518506419,0.0275));
#7362=CARTESIAN_POINT('',(-0.011051312133505,0.0229794060371347,0.0275));
#7363=CARTESIAN_POINT('',(-0.0114845600003162,0.0238806808486676,0.0275));
#7364=CARTESIAN_POINT('',(-2.60208521396521E-17,-1.03649999999807E-5,0.0275));
#7365=CARTESIAN_POINT('',(-0.0238383536902825,0.0115831712802294,0.0275));
#7366=CARTESIAN_POINT('',(-0.0229390666575776,0.0111458123511917,0.0275));
#7367=CARTESIAN_POINT('',(-0.0232371136325478,0.0101912611473733,0.0275));
#7368=CARTESIAN_POINT('',(-0.0212972197632627,0.00958555293896014,0.0275));
#7369=CARTESIAN_POINT('',(-0.0188476253035936,0.00882069693575429,0.0275));
#7370=CARTESIAN_POINT('',(-0.0185495783286235,0.00977524813957269,0.0275));
#7371=CARTESIAN_POINT('',(-0.0178874395828899,0.00902586687386188,0.0275));
#7372=CARTESIAN_POINT('',(-0.00759965662962244,0.0098910539555412,0.0275));
#7373=CARTESIAN_POINT('',(-0.00853869020916846,0.0100446174153263,0.0275));
#7374=CARTESIAN_POINT('',(-0.0106765536211352,0.0104016177074273,0.0275));
#7375=CARTESIAN_POINT('',(-0.0130322503266825,0.0103893030194178,0.0275));
#7376=CARTESIAN_POINT('',(-0.0161470817798503,0.0103101163021936,0.0275));
#7377=CARTESIAN_POINT('',(-0.0177636200295023,0.00922006269346916,0.0275));
#7378=CARTESIAN_POINT('',(-0.0182721111670768,0.00864099967000612,0.0275));
#7379=CARTESIAN_POINT('',(-0.0083217770970299,0.0100088231110072,0.0275));
#7380=CARTESIAN_POINT('',(-0.00821031365039883,0.0106998917762389,0.0275));
#7381=CARTESIAN_POINT('',(-0.00751499941222833,0.0106190331947686,0.0275));
#7382=CARTESIAN_POINT('',(-0.00752016987024577,0.0105745717039532,0.0275));
#7383=CARTESIAN_POINT('',(-0.00749945541497639,0.0107526981986661,0.0275));
#7384=CARTESIAN_POINT('',(-0.00819476965314689,0.0108335567801363,0.0275));
#7385=CARTESIAN_POINT('',(0.0236532411557385,0.000989635,0.0275));
#7386=CARTESIAN_POINT('',(0.0218278509927228,0.000989635,0.0275));
#7387=CARTESIAN_POINT('',(0.0254295314980837,0.000989635,0.0275));
#7388=CARTESIAN_POINT('',(0.0254295314980837,0.001989635,0.0275));
#7389=CARTESIAN_POINT('',(0.0264264529624726,0.00206804159309543,0.0275));
#7390=CARTESIAN_POINT('',(7.63278329429795E-17,-1.03649999999736E-5,0.0275));
#7391=CARTESIAN_POINT('',(0.0236166453230168,0.0120283747110673,0.0275));
#7392=CARTESIAN_POINT('',(0.0227257221002594,0.0115742207601305,0.0275));
#7393=CARTESIAN_POINT('',(0.0221247687068711,0.0123735048266395,0.0275));
#7394=CARTESIAN_POINT('',(0.0208297866215797,0.0113998536416085,0.0275));
#7395=CARTESIAN_POINT('',(0.0192762476089525,0.0102318026563349,0.0275));
#7396=CARTESIAN_POINT('',(0.0198772010023407,0.00943251858982585,0.0275));
#7397=CARTESIAN_POINT('',(0.0190014828296154,0.00894969597026609,0.0275));
#7398=CARTESIAN_POINT('',(0.0208172922494159,0.000989634999991667,0.0275));
#7399=CARTESIAN_POINT('',(0.0208181068302809,0.00101927309618222,0.0275));
#7400=CARTESIAN_POINT('',(0.0208294710309025,0.00145135507990661,0.0275));
#7401=CARTESIAN_POINT('',(0.0208366003753136,0.00231279530874591,0.0275));
#7402=CARTESIAN_POINT('',(0.0207706692132799,0.00341012512873312,0.0275));
#7403=CARTESIAN_POINT('',(0.0206434852300139,0.00432495805819598,0.0275));
#7404=CARTESIAN_POINT('',(0.020466026941396,0.00523181549628335,0.0275));
#7405=CARTESIAN_POINT('',(0.0201584167902256,0.00634619126945517,0.0275));
#7406=CARTESIAN_POINT('',(0.0196669124690216,0.00763957786247253,0.0275));
#7407=CARTESIAN_POINT('',(0.0191234857613291,0.00875591074113883,0.0275));
#7408=CARTESIAN_POINT('',(0.0187323247638491,0.00942462258795141,0.0275));
#7409=CARTESIAN_POINT('',(0.018561881886053,0.00969644761712532,0.0275));
#7410=CARTESIAN_POINT('',(0.0208278961689929,0.00198012971204033,0.0275));
#7411=CARTESIAN_POINT('',(0.0218278509927228,0.001989635,0.0275));
#7412=CARTESIAN_POINT('',(0.0197005273754295,0.0130530428885583,0.0275));
#7413=CARTESIAN_POINT('',(0.0181452334629394,0.0118836724562046,0.0275));
#7414=CARTESIAN_POINT('',(0.0212256741968783,0.014199746790424,0.0275));
#7415=CARTESIAN_POINT('',(0.02062472080349,0.014999030856933,0.0275));
#7416=CARTESIAN_POINT('',(0.0214332778493631,0.0155874486537145,0.0275));
#7417=CARTESIAN_POINT('',(1.47451495458029E-17,-1.0364999999979E-5,0.0275));
#7418=CARTESIAN_POINT('',(0.0141865434732865,0.0223820259939191,0.0275));
#7419=CARTESIAN_POINT('',(0.0136513649643096,0.0215372870025559,0.0275));
#7420=CARTESIAN_POINT('',(0.0128632432420224,0.0221528064180573,0.0275));
#7421=CARTESIAN_POINT('',(0.0112917175650197,0.0201405977175906,0.0275));
#7422=CARTESIAN_POINT('',(0.00960878603553702,0.0179857430337186,0.0275));
#7423=CARTESIAN_POINT('',(0.0103969077578242,0.0173702236182172,0.0275));
#7424=CARTESIAN_POINT('',(0.00951752620625936,0.0168941058945738,0.0275));
#7425=CARTESIAN_POINT('',(0.006,0.014989635,0.0275));
#7426=CARTESIAN_POINT('',(0.00978660038596328,0.0162786879535371,0.0275));
#7427=CARTESIAN_POINT('',(0.0107332504824541,0.0166009511919215,0.0275));
#7428=CARTESIAN_POINT('',(0.0106130934189051,0.0156081962976603,0.0275));
#7429=CARTESIAN_POINT('',(0.0174502033756785,0.0112540140942672,0.0275));
#7430=CARTESIAN_POINT('',(0.0174321884508652,0.0112761501327512,0.0275));
#7431=CARTESIAN_POINT('',(0.0174141735260521,0.0112982861712353,0.0275));
#7432=CARTESIAN_POINT('',(0.0173961586012389,0.0113204222097194,0.0275));
#7433=CARTESIAN_POINT('',(0.0173087138615274,0.0114278709025982,0.0275));
#7434=CARTESIAN_POINT('',(0.0170758113540509,0.0117070769042312,0.0275));
#7435=CARTESIAN_POINT('',(0.016684423959328,0.0121477672957002,0.0275));
#7436=CARTESIAN_POINT('',(0.0162151921872564,0.0126399424430167,0.0275));
#7437=CARTESIAN_POINT('',(0.0155446464173367,0.0132896127274934,0.0275));
#7438=CARTESIAN_POINT('',(0.0148084911298128,0.0139082414742264,0.0275));
#7439=CARTESIAN_POINT('',(0.0139933752918706,0.0144623683553844,0.0275));
#7440=CARTESIAN_POINT('',(0.0134468977678504,0.0147725910627455,0.0275));
#7441=CARTESIAN_POINT('',(0.0129853997731037,0.0149921732995555,0.0275));
#7442=CARTESIAN_POINT('',(0.0126256881374659,0.0151409454602165,0.0275));
#7443=CARTESIAN_POINT('',(0.0122557714159801,0.0152695432130208,0.0275));
#7444=CARTESIAN_POINT('',(0.0117764984581379,0.0154076737542996,0.0275));
#7445=CARTESIAN_POINT('',(0.0111992150385133,0.0155300314985542,0.0275));
#7446=CARTESIAN_POINT('',(0.0105559227273775,0.0156197173945208,0.0275));
#7447=CARTESIAN_POINT('',(0.0101509405697058,0.0156574652137943,0.0275));
#7448=CARTESIAN_POINT('',(0.00995420177704306,0.0156737495901376,0.0275));
#7449=CARTESIAN_POINT('',(0.00994087416417566,0.0156748435924398,0.0275));
#7450=CARTESIAN_POINT('',(0.0168020776890648,0.0120127807051847,0.0275));
#7451=CARTESIAN_POINT('',(0.0175442800695511,0.0126829565227136,0.0275));
#7452=CARTESIAN_POINT('',(0.00980890821665525,0.00723164000733614,0.0275));
#7453=CARTESIAN_POINT('',(0.00982346829863673,0.0107316097220641,0.0275));
#7454=CARTESIAN_POINT('',(0.0129297865622272,0.00564730470439679,0.0275));
#7455=CARTESIAN_POINT('',(0.0138214660895335,0.00519463747498554,0.0275));
#7456=CARTESIAN_POINT('',(0.0130196618687616,0.00459705066827674,0.0275));
#7457=CARTESIAN_POINT('',(0.0143116387235383,0.00286355775365778,0.0275));
#7458=CARTESIAN_POINT('',(0.0131204083204403,0.00446187544473289,0.0275));
#7459=CARTESIAN_POINT('',(0.0139222125412121,0.0050594622514417,0.0275));
#7460=CARTESIAN_POINT('',(0.0140544212573092,0.00406824035126598,0.0275));
#7461=CARTESIAN_POINT('',(0.0144510474056005,0.00109457465073884,0.0275));
#7462=CARTESIAN_POINT('',(0.0142657298669376,0.00408884541502585,0.0275));
#7463=CARTESIAN_POINT('',(0.01420395735405,0.00508693566978819,0.0275));
#7464=CARTESIAN_POINT('',(0.0146788016967633,0.00420686587131013,0.0275));
#7465=CARTESIAN_POINT('',(0.0161033347249031,0.00156665647587598,0.0275));
#7466=CARTESIAN_POINT('',(0.0169959101843377,0.0044307984153083,0.0275));
#7467=CARTESIAN_POINT('',(0.0172934353374825,0.00538551239511907,0.0275));
#7468=CARTESIAN_POINT('',(0.018244423028351,0.00569474113216764,0.0275));
#7469=CARTESIAN_POINT('',(0.0187926672197654,0.00289612657034126,0.0275));
#7470=CARTESIAN_POINT('',(0.0187723852923457,0.00318664633250893,0.0275));
#7471=CARTESIAN_POINT('',(0.0186072394705227,0.00478959415520541,0.0275));
#7472=CARTESIAN_POINT('',(0.0176114735765631,0.00774906743904478,0.0275));
#7473=CARTESIAN_POINT('',(0.0152470551475495,0.0109974300702679,0.0275));
#7474=CARTESIAN_POINT('',(0.0120658518145614,0.0136739610403074,0.0275));
#7475=CARTESIAN_POINT('',(0.00877819358765621,0.0136666548887253,0.0275));
#7476=CARTESIAN_POINT('',(0.0065760411473397,0.0141643669313551,0.0275));
#7477=CARTESIAN_POINT('',(0.00341996640792859,0.0130463907957718,0.0275));
#7478=CARTESIAN_POINT('',(0.000430396228976889,0.0118231013798968,0.0275));
#7479=CARTESIAN_POINT('',(-0.00137193172446713,0.00957396314748077,0.0275));
#7480=CARTESIAN_POINT('',(-0.00199314299970865,0.00833316457643033,0.0275));
#7481=CARTESIAN_POINT('',(0.0105340261248493,0.0136018864168307,0.0275));
#7482=CARTESIAN_POINT('',(0.010398058562615,0.0126111731273165,0.0275));
#7483=CARTESIAN_POINT('',(0.00951844685009197,0.0130868655018532,0.0275));
#7484=CARTESIAN_POINT('',(0.006,0.014989635,0.0275));
#7485=CARTESIAN_POINT('',(0.00905192039933101,0.0124039471077463,0.0275));
#7486=CARTESIAN_POINT('',(0.00981490049916376,0.0117575251346829,0.0275));
#7487=CARTESIAN_POINT('',(0.00891725293474149,0.0113168111116626,0.0275));
#7488=CARTESIAN_POINT('',(0.00806300178716674,0.0130567522571024,0.0275));
#7489=CARTESIAN_POINT('',(0.00892998075763774,0.0112908870461088,0.0275));
#7490=CARTESIAN_POINT('',(0.00982762832206001,0.0117316010691292,0.0275));
#7491=CARTESIAN_POINT('',(0.00980890821665525,0.00723164000733614,0.0275));
#7492=CARTESIAN_POINT('',(0.0113089082166552,0.00723164000733614,0.0275));
#7493=CARTESIAN_POINT('',(0.,-1.03649999999983E-5,0.0305));
#7494=CARTESIAN_POINT('',(1.74424604273971E-9,-1.03661110246161E-5,0.0305));
#7495=CARTESIAN_POINT('',(0.0292080607102284,-1.03661110246161E-5,0.0305));
#7496=CARTESIAN_POINT('',(0.0127080302819946,0.00166838414024017,0.0305));
#7497=CARTESIAN_POINT('',(0.0114160534272179,0.00340187705485912,0.0305));
#7498=CARTESIAN_POINT('',(0.0115545216676209,0.00321608911852655,0.0305));
#7499=CARTESIAN_POINT('',(0.0107527174468491,0.00261850231181774,0.0305));
#7500=CARTESIAN_POINT('',(0.0116772999365369,0.00223752039654802,0.0305));
#7501=CARTESIAN_POINT('',(0.0144510474056005,0.00109457465073884,0.0305));
#7502=CARTESIAN_POINT('',(0.0115677769609272,0.00026586991268471,0.0305));
#7503=CARTESIAN_POINT('',(0.0106066868127028,-1.03649999999983E-5,0.0305));
#7504=CARTESIAN_POINT('',(0.0115677769609272,-0.000286599912684707,0.0305));
#7505=CARTESIAN_POINT('',(0.0144510474056005,-0.00111530465073883,0.0305));
#7506=CARTESIAN_POINT('',(0.0116772999365369,-0.00225825039654801,0.0305));
#7507=CARTESIAN_POINT('',(0.0107527174468491,-0.00263923231181774,0.0305));
#7508=CARTESIAN_POINT('',(0.0115545216676209,-0.00323681911852655,0.0305));
#7509=CARTESIAN_POINT('',(0.0127080302819946,-0.00168911414024016,0.0305));
#7510=CARTESIAN_POINT('',(0.0114160534272179,-0.00342260705485912,0.0305));
#7511=CARTESIAN_POINT('',(0.010614249206446,-0.00282502024815032,0.0305));
#7512=CARTESIAN_POINT('',(0.00736664386002055,-0.00347277415429687,0.0305));
#7513=CARTESIAN_POINT('',(0.00685545821742638,-0.00433224447886053,0.0305));
#7514=CARTESIAN_POINT('',(0.00423200386266839,-0.0027718971791044,0.0305));
#7515=CARTESIAN_POINT('',(0.00103401553270248,-0.000869835324563667,0.0305));
#7516=CARTESIAN_POINT('',(0.00154520117529666,-1.03649999999979E-5,0.0305));
#7517=CARTESIAN_POINT('',(0.00103401553270248,0.000849105324563671,0.0305));
#7518=CARTESIAN_POINT('',(0.00423200386266839,0.00275116717910441,0.0305));
#7519=CARTESIAN_POINT('',(0.00685545821742638,0.00431151447886054,0.0305));
#7520=CARTESIAN_POINT('',(0.00736664386002055,0.00345204415429687,0.0305));
#7521=CARTESIAN_POINT('',(0.00790936927260604,0.00429195434386116,0.0305));
#7522=CARTESIAN_POINT('',(0.00980890821665525,0.00723164000733614,0.0305));
#7523=CARTESIAN_POINT('',(0.0104352845420481,0.00378814575019162,0.0305));
#7524=CARTESIAN_POINT('',(0.010614249206446,0.00280429024815032,0.0305));
#7525=CARTESIAN_POINT('',(-0.00501030979558758,0.000896827046842139,0.0305));
#7526=CARTESIAN_POINT('',(-0.00473078202268295,0.000860438408077801,0.0305));
#7527=CARTESIAN_POINT('',(-0.00417862438477285,0.000694655427282771,0.0305));
#7528=CARTESIAN_POINT('',(-0.0044307711087883,0.000262095450448947,0.0305));
#7529=CARTESIAN_POINT('',(-0.00458959303796291,-1.03649999999991E-5,0.0305));
#7530=CARTESIAN_POINT('',(-0.00501030979558761,0.000896827046842212,0.0305));
#7531=CARTESIAN_POINT('',(-0.0043706314882109,0.000468697585234235,0.0305));
#7532=CARTESIAN_POINT('',(-0.00140912865359651,-1.03649999995972E-5,0.0305));
#7533=CARTESIAN_POINT('',(-0.00437063148821092,-0.000489427585234128,0.0305));
#7534=CARTESIAN_POINT('',(-0.00501030979558758,-0.000917557046842136,0.0305));
#7535=CARTESIAN_POINT('',(-0.00473078202268295,-0.000881168408077797,0.0305));
#7536=CARTESIAN_POINT('',(-0.00417862438477285,-0.000715385427282768,0.0305));
#7537=CARTESIAN_POINT('',(-0.0044307711087883,-0.000282825450448944,0.0305));
#7538=CARTESIAN_POINT('',(-0.00458959303796291,-1.03649999999973E-5,0.0305));
#7539=CARTESIAN_POINT('',(-0.00501030979558761,-0.000917557046842208,0.0305));
#7540=CARTESIAN_POINT('',(-0.0190788546882027,-0.00681840001826561,0.0305));
#7541=CARTESIAN_POINT('',(-0.0190839965069326,-0.00669985348244838,0.0305));
#7542=CARTESIAN_POINT('',(-0.0190589363521449,-0.00594754900354482,0.0305));
#7543=CARTESIAN_POINT('',(-0.0182737924902532,-0.00460716608440271,0.0305));
#7544=CARTESIAN_POINT('',(-0.0169229865457335,-0.00256964160776467,0.0305));
#7545=CARTESIAN_POINT('',(-0.0138339951826411,-0.00177595193689259,0.0305));
#7546=CARTESIAN_POINT('',(-0.0120089529005188,-0.00109779094071859,0.0305));
#7547=CARTESIAN_POINT('',(-0.00941707617508282,-0.000741021958813556,0.0305));
#7548=CARTESIAN_POINT('',(-0.00590087470626999,-0.00103348987345995,0.0305));
#7549=CARTESIAN_POINT('',(-0.00501030979558758,-0.000917557046842136,0.0305));
#7550=CARTESIAN_POINT('',(-0.0190344818659927,-0.00626430212030951,0.0305));
#7551=CARTESIAN_POINT('',(-0.0200139623843535,-0.00606276325519535,0.0305));
#7552=CARTESIAN_POINT('',(-0.0197159154093834,-0.00701731445901374,0.0305));
#7553=CARTESIAN_POINT('',(-0.0220640964484582,-0.00775050535812815,0.0305));
#7554=CARTESIAN_POINT('',(-0.0241060080026411,-0.00838806734479397,0.0305));
#7555=CARTESIAN_POINT('',(-0.0244040549776111,-0.00743351614097556,0.0305));
#7556=CARTESIAN_POINT('',(-0.0253607743818651,-0.00772452813647373,0.0305));
#7557=CARTESIAN_POINT('',(2.23779328401008E-16,-1.0364999999962E-5,0.0305));
#7558=CARTESIAN_POINT('',(-0.0253607743818651,0.00770379813647374,0.0305));
#7559=CARTESIAN_POINT('',(-0.0244040549776111,0.00741278614097556,0.0305));
#7560=CARTESIAN_POINT('',(-0.0241060080026411,0.00836733734479397,0.0305));
#7561=CARTESIAN_POINT('',(-0.0220640964484582,0.00772977535812816,0.0305));
#7562=CARTESIAN_POINT('',(-0.0197159154093834,0.00699658445901375,0.0305));
#7563=CARTESIAN_POINT('',(-0.0200139623843535,0.00604203325519536,0.0305));
#7564=CARTESIAN_POINT('',(-0.0190344818659927,0.00624357212030951,0.0305));
#7565=CARTESIAN_POINT('',(-0.0190788546882027,0.00679767001826561,0.0305));
#7566=CARTESIAN_POINT('',(-0.0190839965069326,0.00667912348244839,0.0305));
#7567=CARTESIAN_POINT('',(-0.0190589363521449,0.00592681900354482,0.0305));
#7568=CARTESIAN_POINT('',(-0.0182737924902532,0.00458643608440271,0.0305));
#7569=CARTESIAN_POINT('',(-0.0169229865457335,0.00254891160776467,0.0305));
#7570=CARTESIAN_POINT('',(-0.0138339951826411,0.00175522193689259,0.0305));
#7571=CARTESIAN_POINT('',(-0.0120089529005188,0.00107706094071859,0.0305));
#7572=CARTESIAN_POINT('',(-0.00941707617508282,0.00072029195881356,0.0305));
#7573=CARTESIAN_POINT('',(-0.00590087470626999,0.00101275987345996,0.0305));
#7574=CARTESIAN_POINT('',(-0.00501030979558758,0.000896827046842139,0.0305));
#7575=CARTESIAN_POINT('',(0.0167205563663004,0.000557070633224948,0.0305));
#7576=CARTESIAN_POINT('',(0.0165498167335888,0.000210710104713041,0.0305));
#7577=CARTESIAN_POINT('',(0.0170002757443155,0.0011245062664499,0.0305));
#7578=CARTESIAN_POINT('',(0.016998287243295,-1.03649999999982E-5,0.0305));
#7579=CARTESIAN_POINT('',(0.0165498167335888,-0.000231440104713038,0.0305));
#7580=CARTESIAN_POINT('',(0.0167205563663004,-0.000577800633224944,0.0305));
#7581=CARTESIAN_POINT('',(0.0170002757443155,-0.00114523626644989,0.0305));
#7582=CARTESIAN_POINT('',(0.0161033347249031,-0.00158738647587598,0.0305));
#7583=CARTESIAN_POINT('',(0.0153273851221251,-0.00221818138228267,0.0305));
#7584=CARTESIAN_POINT('',(0.0149394103207361,-0.00253357883548602,0.0305));
#7585=CARTESIAN_POINT('',(0.0147766226823576,-0.00206082077390362,0.0305));
#7586=CARTESIAN_POINT('',(0.0144510474056005,-0.00111530465073882,0.0305));
#7587=CARTESIAN_POINT('',(0.0136670517156498,-0.000494538383824527,0.0305));
#7588=CARTESIAN_POINT('',(0.0138587354888316,-0.000252451691912262,0.0305));
#7589=CARTESIAN_POINT('',(0.0138046584988624,-0.000320748133457152,0.0305));
#7590=CARTESIAN_POINT('',(0.0134126606538871,-1.03649999999982E-5,0.0305));
#7591=CARTESIAN_POINT('',(0.0138046584988624,0.000300018133457156,0.0305));
#7592=CARTESIAN_POINT('',(0.0138587354888316,0.000231721691912266,0.0305));
#7593=CARTESIAN_POINT('',(0.0136670517156498,0.000473808383824531,0.0305));
#7594=CARTESIAN_POINT('',(0.0144510474056005,0.00109457465073883,0.0305));
#7595=CARTESIAN_POINT('',(0.0147766226823576,0.00204009077390362,0.0305));
#7596=CARTESIAN_POINT('',(0.0149394103207361,0.00251284883548602,0.0305));
#7597=CARTESIAN_POINT('',(0.0153273851221251,0.00219745138228267,0.0305));
#7598=CARTESIAN_POINT('',(0.0161033347249031,0.00156665647587598,0.0305));
#7599=CARTESIAN_POINT('',(0.00648872445109074,-0.00411505272961627,0.0305));
#7600=CARTESIAN_POINT('',(-0.00199314299970866,-0.00835389457643032,0.0305));
#7601=CARTESIAN_POINT('',(-0.00236478150618831,-0.00751105672034553,0.03049999975));
#7602=CARTESIAN_POINT('',(-0.00329740728732698,-0.00787284344374764,0.0305));
#7603=CARTESIAN_POINT('',(-0.00371643119718283,-0.00696486824421347,0.0305));
#7604=CARTESIAN_POINT('',(-0.00287736468190955,-0.00655997372624606,0.0305));
#7605=CARTESIAN_POINT('',(-0.00320681108232942,-0.00672235750719402,0.0305));
#7606=CARTESIAN_POINT('',(-0.00367297026142928,-0.00695141763387254,0.0305));
#7607=CARTESIAN_POINT('',(-0.00420968938129062,-0.00718361469419996,0.0305));
#7608=CARTESIAN_POINT('',(-0.00444820849954813,-0.00727413867531501,0.0305));
#7609=CARTESIAN_POINT('',(-0.00455107493397129,-0.00731023913463926,0.0305));
#7610=CARTESIAN_POINT('',(-0.00455107493397129,-0.00731023913463926,0.0305));
#7611=CARTESIAN_POINT('',(-0.00455107493397129,-0.00731023913463926,0.0305));
#7612=CARTESIAN_POINT('',(-0.00457472420419952,-0.00731853872743364,0.0305));
#7613=CARTESIAN_POINT('',(-0.00472351401112884,-0.00736972978247595,0.0305));
#7614=CARTESIAN_POINT('',(-0.00498090252098135,-0.00744595229738374,0.0305));
#7615=CARTESIAN_POINT('',(-0.00538673892315739,-0.00753712657542748,0.0305));
#7616=CARTESIAN_POINT('',(-0.00585352535088775,-0.00761915468247349,0.0305));
#7617=CARTESIAN_POINT('',(-0.00630336129512929,-0.00768684465042471,0.0305));
#7618=CARTESIAN_POINT('',(-0.00670053649451654,-0.00774536237601512,0.0305));
#7619=CARTESIAN_POINT('',(-0.00701931010342129,-0.00779321788501541,0.0305));
#7620=CARTESIAN_POINT('',(-0.00735089838545595,-0.00784526143537295,0.0305));
#7621=CARTESIAN_POINT('',(-0.00802160758059088,-0.0079534702435044,0.0305));
#7622=CARTESIAN_POINT('',(-0.00882749181386406,-0.00808781431332543,0.0305));
#7623=CARTESIAN_POINT('',(-0.00970848226152157,-0.00822083926962513,0.0305));
#7624=CARTESIAN_POINT('',(-0.0105374475221631,-0.00833063316460368,0.0305));
#7625=CARTESIAN_POINT('',(-0.0112222423636415,-0.00838622989576743,0.0305));
#7626=CARTESIAN_POINT('',(-0.0118844827815842,-0.00840655015662958,0.0305));
#7627=CARTESIAN_POINT('',(-0.0123934075975329,-0.00840892633438411,0.0305));
#7628=CARTESIAN_POINT('',(-0.012846097910221,-0.00840332812930804,0.0305));
#7629=CARTESIAN_POINT('',(-0.0132343989111565,-0.00839697196981061,0.0305));
#7630=CARTESIAN_POINT('',(-0.0136146537764688,-0.00838881231778411,0.0305));
#7631=CARTESIAN_POINT('',(-0.0140790436504894,-0.00837085396100911,0.0305));
#7632=CARTESIAN_POINT('',(-0.0146040377017803,-0.00832720342556043,0.0305));
#7633=CARTESIAN_POINT('',(-0.0150807687775914,-0.00825522575370622,0.0305));
#7634=CARTESIAN_POINT('',(-0.0154252008278294,-0.00816976800661058,0.0305));
#7635=CARTESIAN_POINT('',(-0.015659449274778,-0.00808959175174708,0.0305));
#7636=CARTESIAN_POINT('',(-0.0158909242757377,-0.00799375501764228,0.0305));
#7637=CARTESIAN_POINT('',(-0.0161673964200531,-0.00784762572808755,0.0305));
#7638=CARTESIAN_POINT('',(-0.0164628802671673,-0.00764142464317548,0.0305));
#7639=CARTESIAN_POINT('',(-0.0167070608630927,-0.00741988507021895,0.0305));
#7640=CARTESIAN_POINT('',(-0.0168860516769523,-0.00720583030004471,0.0305));
#7641=CARTESIAN_POINT('',(-0.016999409277142,-0.00701774423445486,0.0305));
#7642=CARTESIAN_POINT('',(-0.017061745135599,-0.0068596080404478,0.0305));
#7643=CARTESIAN_POINT('',(-0.0170790491072586,-0.00676759986636051,0.0305));
#7644=CARTESIAN_POINT('',(-0.0170815422343924,-0.0067185236403266,0.0305));
#7645=CARTESIAN_POINT('',(-0.0170802985329685,-0.00669524173338024,0.0305));
#7646=CARTESIAN_POINT('',(-0.0170773114382303,-0.00667349999276031,0.0305));
#7647=CARTESIAN_POINT('',(-0.0170602665065022,-0.00660171637079864,0.0305));
#7648=CARTESIAN_POINT('',(-0.0170007990900995,-0.0064411004079122,0.0305));
#7649=CARTESIAN_POINT('',(-0.0168720584458408,-0.00619346925455889,0.0305));
#7650=CARTESIAN_POINT('',(-0.0167310588476354,-0.00595394048633777,0.0305));
#7651=CARTESIAN_POINT('',(-0.0166288863097566,-0.0057878406682574,0.0305));
#7652=CARTESIAN_POINT('',(-0.0165402657616462,-0.00564579884946779,0.0305));
#7653=CARTESIAN_POINT('',(-0.0164553264164104,-0.00551104325572494,0.0305));
#7654=CARTESIAN_POINT('',(-0.0163528801852799,-0.00535259127124972,0.0305));
#7655=CARTESIAN_POINT('',(-0.016235514026511,-0.00518063316582216,0.0305));
#7656=CARTESIAN_POINT('',(-0.0160850196462538,-0.00497578058497442,0.0305));
#7657=CARTESIAN_POINT('',(-0.015907457341336,-0.00476657393887225,0.0305));
#7658=CARTESIAN_POINT('',(-0.0157376194830125,-0.00461110547948856,0.0305));
#7659=CARTESIAN_POINT('',(-0.0156179826132024,-0.00452342143708861,0.0305));
#7660=CARTESIAN_POINT('',(-0.0155416849584796,-0.00447433756697804,0.0305));
#7661=CARTESIAN_POINT('',(-0.0154503949572661,-0.00442024127611032,0.0305));
#7662=CARTESIAN_POINT('',(-0.0153141623575175,-0.00434828935590093,0.0305));
#7663=CARTESIAN_POINT('',(-0.0150537690125618,-0.00422861870361984,0.0305));
#7664=CARTESIAN_POINT('',(-0.0146636173215825,-0.00407888227149076,0.0305));
#7665=CARTESIAN_POINT('',(-0.0141320779561154,-0.00390752460097213,0.0305));
#7666=CARTESIAN_POINT('',(-0.0135732396025518,-0.00374355711387779,0.0305));
#7667=CARTESIAN_POINT('',(-0.0129982227968825,-0.0035690083968413,0.0305));
#7668=CARTESIAN_POINT('',(-0.0125194429869152,-0.00341270650486843,0.0305));
#7669=CARTESIAN_POINT('',(-0.0121070736835766,-0.00328049496444102,0.0305));
#7670=CARTESIAN_POINT('',(-0.0117384722306165,-0.00317256885995733,0.0305));
#7671=CARTESIAN_POINT('',(-0.0113692000682422,-0.00308186239005294,0.0305));
#7672=CARTESIAN_POINT('',(-0.0109593363711342,-0.00300358496018659,0.0305));
#7673=CARTESIAN_POINT('',(-0.0104898938824284,-0.00294016298555508,0.0305));
#7674=CARTESIAN_POINT('',(-0.00994098600811676,-0.00289513674357825,0.0305));
#7675=CARTESIAN_POINT('',(-0.00940260130971183,-0.00287719857854609,0.0305));
#7676=CARTESIAN_POINT('',(-0.00891875263066637,-0.00287717637495068,0.0305));
#7677=CARTESIAN_POINT('',(-0.00838858292801623,-0.00288793093476082,0.0305));
#7678=CARTESIAN_POINT('',(-0.00778866076627262,-0.00291135490743168,0.0305));
#7679=CARTESIAN_POINT('',(-0.00716666331607009,-0.00293616394025327,0.0305));
#7680=CARTESIAN_POINT('',(-0.00669619319961719,-0.00295243357341853,0.0305));
#7681=CARTESIAN_POINT('',(-0.00622900964555203,-0.002963186591268,0.0305));
#7682=CARTESIAN_POINT('',(-0.00576978591303214,-0.00296484170842886,0.0305));
#7683=CARTESIAN_POINT('',(-0.00531977847798119,-0.00295303308379217,0.0305));
#7684=CARTESIAN_POINT('',(-0.00487299847660896,-0.00292056335764293,0.0305));
#7685=CARTESIAN_POINT('',(-0.00448679496739644,-0.0028653732881486,0.0305));
#7686=CARTESIAN_POINT('',(-0.00414068801943631,-0.00278190065725306,0.0305));
#7687=CARTESIAN_POINT('',(-0.00384843211853565,-0.00268480604518311,0.0305));
#7688=CARTESIAN_POINT('',(-0.00350617693689102,-0.00252467879053322,0.0305));
#7689=CARTESIAN_POINT('',(-0.00316750651153472,-0.00229243288727817,0.0305));
#7690=CARTESIAN_POINT('',(-0.00288201501156998,-0.00199839172923733,0.0305));
#7691=CARTESIAN_POINT('',(-0.00263063164201659,-0.00165222641222014,0.0305));
#7692=CARTESIAN_POINT('',(-0.00241625155029102,-0.00115057142583003,0.0305));
#7693=CARTESIAN_POINT('',(-0.00234780158216438,-0.000588694472216783,0.0305));
#7694=CARTESIAN_POINT('',(-0.0023819441353646,-0.000231414630509507,0.0305));
#7695=CARTESIAN_POINT('',(-0.00241633756137019,-5.89003145261418E-5,0.0305));
#7696=CARTESIAN_POINT('',(-0.00242746217648959,-1.03482275855839E-5,0.0305));
#7697=CARTESIAN_POINT('',(-0.0170797706824399,-0.00669309820670461,0.0305));
#7698=CARTESIAN_POINT('',(-0.0141285081891199,-0.00671406422187791,0.0305));
#7699=CARTESIAN_POINT('',(-0.0147495301529518,-0.0038288048576772,0.0305));
#7700=CARTESIAN_POINT('',(-0.0132880381091034,-0.00351423394926711,0.0305));
#7701=CARTESIAN_POINT('',(-0.00203841278950603,-0.00253297448473532,0.0305));
#7702=CARTESIAN_POINT('',(-0.00152722714691186,-0.00167350416017166,0.0305));
#7703=CARTESIAN_POINT('',(0.00320963257748003,-0.00449083782823174,0.0305));
#7704=CARTESIAN_POINT('',(0.00583308693223802,-0.00605118512798788,0.0305));
#7705=CARTESIAN_POINT('',(0.00532190128964385,-0.00691065545255154,0.0305));
#7706=CARTESIAN_POINT('',(0.00631901394009083,-0.00698659202028145,0.0305));
#7707=CARTESIAN_POINT('',(0.00980890821665525,-0.00725237000733614,0.0305));
#7708=CARTESIAN_POINT('',(0.00703078698710079,-0.00938122942822301,0.0305));
#7709=CARTESIAN_POINT('',(0.00623703806437094,-0.00998947497704783,0.0305));
#7710=CARTESIAN_POINT('',(0.00713468562879321,-0.0104301890000682,0.0305));
#7711=CARTESIAN_POINT('',(0.0062677066583222,-0.0121960542110617,0.0305));
#7712=CARTESIAN_POINT('',(0.00712195780589696,-0.0104561130656219,0.0305));
#7713=CARTESIAN_POINT('',(0.0062243102414747,-0.0100153990426015,0.0305));
#7714=CARTESIAN_POINT('',(0.00617944819317976,-0.0110143922340812,0.0305));
#7715=CARTESIAN_POINT('',(0.006,-0.015010365,0.0305));
#7716=CARTESIAN_POINT('',(0.00312966456858709,-0.0122244765400692,0.0305));
#7717=CARTESIAN_POINT('',(0.00241208071073384,-0.0115280044250865,0.0305));
#7718=CARTESIAN_POINT('',(0.00197002806825081,-0.0124249935338686,0.0305));
#7719=CARTESIAN_POINT('',(0.0187926672197654,-0.00291685657034125,0.0305));
#7720=CARTESIAN_POINT('',(0.0187723852923457,-0.00320737633250893,0.0305));
#7721=CARTESIAN_POINT('',(0.0186072394705227,-0.0048103241552054,0.0305));
#7722=CARTESIAN_POINT('',(0.0176114735765631,-0.00776979743904478,0.0305));
#7723=CARTESIAN_POINT('',(0.0152470551475495,-0.0110181600702679,0.0305));
#7724=CARTESIAN_POINT('',(0.0120658518145614,-0.0136946910403074,0.0305));
#7725=CARTESIAN_POINT('',(0.00877819358765621,-0.0136873848887253,0.0305));
#7726=CARTESIAN_POINT('',(0.0065760411473397,-0.0141850969313551,0.0305));
#7727=CARTESIAN_POINT('',(0.00341996640792859,-0.0130671207957718,0.0305));
#7728=CARTESIAN_POINT('',(0.000430396228976889,-0.0118438313798968,0.0305));
#7729=CARTESIAN_POINT('',(-0.00137193172446713,-0.00959469314748077,0.0305));
#7730=CARTESIAN_POINT('',(-0.00199314299970865,-0.00835389457643033,0.0305));
#7731=CARTESIAN_POINT('',(0.00980890821665525,-0.00725237000733614,0.0305));
#7732=CARTESIAN_POINT('',(0.0113089082166552,-0.00725237000733614,0.0305));
#7733=CARTESIAN_POINT('',(0.0174502033756785,-0.0112747440942672,0.0305));
#7734=CARTESIAN_POINT('',(0.0174321884508652,-0.0112968801327512,0.0305));
#7735=CARTESIAN_POINT('',(0.0174141735260521,-0.0113190161712353,0.0305));
#7736=CARTESIAN_POINT('',(0.0173961586012389,-0.0113411522097194,0.0305));
#7737=CARTESIAN_POINT('',(0.0173087138615274,-0.0114486009025982,0.0305));
#7738=CARTESIAN_POINT('',(0.0170758113540509,-0.0117278069042312,0.0305));
#7739=CARTESIAN_POINT('',(0.016684423959328,-0.0121684972957002,0.0305));
#7740=CARTESIAN_POINT('',(0.0162151921872564,-0.0126606724430167,0.0305));
#7741=CARTESIAN_POINT('',(0.0155446464173367,-0.0133103427274934,0.0305));
#7742=CARTESIAN_POINT('',(0.0148084911298128,-0.0139289714742264,0.0305));
#7743=CARTESIAN_POINT('',(0.0139933752918706,-0.0144830983553844,0.0305));
#7744=CARTESIAN_POINT('',(0.0134468977678504,-0.0147933210627455,0.0305));
#7745=CARTESIAN_POINT('',(0.0129853997731037,-0.0150129032995555,0.0305));
#7746=CARTESIAN_POINT('',(0.0126256881374659,-0.0151616754602165,0.0305));
#7747=CARTESIAN_POINT('',(0.0122557714159801,-0.0152902732130208,0.0305));
#7748=CARTESIAN_POINT('',(0.0117764984581379,-0.0154284037542996,0.0305));
#7749=CARTESIAN_POINT('',(0.0111992150385133,-0.0155507614985542,0.0305));
#7750=CARTESIAN_POINT('',(0.0105559227273775,-0.0156404473945208,0.0305));
#7751=CARTESIAN_POINT('',(0.0101509405697058,-0.0156781952137943,0.0305));
#7752=CARTESIAN_POINT('',(0.00995420177704306,-0.0156944795901376,0.0305));
#7753=CARTESIAN_POINT('',(0.00994087416417566,-0.0156955735924398,0.0305));
#7754=CARTESIAN_POINT('',(0.0168020776890648,-0.0120335107051847,0.0305));
#7755=CARTESIAN_POINT('',(0.0106130934189051,-0.0156289262976604,0.0305));
#7756=CARTESIAN_POINT('',(0.0175442800695511,-0.0127036865227136,0.0305));
#7757=CARTESIAN_POINT('',(0.0181452334629394,-0.0119044024562046,0.0305));
#7758=CARTESIAN_POINT('',(0.0197005273754295,-0.0130737728885583,0.0305));
#7759=CARTESIAN_POINT('',(0.0212256741968783,-0.014220476790424,0.0305));
#7760=CARTESIAN_POINT('',(0.02062472080349,-0.015019760856933,0.0305));
#7761=CARTESIAN_POINT('',(0.0214332778493631,-0.0156081786537144,0.0305));
#7762=CARTESIAN_POINT('',(1.47451495458029E-17,-1.03650000000174E-5,0.0305));
#7763=CARTESIAN_POINT('',(0.0141865434732865,-0.0224027559939191,0.0305));
#7764=CARTESIAN_POINT('',(0.0136513649643096,-0.0215580170025559,0.0305));
#7765=CARTESIAN_POINT('',(0.0128632432420224,-0.0221735364180573,0.0305));
#7766=CARTESIAN_POINT('',(0.0112917175650197,-0.0201613277175906,0.0305));
#7767=CARTESIAN_POINT('',(0.00960878603553702,-0.0180064730337186,0.0305));
#7768=CARTESIAN_POINT('',(0.0103969077578242,-0.0173909536182172,0.0305));
#7769=CARTESIAN_POINT('',(0.00951752620625936,-0.0169148358945738,0.0305));
#7770=CARTESIAN_POINT('',(0.006,-0.015010365,0.0305));
#7771=CARTESIAN_POINT('',(0.00978660038596328,-0.0162994179535371,0.0305));
#7772=CARTESIAN_POINT('',(0.0107332504824541,-0.0166216811919214,0.0305));
#7773=CARTESIAN_POINT('',(-0.00750405717746218,-0.0220349640352818,0.0305));
#7774=CARTESIAN_POINT('',(-0.00663469394367299,-0.0196576398571463,0.0305));
#7775=CARTESIAN_POINT('',(-0.00825991136521379,-0.024101891144512,0.0305));
#7776=CARTESIAN_POINT('',(-0.00569552144983366,-0.0200010856706536,0.0305));
#7777=CARTESIAN_POINT('',(-0.00575641715986692,-0.0190029415365229,0.0305));
#7778=CARTESIAN_POINT('',(-0.006,-0.015010365,0.0305));
#7779=CARTESIAN_POINT('',(-0.00233393944403531,-0.016610365,0.0305));
#7780=CARTESIAN_POINT('',(-0.00141742430504414,-0.017010365,0.0305));
#7781=CARTESIAN_POINT('',(-0.00141742430504414,-0.016010365,0.0305));
#7782=CARTESIAN_POINT('',(1.43114686768087E-17,-0.016010365,0.0305));
#7783=CARTESIAN_POINT('',(0.00141742430504417,-0.016010365,0.0305));
#7784=CARTESIAN_POINT('',(0.00141742430504417,-0.017010365,0.0305));
#7785=CARTESIAN_POINT('',(0.00233393944403534,-0.016610365,0.0305));
#7786=CARTESIAN_POINT('',(0.006,-0.015010365,0.0305));
#7787=CARTESIAN_POINT('',(0.00699553669494041,-0.0188844980241781,0.0305));
#7788=CARTESIAN_POINT('',(0.00724442086867551,-0.0198530312802226,0.0305));
#7789=CARTESIAN_POINT('',(0.00803254259096268,-0.0192375118647213,0.0305));
#7790=CARTESIAN_POINT('',(0.0096092660737088,-0.0212563759257036,0.0305));
#7791=CARTESIAN_POINT('',(0.0108438670048594,-0.0228371803450138,0.0305));
#7792=CARTESIAN_POINT('',(0.0100557452825723,-0.0234526997605152,0.0305));
#7793=CARTESIAN_POINT('',(0.0104499636468932,-0.0243717165619025,0.0305));
#7794=CARTESIAN_POINT('',(3.46944695195361E-18,-1.0365000000026E-5,0.0305));
#7795=CARTESIAN_POINT('',(-0.00760773596829733,-0.0254032684098245,0.0305));
#7796=CARTESIAN_POINT('',(-0.00732073887137446,-0.0244453369580191,0.0305));
#7797=CARTESIAN_POINT('',(0.00980890821665525,-0.00725237000733614,0.0305));
#7798=CARTESIAN_POINT('',(0.00982346829863673,-0.0107523397220641,0.0305));
#7799=CARTESIAN_POINT('',(0.0129297865622272,-0.00566803470439678,0.0305));
#7800=CARTESIAN_POINT('',(0.0138214660895335,-0.00521536747498554,0.0305));
#7801=CARTESIAN_POINT('',(0.0130196618687616,-0.00461778066827673,0.0305));
#7802=CARTESIAN_POINT('',(0.0143116387235383,-0.00288428775365777,0.0305));
#7803=CARTESIAN_POINT('',(0.0131204083204403,-0.00448260544473289,0.0305));
#7804=CARTESIAN_POINT('',(0.0139222125412121,-0.00508019225144169,0.0305));
#7805=CARTESIAN_POINT('',(0.0140544212573092,-0.00408897035126598,0.0305));
#7806=CARTESIAN_POINT('',(0.0144510474056005,-0.00111530465073883,0.0305));
#7807=CARTESIAN_POINT('',(0.0142657298669376,-0.00410957541502585,0.0305));
#7808=CARTESIAN_POINT('',(0.01420395735405,-0.00510766566978818,0.0305));
#7809=CARTESIAN_POINT('',(0.0146788016967633,-0.00422759587131013,0.0305));
#7810=CARTESIAN_POINT('',(0.0161033347249031,-0.00158738647587598,0.0305));
#7811=CARTESIAN_POINT('',(0.0169959101843377,-0.00445152841530829,0.0305));
#7812=CARTESIAN_POINT('',(0.0172934353374825,-0.00540624239511907,0.0305));
#7813=CARTESIAN_POINT('',(0.018244423028351,-0.00571547113216764,0.0305));
#7814=CARTESIAN_POINT('',(0.0187926672197654,-0.00291685657034125,0.0305));
#7815=CARTESIAN_POINT('',(0.0187723852923457,-0.00320737633250893,0.0305));
#7816=CARTESIAN_POINT('',(0.0186072394705227,-0.0048103241552054,0.0305));
#7817=CARTESIAN_POINT('',(0.0176114735765631,-0.00776979743904478,0.0305));
#7818=CARTESIAN_POINT('',(0.0152470551475495,-0.0110181600702679,0.0305));
#7819=CARTESIAN_POINT('',(0.0120658518145614,-0.0136946910403074,0.0305));
#7820=CARTESIAN_POINT('',(0.00877819358765621,-0.0136873848887253,0.0305));
#7821=CARTESIAN_POINT('',(0.0065760411473397,-0.0141850969313551,0.0305));
#7822=CARTESIAN_POINT('',(0.00341996640792859,-0.0130671207957718,0.0305));
#7823=CARTESIAN_POINT('',(0.000430396228976889,-0.0118438313798968,0.0305));
#7824=CARTESIAN_POINT('',(-0.00137193172446713,-0.00959469314748077,0.0305));
#7825=CARTESIAN_POINT('',(-0.00199314299970865,-0.00835389457643033,0.0305));
#7826=CARTESIAN_POINT('',(0.0105340261248493,-0.0136226164168307,0.0305));
#7827=CARTESIAN_POINT('',(0.010398058562615,-0.0126319031273165,0.0305));
#7828=CARTESIAN_POINT('',(0.00951844685009197,-0.0131075955018532,0.0305));
#7829=CARTESIAN_POINT('',(0.006,-0.015010365,0.0305));
#7830=CARTESIAN_POINT('',(0.00905192039933101,-0.0124246771077463,0.0305));
#7831=CARTESIAN_POINT('',(0.00981490049916376,-0.0117782551346829,0.0305));
#7832=CARTESIAN_POINT('',(0.00891725293474149,-0.0113375411116625,0.0305));
#7833=CARTESIAN_POINT('',(0.00806300178716674,-0.0130774822571024,0.0305));
#7834=CARTESIAN_POINT('',(0.00892998075763774,-0.0113116170461088,0.0305));
#7835=CARTESIAN_POINT('',(0.00982762832206001,-0.0117523310691292,0.0305));
#7836=CARTESIAN_POINT('',(-0.006,-0.015010365,0.0305));
#7837=CARTESIAN_POINT('',(-0.004,-0.015010365,0.0305));
#7838=CARTESIAN_POINT('',(0.006,-0.015010365,0.0305));
#7839=CARTESIAN_POINT('',(0.008,-0.015010365,0.0305));
#7840=CARTESIAN_POINT('',(0.0208297866215797,-0.0114205836416085,0.0305));
#7841=CARTESIAN_POINT('',(0.0192762476089525,-0.0102525326563349,0.0305));
#7842=CARTESIAN_POINT('',(0.0221247687068711,-0.0123942348266395,0.0305));
#7843=CARTESIAN_POINT('',(0.0198772010023407,-0.00945324858982584,0.0305));
#7844=CARTESIAN_POINT('',(0.0190014828296154,-0.00897042597026608,0.0305));
#7845=CARTESIAN_POINT('',(0.0208172922494159,-0.00101036499999166,0.0305));
#7846=CARTESIAN_POINT('',(0.0208181068302809,-0.00104000309618222,0.0305));
#7847=CARTESIAN_POINT('',(0.0208294710309025,-0.00147208507990661,0.0305));
#7848=CARTESIAN_POINT('',(0.0208366003753136,-0.00233352530874591,0.0305));
#7849=CARTESIAN_POINT('',(0.0207706692132799,-0.00343085512873311,0.0305));
#7850=CARTESIAN_POINT('',(0.0206434852300139,-0.00434568805819598,0.0305));
#7851=CARTESIAN_POINT('',(0.020466026941396,-0.00525254549628335,0.0305));
#7852=CARTESIAN_POINT('',(0.0201584167902256,-0.00636692126945517,0.0305));
#7853=CARTESIAN_POINT('',(0.0196669124690216,-0.00766030786247253,0.0305));
#7854=CARTESIAN_POINT('',(0.0191234857613291,-0.00877664074113883,0.0305));
#7855=CARTESIAN_POINT('',(0.0187323247638491,-0.00944535258795141,0.0305));
#7856=CARTESIAN_POINT('',(0.018561881886053,-0.00971717761712532,0.0305));
#7857=CARTESIAN_POINT('',(0.0208278961689929,-0.00200085971204032,0.0305));
#7858=CARTESIAN_POINT('',(0.0218278509927228,-0.002010365,0.0305));
#7859=CARTESIAN_POINT('',(0.0218278509927228,-0.001010365,0.0305));
#7860=CARTESIAN_POINT('',(0.0236532411557385,-0.001010365,0.0305));
#7861=CARTESIAN_POINT('',(0.0254295314980837,-0.001010365,0.0305));
#7862=CARTESIAN_POINT('',(0.0254295314980837,-0.002010365,0.0305));
#7863=CARTESIAN_POINT('',(0.0264264529624726,-0.00208877159309543,0.0305));
#7864=CARTESIAN_POINT('',(7.63278329429795E-17,-1.03650000000228E-5,0.0305));
#7865=CARTESIAN_POINT('',(0.0236166453230168,-0.0120491047110673,0.0305));
#7866=CARTESIAN_POINT('',(0.0227257221002594,-0.0115949507601305,0.0305));
#7867=CARTESIAN_POINT('',(-0.00752016987024577,-0.0105953017039532,0.0305));
#7868=CARTESIAN_POINT('',(-0.00749945541497639,-0.010773428198666,0.0305));
#7869=CARTESIAN_POINT('',(-0.00751499941222833,-0.0106397631947686,0.0305));
#7870=CARTESIAN_POINT('',(-0.00819476965314689,-0.0108542867801363,0.0305));
#7871=CARTESIAN_POINT('',(-0.00786788906650799,-0.0114732771533075,0.0305));
#7872=CARTESIAN_POINT('',(-0.006,-0.015010365,0.0305));
#7873=CARTESIAN_POINT('',(-0.00876176914015279,-0.0179039149332999,0.0305));
#7874=CARTESIAN_POINT('',(-0.00945221142519099,-0.0186273024166249,0.0305));
#7875=CARTESIAN_POINT('',(-0.00851303893135166,-0.018970748230132,0.0305));
#7876=CARTESIAN_POINT('',(-0.00937613427071336,-0.0213309324874733,0.0305));
#7877=CARTESIAN_POINT('',(-0.0101121396396657,-0.0233435818506419,0.0305));
#7878=CARTESIAN_POINT('',(-0.011051312133505,-0.0230001360371347,0.0305));
#7879=CARTESIAN_POINT('',(-0.0114845600003162,-0.0239014108486676,0.0305));
#7880=CARTESIAN_POINT('',(-2.60208521396521E-17,-1.03650000000156E-5,0.0305));
#7881=CARTESIAN_POINT('',(-0.0238383536902825,-0.0116039012802294,0.0305));
#7882=CARTESIAN_POINT('',(-0.0229390666575776,-0.0111665423511917,0.0305));
#7883=CARTESIAN_POINT('',(-0.0232371136325478,-0.0102119911473733,0.0305));
#7884=CARTESIAN_POINT('',(-0.0212972197632627,-0.00960628293896013,0.0305));
#7885=CARTESIAN_POINT('',(-0.0188476253035936,-0.00884142693575429,0.0305));
#7886=CARTESIAN_POINT('',(-0.0185495783286235,-0.00979597813957268,0.0305));
#7887=CARTESIAN_POINT('',(-0.0178874395828899,-0.00904659687386188,0.0305));
#7888=CARTESIAN_POINT('',(-0.00759965662962244,-0.00991178395554119,0.0305));
#7889=CARTESIAN_POINT('',(-0.00853869020916846,-0.0100653474153263,0.0305));
#7890=CARTESIAN_POINT('',(-0.0106765536211352,-0.0104223477074273,0.0305));
#7891=CARTESIAN_POINT('',(-0.0130322503266825,-0.0104100330194178,0.0305));
#7892=CARTESIAN_POINT('',(-0.0161470817798503,-0.0103308463021936,0.0305));
#7893=CARTESIAN_POINT('',(-0.0177636200295023,-0.00924079269346916,0.0305));
#7894=CARTESIAN_POINT('',(-0.0182721111670768,-0.00866172967000611,0.0305));
#7895=CARTESIAN_POINT('',(-0.0083217770970299,-0.0100295531110072,0.0305));
#7896=CARTESIAN_POINT('',(-0.00821031365039883,-0.0107206217762389,0.0305));
#7897=CARTESIAN_POINT('',(0.000682826579259183,-0.0140103650008923,0.0305));
#7898=CARTESIAN_POINT('',(0.000510761848182453,-0.0139167910512702,0.0305));
#7899=CARTESIAN_POINT('',(0.000146568720661405,-0.0137058044479529,0.0305));
#7900=CARTESIAN_POINT('',(-0.000409585712571358,-0.0133322556815536,0.0305));
#7901=CARTESIAN_POINT('',(-0.000976089198142177,-0.0128828844288678,0.0305));
#7902=CARTESIAN_POINT('',(-0.00150783975534705,-0.0123923215949969,0.0305));
#7903=CARTESIAN_POINT('',(-0.00201061903943912,-0.011863148405606,0.0305));
#7904=CARTESIAN_POINT('',(-0.00263937651040279,-0.0111128558489257,0.0305));
#7905=CARTESIAN_POINT('',(-0.00320247454724069,-0.0103038104384897,0.0305));
#7906=CARTESIAN_POINT('',(-0.00361756578963829,-0.00957330341631807,0.0305));
#7907=CARTESIAN_POINT('',(-0.00377452492524776,-0.00926401873626287,0.0305));
#7908=CARTESIAN_POINT('',(-0.00381935251032474,-0.00917270174103933,0.0305));
#7909=CARTESIAN_POINT('',(-0.000882883009277133,-0.0129499421560486,0.0305));
#7910=CARTESIAN_POINT('',(-0.00359126056999514,-0.00961260523657828,0.0305));
#7911=CARTESIAN_POINT('',(-0.00126760473308247,-0.013410365,0.0305));
#7912=CARTESIAN_POINT('',(-0.00126760473308247,-0.014010365,0.0305));
#7913=CARTESIAN_POINT('',(-0.00072209503726938,-0.014010365,0.0305));
#7914=CARTESIAN_POINT('',(-0.00168722826943042,-0.014010365,0.0305));
#7915=CARTESIAN_POINT('',(-0.00168722826943042,-0.013410365,0.0305));
#7916=CARTESIAN_POINT('',(-0.00224976371254819,-0.0136190606521739,0.0305));
#7917=CARTESIAN_POINT('',(-0.006,-0.015010365,0.0305));
#7918=CARTESIAN_POINT('',(-0.00505120723387084,-0.0111245198812464,0.0305));
#7919=CARTESIAN_POINT('',(-0.00490888831895147,-0.0105416431134334,0.0305));
#7920=CARTESIAN_POINT('',(-0.00550487195166904,-0.0106109504689793,0.0305));
#7921=CARTESIAN_POINT('',(-0.00553793512629924,-0.0103266356113416,0.0305));
#7922=CARTESIAN_POINT('',(-0.00555629404683857,-0.0101687646888455,0.0305));
#7923=CARTESIAN_POINT('',(-0.00496031041412101,-0.0100994573332996,0.0305));
#7924=CARTESIAN_POINT('',(-0.00507377974306,-0.00951028442880537,0.0305));
#7925=CARTESIAN_POINT('',(-0.00381935251327395,-0.00917270173516639,0.0305));
#7926=CARTESIAN_POINT('',(-0.00394451637671204,-0.00921785675280285,0.0305));
#7927=CARTESIAN_POINT('',(-0.00452652144667655,-0.00941249742877901,0.0305));
#7928=CARTESIAN_POINT('',(-0.00511939875488191,-0.00952558182359374,0.0305));
#7929=CARTESIAN_POINT('',(-0.00562179925078825,-0.00960547628880444,0.0305));
#7930=CARTESIAN_POINT('',(-0.00428411367059777,-0.00932406558043906,0.0305));
#7931=CARTESIAN_POINT('',(-0.00411766983260165,-0.00990051718187071,0.0305));
#7932=CARTESIAN_POINT('',(0.00648872445109063,0.00409432272961633,0.0305));
#7933=CARTESIAN_POINT('',(-0.00199314299970866,0.00833316457643032,0.0305));
#7934=CARTESIAN_POINT('',(-0.00236478150618833,0.00749032672034554,0.0305));
#7935=CARTESIAN_POINT('',(0.0187926672197654,0.00289612657034126,0.0305));
#7936=CARTESIAN_POINT('',(0.0187723852923457,0.00318664633250893,0.0305));
#7937=CARTESIAN_POINT('',(0.0186072394705227,0.00478959415520541,0.0305));
#7938=CARTESIAN_POINT('',(0.0176114735765631,0.00774906743904478,0.0305));
#7939=CARTESIAN_POINT('',(0.0152470551475495,0.0109974300702679,0.0305));
#7940=CARTESIAN_POINT('',(0.0120658518145614,0.0136739610403074,0.0305));
#7941=CARTESIAN_POINT('',(0.00877819358765621,0.0136666548887253,0.0305));
#7942=CARTESIAN_POINT('',(0.0065760411473397,0.0141643669313551,0.0305));
#7943=CARTESIAN_POINT('',(0.00341996640792859,0.0130463907957718,0.0305));
#7944=CARTESIAN_POINT('',(0.000430396228976889,0.0118231013798968,0.0305));
#7945=CARTESIAN_POINT('',(-0.00137193172446713,0.00957396314748077,0.0305));
#7946=CARTESIAN_POINT('',(-0.00199314299970865,0.00833316457643033,0.0305));
#7947=CARTESIAN_POINT('',(0.00197002806825081,0.0124042635338686,0.0305));
#7948=CARTESIAN_POINT('',(0.00241208071073384,0.0115072744250865,0.0305));
#7949=CARTESIAN_POINT('',(0.00312966456858709,0.0122037465400692,0.0305));
#7950=CARTESIAN_POINT('',(0.006,0.014989635,0.0305));
#7951=CARTESIAN_POINT('',(0.00617944819317976,0.0109936622340812,0.0305));
#7952=CARTESIAN_POINT('',(0.0062243102414747,0.00999466904260153,0.0305));
#7953=CARTESIAN_POINT('',(0.00712195780589696,0.0104353830656219,0.0305));
#7954=CARTESIAN_POINT('',(0.0062677066583222,0.0121753242110617,0.0305));
#7955=CARTESIAN_POINT('',(0.00713468562879321,0.0104094590000682,0.0305));
#7956=CARTESIAN_POINT('',(0.00623703806437094,0.00996874497704783,0.0305));
#7957=CARTESIAN_POINT('',(0.00703078698710079,0.00936049942822301,0.0305));
#7958=CARTESIAN_POINT('',(0.00980890821665525,0.00723164000733614,0.0305));
#7959=CARTESIAN_POINT('',(0.00631901394009083,0.00696586202028146,0.0305));
#7960=CARTESIAN_POINT('',(0.00532190128964385,0.00688992545255155,0.0305));
#7961=CARTESIAN_POINT('',(0.00583308693223802,0.00603045512798788,0.0305));
#7962=CARTESIAN_POINT('',(0.00320963257748003,0.00447010782823174,0.0305));
#7963=CARTESIAN_POINT('',(-0.00152722714691186,0.00165277416017167,0.0305));
#7964=CARTESIAN_POINT('',(-0.00203841278950603,0.00251224448473533,0.0305));
#7965=CARTESIAN_POINT('',(-0.00283011406965847,0.00190133607670266,0.0305));
#7966=CARTESIAN_POINT('',(-0.00455107493397129,0.00728950913463926,0.0305));
#7967=CARTESIAN_POINT('',(-0.00457472420419952,0.00729780872743365,0.0305));
#7968=CARTESIAN_POINT('',(-0.00472351401112884,0.00734899978247595,0.0305));
#7969=CARTESIAN_POINT('',(-0.00498090252098135,0.00742522229738375,0.0305));
#7970=CARTESIAN_POINT('',(-0.00538673892315739,0.00751639657542749,0.0305));
#7971=CARTESIAN_POINT('',(-0.00585352535088775,0.00759842468247349,0.0305));
#7972=CARTESIAN_POINT('',(-0.00630336129512929,0.00766611465042471,0.0305));
#7973=CARTESIAN_POINT('',(-0.00670053649451654,0.00772463237601512,0.0305));
#7974=CARTESIAN_POINT('',(-0.00701931010342129,0.00777248788501542,0.0305));
#7975=CARTESIAN_POINT('',(-0.00735089838545595,0.00782453143537295,0.0305));
#7976=CARTESIAN_POINT('',(-0.00802160758059088,0.00793274024350441,0.0305));
#7977=CARTESIAN_POINT('',(-0.00882749181386406,0.00806708431332543,0.0305));
#7978=CARTESIAN_POINT('',(-0.00970848226152157,0.00820010926962514,0.0305));
#7979=CARTESIAN_POINT('',(-0.0105374475221631,0.00830990316460368,0.0305));
#7980=CARTESIAN_POINT('',(-0.0112222423636415,0.00836549989576744,0.0305));
#7981=CARTESIAN_POINT('',(-0.0118844827815842,0.00838582015662958,0.0305));
#7982=CARTESIAN_POINT('',(-0.0123934075975329,0.00838819633438412,0.0305));
#7983=CARTESIAN_POINT('',(-0.012846097910221,0.00838259812930804,0.0305));
#7984=CARTESIAN_POINT('',(-0.0132343989111565,0.00837624196981061,0.0305));
#7985=CARTESIAN_POINT('',(-0.0136146537764688,0.00836808231778411,0.0305));
#7986=CARTESIAN_POINT('',(-0.0140790436504894,0.00835012396100912,0.0305));
#7987=CARTESIAN_POINT('',(-0.0146040377017803,0.00830647342556044,0.0305));
#7988=CARTESIAN_POINT('',(-0.0150807687775914,0.00823449575370622,0.0305));
#7989=CARTESIAN_POINT('',(-0.0154252008278294,0.00814903800661058,0.0305));
#7990=CARTESIAN_POINT('',(-0.015659449274778,0.00806886175174708,0.0305));
#7991=CARTESIAN_POINT('',(-0.0158909242757377,0.00797302501764228,0.0305));
#7992=CARTESIAN_POINT('',(-0.0161673964200531,0.00782689572808755,0.0305));
#7993=CARTESIAN_POINT('',(-0.0164628802671673,0.00762069464317549,0.0305));
#7994=CARTESIAN_POINT('',(-0.0167070608630927,0.00739915507021896,0.0305));
#7995=CARTESIAN_POINT('',(-0.0168860516769523,0.00718510030004471,0.0305));
#7996=CARTESIAN_POINT('',(-0.016999409277142,0.00699701423445487,0.0305));
#7997=CARTESIAN_POINT('',(-0.017061745135599,0.0068388780404478,0.0305));
#7998=CARTESIAN_POINT('',(-0.0170790491072586,0.00674686986636051,0.0305));
#7999=CARTESIAN_POINT('',(-0.0170815422343924,0.00669779364032661,0.0305));
#8000=CARTESIAN_POINT('',(-0.0170802985329685,0.00667451173338024,0.0305));
#8001=CARTESIAN_POINT('',(-0.0170773114382303,0.00665276999276031,0.0305));
#8002=CARTESIAN_POINT('',(-0.0170602665065022,0.00658098637079864,0.0305));
#8003=CARTESIAN_POINT('',(-0.0170007990900995,0.0064203704079122,0.0305));
#8004=CARTESIAN_POINT('',(-0.0168720584458408,0.00617273925455889,0.0305));
#8005=CARTESIAN_POINT('',(-0.0167310588476354,0.00593321048633778,0.0305));
#8006=CARTESIAN_POINT('',(-0.0166288863097566,0.00576711066825741,0.0305));
#8007=CARTESIAN_POINT('',(-0.0165402657616462,0.0056250688494678,0.0305));
#8008=CARTESIAN_POINT('',(-0.0164553264164104,0.00549031325572494,0.0305));
#8009=CARTESIAN_POINT('',(-0.0163528801852799,0.00533186127124973,0.0305));
#8010=CARTESIAN_POINT('',(-0.016235514026511,0.00515990316582216,0.0305));
#8011=CARTESIAN_POINT('',(-0.0160850196462538,0.00495505058497442,0.0305));
#8012=CARTESIAN_POINT('',(-0.015907457341336,0.00474584393887226,0.0305));
#8013=CARTESIAN_POINT('',(-0.0157376194830125,0.00459037547948857,0.0305));
#8014=CARTESIAN_POINT('',(-0.0156179826132024,0.00450269143708862,0.0305));
#8015=CARTESIAN_POINT('',(-0.0155416849584796,0.00445360756697805,0.0305));
#8016=CARTESIAN_POINT('',(-0.0154503949572661,0.00439951127611032,0.0305));
#8017=CARTESIAN_POINT('',(-0.0153141623575175,0.00432755935590093,0.0305));
#8018=CARTESIAN_POINT('',(-0.0150537690125618,0.00420788870361984,0.0305));
#8019=CARTESIAN_POINT('',(-0.0146636173215825,0.00405815227149077,0.0305));
#8020=CARTESIAN_POINT('',(-0.0141320779561154,0.00388679460097213,0.0305));
#8021=CARTESIAN_POINT('',(-0.0135732396025518,0.00372282711387779,0.0305));
#8022=CARTESIAN_POINT('',(-0.0129982227968825,0.0035482783968413,0.0305));
#8023=CARTESIAN_POINT('',(-0.0125194429869152,0.00339197650486843,0.0305));
#8024=CARTESIAN_POINT('',(-0.0121070736835766,0.00325976496444102,0.0305));
#8025=CARTESIAN_POINT('',(-0.0117384722306165,0.00315183885995734,0.0305));
#8026=CARTESIAN_POINT('',(-0.0113692000682422,0.00306113239005295,0.0305));
#8027=CARTESIAN_POINT('',(-0.0109593363711342,0.0029828549601866,0.0305));
#8028=CARTESIAN_POINT('',(-0.0104898938824284,0.00291943298555508,0.0305));
#8029=CARTESIAN_POINT('',(-0.00994098600811676,0.00287440674357826,0.0305));
#8030=CARTESIAN_POINT('',(-0.00940260130971183,0.0028564685785461,0.0305));
#8031=CARTESIAN_POINT('',(-0.00891875263066637,0.00285644637495068,0.0305));
#8032=CARTESIAN_POINT('',(-0.00838858292801623,0.00286720093476083,0.0305));
#8033=CARTESIAN_POINT('',(-0.00778866076627262,0.00289062490743167,0.0305));
#8034=CARTESIAN_POINT('',(-0.00716666331607009,0.00291543394025328,0.0305));
#8035=CARTESIAN_POINT('',(-0.00669619319961719,0.00293170357341853,0.0305));
#8036=CARTESIAN_POINT('',(-0.00622900964555203,0.00294245659126801,0.0305));
#8037=CARTESIAN_POINT('',(-0.00576978591303214,0.00294411170842886,0.0305));
#8038=CARTESIAN_POINT('',(-0.00531977847798119,0.00293230308379217,0.0305));
#8039=CARTESIAN_POINT('',(-0.00487299847660896,0.00289983335764293,0.0305));
#8040=CARTESIAN_POINT('',(-0.00448679496739644,0.00284464328814861,0.0305));
#8041=CARTESIAN_POINT('',(-0.00414068801943631,0.00276117065725306,0.0305));
#8042=CARTESIAN_POINT('',(-0.00384843211853565,0.00266407604518311,0.0305));
#8043=CARTESIAN_POINT('',(-0.00350617693689102,0.00250394879053322,0.0305));
#8044=CARTESIAN_POINT('',(-0.00316750651153472,0.00227170288727817,0.0305));
#8045=CARTESIAN_POINT('',(-0.00288201501156998,0.00197766172923733,0.0305));
#8046=CARTESIAN_POINT('',(-0.00263063164201659,0.00163149641222014,0.0305));
#8047=CARTESIAN_POINT('',(-0.00241625155029102,0.00112984142583004,0.0305));
#8048=CARTESIAN_POINT('',(-0.00234780158216438,0.000567964472216786,0.0305));
#8049=CARTESIAN_POINT('',(-0.0023819441353646,0.000210684630509511,0.0305));
#8050=CARTESIAN_POINT('',(-0.00241633756137019,3.81703145261454E-5,0.0305));
#8051=CARTESIAN_POINT('',(-0.00242746217648959,-1.03817724144125E-5,0.0305));
#8052=CARTESIAN_POINT('',(-0.0118265460442361,0.00317893303497075,0.0305));
#8053=CARTESIAN_POINT('',(-0.0132880381091034,0.00349350394926711,0.0305));
#8054=CARTESIAN_POINT('',(-0.0147495301529518,0.00380807485767721,0.0305));
#8055=CARTESIAN_POINT('',(-0.0141285081891199,0.00669333422187791,0.0305));
#8056=CARTESIAN_POINT('',(-0.0170797706824399,0.00667236820670462,0.0305));
#8057=CARTESIAN_POINT('',(-0.00455107493397129,0.00728950913463926,0.0305));
#8058=CARTESIAN_POINT('',(-0.00457472420419952,0.00729780872743365,0.0305));
#8059=CARTESIAN_POINT('',(-0.00472351401112884,0.00734899978247595,0.0305));
#8060=CARTESIAN_POINT('',(-0.00498090252098135,0.00742522229738375,0.0305));
#8061=CARTESIAN_POINT('',(-0.00538673892315739,0.00751639657542749,0.0305));
#8062=CARTESIAN_POINT('',(-0.00585352535088775,0.00759842468247349,0.0305));
#8063=CARTESIAN_POINT('',(-0.00630336129512929,0.00766611465042471,0.0305));
#8064=CARTESIAN_POINT('',(-0.00670053649451654,0.00772463237601512,0.0305));
#8065=CARTESIAN_POINT('',(-0.00701931010342129,0.00777248788501542,0.0305));
#8066=CARTESIAN_POINT('',(-0.00735089838545595,0.00782453143537295,0.0305));
#8067=CARTESIAN_POINT('',(-0.00802160758059088,0.00793274024350441,0.0305));
#8068=CARTESIAN_POINT('',(-0.00882749181386406,0.00806708431332543,0.0305));
#8069=CARTESIAN_POINT('',(-0.00970848226152157,0.00820010926962514,0.0305));
#8070=CARTESIAN_POINT('',(-0.0105374475221631,0.00830990316460368,0.0305));
#8071=CARTESIAN_POINT('',(-0.0112222423636415,0.00836549989576744,0.0305));
#8072=CARTESIAN_POINT('',(-0.0118844827815842,0.00838582015662958,0.0305));
#8073=CARTESIAN_POINT('',(-0.0123934075975329,0.00838819633438412,0.0305));
#8074=CARTESIAN_POINT('',(-0.012846097910221,0.00838259812930804,0.0305));
#8075=CARTESIAN_POINT('',(-0.0132343989111565,0.00837624196981061,0.0305));
#8076=CARTESIAN_POINT('',(-0.0136146537764688,0.00836808231778411,0.0305));
#8077=CARTESIAN_POINT('',(-0.0140790436504894,0.00835012396100912,0.0305));
#8078=CARTESIAN_POINT('',(-0.0146040377017803,0.00830647342556044,0.0305));
#8079=CARTESIAN_POINT('',(-0.0150807687775914,0.00823449575370622,0.0305));
#8080=CARTESIAN_POINT('',(-0.0154252008278294,0.00814903800661058,0.0305));
#8081=CARTESIAN_POINT('',(-0.015659449274778,0.00806886175174708,0.0305));
#8082=CARTESIAN_POINT('',(-0.0158909242757377,0.00797302501764228,0.0305));
#8083=CARTESIAN_POINT('',(-0.0161673964200531,0.00782689572808755,0.0305));
#8084=CARTESIAN_POINT('',(-0.0164628802671673,0.00762069464317549,0.0305));
#8085=CARTESIAN_POINT('',(-0.0167070608630927,0.00739915507021896,0.0305));
#8086=CARTESIAN_POINT('',(-0.0168860516769523,0.00718510030004471,0.0305));
#8087=CARTESIAN_POINT('',(-0.016999409277142,0.00699701423445487,0.0305));
#8088=CARTESIAN_POINT('',(-0.017061745135599,0.0068388780404478,0.0305));
#8089=CARTESIAN_POINT('',(-0.0170790491072586,0.00674686986636051,0.0305));
#8090=CARTESIAN_POINT('',(-0.0170815422343924,0.00669779364032661,0.0305));
#8091=CARTESIAN_POINT('',(-0.0170802985329685,0.00667451173338024,0.0305));
#8092=CARTESIAN_POINT('',(-0.0170773114382303,0.00665276999276031,0.0305));
#8093=CARTESIAN_POINT('',(-0.0170602665065022,0.00658098637079864,0.0305));
#8094=CARTESIAN_POINT('',(-0.0170007990900995,0.0064203704079122,0.0305));
#8095=CARTESIAN_POINT('',(-0.0168720584458408,0.00617273925455889,0.0305));
#8096=CARTESIAN_POINT('',(-0.0167310588476354,0.00593321048633778,0.0305));
#8097=CARTESIAN_POINT('',(-0.0166288863097566,0.00576711066825741,0.0305));
#8098=CARTESIAN_POINT('',(-0.0165402657616462,0.0056250688494678,0.0305));
#8099=CARTESIAN_POINT('',(-0.0164553264164104,0.00549031325572494,0.0305));
#8100=CARTESIAN_POINT('',(-0.0163528801852799,0.00533186127124973,0.0305));
#8101=CARTESIAN_POINT('',(-0.016235514026511,0.00515990316582216,0.0305));
#8102=CARTESIAN_POINT('',(-0.0160850196462538,0.00495505058497442,0.0305));
#8103=CARTESIAN_POINT('',(-0.015907457341336,0.00474584393887226,0.0305));
#8104=CARTESIAN_POINT('',(-0.0157376194830125,0.00459037547948857,0.0305));
#8105=CARTESIAN_POINT('',(-0.0156179826132024,0.00450269143708862,0.0305));
#8106=CARTESIAN_POINT('',(-0.0155416849584796,0.00445360756697805,0.0305));
#8107=CARTESIAN_POINT('',(-0.0154503949572661,0.00439951127611032,0.0305));
#8108=CARTESIAN_POINT('',(-0.0153141623575175,0.00432755935590093,0.0305));
#8109=CARTESIAN_POINT('',(-0.0150537690125618,0.00420788870361984,0.0305));
#8110=CARTESIAN_POINT('',(-0.0146636173215825,0.00405815227149077,0.0305));
#8111=CARTESIAN_POINT('',(-0.0141320779561154,0.00388679460097213,0.0305));
#8112=CARTESIAN_POINT('',(-0.0135732396025518,0.00372282711387779,0.0305));
#8113=CARTESIAN_POINT('',(-0.0129982227968825,0.0035482783968413,0.0305));
#8114=CARTESIAN_POINT('',(-0.0125194429869152,0.00339197650486843,0.0305));
#8115=CARTESIAN_POINT('',(-0.0121070736835766,0.00325976496444102,0.0305));
#8116=CARTESIAN_POINT('',(-0.0117384722306165,0.00315183885995734,0.0305));
#8117=CARTESIAN_POINT('',(-0.0113692000682422,0.00306113239005295,0.0305));
#8118=CARTESIAN_POINT('',(-0.0109593363711342,0.0029828549601866,0.0305));
#8119=CARTESIAN_POINT('',(-0.0104898938824284,0.00291943298555508,0.0305));
#8120=CARTESIAN_POINT('',(-0.00994098600811676,0.00287440674357826,0.0305));
#8121=CARTESIAN_POINT('',(-0.00940260130971183,0.0028564685785461,0.0305));
#8122=CARTESIAN_POINT('',(-0.00891875263066637,0.00285644637495068,0.0305));
#8123=CARTESIAN_POINT('',(-0.00838858292801623,0.00286720093476083,0.0305));
#8124=CARTESIAN_POINT('',(-0.00778866076627262,0.00289062490743167,0.0305));
#8125=CARTESIAN_POINT('',(-0.00716666331607009,0.00291543394025328,0.0305));
#8126=CARTESIAN_POINT('',(-0.00669619319961719,0.00293170357341853,0.0305));
#8127=CARTESIAN_POINT('',(-0.00622900964555203,0.00294245659126801,0.0305));
#8128=CARTESIAN_POINT('',(-0.00576978591303214,0.00294411170842886,0.0305));
#8129=CARTESIAN_POINT('',(-0.00531977847798119,0.00293230308379217,0.0305));
#8130=CARTESIAN_POINT('',(-0.00487299847660896,0.00289983335764293,0.0305));
#8131=CARTESIAN_POINT('',(-0.00448679496739644,0.00284464328814861,0.0305));
#8132=CARTESIAN_POINT('',(-0.00414068801943631,0.00276117065725306,0.0305));
#8133=CARTESIAN_POINT('',(-0.00384843211853565,0.00266407604518311,0.0305));
#8134=CARTESIAN_POINT('',(-0.00350617693689102,0.00250394879053322,0.0305));
#8135=CARTESIAN_POINT('',(-0.00316750651153472,0.00227170288727817,0.0305));
#8136=CARTESIAN_POINT('',(-0.00288201501156998,0.00197766172923733,0.0305));
#8137=CARTESIAN_POINT('',(-0.00263063164201659,0.00163149641222014,0.0305));
#8138=CARTESIAN_POINT('',(-0.00241625155029102,0.00112984142583004,0.0305));
#8139=CARTESIAN_POINT('',(-0.00234780158216438,0.000567964472216786,0.0305));
#8140=CARTESIAN_POINT('',(-0.0023819441353646,0.000210684630509511,0.0305));
#8141=CARTESIAN_POINT('',(-0.00241633756137019,3.81703145261454E-5,0.0305));
#8142=CARTESIAN_POINT('',(-0.00242746217648959,-1.03817724144125E-5,0.0305));
#8143=CARTESIAN_POINT('',(-0.00455107493397129,0.00728950913463926,0.0305));
#8144=CARTESIAN_POINT('',(-0.00287736468190955,0.00653924372624607,0.0305));
#8145=CARTESIAN_POINT('',(-0.00320681108232942,0.00670162750719402,0.0305));
#8146=CARTESIAN_POINT('',(-0.00367297026142928,0.00693068763387254,0.0305));
#8147=CARTESIAN_POINT('',(-0.00420968938129062,0.00716288469419996,0.0305));
#8148=CARTESIAN_POINT('',(-0.00444820849954813,0.00725340867531502,0.0305));
#8149=CARTESIAN_POINT('',(-0.00455107493397129,0.00728950913463926,0.0305));
#8150=CARTESIAN_POINT('',(-0.00371643119718283,0.00694413824421347,0.0305));
#8151=CARTESIAN_POINT('',(-0.00329740728732698,0.00785211344374765,0.0305));
#8152=CARTESIAN_POINT('',(0.00980890821665525,0.00723164000733614,0.0305));
#8153=CARTESIAN_POINT('',(0.0113089082166552,0.00723164000733614,0.0305));
#8154=CARTESIAN_POINT('',(0.0174502033756785,0.0112540140942672,0.0305));
#8155=CARTESIAN_POINT('',(0.0174321884508652,0.0112761501327512,0.0305));
#8156=CARTESIAN_POINT('',(0.0174141735260521,0.0112982861712353,0.0305));
#8157=CARTESIAN_POINT('',(0.0173961586012389,0.0113204222097194,0.0305));
#8158=CARTESIAN_POINT('',(0.0173087138615274,0.0114278709025982,0.0305));
#8159=CARTESIAN_POINT('',(0.0170758113540509,0.0117070769042312,0.0305));
#8160=CARTESIAN_POINT('',(0.016684423959328,0.0121477672957002,0.0305));
#8161=CARTESIAN_POINT('',(0.0162151921872564,0.0126399424430167,0.0305));
#8162=CARTESIAN_POINT('',(0.0155446464173367,0.0132896127274934,0.0305));
#8163=CARTESIAN_POINT('',(0.0148084911298128,0.0139082414742264,0.0305));
#8164=CARTESIAN_POINT('',(0.0139933752918706,0.0144623683553844,0.0305));
#8165=CARTESIAN_POINT('',(0.0134468977678504,0.0147725910627455,0.0305));
#8166=CARTESIAN_POINT('',(0.0129853997731037,0.0149921732995555,0.0305));
#8167=CARTESIAN_POINT('',(0.0126256881374659,0.0151409454602165,0.0305));
#8168=CARTESIAN_POINT('',(0.0122557714159801,0.0152695432130208,0.0305));
#8169=CARTESIAN_POINT('',(0.0117764984581379,0.0154076737542996,0.0305));
#8170=CARTESIAN_POINT('',(0.0111992150385133,0.0155300314985542,0.0305));
#8171=CARTESIAN_POINT('',(0.0105559227273775,0.0156197173945208,0.0305));
#8172=CARTESIAN_POINT('',(0.0101509405697058,0.0156574652137943,0.0305));
#8173=CARTESIAN_POINT('',(0.00995420177704306,0.0156737495901376,0.0305));
#8174=CARTESIAN_POINT('',(0.00994087416417566,0.0156748435924398,0.0305));
#8175=CARTESIAN_POINT('',(0.0168020776890648,0.0120127807051847,0.0305));
#8176=CARTESIAN_POINT('',(0.0106130934189051,0.0156081962976603,0.0305));
#8177=CARTESIAN_POINT('',(0.0107332504824541,0.0166009511919215,0.0305));
#8178=CARTESIAN_POINT('',(0.00978660038596328,0.0162786879535371,0.0305));
#8179=CARTESIAN_POINT('',(0.006,0.014989635,0.0305));
#8180=CARTESIAN_POINT('',(0.00951752620625936,0.0168941058945738,0.0305));
#8181=CARTESIAN_POINT('',(0.0103969077578242,0.0173702236182172,0.0305));
#8182=CARTESIAN_POINT('',(0.00960878603553702,0.0179857430337186,0.0305));
#8183=CARTESIAN_POINT('',(0.0112917175650197,0.0201405977175906,0.0305));
#8184=CARTESIAN_POINT('',(0.0128632432420224,0.0221528064180573,0.0305));
#8185=CARTESIAN_POINT('',(0.0136513649643096,0.0215372870025559,0.0305));
#8186=CARTESIAN_POINT('',(0.0141865434732865,0.0223820259939191,0.0305));
#8187=CARTESIAN_POINT('',(1.47451495458029E-17,-1.0364999999979E-5,0.0305));
#8188=CARTESIAN_POINT('',(0.0214332778493631,0.0155874486537145,0.0305));
#8189=CARTESIAN_POINT('',(0.02062472080349,0.014999030856933,0.0305));
#8190=CARTESIAN_POINT('',(0.0212256741968783,0.014199746790424,0.0305));
#8191=CARTESIAN_POINT('',(0.0197005273754295,0.0130530428885583,0.0305));
#8192=CARTESIAN_POINT('',(0.0181452334629394,0.0118836724562046,0.0305));
#8193=CARTESIAN_POINT('',(0.0175442800695511,0.0126829565227136,0.0305));
#8194=CARTESIAN_POINT('',(-0.00750405717746218,0.0220142340352818,0.0305));
#8195=CARTESIAN_POINT('',(-0.00663469394367299,0.0196369098571463,0.0305));
#8196=CARTESIAN_POINT('',(-0.00825991136521379,0.024081161144512,0.0305));
#8197=CARTESIAN_POINT('',(-0.00732073887137446,0.0244246069580191,0.0305));
#8198=CARTESIAN_POINT('',(-0.00760773596829733,0.0253825384098245,0.0305));
#8199=CARTESIAN_POINT('',(3.46944695195361E-18,-1.03649999999703E-5,0.0305));
#8200=CARTESIAN_POINT('',(0.0104499636468932,0.0243509865619025,0.0305));
#8201=CARTESIAN_POINT('',(0.0100557452825723,0.0234319697605152,0.0305));
#8202=CARTESIAN_POINT('',(0.0108438670048594,0.0228164503450138,0.0305));
#8203=CARTESIAN_POINT('',(0.0096092660737088,0.0212356459257036,0.0305));
#8204=CARTESIAN_POINT('',(0.00803254259096268,0.0192167818647213,0.0305));
#8205=CARTESIAN_POINT('',(0.00724442086867551,0.0198323012802226,0.0305));
#8206=CARTESIAN_POINT('',(0.00699553669494041,0.0188637680241781,0.0305));
#8207=CARTESIAN_POINT('',(0.006,0.014989635,0.0305));
#8208=CARTESIAN_POINT('',(0.00233393944403534,0.016589635,0.0305));
#8209=CARTESIAN_POINT('',(0.00141742430504417,0.016989635,0.0305));
#8210=CARTESIAN_POINT('',(0.00141742430504417,0.015989635,0.0305));
#8211=CARTESIAN_POINT('',(1.43114686768087E-17,0.015989635,0.0305));
#8212=CARTESIAN_POINT('',(-0.00141742430504414,0.015989635,0.0305));
#8213=CARTESIAN_POINT('',(-0.00141742430504414,0.016989635,0.0305));
#8214=CARTESIAN_POINT('',(-0.00233393944403531,0.016589635,0.0305));
#8215=CARTESIAN_POINT('',(-0.006,0.014989635,0.0305));
#8216=CARTESIAN_POINT('',(-0.00575641715986692,0.0189822115365229,0.0305));
#8217=CARTESIAN_POINT('',(-0.00569552144983366,0.0199803556706536,0.0305));
#8218=CARTESIAN_POINT('',(0.00980890821665525,0.00723164000733614,0.0305));
#8219=CARTESIAN_POINT('',(0.00982346829863673,0.0107316097220641,0.0305));
#8220=CARTESIAN_POINT('',(0.0129297865622272,0.00564730470439679,0.0305));
#8221=CARTESIAN_POINT('',(0.00982762832206001,0.0117316010691292,0.0305));
#8222=CARTESIAN_POINT('',(0.00892998075763774,0.0112908870461088,0.0305));
#8223=CARTESIAN_POINT('',(0.00806300178716674,0.0130567522571024,0.0305));
#8224=CARTESIAN_POINT('',(0.00891725293474149,0.0113168111116626,0.0305));
#8225=CARTESIAN_POINT('',(0.00981490049916376,0.0117575251346829,0.0305));
#8226=CARTESIAN_POINT('',(0.00905192039933101,0.0124039471077463,0.0305));
#8227=CARTESIAN_POINT('',(0.006,0.014989635,0.0305));
#8228=CARTESIAN_POINT('',(0.00951844685009197,0.0130868655018532,0.0305));
#8229=CARTESIAN_POINT('',(0.010398058562615,0.0126111731273165,0.0305));
#8230=CARTESIAN_POINT('',(0.0105340261248493,0.0136018864168307,0.0305));
#8231=CARTESIAN_POINT('',(0.0187926672197654,0.00289612657034126,0.0305));
#8232=CARTESIAN_POINT('',(0.0187723852923457,0.00318664633250893,0.0305));
#8233=CARTESIAN_POINT('',(0.0186072394705227,0.00478959415520541,0.0305));
#8234=CARTESIAN_POINT('',(0.0176114735765631,0.00774906743904478,0.0305));
#8235=CARTESIAN_POINT('',(0.0152470551475495,0.0109974300702679,0.0305));
#8236=CARTESIAN_POINT('',(0.0120658518145614,0.0136739610403074,0.0305));
#8237=CARTESIAN_POINT('',(0.00877819358765621,0.0136666548887253,0.0305));
#8238=CARTESIAN_POINT('',(0.0065760411473397,0.0141643669313551,0.0305));
#8239=CARTESIAN_POINT('',(0.00341996640792859,0.0130463907957718,0.0305));
#8240=CARTESIAN_POINT('',(0.000430396228976889,0.0118231013798968,0.0305));
#8241=CARTESIAN_POINT('',(-0.00137193172446713,0.00957396314748077,0.0305));
#8242=CARTESIAN_POINT('',(-0.00199314299970865,0.00833316457643033,0.0305));
#8243=CARTESIAN_POINT('',(0.018244423028351,0.00569474113216764,0.0305));
#8244=CARTESIAN_POINT('',(0.0172934353374825,0.00538551239511907,0.0305));
#8245=CARTESIAN_POINT('',(0.0169959101843377,0.0044307984153083,0.0305));
#8246=CARTESIAN_POINT('',(0.0161033347249031,0.00156665647587598,0.0305));
#8247=CARTESIAN_POINT('',(0.0146788016967633,0.00420686587131013,0.0305));
#8248=CARTESIAN_POINT('',(0.01420395735405,0.00508693566978819,0.0305));
#8249=CARTESIAN_POINT('',(0.0142657298669376,0.00408884541502585,0.0305));
#8250=CARTESIAN_POINT('',(0.0144510474056005,0.00109457465073884,0.0305));
#8251=CARTESIAN_POINT('',(0.0140544212573092,0.00406824035126598,0.0305));
#8252=CARTESIAN_POINT('',(0.0139222125412121,0.0050594622514417,0.0305));
#8253=CARTESIAN_POINT('',(0.0131204083204403,0.00446187544473289,0.0305));
#8254=CARTESIAN_POINT('',(0.0143116387235383,0.00286355775365778,0.0305));
#8255=CARTESIAN_POINT('',(0.0130196618687616,0.00459705066827674,0.0305));
#8256=CARTESIAN_POINT('',(0.0138214660895335,0.00519463747498554,0.0305));
#8257=CARTESIAN_POINT('',(-0.006,0.014989635,0.0305));
#8258=CARTESIAN_POINT('',(-0.004,0.014989635,0.0305));
#8259=CARTESIAN_POINT('',(0.006,0.014989635,0.0305));
#8260=CARTESIAN_POINT('',(0.008,0.014989635,0.0305));
#8261=CARTESIAN_POINT('',(0.0208297866215797,0.0113998536416085,0.0305));
#8262=CARTESIAN_POINT('',(0.0192762476089525,0.0102318026563349,0.0305));
#8263=CARTESIAN_POINT('',(0.0221247687068711,0.0123735048266395,0.0305));
#8264=CARTESIAN_POINT('',(0.0227257221002594,0.0115742207601305,0.0305));
#8265=CARTESIAN_POINT('',(0.0236166453230168,0.0120283747110673,0.0305));
#8266=CARTESIAN_POINT('',(7.63278329429795E-17,-1.03649999999736E-5,0.0305));
#8267=CARTESIAN_POINT('',(0.0264264529624726,0.00206804159309543,0.0305));
#8268=CARTESIAN_POINT('',(0.0254295314980837,0.001989635,0.0305));
#8269=CARTESIAN_POINT('',(0.0254295314980837,0.000989635,0.0305));
#8270=CARTESIAN_POINT('',(0.0236532411557385,0.000989635,0.0305));
#8271=CARTESIAN_POINT('',(0.0218278509927228,0.000989635,0.0305));
#8272=CARTESIAN_POINT('',(0.0218278509927228,0.001989635,0.0305));
#8273=CARTESIAN_POINT('',(0.0208278961689929,0.00198012971204033,0.0305));
#8274=CARTESIAN_POINT('',(0.0208172922494159,0.000989634999991667,0.0305));
#8275=CARTESIAN_POINT('',(0.0208181068302809,0.00101927309618222,0.0305));
#8276=CARTESIAN_POINT('',(0.0208294710309025,0.00145135507990661,0.0305));
#8277=CARTESIAN_POINT('',(0.0208366003753136,0.00231279530874591,0.0305));
#8278=CARTESIAN_POINT('',(0.0207706692132799,0.00341012512873312,0.0305));
#8279=CARTESIAN_POINT('',(0.0206434852300139,0.00432495805819598,0.0305));
#8280=CARTESIAN_POINT('',(0.020466026941396,0.00523181549628335,0.0305));
#8281=CARTESIAN_POINT('',(0.0201584167902256,0.00634619126945517,0.0305));
#8282=CARTESIAN_POINT('',(0.0196669124690216,0.00763957786247253,0.0305));
#8283=CARTESIAN_POINT('',(0.0191234857613291,0.00875591074113883,0.0305));
#8284=CARTESIAN_POINT('',(0.0187323247638491,0.00942462258795141,0.0305));
#8285=CARTESIAN_POINT('',(0.018561881886053,0.00969644761712532,0.0305));
#8286=CARTESIAN_POINT('',(0.0190014828296154,0.00894969597026609,0.0305));
#8287=CARTESIAN_POINT('',(0.0198772010023407,0.00943251858982585,0.0305));
#8288=CARTESIAN_POINT('',(-0.00752016987024577,0.0105745717039532,0.0305));
#8289=CARTESIAN_POINT('',(-0.00749945541497639,0.0107526981986661,0.0305));
#8290=CARTESIAN_POINT('',(-0.00751499941222833,0.0106190331947686,0.0305));
#8291=CARTESIAN_POINT('',(-0.00821031365039883,0.0106998917762389,0.0305));
#8292=CARTESIAN_POINT('',(-0.0083217770970299,0.0100088231110072,0.0305));
#8293=CARTESIAN_POINT('',(-0.00759965662962244,0.0098910539555412,0.0305));
#8294=CARTESIAN_POINT('',(-0.00853869020916846,0.0100446174153263,0.0305));
#8295=CARTESIAN_POINT('',(-0.0106765536211352,0.0104016177074273,0.0305));
#8296=CARTESIAN_POINT('',(-0.0130322503266825,0.0103893030194178,0.0305));
#8297=CARTESIAN_POINT('',(-0.0161470817798503,0.0103101163021936,0.0305));
#8298=CARTESIAN_POINT('',(-0.0177636200295023,0.00922006269346916,0.0305));
#8299=CARTESIAN_POINT('',(-0.0182721111670768,0.00864099967000612,0.0305));
#8300=CARTESIAN_POINT('',(-0.0178874395828899,0.00902586687386188,0.0305));
#8301=CARTESIAN_POINT('',(-0.0185495783286235,0.00977524813957269,0.0305));
#8302=CARTESIAN_POINT('',(-0.0188476253035936,0.00882069693575429,0.0305));
#8303=CARTESIAN_POINT('',(-0.0212972197632627,0.00958555293896014,0.0305));
#8304=CARTESIAN_POINT('',(-0.0232371136325478,0.0101912611473733,0.0305));
#8305=CARTESIAN_POINT('',(-0.0229390666575776,0.0111458123511917,0.0305));
#8306=CARTESIAN_POINT('',(-0.0238383536902825,0.0115831712802294,0.0305));
#8307=CARTESIAN_POINT('',(-2.60208521396521E-17,-1.03649999999807E-5,0.0305));
#8308=CARTESIAN_POINT('',(-0.0114845600003162,0.0238806808486676,0.0305));
#8309=CARTESIAN_POINT('',(-0.011051312133505,0.0229794060371347,0.0305));
#8310=CARTESIAN_POINT('',(-0.0101121396396657,0.0233228518506419,0.0305));
#8311=CARTESIAN_POINT('',(-0.00937613427071336,0.0213102024874733,0.0305));
#8312=CARTESIAN_POINT('',(-0.00851303893135166,0.018950018230132,0.0305));
#8313=CARTESIAN_POINT('',(-0.00945221142519099,0.0186065724166249,0.0305));
#8314=CARTESIAN_POINT('',(-0.00876176914015279,0.0178831849332999,0.0305));
#8315=CARTESIAN_POINT('',(-0.006,0.014989635,0.0305));
#8316=CARTESIAN_POINT('',(-0.00786788906650799,0.0114525471533075,0.0305));
#8317=CARTESIAN_POINT('',(-0.00819476965314689,0.0108335567801363,0.0305));
#8318=CARTESIAN_POINT('',(0.000682826579259183,0.0139896350008923,0.0305));
#8319=CARTESIAN_POINT('',(0.000510761848182453,0.0138960610512702,0.0305));
#8320=CARTESIAN_POINT('',(0.000146568720661405,0.0136850744479529,0.0305));
#8321=CARTESIAN_POINT('',(-0.000409585712571358,0.0133115256815536,0.0305));
#8322=CARTESIAN_POINT('',(-0.000976089198142177,0.0128621544288679,0.0305));
#8323=CARTESIAN_POINT('',(-0.00150783975534705,0.0123715915949969,0.0305));
#8324=CARTESIAN_POINT('',(-0.00201061903943912,0.0118424184056061,0.0305));
#8325=CARTESIAN_POINT('',(-0.00263937651040279,0.0110921258489257,0.0305));
#8326=CARTESIAN_POINT('',(-0.00320247454724069,0.0102830804384897,0.0305));
#8327=CARTESIAN_POINT('',(-0.00361756578963829,0.00955257341631808,0.0305));
#8328=CARTESIAN_POINT('',(-0.00377452492524776,0.00924328873626288,0.0305));
#8329=CARTESIAN_POINT('',(-0.00381935251032474,0.00915197174103934,0.0305));
#8330=CARTESIAN_POINT('',(-0.000882883009277133,0.0129292121560486,0.0305));
#8331=CARTESIAN_POINT('',(-0.00359126056999514,0.00959187523657828,0.0305));
#8332=CARTESIAN_POINT('',(-0.00411766983260165,0.00987978718187072,0.0305));
#8333=CARTESIAN_POINT('',(-0.00428411367059777,0.00930333558043906,0.0305));
#8334=CARTESIAN_POINT('',(-0.00381935251327395,0.0091519717351664,0.0305));
#8335=CARTESIAN_POINT('',(-0.00394451637671204,0.00919712675280286,0.0305));
#8336=CARTESIAN_POINT('',(-0.00452652144667655,0.00939176742877902,0.0305));
#8337=CARTESIAN_POINT('',(-0.00511939875488191,0.00950485182359374,0.0305));
#8338=CARTESIAN_POINT('',(-0.00562179925078825,0.00958474628880444,0.0305));
#8339=CARTESIAN_POINT('',(-0.00507377974306,0.00948955442880537,0.0305));
#8340=CARTESIAN_POINT('',(-0.00496031041412101,0.0100787273332996,0.0305));
#8341=CARTESIAN_POINT('',(-0.00555629404683857,0.0101480346888455,0.0305));
#8342=CARTESIAN_POINT('',(-0.00553793512629924,0.0103059056113416,0.0305));
#8343=CARTESIAN_POINT('',(-0.00550487195166904,0.0105902204689793,0.0305));
#8344=CARTESIAN_POINT('',(-0.00490888831895147,0.0105209131134334,0.0305));
#8345=CARTESIAN_POINT('',(-0.00505120723387084,0.0111037898812464,0.0305));
#8346=CARTESIAN_POINT('',(-0.006,0.014989635,0.0305));
#8347=CARTESIAN_POINT('',(-0.00224976371254819,0.0135983306521739,0.0305));
#8348=CARTESIAN_POINT('',(-0.00168722826943042,0.013389635,0.0305));
#8349=CARTESIAN_POINT('',(-0.00168722826943042,0.013989635,0.0305));
#8350=CARTESIAN_POINT('',(-0.00072209503726938,0.013989635,0.0305));
#8351=CARTESIAN_POINT('',(-0.00126760473308247,0.013989635,0.0305));
#8352=CARTESIAN_POINT('',(-0.00126760473308247,0.013389635,0.0305));
#8353=CARTESIAN_POINT('',(0.0144510474056005,-0.00111530465073883,0.0055));
#8354=CARTESIAN_POINT('',(0.0140544212573092,-0.00408897035126598,0.0055));
#8355=CARTESIAN_POINT('',(0.0142657298669376,-0.00410957541502585,0.0055));
#8356=CARTESIAN_POINT('',(0.006,-0.015010365,0.0275));
#8357=CARTESIAN_POINT('',(0.00951844685009197,-0.0131075955018532,0.0275));
#8358=CARTESIAN_POINT('',(0.00905192039933101,-0.0124246771077463,0.0275));
#8359=CARTESIAN_POINT('',(0.00197002806850396,-0.0124249935339934,0.0275));
#8360=CARTESIAN_POINT('',(0.00197002806850396,-0.0124249935339934,0.0305));
#8361=CARTESIAN_POINT('',(0.00158072515253384,-0.0122331379350414,0.0275));
#8362=CARTESIAN_POINT('',(0.00158072515253384,-0.0122331379350414,0.0305));
#8363=CARTESIAN_POINT('',(0.000825004857808391,-0.0118004745831375,0.0275));
#8364=CARTESIAN_POINT('',(0.000825004857808391,-0.0118004745831375,0.0305));
#8365=CARTESIAN_POINT('',(-0.000623260756052517,-0.0105401952373185,0.0275));
#8366=CARTESIAN_POINT('',(-0.000623260756052517,-0.0105401952373185,0.0305));
#8367=CARTESIAN_POINT('',(-0.0015481162030222,-0.00924278477436342,0.0275));
#8368=CARTESIAN_POINT('',(-0.0015481162030222,-0.00924278477436342,0.0305));
#8369=CARTESIAN_POINT('',(-0.00199314299970865,-0.00835389457643033,0.0275));
#8370=CARTESIAN_POINT('',(-0.00199314299970865,-0.00835389457643033,0.0305));
#8371=CARTESIAN_POINT('',(0.00197002806825081,-0.0124249935338686,0.0305));
#8372=CARTESIAN_POINT('',(0.00197002806825081,-0.0124249935338686,0.0275));
#8373=CARTESIAN_POINT('',(0.0187926672197654,-0.00291685657034125,0.0275));
#8374=CARTESIAN_POINT('',(0.0187723852923457,-0.00320737633250893,0.0275));
#8375=CARTESIAN_POINT('',(0.0186072394705227,-0.0048103241552054,0.0275));
#8376=CARTESIAN_POINT('',(0.0176114735765631,-0.00776979743904478,0.0275));
#8377=CARTESIAN_POINT('',(0.0152470551475495,-0.0110181600702679,0.0275));
#8378=CARTESIAN_POINT('',(0.0120658518145614,-0.0136946910403074,0.0275));
#8379=CARTESIAN_POINT('',(0.00877819358765621,-0.0136873848887253,0.0275));
#8380=CARTESIAN_POINT('',(0.0065760411473397,-0.0141850969313551,0.0275));
#8381=CARTESIAN_POINT('',(0.00341996640792859,-0.0130671207957718,0.0275));
#8382=CARTESIAN_POINT('',(0.000430396228976889,-0.0118438313798968,0.0275));
#8383=CARTESIAN_POINT('',(-0.00137193172446713,-0.00959469314748077,0.0275));
#8384=CARTESIAN_POINT('',(-0.00199314299970865,-0.00835389457643033,0.0275));
#8385=CARTESIAN_POINT('',(-0.00199314299970866,-0.00835389457643032,0.0055));
#8386=CARTESIAN_POINT('',(-0.00455107493397129,-0.00731023913463926,0.0275));
#8387=CARTESIAN_POINT('',(-0.00455107493397129,-0.00731023913463926,0.0305));
#8388=CARTESIAN_POINT('',(-0.00478228460790558,-0.00739138101027673,0.0275));
#8389=CARTESIAN_POINT('',(-0.00478228460790558,-0.00739138101027673,0.0305));
#8390=CARTESIAN_POINT('',(-0.00520765191556122,-0.00750984170520103,0.0275));
#8391=CARTESIAN_POINT('',(-0.00520765191556122,-0.00750984170520103,0.0305));
#8392=CARTESIAN_POINT('',(-0.00634881756626778,-0.00769885615305858,0.0275));
#8393=CARTESIAN_POINT('',(-0.00634881756626778,-0.00769885615305858,0.0305));
#8394=CARTESIAN_POINT('',(-0.00803948642453606,-0.0079563278591332,0.0275));
#8395=CARTESIAN_POINT('',(-0.00803948642453606,-0.0079563278591332,0.0305));
#8396=CARTESIAN_POINT('',(-0.00969545534070257,-0.00822469518992538,0.0275));
#8397=CARTESIAN_POINT('',(-0.00969545534070257,-0.00822469518992538,0.0305));
#8398=CARTESIAN_POINT('',(-0.0107864625405493,-0.0083583291337506,0.0275));
#8399=CARTESIAN_POINT('',(-0.0107864625405493,-0.0083583291337506,0.0305));
#8400=CARTESIAN_POINT('',(-0.011685803681454,-0.00840821110939185,0.0275));
#8401=CARTESIAN_POINT('',(-0.011685803681454,-0.00840821110939185,0.0305));
#8402=CARTESIAN_POINT('',(-0.0126041891908914,-0.00840813188109082,0.0275));
#8403=CARTESIAN_POINT('',(-0.0126041891908914,-0.00840813188109082,0.0305));
#8404=CARTESIAN_POINT('',(-0.0136803847926323,-0.00839339668409991,0.0275));
#8405=CARTESIAN_POINT('',(-0.0136803847926323,-0.00839339668409991,0.0305));
#8406=CARTESIAN_POINT('',(-0.0146690704772071,-0.00833358548707972,0.0275));
#8407=CARTESIAN_POINT('',(-0.0146690704772071,-0.00833358548707972,0.0305));
#8408=CARTESIAN_POINT('',(-0.0154833599123634,-0.00817587947873969,0.0275));
#8409=CARTESIAN_POINT('',(-0.0154833599123634,-0.00817587947873969,0.0305));
#8410=CARTESIAN_POINT('',(-0.0160896507604267,-0.00791262610582209,0.0275));
#8411=CARTESIAN_POINT('',(-0.0160896507604267,-0.00791262610582209,0.0305));
#8412=CARTESIAN_POINT('',(-0.0166361479499502,-0.00751609049351917,0.0275));
#8413=CARTESIAN_POINT('',(-0.0166361479499502,-0.00751609049351917,0.0305));
#8414=CARTESIAN_POINT('',(-0.0170721243659796,-0.00697864858375464,0.0275));
#8415=CARTESIAN_POINT('',(-0.0170721243659796,-0.00697864858375464,0.0305));
#8416=CARTESIAN_POINT('',(-0.0170854902758578,-0.00674801870504327,0.0275));
#8417=CARTESIAN_POINT('',(-0.0170854902758578,-0.00674801870504327,0.0305));
#8418=CARTESIAN_POINT('',(-0.0170797706825528,-0.006693098207789,0.0275));
#8419=CARTESIAN_POINT('',(-0.0170797706825528,-0.006693098207789,0.0305));
#8420=CARTESIAN_POINT('',(-0.0170797706824399,-0.00669309820670461,0.0055));
#8421=CARTESIAN_POINT('',(-0.00455107493397129,-0.00731023913463926,0.0055));
#8422=CARTESIAN_POINT('',(0.0182444230283769,-0.00571547113208814,0.0275));
#8423=CARTESIAN_POINT('',(0.0182444230283769,-0.00571547113208814,0.0305));
#8424=CARTESIAN_POINT('',(0.0179416145088234,-0.00664671438438223,0.0275));
#8425=CARTESIAN_POINT('',(0.0179416145088234,-0.00664671438438223,0.0305));
#8426=CARTESIAN_POINT('',(0.0171203410000194,-0.00844437015350947,0.0275));
#8427=CARTESIAN_POINT('',(0.0171203410000194,-0.00844437015350947,0.0305));
#8428=CARTESIAN_POINT('',(0.0153804820311389,-0.0107493401225314,0.0275));
#8429=CARTESIAN_POINT('',(0.0153804820311389,-0.0107493401225314,0.0305));
#8430=CARTESIAN_POINT('',(0.0135084830835575,-0.0125088756957333,0.0275));
#8431=CARTESIAN_POINT('',(0.0135084830835575,-0.0125088756957333,0.0305));
#8432=CARTESIAN_POINT('',(0.0118403419731165,-0.013384314915907,0.0275));
#8433=CARTESIAN_POINT('',(0.0118403419731165,-0.013384314915907,0.0305));
#8434=CARTESIAN_POINT('',(0.0109650481706574,-0.0135634620505191,0.0275));
#8435=CARTESIAN_POINT('',(0.0109650481706574,-0.0135634620505191,0.0305));
#8436=CARTESIAN_POINT('',(0.010534026124847,-0.013622616416831,0.0275));
#8437=CARTESIAN_POINT('',(0.010534026124847,-0.013622616416831,0.0305));
#8438=CARTESIAN_POINT('',(0.018244423028351,-0.00571547113216763,0.0305));
#8439=CARTESIAN_POINT('',(0.0105340261248492,-0.0136226164168307,0.0275));
#8440=CARTESIAN_POINT('',(0.006,-0.015010365,0.0275));
#8441=CARTESIAN_POINT('',(0.006,-0.015010365,0.0175));
#8442=CARTESIAN_POINT('',(0.006,-0.01202073,0.0175));
#8443=CARTESIAN_POINT('',(0.006,-0.018,0.0175));
#8444=CARTESIAN_POINT('',(0.006,-0.01202073,0.0275));
#8445=CARTESIAN_POINT('',(0.006,-0.018,0.0275));
#8446=CARTESIAN_POINT('',(-0.005,-0.01202073,0.0275));
#8447=CARTESIAN_POINT('',(0.00180939869266613,-0.01202073,0.0275));
#8448=CARTESIAN_POINT('',(-0.005,-0.01202073,0.0175));
#8449=CARTESIAN_POINT('',(-0.006,-0.01202073,0.0175));
#8450=CARTESIAN_POINT('',(-0.006,-0.01202073,0.0275));
#8451=CARTESIAN_POINT('',(-0.005,-0.01202073,0.0275));
#8452=CARTESIAN_POINT('',(0.006,-0.015010365,0.0275));
#8453=CARTESIAN_POINT('',(0.006,-0.015010365,0.0175));
#8454=CARTESIAN_POINT('',(0.008,-0.015010365,0.0175));
#8455=CARTESIAN_POINT('',(0.,-2.07299999999966E-5,0.0175));
#8456=CARTESIAN_POINT('',(-0.003863339375,-0.018,0.0175));
#8457=CARTESIAN_POINT('',(-0.006,-0.018,0.0175));
#8458=CARTESIAN_POINT('',(-0.006,-0.015010365,0.0175));
#8459=CARTESIAN_POINT('',(-0.006,-0.015010365,0.0175));
#8460=CARTESIAN_POINT('',(-0.004,-0.015010365,0.0175));
#8461=CARTESIAN_POINT('',(-0.003863339375,-0.018,0.0275));
#8462=CARTESIAN_POINT('',(-0.003863339375,-0.018,0.0275));
#8463=CARTESIAN_POINT('',(-0.006,-0.018,0.0275));
#8464=CARTESIAN_POINT('',(-0.006,-0.015010365,0.0275));
#8465=CARTESIAN_POINT('',(-0.006,-0.015010365,0.0275));
#8466=CARTESIAN_POINT('',(0.0161033347249031,-0.00158738647587598,0.0055));
#8467=CARTESIAN_POINT('',(0.0169959101843377,-0.00445152841530829,0.0055));
#8468=CARTESIAN_POINT('',(0.0146788016967633,-0.00422759587131013,0.0055));
#8469=CARTESIAN_POINT('',(0.0144510474056005,-0.00111530465073883,0.0055));
#8470=CARTESIAN_POINT('',(0.0115677769609272,-0.000286599912684707,0.0055));
#8471=CARTESIAN_POINT('',(0.0116772999365369,-0.00225825039654801,0.0055));
#8472=CARTESIAN_POINT('',(0.00648872445109074,-0.00411505272961627,0.0281));
#8473=CARTESIAN_POINT('',(-0.00236509912671365,-0.00751117855237194,0.0275));
#8474=CARTESIAN_POINT('',(-0.00371643119722582,-0.00696486824423331,0.0275));
#8475=CARTESIAN_POINT('',(-0.00371643119722582,-0.00696486824423331,0.0305));
#8476=CARTESIAN_POINT('',(-0.00401520333062945,-0.00710274939732875,0.0275));
#8477=CARTESIAN_POINT('',(-0.00401520333062945,-0.00710274939732875,0.0305));
#8478=CARTESIAN_POINT('',(-0.00429511680192638,-0.00722041191173206,0.0275));
#8479=CARTESIAN_POINT('',(-0.00429511680192638,-0.00722041191173206,0.0305));
#8480=CARTESIAN_POINT('',(-0.00455107493397129,-0.00731023913463926,0.0275));
#8481=CARTESIAN_POINT('',(-0.00455107493397129,-0.00731023913463926,0.0305));
#8482=CARTESIAN_POINT('',(-0.00371643119718284,-0.00696486824421347,0.0305));
#8483=CARTESIAN_POINT('',(0.0138587354888316,-0.000252451691912262,0.0055));
#8484=CARTESIAN_POINT('',(0.0138046584988624,-0.000320748133457152,0.0055));
#8485=CARTESIAN_POINT('',(0.0136670517156498,-0.000494538383824527,0.0055));
#8486=CARTESIAN_POINT('',(0.0144510474056005,-0.00111530465073882,0.0055));
#8487=CARTESIAN_POINT('',(0.0147766226823576,-0.00206082077390362,0.0055));
#8488=CARTESIAN_POINT('',(0.0161033347249031,-0.00158738647587598,0.0055));
#8489=CARTESIAN_POINT('',(0.0153273851221251,-0.00221818138228267,0.0055));
#8490=CARTESIAN_POINT('',(0.0170002757443155,-0.00114523626644989,0.0055));
#8491=CARTESIAN_POINT('',(0.0167205563663004,-0.000577800633224944,0.0055));
#8492=CARTESIAN_POINT('',(0.0165498167335888,-0.000231440104713038,0.0055));
#8493=CARTESIAN_POINT('',(0.006,-0.015010365,0.0275));
#8494=CARTESIAN_POINT('',(0.00617944819317976,-0.0110143922340812,0.0275));
#8495=CARTESIAN_POINT('',(0.006,-0.015010365,0.0275));
#8496=CARTESIAN_POINT('',(0.00312966456858709,-0.0122244765400692,0.0275));
#8497=CARTESIAN_POINT('',(0.00312966456858709,-0.0122244765400692,0.0275));
#8498=CARTESIAN_POINT('',(-0.0132880381091034,-0.00351423394926711,0.0055));
#8499=CARTESIAN_POINT('',(-0.0147495301529518,-0.0038288048576772,0.0055));
#8500=CARTESIAN_POINT('',(-0.0141285081891199,-0.00671406422187791,0.0055));
#8501=CARTESIAN_POINT('',(0.0208297866215797,-0.0114205836416085,0.0275));
#8502=CARTESIAN_POINT('',(0.0192762476089525,-0.0102525326563349,0.0305));
#8503=CARTESIAN_POINT('',(0.0221247687068711,-0.0123942348266395,0.0275));
#8504=CARTESIAN_POINT('',(7.63278329429795E-17,-1.03650000000228E-5,0.0275));
#8505=CARTESIAN_POINT('',(0.0236166453230168,-0.0120491047110673,0.0275));
#8506=CARTESIAN_POINT('',(0.0264264529624726,-0.00208877159309543,0.0275));
#8507=CARTESIAN_POINT('',(0.0236532411557385,-0.001010365,0.0275));
#8508=CARTESIAN_POINT('',(0.0254295314980837,-0.001010365,0.0275));
#8509=CARTESIAN_POINT('',(0.0218278509927228,-0.001010365,0.0275));
#8510=CARTESIAN_POINT('',(0.0208278961690839,-0.00200085970246108,0.0275));
#8511=CARTESIAN_POINT('',(0.0208278961690839,-0.00200085970246108,0.0305));
#8512=CARTESIAN_POINT('',(0.0208225532532929,-0.002562933644389,0.0275));
#8513=CARTESIAN_POINT('',(0.0208225532532929,-0.002562933644389,0.0305));
#8514=CARTESIAN_POINT('',(0.020768029285042,-0.00373793042444004,0.0275));
#8515=CARTESIAN_POINT('',(0.020768029285042,-0.00373793042444004,0.0305));
#8516=CARTESIAN_POINT('',(0.0202936745314239,-0.00619131344364009,0.0275));
#8517=CARTESIAN_POINT('',(0.0202936745314239,-0.00619131344364009,0.0305));
#8518=CARTESIAN_POINT('',(0.0195874903463839,-0.00790755649164522,0.0275));
#8519=CARTESIAN_POINT('',(0.0195874903463839,-0.00790755649164522,0.0305));
#8520=CARTESIAN_POINT('',(0.0190014827939113,-0.00897042603502436,0.0275));
#8521=CARTESIAN_POINT('',(0.0190014827939113,-0.00897042603502436,0.0305));
#8522=CARTESIAN_POINT('',(0.0190014828296154,-0.00897042597026609,0.0305));
#8523=CARTESIAN_POINT('',(0.0208278961689929,-0.00200085971204032,0.0275));
#8524=CARTESIAN_POINT('',(-0.0220640964484582,-0.00775050535812815,0.0275));
#8525=CARTESIAN_POINT('',(-0.0241060080026411,-0.00838806734479397,0.0275));
#8526=CARTESIAN_POINT('',(-0.0197159154093834,-0.00701731445901374,0.0275));
#8527=CARTESIAN_POINT('',(-0.0190344818659977,-0.00626430212033371,0.0275));
#8528=CARTESIAN_POINT('',(-0.0190344818659977,-0.00626430212033371,0.0305));
#8529=CARTESIAN_POINT('',(-0.0189289324005591,-0.00575133086257191,0.0275));
#8530=CARTESIAN_POINT('',(-0.0189289324005591,-0.00575133086257191,0.0305));
#8531=CARTESIAN_POINT('',(-0.0185138820931145,-0.00502014685941966,0.0275));
#8532=CARTESIAN_POINT('',(-0.0185138820931145,-0.00502014685941966,0.0305));
#8533=CARTESIAN_POINT('',(-0.0178835340168305,-0.00402184385873273,0.0275));
#8534=CARTESIAN_POINT('',(-0.0178835340168305,-0.00402184385873273,0.0305));
#8535=CARTESIAN_POINT('',(-0.0173235707583251,-0.00331379496172603,0.0275));
#8536=CARTESIAN_POINT('',(-0.0173235707583251,-0.00331379496172603,0.0305));
#8537=CARTESIAN_POINT('',(-0.016585351681832,-0.00271981687539108,0.0275));
#8538=CARTESIAN_POINT('',(-0.016585351681832,-0.00271981687539108,0.0305));
#8539=CARTESIAN_POINT('',(-0.0156291482292245,-0.0022870915410751,0.0275));
#8540=CARTESIAN_POINT('',(-0.0156291482292245,-0.0022870915410751,0.0305));
#8541=CARTESIAN_POINT('',(-0.0146099717759491,-0.00195963256076555,0.0275));
#8542=CARTESIAN_POINT('',(-0.0146099717759491,-0.00195963256076555,0.0305));
#8543=CARTESIAN_POINT('',(-0.01336532354224,-0.00159969546899645,0.0275));
#8544=CARTESIAN_POINT('',(-0.01336532354224,-0.00159969546899645,0.0305));
#8545=CARTESIAN_POINT('',(-0.0124773833646967,-0.00128001479618674,0.0275));
#8546=CARTESIAN_POINT('',(-0.0124773833646967,-0.00128001479618674,0.0305));
#8547=CARTESIAN_POINT('',(-0.0113973926496782,-0.00103933404802015,0.0275));
#8548=CARTESIAN_POINT('',(-0.0113973926496782,-0.00103933404802015,0.0305));
#8549=CARTESIAN_POINT('',(-0.0104243528827039,-0.000914492712406068,0.0275));
#8550=CARTESIAN_POINT('',(-0.0104243528827039,-0.000914492712406068,0.0305));
#8551=CARTESIAN_POINT('',(-0.00924001572207184,-0.000860789889722143,0.0275));
#8552=CARTESIAN_POINT('',(-0.00924001572207184,-0.000860789889722143,0.0305));
#8553=CARTESIAN_POINT('',(-0.00774633406022823,-0.000908528072075031,0.0275));
#8554=CARTESIAN_POINT('',(-0.00774633406022823,-0.000908528072075031,0.0305));
#8555=CARTESIAN_POINT('',(-0.00618588856510667,-0.000977243418434794,0.0275));
#8556=CARTESIAN_POINT('',(-0.00618588856510667,-0.000977243418434794,0.0305));
#8557=CARTESIAN_POINT('',(-0.00533487993888406,-0.000959809255184005,0.0275));
#8558=CARTESIAN_POINT('',(-0.00533487993888406,-0.000959809255184005,0.0305));
#8559=CARTESIAN_POINT('',(-0.00501030979558758,-0.000917557046842136,0.0275));
#8560=CARTESIAN_POINT('',(-0.00501030979558758,-0.000917557046842136,0.0305));
#8561=CARTESIAN_POINT('',(-0.0190344818659928,-0.00626430212031,0.0275));
#8562=CARTESIAN_POINT('',(-0.00501030979558761,-0.000917557046842208,0.0275));
#8563=CARTESIAN_POINT('',(-0.00501030979558758,-0.000917557046842136,0.0275));
#8564=CARTESIAN_POINT('',(-0.00501030979558758,-0.000917557046842136,0.0305));
#8565=CARTESIAN_POINT('',(-0.00477931143562451,-0.000887485917277781,0.0275));
#8566=CARTESIAN_POINT('',(-0.00477931143562451,-0.000887485917277781,0.0305));
#8567=CARTESIAN_POINT('',(-0.00441628425439406,-0.000794459720404102,0.0275));
#8568=CARTESIAN_POINT('',(-0.00441628425439406,-0.000794459720404102,0.0305));
#8569=CARTESIAN_POINT('',(-0.00435238867546075,-0.00060220229977582,0.0275));
#8570=CARTESIAN_POINT('',(-0.00435238867546075,-0.00060220229977582,0.0305));
#8571=CARTESIAN_POINT('',(-0.00437063148723499,-0.000489427591267196,0.0275));
#8572=CARTESIAN_POINT('',(-0.00437063148723499,-0.000489427591267196,0.0305));
#8573=CARTESIAN_POINT('',(-0.00437063148820916,-0.000489427585245025,0.0305));
#8574=CARTESIAN_POINT('',(2.23779328401008E-16,-1.0364999999962E-5,0.0275));
#8575=CARTESIAN_POINT('',(-0.0253607743818651,-0.00772452813647374,0.0275));
#8576=CARTESIAN_POINT('',(-0.0253607743818651,0.00770379813647374,0.0275));
#8577=CARTESIAN_POINT('',(1.43114686768087E-17,-0.016010365,0.0275));
#8578=CARTESIAN_POINT('',(1.43114686768087E-17,-0.016010365,0.0275));
#8579=CARTESIAN_POINT('',(-0.00141742430504414,-0.016010365,0.0275));
#8580=CARTESIAN_POINT('',(0.00141742430504417,-0.016010365,0.0275));
#8581=CARTESIAN_POINT('',(0.00141742430504417,-0.016010365,0.0305));
#8582=CARTESIAN_POINT('',(-0.00141742430504414,-0.016010365,0.0275));
#8583=CARTESIAN_POINT('',(-0.006,-0.015010365,0.0275));
#8584=CARTESIAN_POINT('',(-0.006,-0.015010365,0.0275));
#8585=CARTESIAN_POINT('',(-0.00233393944403531,-0.016610365,0.0275));
#8586=CARTESIAN_POINT('',(-0.00233393944403531,-0.016610365,0.0275));
#8587=CARTESIAN_POINT('',(-0.00575641715986692,-0.0190029415365229,0.0275));
#8588=CARTESIAN_POINT('',(-0.00750405717746218,-0.0220349640352818,0.0275));
#8589=CARTESIAN_POINT('',(-0.00825991136521379,-0.024101891144512,0.0275));
#8590=CARTESIAN_POINT('',(-0.00663469394367299,-0.0196576398571463,0.0275));
#8591=CARTESIAN_POINT('',(3.46944695195361E-18,-1.0365000000026E-5,0.0275));
#8592=CARTESIAN_POINT('',(-0.00760773596829734,-0.0254032684098245,0.0275));
#8593=CARTESIAN_POINT('',(0.0104499636468932,-0.0243717165619025,0.0275));
#8594=CARTESIAN_POINT('',(0.0096092660737088,-0.0212563759257036,0.0275));
#8595=CARTESIAN_POINT('',(0.0108438670048594,-0.0228371803450138,0.0275));
#8596=CARTESIAN_POINT('',(0.00803254259096268,-0.0192375118647213,0.0275));
#8597=CARTESIAN_POINT('',(0.006,-0.015010365,0.0275));
#8598=CARTESIAN_POINT('',(0.00699553669494041,-0.0188844980241781,0.0275));
#8599=CARTESIAN_POINT('',(0.00233393944403534,-0.016610365,0.0275));
#8600=CARTESIAN_POINT('',(0.00233393944403534,-0.016610365,0.0275));
#8601=CARTESIAN_POINT('',(0.006,-0.015010365,0.0275));
#8602=CARTESIAN_POINT('',(-0.000703475164977291,-0.0019665189341577,0.0275));
#8603=CARTESIAN_POINT('',(0.00141742430504417,-0.017010365,0.0275));
#8604=CARTESIAN_POINT('',(-0.00141742430504414,-0.017010365,0.0275));
#8605=CARTESIAN_POINT('',(0.0197005273754295,-0.0130737728885583,0.0275));
#8606=CARTESIAN_POINT('',(0.0212256741968783,-0.014220476790424,0.0275));
#8607=CARTESIAN_POINT('',(0.0181452334629394,-0.0119044024562046,0.0275));
#8608=CARTESIAN_POINT('',(0.0168020776890646,-0.012033510705185,0.0275));
#8609=CARTESIAN_POINT('',(0.0168020776890646,-0.012033510705185,0.0305));
#8610=CARTESIAN_POINT('',(0.0164169390295358,-0.0124600418070883,0.0275));
#8611=CARTESIAN_POINT('',(0.0164169390295358,-0.0124600418070883,0.0305));
#8612=CARTESIAN_POINT('',(0.0155980035339533,-0.0132958415333986,0.0275));
#8613=CARTESIAN_POINT('',(0.0155980035339533,-0.0132958415333986,0.0305));
#8614=CARTESIAN_POINT('',(0.014380247576873,-0.0142603177224659,0.0275));
#8615=CARTESIAN_POINT('',(0.014380247576873,-0.0142603177224659,0.0305));
#8616=CARTESIAN_POINT('',(0.0132773912822419,-0.0148956412989541,0.0275));
#8617=CARTESIAN_POINT('',(0.0132773912822419,-0.0148956412989541,0.0305));
#8618=CARTESIAN_POINT('',(0.0120329367824083,-0.0154112561381664,0.0275));
#8619=CARTESIAN_POINT('',(0.0120329367824083,-0.0154112561381664,0.0305));
#8620=CARTESIAN_POINT('',(0.0111386939824006,-0.0155653107762785,0.0275));
#8621=CARTESIAN_POINT('',(0.0111386939824006,-0.0155653107762785,0.0305));
#8622=CARTESIAN_POINT('',(0.0106130934162906,-0.0156289262979768,0.0275));
#8623=CARTESIAN_POINT('',(0.0106130934162906,-0.0156289262979768,0.0305));
#8624=CARTESIAN_POINT('',(0.0168020776890648,-0.0120335107051847,0.0275));
#8625=CARTESIAN_POINT('',(0.0106130934189051,-0.0156289262976604,0.0305));
#8626=CARTESIAN_POINT('',(0.006,-0.015010365,0.0275));
#8627=CARTESIAN_POINT('',(0.00978660038596328,-0.0162994179535371,0.0275));
#8628=CARTESIAN_POINT('',(0.00951752620625936,-0.0169148358945738,0.0275));
#8629=CARTESIAN_POINT('',(0.0112917175650197,-0.0201613277175906,0.0275));
#8630=CARTESIAN_POINT('',(0.0128632432420224,-0.0221735364180573,0.0275));
#8631=CARTESIAN_POINT('',(0.00960878603553702,-0.0180064730337186,0.0275));
#8632=CARTESIAN_POINT('',(1.47451495458029E-17,-1.03650000000174E-5,0.0275));
#8633=CARTESIAN_POINT('',(0.0214332778493631,-0.0156081786537144,0.0275));
#8634=CARTESIAN_POINT('',(0.0141865434732865,-0.0224027559939191,0.0275));
#8635=CARTESIAN_POINT('',(-0.00752016987024577,-0.0105953017039532,0.0275));
#8636=CARTESIAN_POINT('',(-0.00749945541497639,-0.010773428198666,0.0275));
#8637=CARTESIAN_POINT('',(-0.00751499941222833,-0.0106397631947686,0.0275));
#8638=CARTESIAN_POINT('',(-0.00832177709702891,-0.010029553111007,0.0275));
#8639=CARTESIAN_POINT('',(-0.00832177709702891,-0.010029553111007,0.0305));
#8640=CARTESIAN_POINT('',(-0.00878302522188108,-0.0101039484762326,0.0275));
#8641=CARTESIAN_POINT('',(-0.00878302522188108,-0.0101039484762326,0.0305));
#8642=CARTESIAN_POINT('',(-0.00971698209308417,-0.0102499547518424,0.0275));
#8643=CARTESIAN_POINT('',(-0.00971698209308417,-0.0102499547518424,0.0305));
#8644=CARTESIAN_POINT('',(-0.011390950407493,-0.0104268235085078,0.0275));
#8645=CARTESIAN_POINT('',(-0.011390950407493,-0.0104268235085078,0.0305));
#8646=CARTESIAN_POINT('',(-0.0131227790214435,-0.0104031569623092,0.0275));
#8647=CARTESIAN_POINT('',(-0.0131227790214435,-0.0104031569623092,0.0305));
#8648=CARTESIAN_POINT('',(-0.0157726665155369,-0.0103399718812087,0.0275));
#8649=CARTESIAN_POINT('',(-0.0157726665155369,-0.0103399718812087,0.0305));
#8650=CARTESIAN_POINT('',(-0.0172999241041089,-0.00956571415103815,0.0275));
#8651=CARTESIAN_POINT('',(-0.0172999241041089,-0.00956571415103815,0.0305));
#8652=CARTESIAN_POINT('',(-0.0178874395829055,-0.00904659687384811,0.0275));
#8653=CARTESIAN_POINT('',(-0.0178874395829055,-0.00904659687384811,0.0305));
#8654=CARTESIAN_POINT('',(-0.0178874395828899,-0.00904659687386188,0.0305));
#8655=CARTESIAN_POINT('',(-0.0083217770970251,-0.0100295531110064,0.0275));
#8656=CARTESIAN_POINT('',(-0.0212972197632627,-0.00960628293896013,0.0275));
#8657=CARTESIAN_POINT('',(-0.0188476253035936,-0.00884142693575429,0.0305));
#8658=CARTESIAN_POINT('',(-0.0232371136325478,-0.0102119911473733,0.0275));
#8659=CARTESIAN_POINT('',(-2.60208521396521E-17,-1.03650000000156E-5,0.0275));
#8660=CARTESIAN_POINT('',(-0.0114845600003162,-0.0239014108486676,0.0275));
#8661=CARTESIAN_POINT('',(-0.0238383536902825,-0.0116039012802294,0.0275));
#8662=CARTESIAN_POINT('',(-0.00937613427071336,-0.0213309324874733,0.0275));
#8663=CARTESIAN_POINT('',(-0.00851303893135166,-0.018970748230132,0.0275));
#8664=CARTESIAN_POINT('',(-0.0101121396396657,-0.0233435818506419,0.0275));
#8665=CARTESIAN_POINT('',(-0.006,-0.015010365,0.0275));
#8666=CARTESIAN_POINT('',(-0.00876176914015279,-0.0179039149332999,0.0275));
#8667=CARTESIAN_POINT('',(-0.00786788906650799,-0.0114732771533075,0.0275));
#8668=CARTESIAN_POINT('',(-0.000703475164977291,-0.0019665189341577,0.0275));
#8669=CARTESIAN_POINT('',(-0.00072209503726938,-0.014010365,0.0275));
#8670=CARTESIAN_POINT('',(-0.00168722826943042,-0.014010365,0.0275));
#8671=CARTESIAN_POINT('',(-0.00126760473308247,-0.014010365,0.0275));
#8672=CARTESIAN_POINT('',(-0.00126760473308247,-0.013410365,0.0275));
#8673=CARTESIAN_POINT('',(-0.000882883009276845,-0.0129499421560489,0.0275));
#8674=CARTESIAN_POINT('',(0.000682826579259183,-0.0140103650008923,0.0275));
#8675=CARTESIAN_POINT('',(0.000510761848182453,-0.0139167910512702,0.0275));
#8676=CARTESIAN_POINT('',(0.000146568720661405,-0.0137058044479529,0.0275));
#8677=CARTESIAN_POINT('',(-0.000409585712571358,-0.0133322556815536,0.0275));
#8678=CARTESIAN_POINT('',(-0.000976089198142177,-0.0128828844288678,0.0275));
#8679=CARTESIAN_POINT('',(-0.00150783975534705,-0.0123923215949969,0.0275));
#8680=CARTESIAN_POINT('',(-0.00201061903943912,-0.011863148405606,0.0275));
#8681=CARTESIAN_POINT('',(-0.00263937651040279,-0.0111128558489257,0.0275));
#8682=CARTESIAN_POINT('',(-0.00320247454724069,-0.0103038104384897,0.0275));
#8683=CARTESIAN_POINT('',(-0.00361756578963829,-0.00957330341631807,0.0275));
#8684=CARTESIAN_POINT('',(-0.00377452492524776,-0.00926401873626287,0.0275));
#8685=CARTESIAN_POINT('',(-0.00381935251032474,-0.00917270174103933,0.0275));
#8686=CARTESIAN_POINT('',(-0.006,-0.015010365,0.0275));
#8687=CARTESIAN_POINT('',(-0.00224976371254819,-0.0136190606521739,0.0275));
#8688=CARTESIAN_POINT('',(-0.00168722826943042,-0.013410365,0.0275));
#8689=CARTESIAN_POINT('',(-0.000882883009277499,-0.0129499421560483,0.0275));
#8690=CARTESIAN_POINT('',(-0.000882883009277499,-0.0129499421560483,0.0305));
#8691=CARTESIAN_POINT('',(-0.00197316578742569,-0.0120389198743446,0.0275));
#8692=CARTESIAN_POINT('',(-0.00197316578742569,-0.0120389198743446,0.0305));
#8693=CARTESIAN_POINT('',(-0.00289666613257408,-0.0108825801125034,0.0275));
#8694=CARTESIAN_POINT('',(-0.00289666613257408,-0.0108825801125034,0.0305));
#8695=CARTESIAN_POINT('',(-0.00359126051612489,-0.00961260533507297,0.0275));
#8696=CARTESIAN_POINT('',(-0.00359126051612489,-0.00961260533507297,0.0305));
#8697=CARTESIAN_POINT('',(-0.000882883009276837,-0.0129499421560489,0.0275));
#8698=CARTESIAN_POINT('',(-0.00359126056999515,-0.00961260523657827,0.0305));
#8699=CARTESIAN_POINT('',(-0.00428411369301852,-0.00932406558691279,0.0275));
#8700=CARTESIAN_POINT('',(-0.00428411369301852,-0.00932406558691279,0.0305));
#8701=CARTESIAN_POINT('',(-0.00454275912523775,-0.00939874651031268,0.0275));
#8702=CARTESIAN_POINT('',(-0.00454275912523775,-0.00939874651031268,0.0305));
#8703=CARTESIAN_POINT('',(-0.00480414898635183,-0.00945835600373504,0.0275));
#8704=CARTESIAN_POINT('',(-0.00480414898635183,-0.00945835600373504,0.0305));
#8705=CARTESIAN_POINT('',(-0.00507377974305613,-0.00951028442880462,0.0275));
#8706=CARTESIAN_POINT('',(-0.00507377974305613,-0.00951028442880462,0.0305));
#8707=CARTESIAN_POINT('',(-0.00428411367059778,-0.00932406558043906,0.0275));
#8708=CARTESIAN_POINT('',(-0.00507377974305814,-0.00951028442880501,0.0305));
#8709=CARTESIAN_POINT('',(-0.00553793512629924,-0.0103266356113416,0.0275));
#8710=CARTESIAN_POINT('',(-0.00550487195166904,-0.0106109504689793,0.0275));
#8711=CARTESIAN_POINT('',(-0.00555629404683857,-0.0101687646888455,0.0275));
#8712=CARTESIAN_POINT('',(-0.006,-0.015010365,0.0275));
#8713=CARTESIAN_POINT('',(-0.00224976371254819,-0.0136190606521739,0.0275));
#8714=CARTESIAN_POINT('',(-0.00505120723387084,-0.0111245198812464,0.0275));
#8715=CARTESIAN_POINT('',(-0.00072209503726938,-0.014010365,0.0275));
#8716=CARTESIAN_POINT('',(-0.00126760473308247,-0.014010365,0.0275));
#8717=CARTESIAN_POINT('',(-0.00168722826943042,-0.014010365,0.0275));
#8718=CARTESIAN_POINT('',(1.38777878078145E-17,-0.015010365,0.0275));
#8719=CARTESIAN_POINT('',(0.00241208071073384,-0.0115280044250865,0.0275));
#8720=CARTESIAN_POINT('',(0.00980890821665525,-0.00725237000733614,0.0055));
#8721=CARTESIAN_POINT('',(0.00703078698710079,-0.00938122942822301,0.0055));
#8722=CARTESIAN_POINT('',(0.00631901394009083,-0.00698659202028145,0.0055));
#8723=CARTESIAN_POINT('',(0.00980890821665525,-0.00725237000733614,0.0055));
#8724=CARTESIAN_POINT('',(0.0129297865622272,-0.00566803470439678,0.0055));
#8725=CARTESIAN_POINT('',(0.00982346829863673,-0.0107523397220641,0.0055));
#8726=CARTESIAN_POINT('',(0.00980890821665525,-0.00725237000733614,0.0055));
#8727=CARTESIAN_POINT('',(0.0143116387235383,-0.00288428775365777,0.0275));
#8728=CARTESIAN_POINT('',(0.0130196618687616,-0.00461778066827673,0.0275));
#8729=CARTESIAN_POINT('',(0.0131204083204403,-0.00448260544473289,0.0275));
#8730=CARTESIAN_POINT('',(0.0127080302819946,-0.00168911414024016,0.0275));
#8731=CARTESIAN_POINT('',(0.0115545216676209,-0.00323681911852655,0.0275));
#8732=CARTESIAN_POINT('',(0.0114160534272179,-0.00342260705485912,0.0275));
#8733=CARTESIAN_POINT('',(0.00806300178716674,-0.0130774822571024,0.0275));
#8734=CARTESIAN_POINT('',(0.00891725293474149,-0.0113375411116625,0.0275));
#8735=CARTESIAN_POINT('',(0.00892998075763774,-0.0113116170461088,0.0275));
#8736=CARTESIAN_POINT('',(0.0062677066583222,-0.0121960542110617,0.0275));
#8737=CARTESIAN_POINT('',(0.00713468562879321,-0.0104301890000682,0.0275));
#8738=CARTESIAN_POINT('',(0.00712195780589696,-0.0104561130656219,0.0305));
#8739=CARTESIAN_POINT('',(0.00320963257748003,-0.00449083782823174,0.0275));
#8740=CARTESIAN_POINT('',(0.00583308693223802,-0.00605118512798787,0.0275));
#8741=CARTESIAN_POINT('',(-0.00152722714691186,-0.00167350416017166,0.0275));
#8742=CARTESIAN_POINT('',(0.00423200386266839,-0.0027718971791044,0.0275));
#8743=CARTESIAN_POINT('',(0.00685545821742638,-0.00433224447886053,0.0275));
#8744=CARTESIAN_POINT('',(0.00103401553270248,-0.000869835324563667,0.0305));
#8745=CARTESIAN_POINT('',(-0.00126760473308247,-0.013410365,0.029));
#8746=CARTESIAN_POINT('',(-0.00168722826943042,-0.013410365,0.0275));
#8747=CARTESIAN_POINT('',(-0.00490888831895147,-0.0105416431134334,0.0275));
#8748=CARTESIAN_POINT('',(-0.00411766983260165,-0.00990051718187071,0.029));
#8749=CARTESIAN_POINT('',(-0.00496031041412101,-0.0100994573332996,0.029));
#8750=CARTESIAN_POINT('',(-0.00819476965314689,-0.0108542867801363,0.0275));
#8751=CARTESIAN_POINT('',(-0.00821031365039883,-0.0107206217762389,0.029));
#8752=CARTESIAN_POINT('',(0.0172934353374825,-0.00540624239511907,0.029));
#8753=CARTESIAN_POINT('',(0.0138214660895335,-0.00521536747498554,0.0055));
#8754=CARTESIAN_POINT('',(0.0139222125412121,-0.00508019225144169,0.0055));
#8755=CARTESIAN_POINT('',(0.01420395735405,-0.00510766566978818,0.0055));
#8756=CARTESIAN_POINT('',(0.010398058562615,-0.0126319031273165,0.029));
#8757=CARTESIAN_POINT('',(0.00981490049916376,-0.0117782551346829,0.0275));
#8758=CARTESIAN_POINT('',(0.00982762832206001,-0.0117523310691292,0.0055));
#8759=CARTESIAN_POINT('',(0.00623703806437094,-0.00998947497704783,0.0055));
#8760=CARTESIAN_POINT('',(0.0062243102414747,-0.0100153990426015,0.0275));
#8761=CARTESIAN_POINT('',(0.00241208071073384,-0.0115280044250865,0.029));
#8762=CARTESIAN_POINT('',(0.00532190128964385,-0.00691065545255154,0.0055));
#8763=CARTESIAN_POINT('',(-0.00203841278950603,-0.00253297448473532,0.029));
#8764=CARTESIAN_POINT('',(-0.00329740728732698,-0.00787284344374764,0.029));
#8765=CARTESIAN_POINT('',(-0.0244040549776111,-0.00743351614097556,0.0275));
#8766=CARTESIAN_POINT('',(-0.0200139623843535,-0.00606276325519535,0.029));
#8767=CARTESIAN_POINT('',(-0.00945221142519099,-0.0186273024166249,0.0275));
#8768=CARTESIAN_POINT('',(-0.011051312133505,-0.0230001360371347,0.0275));
#8769=CARTESIAN_POINT('',(-0.0185495783286235,-0.00979597813957268,0.029));
#8770=CARTESIAN_POINT('',(-0.0229390666575776,-0.0111665423511917,0.0275));
#8771=CARTESIAN_POINT('',(-0.00732073887137446,-0.0244453369580191,0.0275));
#8772=CARTESIAN_POINT('',(0.0100557452825723,-0.0234526997605152,0.0275));
#8773=CARTESIAN_POINT('',(0.00724442086867551,-0.0198530312802226,0.0275));
#8774=CARTESIAN_POINT('',(0.00141742430504417,-0.017010365,0.0275));
#8775=CARTESIAN_POINT('',(-0.00141742430504414,-0.017010365,0.0275));
#8776=CARTESIAN_POINT('',(-0.00569552144983366,-0.0200010856706536,0.0275));
#8777=CARTESIAN_POINT('',(0.0198772010023407,-0.00945324858982584,0.029));
#8778=CARTESIAN_POINT('',(0.0227257221002594,-0.0115949507601305,0.0275));
#8779=CARTESIAN_POINT('',(0.0254295314980837,-0.002010365,0.0275));
#8780=CARTESIAN_POINT('',(0.0218278509927228,-0.002010365,0.029));
#8781=CARTESIAN_POINT('',(0.02062472080349,-0.015019760856933,0.0275));
#8782=CARTESIAN_POINT('',(0.0175442800695511,-0.0127036865227136,0.029));
#8783=CARTESIAN_POINT('',(0.0136513649643096,-0.0215580170025559,0.0275));
#8784=CARTESIAN_POINT('',(0.0107332504824541,-0.0166216811919214,0.029));
#8785=CARTESIAN_POINT('',(0.0103969077578242,-0.0173909536182172,0.0275));
#8786=CARTESIAN_POINT('',(-0.0118265460440095,0.00317893303490731,0.0275));
#8787=CARTESIAN_POINT('',(-0.0118265460440095,0.00317893303490731,0.0305));
#8788=CARTESIAN_POINT('',(-0.011643076000692,0.003127552676872,0.0275));
#8789=CARTESIAN_POINT('',(-0.011643076000692,0.003127552676872,0.0305));
#8790=CARTESIAN_POINT('',(-0.0112813439721007,0.00303803648992757,0.0275));
#8791=CARTESIAN_POINT('',(-0.0112813439721007,0.00303803648992757,0.0305));
#8792=CARTESIAN_POINT('',(-0.0106363594438758,0.00293107316965019,0.0275));
#8793=CARTESIAN_POINT('',(-0.0106363594438758,0.00293107316965019,0.0305));
#8794=CARTESIAN_POINT('',(-0.00982330241853903,0.00286232484808816,0.0275));
#8795=CARTESIAN_POINT('',(-0.00982330241853903,0.00286232484808816,0.0305));
#8796=CARTESIAN_POINT('',(-0.0088034818777991,0.00284853242961232,0.0275));
#8797=CARTESIAN_POINT('',(-0.0088034818777991,0.00284853242961232,0.0305));
#8798=CARTESIAN_POINT('',(-0.00745977321515121,0.00290467217769243,0.0275));
#8799=CARTESIAN_POINT('',(-0.00745977321515121,0.00290467217769243,0.0305));
#8800=CARTESIAN_POINT('',(-0.00627970801777922,0.00294913103285326,0.0275));
#8801=CARTESIAN_POINT('',(-0.00627970801777922,0.00294913103285326,0.0305));
#8802=CARTESIAN_POINT('',(-0.00538113093755536,0.00293836899578419,0.0275));
#8803=CARTESIAN_POINT('',(-0.00538113093755536,0.00293836899578419,0.0305));
#8804=CARTESIAN_POINT('',(-0.00483210258065727,0.00289870920963554,0.0275));
#8805=CARTESIAN_POINT('',(-0.00483210258065727,0.00289870920963554,0.0305));
#8806=CARTESIAN_POINT('',(-0.00435970183657266,0.00281900548695379,0.0275));
#8807=CARTESIAN_POINT('',(-0.00435970183657266,0.00281900548695379,0.0305));
#8808=CARTESIAN_POINT('',(-0.00395812353035927,0.00270921405241719,0.0275));
#8809=CARTESIAN_POINT('',(-0.00395812353035927,0.00270921405241719,0.0305));
#8810=CARTESIAN_POINT('',(-0.00346564250102042,0.00250238056596286,0.0275));
#8811=CARTESIAN_POINT('',(-0.00346564250102042,0.00250238056596286,0.0305));
#8812=CARTESIAN_POINT('',(-0.00302196394821391,0.00214996224064039,0.0275));
#8813=CARTESIAN_POINT('',(-0.00302196394821391,0.00214996224064039,0.0305));
#8814=CARTESIAN_POINT('',(-0.00283011398555052,0.00190133596770371,0.0275));
#8815=CARTESIAN_POINT('',(-0.00283011398555052,0.00190133596770371,0.0305));
#8816=CARTESIAN_POINT('',(-0.0118265460442361,0.00317893303497075,0.0055));
#8817=CARTESIAN_POINT('',(-0.00283011406965847,0.00190133607670266,0.0275));
#8818=CARTESIAN_POINT('',(0.00980890821665525,0.00723164000733614,0.0055));
#8819=CARTESIAN_POINT('',(0.0104352845420481,0.00378814575019162,0.0055));
#8820=CARTESIAN_POINT('',(0.00790936927260604,0.00429195434386116,0.0055));
#8821=CARTESIAN_POINT('',(0.0144510474056005,0.00109457465073884,0.0055));
#8822=CARTESIAN_POINT('',(0.0142657298669376,0.00408884541502585,0.0055));
#8823=CARTESIAN_POINT('',(0.0140544212573092,0.00406824035126598,0.0055));
#8824=CARTESIAN_POINT('',(0.006,0.014989635,0.0275));
#8825=CARTESIAN_POINT('',(0.00905192039933101,0.0124039471077463,0.0275));
#8826=CARTESIAN_POINT('',(0.00951844685009197,0.0130868655018532,0.0275));
#8827=CARTESIAN_POINT('',(0.00197002806850397,0.0124042635339934,0.0275));
#8828=CARTESIAN_POINT('',(0.00197002806850397,0.0124042635339934,0.0305));
#8829=CARTESIAN_POINT('',(0.00158072515253384,0.0122124079350414,0.0275));
#8830=CARTESIAN_POINT('',(0.00158072515253384,0.0122124079350414,0.0305));
#8831=CARTESIAN_POINT('',(0.000825004857808406,0.0117797445831375,0.0275));
#8832=CARTESIAN_POINT('',(0.000825004857808406,0.0117797445831375,0.0305));
#8833=CARTESIAN_POINT('',(-0.000623260756052563,0.0105194652373184,0.0275));
#8834=CARTESIAN_POINT('',(-0.000623260756052563,0.0105194652373184,0.0305));
#8835=CARTESIAN_POINT('',(-0.0015481162030222,0.00922205477436342,0.0275));
#8836=CARTESIAN_POINT('',(-0.0015481162030222,0.00922205477436342,0.0305));
#8837=CARTESIAN_POINT('',(-0.00199314299970865,0.00833316457643033,0.0275));
#8838=CARTESIAN_POINT('',(-0.00199314299970865,0.00833316457643033,0.0305));
#8839=CARTESIAN_POINT('',(-0.00199314299970866,0.00833316457643032,0.0055));
#8840=CARTESIAN_POINT('',(0.0187926672197654,0.00289612657034126,0.0275));
#8841=CARTESIAN_POINT('',(0.0187723852923457,0.00318664633250893,0.0275));
#8842=CARTESIAN_POINT('',(0.0186072394705227,0.00478959415520541,0.0275));
#8843=CARTESIAN_POINT('',(0.0176114735765631,0.00774906743904478,0.0275));
#8844=CARTESIAN_POINT('',(0.0152470551475495,0.0109974300702679,0.0275));
#8845=CARTESIAN_POINT('',(0.0120658518145614,0.0136739610403074,0.0275));
#8846=CARTESIAN_POINT('',(0.00877819358765621,0.0136666548887253,0.0275));
#8847=CARTESIAN_POINT('',(0.0065760411473397,0.0141643669313551,0.0275));
#8848=CARTESIAN_POINT('',(0.00341996640792859,0.0130463907957718,0.0275));
#8849=CARTESIAN_POINT('',(0.000430396228976889,0.0118231013798968,0.0275));
#8850=CARTESIAN_POINT('',(-0.00137193172446713,0.00957396314748077,0.0275));
#8851=CARTESIAN_POINT('',(-0.00199314299970865,0.00833316457643033,0.0275));
#8852=CARTESIAN_POINT('',(0.00197002806825081,0.0124042635338686,0.0275));
#8853=CARTESIAN_POINT('',(0.00197002806825081,0.0124042635338686,0.0305));
#8854=CARTESIAN_POINT('',(-0.00455107493397129,0.00728950913463926,0.0275));
#8855=CARTESIAN_POINT('',(-0.00455107493397129,0.00728950913463926,0.0305));
#8856=CARTESIAN_POINT('',(-0.00478228460790558,0.00737065101027683,0.0275));
#8857=CARTESIAN_POINT('',(-0.00478228460790558,0.00737065101027683,0.0305));
#8858=CARTESIAN_POINT('',(-0.00520765191556121,0.007489111705201,0.0275));
#8859=CARTESIAN_POINT('',(-0.00520765191556121,0.007489111705201,0.0305));
#8860=CARTESIAN_POINT('',(-0.00634881756626776,0.0076781261530586,0.0275));
#8861=CARTESIAN_POINT('',(-0.00634881756626776,0.0076781261530586,0.0305));
#8862=CARTESIAN_POINT('',(-0.00803948642453603,0.0079355978591332,0.0275));
#8863=CARTESIAN_POINT('',(-0.00803948642453603,0.0079355978591332,0.0305));
#8864=CARTESIAN_POINT('',(-0.00969545534070253,0.00820396518992538,0.0275));
#8865=CARTESIAN_POINT('',(-0.00969545534070253,0.00820396518992538,0.0305));
#8866=CARTESIAN_POINT('',(-0.0107864625405493,0.0083375991337506,0.0275));
#8867=CARTESIAN_POINT('',(-0.0107864625405493,0.0083375991337506,0.0305));
#8868=CARTESIAN_POINT('',(-0.011685803681454,0.00838748110939185,0.0275));
#8869=CARTESIAN_POINT('',(-0.011685803681454,0.00838748110939185,0.0305));
#8870=CARTESIAN_POINT('',(-0.0126041891908913,0.00838740188109082,0.0275));
#8871=CARTESIAN_POINT('',(-0.0126041891908913,0.00838740188109082,0.0305));
#8872=CARTESIAN_POINT('',(-0.0136803847926323,0.00837266668409991,0.0275));
#8873=CARTESIAN_POINT('',(-0.0136803847926323,0.00837266668409991,0.0305));
#8874=CARTESIAN_POINT('',(-0.014669070477207,0.00831285548707974,0.0275));
#8875=CARTESIAN_POINT('',(-0.014669070477207,0.00831285548707974,0.0305));
#8876=CARTESIAN_POINT('',(-0.0154833599123634,0.0081551494787397,0.0275));
#8877=CARTESIAN_POINT('',(-0.0154833599123634,0.0081551494787397,0.0305));
#8878=CARTESIAN_POINT('',(-0.0160896507604266,0.00789189610582212,0.0275));
#8879=CARTESIAN_POINT('',(-0.0160896507604266,0.00789189610582212,0.0305));
#8880=CARTESIAN_POINT('',(-0.0166361479499502,0.00749536049351923,0.0275));
#8881=CARTESIAN_POINT('',(-0.0166361479499502,0.00749536049351923,0.0305));
#8882=CARTESIAN_POINT('',(-0.0170721243659796,0.00695791858375468,0.0275));
#8883=CARTESIAN_POINT('',(-0.0170721243659796,0.00695791858375468,0.0305));
#8884=CARTESIAN_POINT('',(-0.0170854902758578,0.00672728870504328,0.0275));
#8885=CARTESIAN_POINT('',(-0.0170854902758578,0.00672728870504328,0.0305));
#8886=CARTESIAN_POINT('',(-0.0170797706825528,0.00667236820778901,0.0275));
#8887=CARTESIAN_POINT('',(-0.0170797706825528,0.00667236820778901,0.0305));
#8888=CARTESIAN_POINT('',(-0.00455107493397129,0.00728950913463926,0.0055));
#8889=CARTESIAN_POINT('',(-0.0170797706824399,0.00667236820670462,0.0055));
#8890=CARTESIAN_POINT('',(0.0182444230283769,0.00569474113208815,0.0275));
#8891=CARTESIAN_POINT('',(0.0182444230283769,0.00569474113208815,0.0305));
#8892=CARTESIAN_POINT('',(0.0179416145088234,0.00662598438438223,0.0275));
#8893=CARTESIAN_POINT('',(0.0179416145088234,0.00662598438438223,0.0305));
#8894=CARTESIAN_POINT('',(0.0171203410000194,0.00842364015350946,0.0275));
#8895=CARTESIAN_POINT('',(0.0171203410000194,0.00842364015350946,0.0305));
#8896=CARTESIAN_POINT('',(0.0153804820311389,0.0107286101225313,0.0275));
#8897=CARTESIAN_POINT('',(0.0153804820311389,0.0107286101225313,0.0305));
#8898=CARTESIAN_POINT('',(0.0135084830835575,0.0124881456957334,0.0275));
#8899=CARTESIAN_POINT('',(0.0135084830835575,0.0124881456957334,0.0305));
#8900=CARTESIAN_POINT('',(0.0118403419731165,0.013363584915907,0.0275));
#8901=CARTESIAN_POINT('',(0.0118403419731165,0.013363584915907,0.0305));
#8902=CARTESIAN_POINT('',(0.0109650481706574,0.0135427320505191,0.0275));
#8903=CARTESIAN_POINT('',(0.0109650481706574,0.0135427320505191,0.0305));
#8904=CARTESIAN_POINT('',(0.010534026124847,0.013601886416831,0.0275));
#8905=CARTESIAN_POINT('',(0.010534026124847,0.013601886416831,0.0305));
#8906=CARTESIAN_POINT('',(0.0105340261248492,0.0136018864168307,0.0275));
#8907=CARTESIAN_POINT('',(0.018244423028351,0.00569474113216764,0.0305));
#8908=CARTESIAN_POINT('',(0.006,0.014989635,0.0275));
#8909=CARTESIAN_POINT('',(0.006,0.014989635,0.0175));
#8910=CARTESIAN_POINT('',(0.006,0.012,0.0175));
#8911=CARTESIAN_POINT('',(0.006,0.01797927,0.0175));
#8912=CARTESIAN_POINT('',(0.006,0.01797927,0.0275));
#8913=CARTESIAN_POINT('',(0.006,0.012,0.0275));
#8914=CARTESIAN_POINT('',(-0.005,0.012,0.0275));
#8915=CARTESIAN_POINT('',(-0.005,0.012,0.0275));
#8916=CARTESIAN_POINT('',(-0.006,0.012,0.0275));
#8917=CARTESIAN_POINT('',(-0.006,0.012,0.0175));
#8918=CARTESIAN_POINT('',(-0.005,0.012,0.0175));
#8919=CARTESIAN_POINT('',(0.00180939869266613,0.012,0.0275));
#8920=CARTESIAN_POINT('',(0.006,0.014989635,0.0275));
#8921=CARTESIAN_POINT('',(0.006,0.014989635,0.0175));
#8922=CARTESIAN_POINT('',(0.008,0.014989635,0.0175));
#8923=CARTESIAN_POINT('',(0.,2.10064170919067E-19,0.0175));
#8924=CARTESIAN_POINT('',(-0.006,0.014989635,0.0175));
#8925=CARTESIAN_POINT('',(-0.006,0.01797927,0.0175));
#8926=CARTESIAN_POINT('',(-0.003863339375,0.01797927,0.0175));
#8927=CARTESIAN_POINT('',(-0.006,0.014989635,0.0175));
#8928=CARTESIAN_POINT('',(-0.004,0.014989635,0.0175));
#8929=CARTESIAN_POINT('',(-0.003863339375,0.01797927,0.0275));
#8930=CARTESIAN_POINT('',(-0.006,0.01797927,0.0275));
#8931=CARTESIAN_POINT('',(-0.003863339375,0.01797927,0.0275));
#8932=CARTESIAN_POINT('',(-0.006,0.014989635,0.0275));
#8933=CARTESIAN_POINT('',(-0.006,0.014989635,0.0275));
#8934=CARTESIAN_POINT('',(0.0161033347249031,0.00156665647587598,0.0055));
#8935=CARTESIAN_POINT('',(0.0146788016967633,0.00420686587131013,0.0055));
#8936=CARTESIAN_POINT('',(0.0169959101843377,0.0044307984153083,0.0055));
#8937=CARTESIAN_POINT('',(0.0144510474056005,0.00109457465073884,0.0055));
#8938=CARTESIAN_POINT('',(0.0116772999365369,0.00223752039654802,0.0055));
#8939=CARTESIAN_POINT('',(0.0115677769609272,0.00026586991268471,0.0055));
#8940=CARTESIAN_POINT('',(0.00648872445109063,0.00409432272961633,0.0281));
#8941=CARTESIAN_POINT('',(-0.00236509912671365,0.00749044855237194,0.0275));
#8942=CARTESIAN_POINT('',(-0.00371643119722582,0.00694413824423331,0.0275));
#8943=CARTESIAN_POINT('',(-0.00371643119722582,0.00694413824423331,0.0305));
#8944=CARTESIAN_POINT('',(-0.00401520333062945,0.00708201939732875,0.0275));
#8945=CARTESIAN_POINT('',(-0.00401520333062945,0.00708201939732875,0.0305));
#8946=CARTESIAN_POINT('',(-0.00429511680192638,0.00719968191173209,0.0275));
#8947=CARTESIAN_POINT('',(-0.00429511680192638,0.00719968191173209,0.0305));
#8948=CARTESIAN_POINT('',(-0.00455107493397129,0.00728950913463926,0.0275));
#8949=CARTESIAN_POINT('',(-0.00455107493397129,0.00728950913463926,0.0305));
#8950=CARTESIAN_POINT('',(-0.00371643119718284,0.00694413824421348,0.0305));
#8951=CARTESIAN_POINT('',(0.0138587354888316,0.000231721691912266,0.0055));
#8952=CARTESIAN_POINT('',(0.0138046584988624,0.000300018133457156,0.0055));
#8953=CARTESIAN_POINT('',(0.0136670517156498,0.000473808383824531,0.0055));
#8954=CARTESIAN_POINT('',(0.0144510474056005,0.00109457465073883,0.0055));
#8955=CARTESIAN_POINT('',(0.0147766226823576,0.00204009077390362,0.0055));
#8956=CARTESIAN_POINT('',(0.0161033347249031,0.00156665647587598,0.0055));
#8957=CARTESIAN_POINT('',(0.0153273851221251,0.00219745138228267,0.0055));
#8958=CARTESIAN_POINT('',(0.0170002757443155,0.0011245062664499,0.0055));
#8959=CARTESIAN_POINT('',(0.0167205563663004,0.000557070633224948,0.0055));
#8960=CARTESIAN_POINT('',(0.0165498167335888,0.000210710104713041,0.0055));
#8961=CARTESIAN_POINT('',(0.006,0.014989635,0.0275));
#8962=CARTESIAN_POINT('',(0.00312966456858709,0.0122037465400692,0.0275));
#8963=CARTESIAN_POINT('',(0.00312966456858709,0.0122037465400692,0.0275));
#8964=CARTESIAN_POINT('',(0.006,0.014989635,0.0275));
#8965=CARTESIAN_POINT('',(0.00617944819317976,0.0109936622340812,0.0275));
#8966=CARTESIAN_POINT('',(-0.0132880381091034,0.00349350394926711,0.0055));
#8967=CARTESIAN_POINT('',(-0.0147495301529518,0.00380807485767721,0.0055));
#8968=CARTESIAN_POINT('',(-0.0141285081891199,0.00669333422187791,0.0055));
#8969=CARTESIAN_POINT('',(0.0208297866215797,0.0113998536416085,0.0275));
#8970=CARTESIAN_POINT('',(0.0221247687068711,0.0123735048266395,0.0275));
#8971=CARTESIAN_POINT('',(0.0192762476089525,0.0102318026563349,0.0305));
#8972=CARTESIAN_POINT('',(7.63278329429795E-17,-1.03649999999736E-5,0.0275));
#8973=CARTESIAN_POINT('',(0.0264264529624726,0.00206804159309543,0.0275));
#8974=CARTESIAN_POINT('',(0.0236166453230168,0.0120283747110673,0.0275));
#8975=CARTESIAN_POINT('',(0.0236532411557385,0.000989635,0.0275));
#8976=CARTESIAN_POINT('',(0.0218278509927228,0.000989635,0.0275));
#8977=CARTESIAN_POINT('',(0.0254295314980837,0.000989635,0.0275));
#8978=CARTESIAN_POINT('',(0.0208278961690839,0.00198012970246108,0.0275));
#8979=CARTESIAN_POINT('',(0.0208278961690839,0.00198012970246108,0.0305));
#8980=CARTESIAN_POINT('',(0.0208225532532929,0.00254220364438901,0.0275));
#8981=CARTESIAN_POINT('',(0.0208225532532929,0.00254220364438901,0.0305));
#8982=CARTESIAN_POINT('',(0.020768029285042,0.00371720042444005,0.0275));
#8983=CARTESIAN_POINT('',(0.020768029285042,0.00371720042444005,0.0305));
#8984=CARTESIAN_POINT('',(0.0202936745314239,0.00617058344364009,0.0275));
#8985=CARTESIAN_POINT('',(0.0202936745314239,0.00617058344364009,0.0305));
#8986=CARTESIAN_POINT('',(0.0195874903463839,0.00788682649164522,0.0275));
#8987=CARTESIAN_POINT('',(0.0195874903463839,0.00788682649164522,0.0305));
#8988=CARTESIAN_POINT('',(0.0190014827939113,0.00894969603502437,0.0275));
#8989=CARTESIAN_POINT('',(0.0190014827939113,0.00894969603502437,0.0305));
#8990=CARTESIAN_POINT('',(0.0208278961689929,0.00198012971204033,0.0275));
#8991=CARTESIAN_POINT('',(0.0190014828296154,0.00894969597026609,0.0305));
#8992=CARTESIAN_POINT('',(-0.0220640964484582,0.00772977535812816,0.0275));
#8993=CARTESIAN_POINT('',(-0.0197159154093834,0.00699658445901375,0.0275));
#8994=CARTESIAN_POINT('',(-0.0241060080026411,0.00836733734479397,0.0275));
#8995=CARTESIAN_POINT('',(-0.0190344818659976,0.0062435721203337,0.0275));
#8996=CARTESIAN_POINT('',(-0.0190344818659976,0.0062435721203337,0.0305));
#8997=CARTESIAN_POINT('',(-0.0189289324005591,0.0057306008625719,0.0275));
#8998=CARTESIAN_POINT('',(-0.0189289324005591,0.0057306008625719,0.0305));
#8999=CARTESIAN_POINT('',(-0.0185138820931145,0.00499941685941969,0.0275));
#9000=CARTESIAN_POINT('',(-0.0185138820931145,0.00499941685941969,0.0305));
#9001=CARTESIAN_POINT('',(-0.0178835340168305,0.00400111385873271,0.0275));
#9002=CARTESIAN_POINT('',(-0.0178835340168305,0.00400111385873271,0.0305));
#9003=CARTESIAN_POINT('',(-0.0173235707583251,0.00329306496172603,0.0275));
#9004=CARTESIAN_POINT('',(-0.0173235707583251,0.00329306496172603,0.0305));
#9005=CARTESIAN_POINT('',(-0.016585351681832,0.00269908687539108,0.0275));
#9006=CARTESIAN_POINT('',(-0.016585351681832,0.00269908687539108,0.0305));
#9007=CARTESIAN_POINT('',(-0.0156291482292245,0.0022663615410751,0.0275));
#9008=CARTESIAN_POINT('',(-0.0156291482292245,0.0022663615410751,0.0305));
#9009=CARTESIAN_POINT('',(-0.0146099717759491,0.00193890256076555,0.0275));
#9010=CARTESIAN_POINT('',(-0.0146099717759491,0.00193890256076555,0.0305));
#9011=CARTESIAN_POINT('',(-0.0133653235422399,0.00157896546899645,0.0275));
#9012=CARTESIAN_POINT('',(-0.0133653235422399,0.00157896546899645,0.0305));
#9013=CARTESIAN_POINT('',(-0.0124773833646967,0.00125928479618674,0.0275));
#9014=CARTESIAN_POINT('',(-0.0124773833646967,0.00125928479618674,0.0305));
#9015=CARTESIAN_POINT('',(-0.0113973926496782,0.00101860404802015,0.0275));
#9016=CARTESIAN_POINT('',(-0.0113973926496782,0.00101860404802015,0.0305));
#9017=CARTESIAN_POINT('',(-0.0104243528827039,0.00089376271240607,0.0275));
#9018=CARTESIAN_POINT('',(-0.0104243528827039,0.00089376271240607,0.0305));
#9019=CARTESIAN_POINT('',(-0.00924001572207181,0.000840059889722148,0.0275));
#9020=CARTESIAN_POINT('',(-0.00924001572207181,0.000840059889722148,0.0305));
#9021=CARTESIAN_POINT('',(-0.0077463340602283,0.000887798072075033,0.0275));
#9022=CARTESIAN_POINT('',(-0.0077463340602283,0.000887798072075033,0.0305));
#9023=CARTESIAN_POINT('',(-0.00618588856510663,0.000956513418434798,0.0275));
#9024=CARTESIAN_POINT('',(-0.00618588856510663,0.000956513418434798,0.0305));
#9025=CARTESIAN_POINT('',(-0.00533487993888406,0.000939079255184008,0.0275));
#9026=CARTESIAN_POINT('',(-0.00533487993888406,0.000939079255184008,0.0305));
#9027=CARTESIAN_POINT('',(-0.00501030979558758,0.000896827046842139,0.0275));
#9028=CARTESIAN_POINT('',(-0.00501030979558758,0.000896827046842139,0.0305));
#9029=CARTESIAN_POINT('',(-0.00501030979558761,0.000896827046842212,0.0275));
#9030=CARTESIAN_POINT('',(-0.0190344818659928,0.00624357212031001,0.0275));
#9031=CARTESIAN_POINT('',(-0.00501030979558758,0.000896827046842139,0.0275));
#9032=CARTESIAN_POINT('',(-0.00501030979558758,0.000896827046842139,0.0305));
#9033=CARTESIAN_POINT('',(-0.00477931143562455,0.000866755917277789,0.0275));
#9034=CARTESIAN_POINT('',(-0.00477931143562455,0.000866755917277789,0.0305));
#9035=CARTESIAN_POINT('',(-0.00441628425439413,0.000773729720404121,0.0275));
#9036=CARTESIAN_POINT('',(-0.00441628425439413,0.000773729720404121,0.0305));
#9037=CARTESIAN_POINT('',(-0.00435238867546077,0.00058147229977591,0.0275));
#9038=CARTESIAN_POINT('',(-0.00435238867546077,0.00058147229977591,0.0305));
#9039=CARTESIAN_POINT('',(-0.00437063148723497,0.000468697591267313,0.0275));
#9040=CARTESIAN_POINT('',(-0.00437063148723497,0.000468697591267313,0.0305));
#9041=CARTESIAN_POINT('',(-0.00437063148820914,0.000468697585245132,0.0275));
#9042=CARTESIAN_POINT('',(1.43114686768087E-17,0.015989635,0.0275));
#9043=CARTESIAN_POINT('',(1.43114686768087E-17,0.015989635,0.0275));
#9044=CARTESIAN_POINT('',(-0.00141742430504414,0.015989635,0.0275));
#9045=CARTESIAN_POINT('',(0.00141742430504417,0.015989635,0.0275));
#9046=CARTESIAN_POINT('',(-0.00141742430504414,0.015989635,0.0275));
#9047=CARTESIAN_POINT('',(0.00141742430504417,0.015989635,0.0305));
#9048=CARTESIAN_POINT('',(-0.006,0.014989635,0.0275));
#9049=CARTESIAN_POINT('',(-0.006,0.014989635,0.0275));
#9050=CARTESIAN_POINT('',(-0.00233393944403531,0.016589635,0.0275));
#9051=CARTESIAN_POINT('',(-0.00575641715986692,0.0189822115365229,0.0275));
#9052=CARTESIAN_POINT('',(-0.00233393944403531,0.016589635,0.0275));
#9053=CARTESIAN_POINT('',(-0.00750405717746218,0.0220142340352818,0.0275));
#9054=CARTESIAN_POINT('',(-0.00663469394367299,0.0196369098571463,0.0275));
#9055=CARTESIAN_POINT('',(-0.00825991136521379,0.024081161144512,0.0275));
#9056=CARTESIAN_POINT('',(3.46944695195361E-18,-1.03649999999703E-5,0.0275));
#9057=CARTESIAN_POINT('',(0.0104499636468932,0.0243509865619025,0.0275));
#9058=CARTESIAN_POINT('',(-0.00760773596829734,0.0253825384098245,0.0275));
#9059=CARTESIAN_POINT('',(0.0096092660737088,0.0212356459257036,0.0275));
#9060=CARTESIAN_POINT('',(0.00803254259096268,0.0192167818647213,0.0275));
#9061=CARTESIAN_POINT('',(0.0108438670048594,0.0228164503450138,0.0275));
#9062=CARTESIAN_POINT('',(0.006,0.014989635,0.0275));
#9063=CARTESIAN_POINT('',(0.006,0.014989635,0.0275));
#9064=CARTESIAN_POINT('',(0.00233393944403534,0.016589635,0.0275));
#9065=CARTESIAN_POINT('',(0.00233393944403534,0.016589635,0.0275));
#9066=CARTESIAN_POINT('',(0.00699553669494041,0.0188637680241781,0.0275));
#9067=CARTESIAN_POINT('',(-0.000703475164977291,0.00194578893415769,0.0275));
#9068=CARTESIAN_POINT('',(-0.00141742430504414,0.016989635,0.0275));
#9069=CARTESIAN_POINT('',(0.00141742430504417,0.016989635,0.0275));
#9070=CARTESIAN_POINT('',(0.0197005273754295,0.0130530428885583,0.0275));
#9071=CARTESIAN_POINT('',(0.0181452334629394,0.0118836724562046,0.0275));
#9072=CARTESIAN_POINT('',(0.0212256741968783,0.014199746790424,0.0275));
#9073=CARTESIAN_POINT('',(0.0168020776890646,0.012012780705185,0.0275));
#9074=CARTESIAN_POINT('',(0.0168020776890646,0.012012780705185,0.0305));
#9075=CARTESIAN_POINT('',(0.0164169390295358,0.0124393118070883,0.0275));
#9076=CARTESIAN_POINT('',(0.0164169390295358,0.0124393118070883,0.0305));
#9077=CARTESIAN_POINT('',(0.0155980035339533,0.0132751115333986,0.0275));
#9078=CARTESIAN_POINT('',(0.0155980035339533,0.0132751115333986,0.0305));
#9079=CARTESIAN_POINT('',(0.0143802475768729,0.0142395877224659,0.0275));
#9080=CARTESIAN_POINT('',(0.0143802475768729,0.0142395877224659,0.0305));
#9081=CARTESIAN_POINT('',(0.0132773912822419,0.0148749112989541,0.0275));
#9082=CARTESIAN_POINT('',(0.0132773912822419,0.0148749112989541,0.0305));
#9083=CARTESIAN_POINT('',(0.0120329367824083,0.0153905261381664,0.0275));
#9084=CARTESIAN_POINT('',(0.0120329367824083,0.0153905261381664,0.0305));
#9085=CARTESIAN_POINT('',(0.0111386939824006,0.0155445807762785,0.0275));
#9086=CARTESIAN_POINT('',(0.0111386939824006,0.0155445807762785,0.0305));
#9087=CARTESIAN_POINT('',(0.0106130934162906,0.0156081962979768,0.0275));
#9088=CARTESIAN_POINT('',(0.0106130934162906,0.0156081962979768,0.0305));
#9089=CARTESIAN_POINT('',(0.0106130934189051,0.0156081962976603,0.0305));
#9090=CARTESIAN_POINT('',(0.0168020776890648,0.0120127807051847,0.0275));
#9091=CARTESIAN_POINT('',(0.006,0.014989635,0.0275));
#9092=CARTESIAN_POINT('',(0.00951752620625936,0.0168941058945738,0.0275));
#9093=CARTESIAN_POINT('',(0.00978660038596328,0.0162786879535371,0.0275));
#9094=CARTESIAN_POINT('',(0.0112917175650197,0.0201405977175906,0.0275));
#9095=CARTESIAN_POINT('',(0.00960878603553702,0.0179857430337186,0.0275));
#9096=CARTESIAN_POINT('',(0.0128632432420224,0.0221528064180573,0.0275));
#9097=CARTESIAN_POINT('',(1.47451495458029E-17,-1.0364999999979E-5,0.0275));
#9098=CARTESIAN_POINT('',(0.0141865434732865,0.0223820259939191,0.0275));
#9099=CARTESIAN_POINT('',(0.0214332778493631,0.0155874486537145,0.0275));
#9100=CARTESIAN_POINT('',(-0.00752016987024577,0.0105745717039532,0.0275));
#9101=CARTESIAN_POINT('',(-0.00751499941222833,0.0106190331947686,0.0275));
#9102=CARTESIAN_POINT('',(-0.00749945541497639,0.0107526981986661,0.0275));
#9103=CARTESIAN_POINT('',(-0.00832177709702891,0.010008823111007,0.0275));
#9104=CARTESIAN_POINT('',(-0.00832177709702891,0.010008823111007,0.0305));
#9105=CARTESIAN_POINT('',(-0.00878302522188108,0.0100832184762326,0.0275));
#9106=CARTESIAN_POINT('',(-0.00878302522188108,0.0100832184762326,0.0305));
#9107=CARTESIAN_POINT('',(-0.00971698209308417,0.0102292247518424,0.0275));
#9108=CARTESIAN_POINT('',(-0.00971698209308417,0.0102292247518424,0.0305));
#9109=CARTESIAN_POINT('',(-0.011390950407493,0.0104060935085078,0.0275));
#9110=CARTESIAN_POINT('',(-0.011390950407493,0.0104060935085078,0.0305));
#9111=CARTESIAN_POINT('',(-0.0131227790214435,0.0103824269623092,0.0275));
#9112=CARTESIAN_POINT('',(-0.0131227790214435,0.0103824269623092,0.0305));
#9113=CARTESIAN_POINT('',(-0.015772666515537,0.0103192418812087,0.0275));
#9114=CARTESIAN_POINT('',(-0.015772666515537,0.0103192418812087,0.0305));
#9115=CARTESIAN_POINT('',(-0.0172999241041089,0.00954498415103815,0.0275));
#9116=CARTESIAN_POINT('',(-0.0172999241041089,0.00954498415103815,0.0305));
#9117=CARTESIAN_POINT('',(-0.0178874395829055,0.00902586687384812,0.0275));
#9118=CARTESIAN_POINT('',(-0.0178874395829055,0.00902586687384812,0.0305));
#9119=CARTESIAN_POINT('',(-0.0083217770970251,0.0100088231110064,0.0275));
#9120=CARTESIAN_POINT('',(-0.0178874395828899,0.00902586687386188,0.0305));
#9121=CARTESIAN_POINT('',(-0.0212972197632627,0.00958555293896014,0.0275));
#9122=CARTESIAN_POINT('',(-0.0232371136325478,0.0101912611473733,0.0275));
#9123=CARTESIAN_POINT('',(-0.0188476253035936,0.00882069693575429,0.0305));
#9124=CARTESIAN_POINT('',(-2.60208521396521E-17,-1.03649999999807E-5,0.0275));
#9125=CARTESIAN_POINT('',(-0.0238383536902825,0.0115831712802294,0.0275));
#9126=CARTESIAN_POINT('',(-0.0114845600003162,0.0238806808486676,0.0275));
#9127=CARTESIAN_POINT('',(-0.00937613427071336,0.0213102024874733,0.0275));
#9128=CARTESIAN_POINT('',(-0.0101121396396657,0.0233228518506419,0.0275));
#9129=CARTESIAN_POINT('',(-0.00851303893135166,0.018950018230132,0.0275));
#9130=CARTESIAN_POINT('',(-0.006,0.014989635,0.0275));
#9131=CARTESIAN_POINT('',(-0.00786788906650799,0.0114525471533075,0.0275));
#9132=CARTESIAN_POINT('',(-0.00876176914015279,0.0178831849332999,0.0275));
#9133=CARTESIAN_POINT('',(-0.000703475164977291,0.00194578893415769,0.0275));
#9134=CARTESIAN_POINT('',(-0.00072209503726938,0.013989635,0.0275));
#9135=CARTESIAN_POINT('',(-0.00168722826943042,0.013989635,0.0275));
#9136=CARTESIAN_POINT('',(-0.00126760473308247,0.013989635,0.0275));
#9137=CARTESIAN_POINT('',(-0.00168722826943042,0.013389635,0.0275));
#9138=CARTESIAN_POINT('',(-0.00224976371254819,0.0135983306521739,0.0275));
#9139=CARTESIAN_POINT('',(-0.006,0.014989635,0.0275));
#9140=CARTESIAN_POINT('',(0.000682826579259183,0.0139896350008923,0.0275));
#9141=CARTESIAN_POINT('',(0.000510761848182453,0.0138960610512702,0.0275));
#9142=CARTESIAN_POINT('',(0.000146568720661405,0.0136850744479529,0.0275));
#9143=CARTESIAN_POINT('',(-0.000409585712571358,0.0133115256815536,0.0275));
#9144=CARTESIAN_POINT('',(-0.000976089198142177,0.0128621544288679,0.0275));
#9145=CARTESIAN_POINT('',(-0.00150783975534705,0.0123715915949969,0.0275));
#9146=CARTESIAN_POINT('',(-0.00201061903943912,0.0118424184056061,0.0275));
#9147=CARTESIAN_POINT('',(-0.00263937651040279,0.0110921258489257,0.0275));
#9148=CARTESIAN_POINT('',(-0.00320247454724069,0.0102830804384897,0.0275));
#9149=CARTESIAN_POINT('',(-0.00361756578963829,0.00955257341631808,0.0275));
#9150=CARTESIAN_POINT('',(-0.00377452492524776,0.00924328873626288,0.0275));
#9151=CARTESIAN_POINT('',(-0.00381935251032474,0.00915197174103934,0.0275));
#9152=CARTESIAN_POINT('',(-0.000882883009276845,0.0129292121560489,0.0275));
#9153=CARTESIAN_POINT('',(-0.00126760473308247,0.013389635,0.0275));
#9154=CARTESIAN_POINT('',(-0.000882883009277503,0.0129292121560483,0.0275));
#9155=CARTESIAN_POINT('',(-0.000882883009277503,0.0129292121560483,0.0305));
#9156=CARTESIAN_POINT('',(-0.00197316578742568,0.0120181898743446,0.0275));
#9157=CARTESIAN_POINT('',(-0.00197316578742568,0.0120181898743446,0.0305));
#9158=CARTESIAN_POINT('',(-0.00289666613257405,0.0108618501125034,0.0275));
#9159=CARTESIAN_POINT('',(-0.00289666613257405,0.0108618501125034,0.0305));
#9160=CARTESIAN_POINT('',(-0.00359126051612487,0.00959187533507301,0.0275));
#9161=CARTESIAN_POINT('',(-0.00359126051612487,0.00959187533507301,0.0305));
#9162=CARTESIAN_POINT('',(-0.00359126056999515,0.00959187523657827,0.0305));
#9163=CARTESIAN_POINT('',(-0.000882883009276837,0.0129292121560489,0.0275));
#9164=CARTESIAN_POINT('',(-0.00428411369301852,0.0093033355869128,0.0275));
#9165=CARTESIAN_POINT('',(-0.00428411369301852,0.0093033355869128,0.0305));
#9166=CARTESIAN_POINT('',(-0.00454275912523775,0.00937801651031269,0.0275));
#9167=CARTESIAN_POINT('',(-0.00454275912523775,0.00937801651031269,0.0305));
#9168=CARTESIAN_POINT('',(-0.00480414898635183,0.00943762600373504,0.0275));
#9169=CARTESIAN_POINT('',(-0.00480414898635183,0.00943762600373504,0.0305));
#9170=CARTESIAN_POINT('',(-0.00507377974305613,0.00948955442880462,0.0275));
#9171=CARTESIAN_POINT('',(-0.00507377974305613,0.00948955442880462,0.0305));
#9172=CARTESIAN_POINT('',(-0.00507377974305814,0.00948955442880501,0.0305));
#9173=CARTESIAN_POINT('',(-0.00428411367059778,0.00930333558043906,0.0275));
#9174=CARTESIAN_POINT('',(-0.00553793512629924,0.0103059056113416,0.0275));
#9175=CARTESIAN_POINT('',(-0.00555629404683857,0.0101480346888455,0.0275));
#9176=CARTESIAN_POINT('',(-0.00550487195166904,0.0105902204689793,0.0275));
#9177=CARTESIAN_POINT('',(-0.006,0.014989635,0.0275));
#9178=CARTESIAN_POINT('',(-0.00505120723387084,0.0111037898812464,0.0275));
#9179=CARTESIAN_POINT('',(-0.00224976371254819,0.0135983306521739,0.0275));
#9180=CARTESIAN_POINT('',(-0.00072209503726938,0.013989635,0.0275));
#9181=CARTESIAN_POINT('',(-0.00168722826943042,0.013989635,0.0275));
#9182=CARTESIAN_POINT('',(-0.00126760473308247,0.013989635,0.0275));
#9183=CARTESIAN_POINT('',(1.38777878078145E-17,0.014989635,0.0275));
#9184=CARTESIAN_POINT('',(0.00241208071073384,0.0115072744250865,0.0275));
#9185=CARTESIAN_POINT('',(0.00980890821665525,0.00723164000733614,0.0055));
#9186=CARTESIAN_POINT('',(0.00631901394009083,0.00696586202028146,0.0055));
#9187=CARTESIAN_POINT('',(0.00703078698710079,0.00936049942822301,0.0055));
#9188=CARTESIAN_POINT('',(0.00980890821665525,0.00723164000733614,0.0055));
#9189=CARTESIAN_POINT('',(0.00982346829863673,0.0107316097220641,0.0055));
#9190=CARTESIAN_POINT('',(0.0129297865622272,0.00564730470439679,0.0055));
#9191=CARTESIAN_POINT('',(0.00980890821665525,0.00723164000733614,0.0055));
#9192=CARTESIAN_POINT('',(0.0143116387235383,0.00286355775365778,0.0275));
#9193=CARTESIAN_POINT('',(0.0131204083204403,0.00446187544473289,0.0275));
#9194=CARTESIAN_POINT('',(0.0130196618687616,0.00459705066827674,0.0275));
#9195=CARTESIAN_POINT('',(0.0127080302819946,0.00166838414024017,0.0275));
#9196=CARTESIAN_POINT('',(0.0114160534272179,0.00340187705485912,0.0275));
#9197=CARTESIAN_POINT('',(0.0115545216676209,0.00321608911852655,0.0305));
#9198=CARTESIAN_POINT('',(0.00806300178716674,0.0130567522571024,0.0275));
#9199=CARTESIAN_POINT('',(0.00892998075763774,0.0112908870461088,0.0275));
#9200=CARTESIAN_POINT('',(0.00891725293474149,0.0113168111116626,0.0275));
#9201=CARTESIAN_POINT('',(0.0062677066583222,0.0121753242110617,0.0275));
#9202=CARTESIAN_POINT('',(0.00712195780589696,0.0104353830656219,0.0305));
#9203=CARTESIAN_POINT('',(0.00713468562879321,0.0104094590000682,0.0275));
#9204=CARTESIAN_POINT('',(0.00320963257748003,0.00447010782823174,0.0275));
#9205=CARTESIAN_POINT('',(-0.00152722714691186,0.00165277416017167,0.0275));
#9206=CARTESIAN_POINT('',(0.00583308693223802,0.00603045512798788,0.0275));
#9207=CARTESIAN_POINT('',(0.00423200386266839,0.00275116717910441,0.0275));
#9208=CARTESIAN_POINT('',(0.00685545821742638,0.00431151447886054,0.0305));
#9209=CARTESIAN_POINT('',(0.00103401553270248,0.000849105324563671,0.0275));
#9210=CARTESIAN_POINT('',(-0.00126760473308247,0.013389635,0.029));
#9211=CARTESIAN_POINT('',(-0.00168722826943042,0.013389635,0.0275));
#9212=CARTESIAN_POINT('',(-0.00490888831895147,0.0105209131134334,0.0275));
#9213=CARTESIAN_POINT('',(-0.00411766983260165,0.00987978718187072,0.029));
#9214=CARTESIAN_POINT('',(-0.00496031041412101,0.0100787273332996,0.029));
#9215=CARTESIAN_POINT('',(-0.00819476965314689,0.0108335567801363,0.0275));
#9216=CARTESIAN_POINT('',(-0.00821031365039883,0.0106998917762389,0.029));
#9217=CARTESIAN_POINT('',(0.0172934353374825,0.00538551239511907,0.029));
#9218=CARTESIAN_POINT('',(0.0138214660895335,0.00519463747498554,0.0055));
#9219=CARTESIAN_POINT('',(0.0139222125412121,0.0050594622514417,0.0055));
#9220=CARTESIAN_POINT('',(0.01420395735405,0.00508693566978819,0.0055));
#9221=CARTESIAN_POINT('',(0.010398058562615,0.0126111731273165,0.029));
#9222=CARTESIAN_POINT('',(0.00981490049916376,0.0117575251346829,0.0275));
#9223=CARTESIAN_POINT('',(0.00982762832206001,0.0117316010691292,0.0055));
#9224=CARTESIAN_POINT('',(0.00623703806437094,0.00996874497704783,0.0055));
#9225=CARTESIAN_POINT('',(0.0062243102414747,0.00999466904260153,0.0275));
#9226=CARTESIAN_POINT('',(0.00241208071073384,0.0115072744250865,0.029));
#9227=CARTESIAN_POINT('',(0.00532190128964385,0.00688992545255155,0.0055));
#9228=CARTESIAN_POINT('',(-0.00203841278950603,0.00251224448473533,0.029));
#9229=CARTESIAN_POINT('',(-0.00329740728732698,0.00785211344374765,0.029));
#9230=CARTESIAN_POINT('',(-0.0244040549776111,0.00741278614097556,0.0275));
#9231=CARTESIAN_POINT('',(-0.0200139623843535,0.00604203325519536,0.029));
#9232=CARTESIAN_POINT('',(-0.00945221142519099,0.0186065724166249,0.0275));
#9233=CARTESIAN_POINT('',(-0.011051312133505,0.0229794060371347,0.0275));
#9234=CARTESIAN_POINT('',(-0.0185495783286235,0.00977524813957269,0.029));
#9235=CARTESIAN_POINT('',(-0.0229390666575776,0.0111458123511917,0.0275));
#9236=CARTESIAN_POINT('',(-0.00732073887137446,0.0244246069580191,0.0275));
#9237=CARTESIAN_POINT('',(0.0100557452825723,0.0234319697605152,0.0275));
#9238=CARTESIAN_POINT('',(0.00724442086867551,0.0198323012802226,0.0275));
#9239=CARTESIAN_POINT('',(0.00141742430504417,0.016989635,0.0275));
#9240=CARTESIAN_POINT('',(-0.00141742430504414,0.016989635,0.0275));
#9241=CARTESIAN_POINT('',(-0.00569552144983366,0.0199803556706536,0.0275));
#9242=CARTESIAN_POINT('',(0.0198772010023407,0.00943251858982585,0.029));
#9243=CARTESIAN_POINT('',(0.0227257221002594,0.0115742207601305,0.0275));
#9244=CARTESIAN_POINT('',(0.0254295314980837,0.001989635,0.0275));
#9245=CARTESIAN_POINT('',(0.0218278509927228,0.001989635,0.029));
#9246=CARTESIAN_POINT('',(0.02062472080349,0.014999030856933,0.0275));
#9247=CARTESIAN_POINT('',(0.0175442800695511,0.0126829565227136,0.029));
#9248=CARTESIAN_POINT('',(0.0136513649643096,0.0215372870025559,0.0275));
#9249=CARTESIAN_POINT('',(0.0107332504824541,0.0166009511919215,0.029));
#9250=CARTESIAN_POINT('',(0.0103969077578242,0.0173702236182172,0.0275));
#9251=CARTESIAN_POINT('',(-0.00140912865359651,-1.03649999995972E-5,0.029));
#9252=CARTESIAN_POINT('',(0.010614249206446,0.00280429024815032,0.0055));
#9253=CARTESIAN_POINT('',(0.0107527174468491,0.00261850231181774,0.0055));
#9254=CARTESIAN_POINT('',(0.00736664386002055,0.00345204415429687,0.0055));
#9255=CARTESIAN_POINT('',(0.0106066868127028,-1.03649999999983E-5,0.0055));
#9256=CARTESIAN_POINT('',(0.0107527174468491,-0.00263923231181774,0.0055));
#9257=CARTESIAN_POINT('',(0.010614249206446,-0.00282502024815032,0.0055));
#9258=CARTESIAN_POINT('',(0.00736664386002055,-0.00347277415429687,0.0055));
#9259=CARTESIAN_POINT('',(0.00154520117529666,-1.03649999999979E-5,0.0275));
#9260=CARTESIAN_POINT('',(0.016998287243295,-1.03649999999982E-5,0.0055));
#9261=CARTESIAN_POINT('',(0.0149394103207361,0.00251284883548602,0.0055));
#9262=CARTESIAN_POINT('',(0.0134126606538871,-1.03649999999982E-5,0.0055));
#9263=CARTESIAN_POINT('',(0.0149394103207361,-0.00253357883548602,0.0055));
#9264=CARTESIAN_POINT('',(1.74424604273971E-9,-1.03661110246161E-5,0.0305));
#9265=CARTESIAN_POINT('',(1.74424604273971E-9,-1.03661110246161E-5,0.029));
#9266=CARTESIAN_POINT('',(0.0307080607102284,-1.03661110246161E-5,0.029));
#9267=CARTESIAN_POINT('',(1.74424604273971E-9,-1.03661110246161E-5,0.029));
#9268=MECHANICAL_DESIGN_GEOMETRIC_PRESENTATION_REPRESENTATION('',(#4542),
#9269);
#9269=(
GEOMETRIC_REPRESENTATION_CONTEXT(3)
GLOBAL_UNCERTAINTY_ASSIGNED_CONTEXT((#9270))
GLOBAL_UNIT_ASSIGNED_CONTEXT((#9273,#9272,#9271))
REPRESENTATION_CONTEXT('Wheel hub Ring','TOP_LEVEL_ASSEMBLY_PART')
);
#9270=UNCERTAINTY_MEASURE_WITH_UNIT(LENGTH_MEASURE(2.E-5),#9273,
'DISTANCE_ACCURACY_VALUE','Maximum Tolerance applied to model');
#9271=(
NAMED_UNIT(*)
SI_UNIT($,.STERADIAN.)
SOLID_ANGLE_UNIT()
);
#9272=(
NAMED_UNIT(*)
PLANE_ANGLE_UNIT()
SI_UNIT($,.RADIAN.)
);
#9273=(
LENGTH_UNIT()
NAMED_UNIT(*)
SI_UNIT($,.METRE.)
);
#9274=PRODUCT_DEFINITION_SHAPE('','',#9275);
#9275=PRODUCT_DEFINITION('','',#9277,#9276);
#9276=PRODUCT_DEFINITION_CONTEXT('',#9283,'design');
#9277=PRODUCT_DEFINITION_FORMATION_WITH_SPECIFIED_SOURCE('','',#9279,
 .NOT_KNOWN.);
#9278=PRODUCT_RELATED_PRODUCT_CATEGORY('','',(#9279));
#9279=PRODUCT('Wheel hub Ring','Wheel hub Ring','Wheel hub Ring',(#9281));
#9280=PRODUCT_CATEGORY('','');
#9281=PRODUCT_CONTEXT('',#9283,'mechanical');
#9282=APPLICATION_PROTOCOL_DEFINITION('international standard',
'ap242_managed_model_based_3d_engineering',2020,#9283);
#9283=APPLICATION_CONTEXT('managed model based 3d engineering');
ENDSEC;
END-ISO-10303-21;
